Workbook

Sheet Como usar
A1: Checklist de abertura e encerramento de caso
A2: Kit de Gestão para Advogados · Seu Sócio Gestor · versão 1.0 (setembro de 2026)
A4: O que esta planilha faz | B4: Para cada caso, marca os itens administrativos que precisam estar em ordem na abertura (contrato, procuração, documentos, honorário, cadastro no caixa) e no encerramento (última parcela, arquivo, devolução, avaliação). Calcula o % concluído por caso e mostra no Painel quem está com pendência.
A5: Passo 1 | B5: Em Config, ajuste os itens de abertura e de encerramento ao jeito do escritório e cadastre os responsáveis. Preencha de cima para baixo, sem pular linha.
A6: Passo 2 | B6: Em Checklist, apague os exemplos e cadastre uma linha por caso (número, cliente e responsável copiados da planilha 13 · Carteira, que é a fonte do cadastro). Em cada item, marque Sim, Não ou N/A (não se aplica). Vazio conta como pendente, de propósito: caso novo começa com tudo pendente.
A7: Passo 3 | B7: Ao encerrar um caso, mude a situação para Encerrado: os itens de encerramento passam a contar. Enquanto o caso está em andamento, essa parte fica cinza.
A8: Passo 4 | B8: Em Painel, resolva primeiro os casos com mais pendências e olhe "Item mais esquecido": se o mesmo item pende em vários casos, o problema é a rotina, não o caso.
A9: Rotina | B9: Na abertura de cada caso, 3 minutos para criar a linha. Na sexta, junto com o caixa, confira os encerrados do mês: caso encerrado sem a última parcela cobrada é dinheiro parado.
A10: Com a IA | B10: Copie a coluna "O que falta" de um caso e use o prompt "Prazos 07 · Pendências de abertura e encerramento viram tarefas" da biblioteca do kit.
A11: Legenda | B11: Células amarelas: você preenche. Brancas: calculadas. Não é preciso mexer em nada fora do amarelo.
A12: Proteção | B12: Fórmulas protegidas sem senha. Para editar: Revisar > Desproteger planilha (Excel) ou Dados > Proteger intervalos (Google Sheets).
A13: Requisitos | B13: Excel 2016 ou mais novo, Microsoft 365 ou Google Sheets (só funções do Excel 2007+; nada de MÍNIMOSES, MÁXIMOSES ou UNIRTEXTO). No celular abre nos aplicativos; para preencher, use o computador.
A14: Google Sheets | B14: Faça upload no Google Drive e abra com o Google Sheets. Fórmulas, listas, cores e semáforos funcionam: as regras de cor que dependem do mês escolhido em Config usam INDIRECT, que é a forma que o Sheets aceita para regra condicional apontar para outra aba.
A15: Exemplos | B15: Ferraz & Lima Advocacia é um escritório fictício. Clientes, processos, nomes e valores são inventados. Apague-os antes de começar.
... A17: Suporte | B17: suporte@seusociogestor.com.br · resposta em até 5 dias úteis · reembolso em até 7 dias pelo mesmo canal.

Sheet Painel
A1: =Config!$B$4&" · Abertura e encerramento · "&TEXT(DAY(Config!$B$5),"00")&"/"&TEXT(MONTH(Config!$B$5),"00")&"/"&YEAR(Config!$B$5) -> Ferraz & Lima Advocacia (exemplo fictício) · Abertura e encerramento · 14/09/2026
A2: Nada para digitar aqui: tudo vem de Config e Checklist. Pendência = item de abertura (ou de encerramento, em caso encerrado) que não está marcado como Sim ou N/A.
A4: Casos cadastrados | C4: Abertos com pendência de abertura | E4: Encerrados com pendência | G4: Itens pendentes no total | I4: Casos sem pendência
A5: =COUNTIFS(Checklist!$A$5:$A$304,"<>") -> 38 | C5: =COUNTIFS(Checklist!$D$5:$D$304,"Em andamento",Checklist!$AA$5:$AA$304,">0") -> 7 | E5: =COUNTIFS(Checklist!$D$5:$D$304,"Encerrado",Checklist!$AB$5:$AB$304,">0") -> 3 | G5: =SUM(Checklist!$AC$5:$AC$304) -> 12 | I5: =COUNTIFS(Checklist!$A$5:$A$304,"<>",Checklist!$AC$5:$AC$304,0) -> 28
A7: Casos com pendência (mais itens pendentes primeiro)
A8: Mostra os 15 primeiros; os demais ficam na aba Checklist, que pode ser filtrada pela coluna Pendências.
A9: # | B9: Número | C9: Cliente | D9: Situação | E9: Responsável | F9: % abertura | G9: % encerramento | H9: Pendências | I9: O que falta
A10: 1 | B10: =IFERROR(IF(LARGE(Checklist!$AE$5:$AE$304,1)>0,IF(INDEX(Checklist!$A$5:$A$304,MATCH(LARGE(Checklist!$AE$5:$AE$304,1),Checklist!$AE$5:$AE$304,0))="","",INDEX(Checklist!$A$5:$A$304,MATCH(LARGE(Checklist!$AE$5:$AE$304,1),Checklist!$AE$5:$AE$304,0))),""),"") -> 6184138-13.2026.8.26.0378 | C10: =IFERROR(IF(LARGE(Checklist!$AE$5:$AE$304,1)>0,IF(INDEX(Checklist!$B$5:$B$304,MATCH(LARGE(Checklist!$AE$5:$AE$304,1),Checklist!$AE$5:$AE$304,0))="","",INDEX(Checklist!$B$5:$B$304,MATCH(LARGE(Checklist!$AE$5:$AE$304,1),Checklist!$AE$5:$AE$304,0))),""),"") -> Oficina Mecânica Central | D10: =IFERROR(IF(LARGE(Checklist!$AE$5:$AE$304,1)>0,IF(INDEX(Checklist!$D$5:$D$304,MATCH(LARGE(Checklist!$AE$5:$AE$304,1),Checklist!$AE$5:$AE$304,0))="","",INDEX(Checklist!$D$5:$D$304,MATCH(LARGE(Checklist!$AE$5:$AE$304,1),Checklist!$AE$5:$AE$304,0))),""),"") -> Em andamento | E10: =IFERROR(IF(LARGE(Checklist!$AE$5:$AE$304,1)>0,IF(INDEX(Checklist!$C$5:$C$304,MATCH(LARGE(Checklist!$AE$5:$AE$304,1),Checklist!$AE$5:$AE$304,0))="","",INDEX(Checklist!$C$5:$C$304,MATCH(LARGE(Checklist!$AE$5:$AE$304,1),Checklist!$AE$5:$AE$304,0))),""),"") -> Rafael Lima | F10: =IFERROR(IF(LARGE(Checklist!$AE$5:$AE$304,1)>0,IF(INDEX(Checklist!$Y$5:$Y$304,MATCH(LARGE(Checklist!$AE$5:$AE$304,1),Checklist!$AE$5:$AE$304,0))="","",INDEX(Checklist!$Y$5:$Y$304,MATCH(LARGE(Checklist!$AE$5:$AE$304,1),Checklist!$AE$5:$AE$304,0))),""),"") -> 0.77777778 | G10: =IFERROR(IF(LARGE(Checklist!$AE$5:$AE$304,1)>0,IF(INDEX(Checklist!$Z$5:$Z$304,MATCH(LARGE(Checklist!$AE$5:$AE$304,1),Checklist!$AE$5:$AE$304,0))="","",INDEX(Checklist!$Z$5:$Z$304,MATCH(LARGE(Checklist!$AE$5:$AE$304,1),Checklist!$AE$5:$AE$304,0))),""),"") | H10: =IFERROR(IF(LARGE(Checklist!$AE$5:$AE$304,1)>0,IF(INDEX(Checklist!$AC$5:$AC$304,MATCH(LARGE(Checklist!$AE$5:$AE$304,1),Checklist!$AE$5:$AE$304,0))="","",INDEX(Checklist!$AC$5:$AC$304,MATCH(LARGE(Checklist!$AE$5:$AE$304,1),Checklist!$AE$5:$AE$304,0))),""),"") -> 2 | I10: =IFERROR(IF(LARGE(Checklist!$AE$5:$AE$304,1)>0,IF(INDEX(Checklist!$AD$5:$AD$304,MATCH(LARGE(Checklist!$AE$5:$AE$304,1),Checklist!$AE$5:$AE$304,0))="","",INDEX(Checklist!$AD$5:$AD$304,MATCH(LARGE(Checklist!$AE$5:$AE$304,1),Checklist!$AE$5:$AE$304,0))),""),"") -> Canal de contato combinado com o cliente; Pasta do caso criada (física ou digital)
A11: 2 | B11: =IFERROR(IF(LARGE(Checklist!$AE$5:$AE$304,2)>0,IF(INDEX(Checklist!$A$5:$A$304,MATCH(LARGE(Checklist!$AE$5:$AE$304,2),Checklist!$AE$5:$AE$304,0))="","",INDEX(Checklist!$A$5:$A$304,MATCH(LARGE(Checklist!$AE$5:$AE$304,2),Checklist!$AE$5:$AE$304,0))),""),"") -> 8663770-96.2025.8.26.0481 | C11: =IFERROR(IF(LARGE(Checklist!$AE$5:$AE$304,2)>0,IF(INDEX(Checklist!$B$5:$B$304,MATCH(LARGE(Checklist!$AE$5:$AE$304,2),Checklist!$AE$5:$AE$304,0))="","",INDEX(Checklist!$B$5:$B$304,MATCH(LARGE(Checklist!$AE$5:$AE$304,2),Checklist!$AE$5:$AE$304,0))),""),"") -> Oficina Mecânica Central | D11: =IFERROR(IF(LARGE(Checklist!$AE$5:$AE$304,2)>0,IF(INDEX(Checklist!$D$5:$D$304,MATCH(LARGE(Checklist!$AE$5:$AE$304,2),Checklist!$AE$5:$AE$304,0))="","",INDEX(Checklist!$D$5:$D$304,MATCH(LARGE(Checklist!$AE$5:$AE$304,2),Checklist!$AE$5:$AE$304,0))),""),"") -> Encerrado | E11: =IFERROR(IF(LARGE(Checklist!$AE$5:$AE$304,2)>0,IF(INDEX(Checklist!$C$5:$C$304,MATCH(LARGE(Checklist!$AE$5:$AE$304,2),Checklist!$AE$5:$AE$304,0))="","",INDEX(Checklist!$C$5:$C$304,MATCH(LARGE(Checklist!$AE$5:$AE$304,2),Checklist!$AE$5:$AE$304,0))),""),"") -> Rafael Lima | F11: =IFERROR(IF(LARGE(Checklist!$AE$5:$AE$304,2)>0,IF(INDEX(Checklist!$Y$5:$Y$304,MATCH(LARGE(Checklist!$AE$5:$AE$304,2),Checklist!$AE$5:$AE$304,0))="","",INDEX(Checklist!$Y$5:$Y$304,MATCH(LARGE(Checklist!$AE$5:$AE$304,2),Checklist!$AE$5:$AE$304,0))),""),"") -> 1 | G11: =IFERROR(IF(LARGE(Checklist!$AE$5:$AE$304,2)>0,IF(INDEX(Checklist!$Z$5:$Z$304,MATCH(LARGE(Checklist!$AE$5:$AE$304,2),Checklist!$AE$5:$AE$304,0))="","",INDEX(Checklist!$Z$5:$Z$304,MATCH(LARGE(Checklist!$AE$5:$AE$304,2),Checklist!$AE$5:$AE$304,0))),""),"") -> 0.75 | H11: =IFERROR(IF(LARGE(Checklist!$AE$5:$AE$304,2)>0,IF(INDEX(Checklist!$AC$5:$AC$304,MATCH(LARGE(Checklist!$AE$5:$AE$304,2),Checklist!$AE$5:$AE$304,0))="","",INDEX(Checklist!$AC$5:$AC$304,MATCH(LARGE(Checklist!$AE$5:$AE$304,2),Checklist!$AE$5:$AE$304,0))),""),"") -> 2 | I11: =IFERROR(IF(LARGE(Checklist!$AE$5:$AE$304,2)>0,IF(INDEX(Checklist!$AD$5:$AD$304,MATCH(LARGE(Checklist!$AE$5:$AE$304,2),Checklist!$AE$5:$AE$304,0))="","",INDEX(Checklist!$AD$5:$AD$304,MATCH(LARGE(Checklist!$AE$5:$AE$304,2),Checklist!$AE$5:$AE$304,0))),""),"") -> Documentos devolvidos ao cliente; Avaliação do cliente pedida
A12: 3 | B12: =IFERROR(IF(LARGE(Checklist!$AE$5:$AE$304,3)>0,IF(INDEX(Checklist!$A$5:$A$304,MATCH(LARGE(Checklist!$AE$5:$AE$304,3),Checklist!$AE$5:$AE$304,0))="","",INDEX(Checklist!$A$5:$A$304,MATCH(LARGE(Checklist!$AE$5:$AE$304,3),Checklist!$AE$5:$AE$304,0))),""),"") -> 2998500-50.2026.8.26.0515 | C12: =IFERROR(IF(LARGE(Checklist!$AE$5:$AE$304,3)>0,IF(INDEX(Checklist!$B$5:$B$304,MATCH(LARGE(Checklist!$AE$5:$AE$304,3),Checklist!$AE$5:$AE$304,0))="","",INDEX(Checklist!$B$5:$B$304,MATCH(LARGE(Checklist!$AE$5:$AE$304,3),Checklist!$AE$5:$AE$304,0))),""),"") -> Ana Beatriz Moreira | D12: =IFERROR(IF(LARGE(Checklist!$AE$5:$AE$304,3)>0,IF(INDEX(Checklist!$D$5:$D$304,MATCH(LARGE(Checklist!$AE$5:$AE$304,3),Checklist!$AE$5:$AE$304,0))="","",INDEX(Checklist!$D$5:$D$304,MATCH(LARGE(Checklist!$AE$5:$AE$304,3),Checklist!$AE$5:$AE$304,0))),""),"") -> Em andamento | E12: =IFERROR(IF(LARGE(Checklist!$AE$5:$AE$304,3)>0,IF(INDEX(Checklist!$C$5:$C$304,MATCH(LARGE(Checklist!$AE$5:$AE$304,3),Checklist!$AE$5:$AE$304,0))="","",INDEX(Checklist!$C$5:$C$304,MATCH(LARGE(Checklist!$AE$5:$AE$304,3),Checklist!$AE$5:$AE$304,0))),""),"") -> Rafael Lima | F12: =IFERROR(IF(LARGE(Checklist!$AE$5:$AE$304,3)>0,IF(INDEX(Checklist!$Y$5:$Y$304,MATCH(LARGE(Checklist!$AE$5:$AE$304,3),Checklist!$AE$5:$AE$304,0))="","",INDEX(Checklist!$Y$5:$Y$304,MATCH(LARGE(Checklist!$AE$5:$AE$304,3),Checklist!$AE$5:$AE$304,0))),""),"") -> 0.88888889 | G12: =IFERROR(IF(LARGE(Checklist!$AE$5:$AE$304,3)>0,IF(INDEX(Checklist!$Z$5:$Z$304,MATCH(LARGE(Checklist!$AE$5:$AE$304,3),Checklist!$AE$5:$AE$304,0))="","",INDEX(Checklist!$Z$5:$Z$304,MATCH(LARGE(Checklist!$AE$5:$AE$304,3),Checklist!$AE$5:$AE$304,0))),""),"") | H12: =IFERROR(IF(LARGE(Checklist!$AE$5:$AE$304,3)>0,IF(INDEX(Checklist!$AC$5:$AC$304,MATCH(LARGE(Checklist!$AE$5:$AE$304,3),Checklist!$AE$5:$AE$304,0))="","",INDEX(Checklist!$AC$5:$AC$304,MATCH(LARGE(Checklist!$AE$5:$AE$304,3),Checklist!$AE$5:$AE$304,0))),""),"") -> 1 | I12: =IFERROR(IF(LARGE(Checklist!$AE$5:$AE$304,3)>0,IF(INDEX(Checklist!$AD$5:$AD$304,MATCH(LARGE(Checklist!$AE$5:$AE$304,3),Checklist!$AE$5:$AE$304,0))="","",INDEX(Checklist!$AD$5:$AD$304,MATCH(LARGE(Checklist!$AE$5:$AE$304,3),Checklist!$AE$5:$AE$304,0))),""),"") -> Contrato de honorários assinado
A13: 4 | B13: =IFERROR(IF(LARGE(Checklist!$AE$5:$AE$304,4)>0,IF(INDEX(Checklist!$A$5:$A$304,MATCH(LARGE(Checklist!$AE$5:$AE$304,4),Checklist!$AE$5:$AE$304,0))="","",INDEX(Checklist!$A$5:$A$304,MATCH(LARGE(Checklist!$AE$5:$AE$304,4),Checklist!$AE$5:$AE$304,0))),""),"") -> CONS-2026-02 | C13: =IFERROR(IF(LARGE(Checklist!$AE$5:$AE$304,4)>0,IF(INDEX(Checklist!$B$5:$B$304,MATCH(LARGE(Checklist!$AE$5:$AE$304,4),Checklist!$AE$5:$AE$304,0))="","",INDEX(Checklist!$B$5:$B$304,MATCH(LARGE(Checklist!$AE$5:$AE$304,4),Checklist!$AE$5:$AE$304,0))),""),"") -> Loja Verde Comércio | D13: =IFERROR(IF(LARGE(Checklist!$AE$5:$AE$304,4)>0,IF(INDEX(Checklist!$D$5:$D$304,MATCH(LARGE(Checklist!$AE$5:$AE$304,4),Checklist!$AE$5:$AE$304,0))="","",INDEX(Checklist!$D$5:$D$304,MATCH(LARGE(Checklist!$AE$5:$AE$304,4),Checklist!$AE$5:$AE$304,0))),""),"") -> Em andamento | E13: =IFERROR(IF(LARGE(Checklist!$AE$5:$AE$304,4)>0,IF(INDEX(Checklist!$C$5:$C$304,MATCH(LARGE(Checklist!$AE$5:$AE$304,4),Checklist!$AE$5:$AE$304,0))="","",INDEX(Checklist!$C$5:$C$304,MATCH(LARGE(Checklist!$AE$5:$AE$304,4),Checklist!$AE$5:$AE$304,0))),""),"") -> Marina Ferraz | F13: =IFERROR(IF(LARGE(Checklist!$AE$5:$AE$304,4)>0,IF(INDEX(Checklist!$Y$5:$Y$304,MATCH(LARGE(Checklist!$AE$5:$AE$304,4),Checklist!$AE$5:$AE$304,0))="","",INDEX(Checklist!$Y$5:$Y$304,MATCH(LARGE(Checklist!$AE$5:$AE$304,4),Checklist!$AE$5:$AE$304,0))),""),"") -> 0.85714286 | G13: =IFERROR(IF(LARGE(Checklist!$AE$5:$AE$304,4)>0,IF(INDEX(Checklist!$Z$5:$Z$304,MATCH(LARGE(Checklist!$AE$5:$AE$304,4),Checklist!$AE$5:$AE$304,0))="","",INDEX(Checklist!$Z$5:$Z$304,MATCH(LARGE(Checklist!$AE$5:$AE$304,4),Checklist!$AE$5:$AE$304,0))),""),"") | H13: =IFERROR(IF(LARGE(Checklist!$AE$5:$AE$304,4)>0,IF(INDEX(Checklist!$AC$5:$AC$304,MATCH(LARGE(Checklist!$AE$5:$AE$304,4),Checklist!$AE$5:$AE$304,0))="","",INDEX(Checklist!$AC$5:$AC$304,MATCH(LARGE(Checklist!$AE$5:$AE$304,4),Checklist!$AE$5:$AE$304,0))),""),"") -> 1 | I13: =IFERROR(IF(LARGE(Checklist!$AE$5:$AE$304,4)>0,IF(INDEX(Checklist!$AD$5:$AD$304,MATCH(LARGE(Checklist!$AE$5:$AE$304,4),Checklist!$AE$5:$AE$304,0))="","",INDEX(Checklist!$AD$5:$AD$304,MATCH(LARGE(Checklist!$AE$5:$AE$304,4),Checklist!$AE$5:$AE$304,0))),""),"") -> Caso cadastrado no caixa e na carteira
A14: 5 | B14: =IFERROR(IF(LARGE(Checklist!$AE$5:$AE$304,5)>0,IF(INDEX(Checklist!$A$5:$A$304,MATCH(LARGE(Checklist!$AE$5:$AE$304,5),Checklist!$AE$5:$AE$304,0))="","",INDEX(Checklist!$A$5:$A$304,MATCH(LARGE(Checklist!$AE$5:$AE$304,5),Checklist!$AE$5:$AE$304,0))),""),"") -> 4526984-60.2026.8.26.0258 | C14: =IFERROR(IF(LARGE(Checklist!$AE$5:$AE$304,5)>0,IF(INDEX(Checklist!$B$5:$B$304,MATCH(LARGE(Checklist!$AE$5:$AE$304,5),Checklist!$AE$5:$AE$304,0))="","",INDEX(Checklist!$B$5:$B$304,MATCH(LARGE(Checklist!$AE$5:$AE$304,5),Checklist!$AE$5:$AE$304,0))),""),"") -> Transportadora Rota Sul | D14: =IFERROR(IF(LARGE(Checklist!$AE$5:$AE$304,5)>0,IF(INDEX(Checklist!$D$5:$D$304,MATCH(LARGE(Checklist!$AE$5:$AE$304,5),Checklist!$AE$5:$AE$304,0))="","",INDEX(Checklist!$D$5:$D$304,MATCH(LARGE(Checklist!$AE$5:$AE$304,5),Checklist!$AE$5:$AE$304,0))),""),"") -> Em andamento | E14: =IFERROR(IF(LARGE(Checklist!$AE$5:$AE$304,5)>0,IF(INDEX(Checklist!$C$5:$C$304,MATCH(LARGE(Checklist!$AE$5:$AE$304,5),Checklist!$AE$5:$AE$304,0))="","",INDEX(Checklist!$C$5:$C$304,MATCH(LARGE(Checklist!$AE$5:$AE$304,5),Checklist!$AE$5:$AE$304,0))),""),"") -> Rafael Lima | F14: =IFERROR(IF(LARGE(Checklist!$AE$5:$AE$304,5)>0,IF(INDEX(Checklist!$Y$5:$Y$304,MATCH(LARGE(Checklist!$AE$5:$AE$304,5),Checklist!$AE$5:$AE$304,0))="","",INDEX(Checklist!$Y$5:$Y$304,MATCH(LARGE(Checklist!$AE$5:$AE$304,5),Checklist!$AE$5:$AE$304,0))),""),"") -> 0.88888889 | G14: =IFERROR(IF(LARGE(Checklist!$AE$5:$AE$304,5)>0,IF(INDEX(Checklist!$Z$5:$Z$304,MATCH(LARGE(Checklist!$AE$5:$AE$304,5),Checklist!$AE$5:$AE$304,0))="","",INDEX(Checklist!$Z$5:$Z$304,MATCH(LARGE(Checklist!$AE$5:$AE$304,5),Checklist!$AE$5:$AE$304,0))),""),"") | H14: =IFERROR(IF(LARGE(Checklist!$AE$5:$AE$304,5)>0,IF(INDEX(Checklist!$AC$5:$AC$304,MATCH(LARGE(Checklist!$AE$5:$AE$304,5),Checklist!$AE$5:$AE$304,0))="","",INDEX(Checklist!$AC$5:$AC$304,MATCH(LARGE(Checklist!$AE$5:$AE$304,5),Checklist!$AE$5:$AE$304,0))),""),"") -> 1 | I14: =IFERROR(IF(LARGE(Checklist!$AE$5:$AE$304,5)>0,IF(INDEX(Checklist!$AD$5:$AD$304,MATCH(LARGE(Checklist!$AE$5:$AE$304,5),Checklist!$AE$5:$AE$304,0))="","",INDEX(Checklist!$AD$5:$AD$304,MATCH(LARGE(Checklist!$AE$5:$AE$304,5),Checklist!$AE$5:$AE$304,0))),""),"") -> Caso cadastrado no caixa e na carteira
A15: 6 | B15: =IFERROR(IF(LARGE(Checklist!$AE$5:$AE$304,6)>0,IF(INDEX(Checklist!$A$5:$A$304,MATCH(LARGE(Checklist!$AE$5:$AE$304,6),Checklist!$AE$5:$AE$304,0))="","",INDEX(Checklist!$A$5:$A$304,MATCH(LARGE(Checklist!$AE$5:$AE$304,6),Checklist!$AE$5:$AE$304,0))),""),"") -> 5900991-46.2026.8.26.0469 | C15: =IFERROR(IF(LARGE(Checklist!$AE$5:$AE$304,6)>0,IF(INDEX(Checklist!$B$5:$B$304,MATCH(LARGE(Checklist!$AE$5:$AE$304,6),Checklist!$AE$5:$AE$304,0))="","",INDEX(Checklist!$B$5:$B$304,MATCH(LARGE(Checklist!$AE$5:$AE$304,6),Checklist!$AE$5:$AE$304,0))),""),"") -> José Antônio Ribeiro | D15: =IFERROR(IF(LARGE(Checklist!$AE$5:$AE$304,6)>0,IF(INDEX(Checklist!$D$5:$D$304,MATCH(LARGE(Checklist!$AE$5:$AE$304,6),Checklist!$AE$5:$AE$304,0))="","",INDEX(Checklist!$D$5:$D$304,MATCH(LARGE(Checklist!$AE$5:$AE$304,6),Checklist!$AE$5:$AE$304,0))),""),"") -> Em andamento | E15: =IFERROR(IF(LARGE(Checklist!$AE$5:$AE$304,6)>0,IF(INDEX(Checklist!$C$5:$C$304,MATCH(LARGE(Checklist!$AE$5:$AE$304,6),Checklist!$AE$5:$AE$304,0))="","",INDEX(Checklist!$C$5:$C$304,MATCH(LARGE(Checklist!$AE$5:$AE$304,6),Checklist!$AE$5:$AE$304,0))),""),"") -> Rafael Lima | F15: =IFERROR(IF(LARGE(Checklist!$AE$5:$AE$304,6)>0,IF(INDEX(Checklist!$Y$5:$Y$304,MATCH(LARGE(Checklist!$AE$5:$AE$304,6),Checklist!$AE$5:$AE$304,0))="","",INDEX(Checklist!$Y$5:$Y$304,MATCH(LARGE(Checklist!$AE$5:$AE$304,6),Checklist!$AE$5:$AE$304,0))),""),"") -> 0.88888889 | G15: =IFERROR(IF(LARGE(Checklist!$AE$5:$AE$304,6)>0,IF(INDEX(Checklist!$Z$5:$Z$304,MATCH(LARGE(Checklist!$AE$5:$AE$304,6),Checklist!$AE$5:$AE$304,0))="","",INDEX(Checklist!$Z$5:$Z$304,MATCH(LARGE(Checklist!$AE$5:$AE$304,6),Checklist!$AE$5:$AE$304,0))),""),"") | H15: =IFERROR(IF(LARGE(Checklist!$AE$5:$AE$304,6)>0,IF(INDEX(Checklist!$AC$5:$AC$304,MATCH(LARGE(Checklist!$AE$5:$AE$304,6),Checklist!$AE$5:$AE$304,0))="","",INDEX(Checklist!$AC$5:$AC$304,MATCH(LARGE(Checklist!$AE$5:$AE$304,6),Checklist!$AE$5:$AE$304,0))),""),"") -> 1 | I15: =IFERROR(IF(LARGE(Checklist!$AE$5:$AE$304,6)>0,IF(INDEX(Checklist!$AD$5:$AD$304,MATCH(LARGE(Checklist!$AE$5:$AE$304,6),Checklist!$AE$5:$AE$304,0))="","",INDEX(Checklist!$AD$5:$AD$304,MATCH(LARGE(Checklist!$AE$5:$AE$304,6),Checklist!$AE$5:$AE$304,0))),""),"") -> Documentos do cliente recebidos
A16: 7 | B16: =IFERROR(IF(LARGE(Checklist!$AE$5:$AE$304,7)>0,IF(INDEX(Checklist!$A$5:$A$304,MATCH(LARGE(Checklist!$AE$5:$AE$304,7),Checklist!$AE$5:$AE$304,0))="","",INDEX(Checklist!$A$5:$A$304,MATCH(LARGE(Checklist!$AE$5:$AE$304,7),Checklist!$AE$5:$AE$304,0))),""),"") -> 2521428-61.2026.8.26.0600 | C16: =IFERROR(IF(LARGE(Checklist!$AE$5:$AE$304,7)>0,IF(INDEX(Checklist!$B$5:$B$304,MATCH(LARGE(Checklist!$AE$5:$AE$304,7),Checklist!$AE$5:$AE$304,0))="","",INDEX(Checklist!$B$5:$B$304,MATCH(LARGE(Checklist!$AE$5:$AE$304,7),Checklist!$AE$5:$AE$304,0))),""),"") -> Luciana Farias | D16: =IFERROR(IF(LARGE(Checklist!$AE$5:$AE$304,7)>0,IF(INDEX(Checklist!$D$5:$D$304,MATCH(LARGE(Checklist!$AE$5:$AE$304,7),Checklist!$AE$5:$AE$304,0))="","",INDEX(Checklist!$D$5:$D$304,MATCH(LARGE(Checklist!$AE$5:$AE$304,7),Checklist!$AE$5:$AE$304,0))),""),"") -> Em andamento | E16: =IFERROR(IF(LARGE(Checklist!$AE$5:$AE$304,7)>0,IF(INDEX(Checklist!$C$5:$C$304,MATCH(LARGE(Checklist!$AE$5:$AE$304,7),Checklist!$AE$5:$AE$304,0))="","",INDEX(Checklist!$C$5:$C$304,MATCH(LARGE(Checklist!$AE$5:$AE$304,7),Checklist!$AE$5:$AE$304,0))),""),"") -> Marina Ferraz | F16: =IFERROR(IF(LARGE(Checklist!$AE$5:$AE$304,7)>0,IF(INDEX(Checklist!$Y$5:$Y$304,MATCH(LARGE(Checklist!$AE$5:$AE$304,7),Checklist!$AE$5:$AE$304,0))="","",INDEX(Checklist!$Y$5:$Y$304,MATCH(LARGE(Checklist!$AE$5:$AE$304,7),Checklist!$AE$5:$AE$304,0))),""),"") -> 0.88888889 | G16: =IFERROR(IF(LARGE(Checklist!$AE$5:$AE$304,7)>0,IF(INDEX(Checklist!$Z$5:$Z$304,MATCH(LARGE(Checklist!$AE$5:$AE$304,7),Checklist!$AE$5:$AE$304,0))="","",INDEX(Checklist!$Z$5:$Z$304,MATCH(LARGE(Checklist!$AE$5:$AE$304,7),Checklist!$AE$5:$AE$304,0))),""),"") | H16: =IFERROR(IF(LARGE(Checklist!$AE$5:$AE$304,7)>0,IF(INDEX(Checklist!$AC$5:$AC$304,MATCH(LARGE(Checklist!$AE$5:$AE$304,7),Checklist!$AE$5:$AE$304,0))="","",INDEX(Checklist!$AC$5:$AC$304,MATCH(LARGE(Checklist!$AE$5:$AE$304,7),Checklist!$AE$5:$AE$304,0))),""),"") -> 1 | I16: =IFERROR(IF(LARGE(Checklist!$AE$5:$AE$304,7)>0,IF(INDEX(Checklist!$AD$5:$AD$304,MATCH(LARGE(Checklist!$AE$5:$AE$304,7),Checklist!$AE$5:$AE$304,0))="","",INDEX(Checklist!$AD$5:$AD$304,MATCH(LARGE(Checklist!$AE$5:$AE$304,7),Checklist!$AE$5:$AE$304,0))),""),"") -> Procuração recebida
A17: 8 | B17: =IFERROR(IF(LARGE(Checklist!$AE$5:$AE$304,8)>0,IF(INDEX(Checklist!$A$5:$A$304,MATCH(LARGE(Checklist!$AE$5:$AE$304,8),Checklist!$AE$5:$AE$304,0))="","",INDEX(Checklist!$A$5:$A$304,MATCH(LARGE(Checklist!$AE$5:$AE$304,8),Checklist!$AE$5:$AE$304,0))),""),"") -> 7679821-77.2026.8.26.0265 | C17: =IFERROR(IF(LARGE(Checklist!$AE$5:$AE$304,8)>0,IF(INDEX(Checklist!$B$5:$B$304,MATCH(LARGE(Checklist!$AE$5:$AE$304,8),Checklist!$AE$5:$AE$304,0))="","",INDEX(Checklist!$B$5:$B$304,MATCH(LARGE(Checklist!$AE$5:$AE$304,8),Checklist!$AE$5:$AE$304,0))),""),"") -> Helena Duarte | D17: =IFERROR(IF(LARGE(Checklist!$AE$5:$AE$304,8)>0,IF(INDEX(Checklist!$D$5:$D$304,MATCH(LARGE(Checklist!$AE$5:$AE$304,8),Checklist!$AE$5:$AE$304,0))="","",INDEX(Checklist!$D$5:$D$304,MATCH(LARGE(Checklist!$AE$5:$AE$304,8),Checklist!$AE$5:$AE$304,0))),""),"") -> Em andamento | E17: =IFERROR(IF(LARGE(Checklist!$AE$5:$AE$304,8)>0,IF(INDEX(Checklist!$C$5:$C$304,MATCH(LARGE(Checklist!$AE$5:$AE$304,8),Checklist!$AE$5:$AE$304,0))="","",INDEX(Checklist!$C$5:$C$304,MATCH(LARGE(Checklist!$AE$5:$AE$304,8),Checklist!$AE$5:$AE$304,0))),""),"") -> Rafael Lima | F17: =IFERROR(IF(LARGE(Checklist!$AE$5:$AE$304,8)>0,IF(INDEX(Checklist!$Y$5:$Y$304,MATCH(LARGE(Checklist!$AE$5:$AE$304,8),Checklist!$AE$5:$AE$304,0))="","",INDEX(Checklist!$Y$5:$Y$304,MATCH(LARGE(Checklist!$AE$5:$AE$304,8),Checklist!$AE$5:$AE$304,0))),""),"") -> 0.88888889 | G17: =IFERROR(IF(LARGE(Checklist!$AE$5:$AE$304,8)>0,IF(INDEX(Checklist!$Z$5:$Z$304,MATCH(LARGE(Checklist!$AE$5:$AE$304,8),Checklist!$AE$5:$AE$304,0))="","",INDEX(Checklist!$Z$5:$Z$304,MATCH(LARGE(Checklist!$AE$5:$AE$304,8),Checklist!$AE$5:$AE$304,0))),""),"") | H17: =IFERROR(IF(LARGE(Checklist!$AE$5:$AE$304,8)>0,IF(INDEX(Checklist!$AC$5:$AC$304,MATCH(LARGE(Checklist!$AE$5:$AE$304,8),Checklist!$AE$5:$AE$304,0))="","",INDEX(Checklist!$AC$5:$AC$304,MATCH(LARGE(Checklist!$AE$5:$AE$304,8),Checklist!$AE$5:$AE$304,0))),""),"") -> 1 | I17: =IFERROR(IF(LARGE(Checklist!$AE$5:$AE$304,8)>0,IF(INDEX(Checklist!$AD$5:$AD$304,MATCH(LARGE(Checklist!$AE$5:$AE$304,8),Checklist!$AE$5:$AE$304,0))="","",INDEX(Checklist!$AD$5:$AD$304,MATCH(LARGE(Checklist!$AE$5:$AE$304,8),Checklist!$AE$5:$AE$304,0))),""),"") -> Honorário e forma de pagamento definidos
A18: 9 | B18: =IFERROR(IF(LARGE(Checklist!$AE$5:$AE$304,9)>0,IF(INDEX(Checklist!$A$5:$A$304,MATCH(LARGE(Checklist!$AE$5:$AE$304,9),Checklist!$AE$5:$AE$304,0))="","",INDEX(Checklist!$A$5:$A$304,MATCH(LARGE(Checklist!$AE$5:$AE$304,9),Checklist!$AE$5:$AE$304,0))),""),"") -> 9778116-95.2025.8.26.0106 | C18: =IFERROR(IF(LARGE(Checklist!$AE$5:$AE$304,9)>0,IF(INDEX(Checklist!$B$5:$B$304,MATCH(LARGE(Checklist!$AE$5:$AE$304,9),Checklist!$AE$5:$AE$304,0))="","",INDEX(Checklist!$B$5:$B$304,MATCH(LARGE(Checklist!$AE$5:$AE$304,9),Checklist!$AE$5:$AE$304,0))),""),"") -> Construtora Horizonte | D18: =IFERROR(IF(LARGE(Checklist!$AE$5:$AE$304,9)>0,IF(INDEX(Checklist!$D$5:$D$304,MATCH(LARGE(Checklist!$AE$5:$AE$304,9),Checklist!$AE$5:$AE$304,0))="","",INDEX(Checklist!$D$5:$D$304,MATCH(LARGE(Checklist!$AE$5:$AE$304,9),Checklist!$AE$5:$AE$304,0))),""),"") -> Encerrado | E18: =IFERROR(IF(LARGE(Checklist!$AE$5:$AE$304,9)>0,IF(INDEX(Checklist!$C$5:$C$304,MATCH(LARGE(Checklist!$AE$5:$AE$304,9),Checklist!$AE$5:$AE$304,0))="","",INDEX(Checklist!$C$5:$C$304,MATCH(LARGE(Checklist!$AE$5:$AE$304,9),Checklist!$AE$5:$AE$304,0))),""),"") -> Marina Ferraz | F18: =IFERROR(IF(LARGE(Checklist!$AE$5:$AE$304,9)>0,IF(INDEX(Checklist!$Y$5:$Y$304,MATCH(LARGE(Checklist!$AE$5:$AE$304,9),Checklist!$AE$5:$AE$304,0))="","",INDEX(Checklist!$Y$5:$Y$304,MATCH(LARGE(Checklist!$AE$5:$AE$304,9),Checklist!$AE$5:$AE$304,0))),""),"") -> 1 | G18: =IFERROR(IF(LARGE(Checklist!$AE$5:$AE$304,9)>0,IF(INDEX(Checklist!$Z$5:$Z$304,MATCH(LARGE(Checklist!$AE$5:$AE$304,9),Checklist!$AE$5:$AE$304,0))="","",INDEX(Checklist!$Z$5:$Z$304,MATCH(LARGE(Checklist!$AE$5:$AE$304,9),Checklist!$AE$5:$AE$304,0))),""),"") -> 0.875 | H18: =IFERROR(IF(LARGE(Checklist!$AE$5:$AE$304,9)>0,IF(INDEX(Checklist!$AC$5:$AC$304,MATCH(LARGE(Checklist!$AE$5:$AE$304,9),Checklist!$AE$5:$AE$304,0))="","",INDEX(Checklist!$AC$5:$AC$304,MATCH(LARGE(Checklist!$AE$5:$AE$304,9),Checklist!$AE$5:$AE$304,0))),""),"") -> 1 | I18: =IFERROR(IF(LARGE(Checklist!$AE$5:$AE$304,9)>0,IF(INDEX(Checklist!$AD$5:$AD$304,MATCH(LARGE(Checklist!$AE$5:$AE$304,9),Checklist!$AE$5:$AE$304,0))="","",INDEX(Checklist!$AD$5:$AD$304,MATCH(LARGE(Checklist!$AE$5:$AE$304,9),Checklist!$AE$5:$AE$304,0))),""),"") -> Pasta arquivada
A19: 10 | B19: =IFERROR(IF(LARGE(Checklist!$AE$5:$AE$304,10)>0,IF(INDEX(Checklist!$A$5:$A$304,MATCH(LARGE(Checklist!$AE$5:$AE$304,10),Checklist!$AE$5:$AE$304,0))="","",INDEX(Checklist!$A$5:$A$304,MATCH(LARGE(Checklist!$AE$5:$AE$304,10),Checklist!$AE$5:$AE$304,0))),""),"") -> 5211189-81.2025.8.26.0412 | C19: =IFERROR(IF(LARGE(Checklist!$AE$5:$AE$304,10)>0,IF(INDEX(Checklist!$B$5:$B$304,MATCH(LARGE(Checklist!$AE$5:$AE$304,10),Checklist!$AE$5:$AE$304,0))="","",INDEX(Checklist!$B$5:$B$304,MATCH(LARGE(Checklist!$AE$5:$AE$304,10),Checklist!$AE$5:$AE$304,0))),""),"") -> Fernanda Castro | D19: =IFERROR(IF(LARGE(Checklist!$AE$5:$AE$304,10)>0,IF(INDEX(Checklist!$D$5:$D$304,MATCH(LARGE(Checklist!$AE$5:$AE$304,10),Checklist!$AE$5:$AE$304,0))="","",INDEX(Checklist!$D$5:$D$304,MATCH(LARGE(Checklist!$AE$5:$AE$304,10),Checklist!$AE$5:$AE$304,0))),""),"") -> Encerrado | E19: =IFERROR(IF(LARGE(Checklist!$AE$5:$AE$304,10)>0,IF(INDEX(Checklist!$C$5:$C$304,MATCH(LARGE(Checklist!$AE$5:$AE$304,10),Checklist!$AE$5:$AE$304,0))="","",INDEX(Checklist!$C$5:$C$304,MATCH(LARGE(Checklist!$AE$5:$AE$304,10),Checklist!$AE$5:$AE$304,0))),""),"") -> Marina Ferraz | F19: =IFERROR(IF(LARGE(Checklist!$AE$5:$AE$304,10)>0,IF(INDEX(Checklist!$Y$5:$Y$304,MATCH(LARGE(Checklist!$AE$5:$AE$304,10),Checklist!$AE$5:$AE$304,0))="","",INDEX(Checklist!$Y$5:$Y$304,MATCH(LARGE(Checklist!$AE$5:$AE$304,10),Checklist!$AE$5:$AE$304,0))),""),"") -> 1 | G19: =IFERROR(IF(LARGE(Checklist!$AE$5:$AE$304,10)>0,IF(INDEX(Checklist!$Z$5:$Z$304,MATCH(LARGE(Checklist!$AE$5:$AE$304,10),Checklist!$AE$5:$AE$304,0))="","",INDEX(Checklist!$Z$5:$Z$304,MATCH(LARGE(Checklist!$AE$5:$AE$304,10),Checklist!$AE$5:$AE$304,0))),""),"") -> 0.875 | H19: =IFERROR(IF(LARGE(Checklist!$AE$5:$AE$304,10)>0,IF(INDEX(Checklist!$AC$5:$AC$304,MATCH(LARGE(Checklist!$AE$5:$AE$304,10),Checklist!$AE$5:$AE$304,0))="","",INDEX(Checklist!$AC$5:$AC$304,MATCH(LARGE(Checklist!$AE$5:$AE$304,10),Checklist!$AE$5:$AE$304,0))),""),"") -> 1 | I19: =IFERROR(IF(LARGE(Checklist!$AE$5:$AE$304,10)>0,IF(INDEX(Checklist!$AD$5:$AD$304,MATCH(LARGE(Checklist!$AE$5:$AE$304,10),Checklist!$AE$5:$AE$304,0))="","",INDEX(Checklist!$AD$5:$AD$304,MATCH(LARGE(Checklist!$AE$5:$AE$304,10),Checklist!$AE$5:$AE$304,0))),""),"") -> Avaliação do cliente pedida
A20: 11 | B20: =IFERROR(IF(LARGE(Checklist!$AE$5:$AE$304,11)>0,IF(INDEX(Checklist!$A$5:$A$304,MATCH(LARGE(Checklist!$AE$5:$AE$304,11),Checklist!$AE$5:$AE$304,0))="","",INDEX(Checklist!$A$5:$A$304,MATCH(LARGE(Checklist!$AE$5:$AE$304,11),Checklist!$AE$5:$AE$304,0))),""),"") | C20: =IFERROR(IF(LARGE(Checklist!$AE$5:$AE$304,11)>0,IF(INDEX(Checklist!$B$5:$B$304,MATCH(LARGE(Checklist!$AE$5:$AE$304,11),Checklist!$AE$5:$AE$304,0))="","",INDEX(Checklist!$B$5:$B$304,MATCH(LARGE(Checklist!$AE$5:$AE$304,11),Checklist!$AE$5:$AE$304,0))),""),"") | D20: =IFERROR(IF(LARGE(Checklist!$AE$5:$AE$304,11)>0,IF(INDEX(Checklist!$D$5:$D$304,MATCH(LARGE(Checklist!$AE$5:$AE$304,11),Checklist!$AE$5:$AE$304,0))="","",INDEX(Checklist!$D$5:$D$304,MATCH(LARGE(Checklist!$AE$5:$AE$304,11),Checklist!$AE$5:$AE$304,0))),""),"") | E20: =IFERROR(IF(LARGE(Checklist!$AE$5:$AE$304,11)>0,IF(INDEX(Checklist!$C$5:$C$304,MATCH(LARGE(Checklist!$AE$5:$AE$304,11),Checklist!$AE$5:$AE$304,0))="","",INDEX(Checklist!$C$5:$C$304,MATCH(LARGE(Checklist!$AE$5:$AE$304,11),Checklist!$AE$5:$AE$304,0))),""),"") | F20: =IFERROR(IF(LARGE(Checklist!$AE$5:$AE$304,11)>0,IF(INDEX(Checklist!$Y$5:$Y$304,MATCH(LARGE(Checklist!$AE$5:$AE$304,11),Checklist!$AE$5:$AE$304,0))="","",INDEX(Checklist!$Y$5:$Y$304,MATCH(LARGE(Checklist!$AE$5:$AE$304,11),Checklist!$AE$5:$AE$304,0))),""),"") | G20: =IFERROR(IF(LARGE(Checklist!$AE$5:$AE$304,11)>0,IF(INDEX(Checklist!$Z$5:$Z$304,MATCH(LARGE(Checklist!$AE$5:$AE$304,11),Checklist!$AE$5:$AE$304,0))="","",INDEX(Checklist!$Z$5:$Z$304,MATCH(LARGE(Checklist!$AE$5:$AE$304,11),Checklist!$AE$5:$AE$304,0))),""),"") | H20: =IFERROR(IF(LARGE(Checklist!$AE$5:$AE$304,11)>0,IF(INDEX(Checklist!$AC$5:$AC$304,MATCH(LARGE(Checklist!$AE$5:$AE$304,11),Checklist!$AE$5:$AE$304,0))="","",INDEX(Checklist!$AC$5:$AC$304,MATCH(LARGE(Checklist!$AE$5:$AE$304,11),Checklist!$AE$5:$AE$304,0))),""),"") | I20: =IFERROR(IF(LARGE(Checklist!$AE$5:$AE$304,11)>0,IF(INDEX(Checklist!$AD$5:$AD$304,MATCH(LARGE(Checklist!$AE$5:$AE$304,11),Checklist!$AE$5:$AE$304,0))="","",INDEX(Checklist!$AD$5:$AD$304,MATCH(LARGE(Checklist!$AE$5:$AE$304,11),Checklist!$AE$5:$AE$304,0))),""),"")
A21: 12 | B21: =IFERROR(IF(LARGE(Checklist!$AE$5:$AE$304,12)>0,IF(INDEX(Checklist!$A$5:$A$304,MATCH(LARGE(Checklist!$AE$5:$AE$304,12),Checklist!$AE$5:$AE$304,0))="","",INDEX(Checklist!$A$5:$A$304,MATCH(LARGE(Checklist!$AE$5:$AE$304,12),Checklist!$AE$5:$AE$304,0))),""),"") | C21: =IFERROR(IF(LARGE(Checklist!$AE$5:$AE$304,12)>0,IF(INDEX(Checklist!$B$5:$B$304,MATCH(LARGE(Checklist!$AE$5:$AE$304,12),Checklist!$AE$5:$AE$304,0))="","",INDEX(Checklist!$B$5:$B$304,MATCH(LARGE(Checklist!$AE$5:$AE$304,12),Checklist!$AE$5:$AE$304,0))),""),"") | D21: =IFERROR(IF(LARGE(Checklist!$AE$5:$AE$304,12)>0,IF(INDEX(Checklist!$D$5:$D$304,MATCH(LARGE(Checklist!$AE$5:$AE$304,12),Checklist!$AE$5:$AE$304,0))="","",INDEX(Checklist!$D$5:$D$304,MATCH(LARGE(Checklist!$AE$5:$AE$304,12),Checklist!$AE$5:$AE$304,0))),""),"") | E21: =IFERROR(IF(LARGE(Checklist!$AE$5:$AE$304,12)>0,IF(INDEX(Checklist!$C$5:$C$304,MATCH(LARGE(Checklist!$AE$5:$AE$304,12),Checklist!$AE$5:$AE$304,0))="","",INDEX(Checklist!$C$5:$C$304,MATCH(LARGE(Checklist!$AE$5:$AE$304,12),Checklist!$AE$5:$AE$304,0))),""),"") | F21: =IFERROR(IF(LARGE(Checklist!$AE$5:$AE$304,12)>0,IF(INDEX(Checklist!$Y$5:$Y$304,MATCH(LARGE(Checklist!$AE$5:$AE$304,12),Checklist!$AE$5:$AE$304,0))="","",INDEX(Checklist!$Y$5:$Y$304,MATCH(LARGE(Checklist!$AE$5:$AE$304,12),Checklist!$AE$5:$AE$304,0))),""),"") | G21: =IFERROR(IF(LARGE(Checklist!$AE$5:$AE$304,12)>0,IF(INDEX(Checklist!$Z$5:$Z$304,MATCH(LARGE(Checklist!$AE$5:$AE$304,12),Checklist!$AE$5:$AE$304,0))="","",INDEX(Checklist!$Z$5:$Z$304,MATCH(LARGE(Checklist!$AE$5:$AE$304,12),Checklist!$AE$5:$AE$304,0))),""),"") | H21: =IFERROR(IF(LARGE(Checklist!$AE$5:$AE$304,12)>0,IF(INDEX(Checklist!$AC$5:$AC$304,MATCH(LARGE(Checklist!$AE$5:$AE$304,12),Checklist!$AE$5:$AE$304,0))="","",INDEX(Checklist!$AC$5:$AC$304,MATCH(LARGE(Checklist!$AE$5:$AE$304,12),Checklist!$AE$5:$AE$304,0))),""),"") | I21: =IFERROR(IF(LARGE(Checklist!$AE$5:$AE$304,12)>0,IF(INDEX(Checklist!$AD$5:$AD$304,MATCH(LARGE(Checklist!$AE$5:$AE$304,12),Checklist!$AE$5:$AE$304,0))="","",INDEX(Checklist!$AD$5:$AD$304,MATCH(LARGE(Checklist!$AE$5:$AE$304,12),Checklist!$AE$5:$AE$304,0))),""),"")
A22: 13 | B22: =IFERROR(IF(LARGE(Checklist!$AE$5:$AE$304,13)>0,IF(INDEX(Checklist!$A$5:$A$304,MATCH(LARGE(Checklist!$AE$5:$AE$304,13),Checklist!$AE$5:$AE$304,0))="","",INDEX(Checklist!$A$5:$A$304,MATCH(LARGE(Checklist!$AE$5:$AE$304,13),Checklist!$AE$5:$AE$304,0))),""),"") | C22: =IFERROR(IF(LARGE(Checklist!$AE$5:$AE$304,13)>0,IF(INDEX(Checklist!$B$5:$B$304,MATCH(LARGE(Checklist!$AE$5:$AE$304,13),Checklist!$AE$5:$AE$304,0))="","",INDEX(Checklist!$B$5:$B$304,MATCH(LARGE(Checklist!$AE$5:$AE$304,13),Checklist!$AE$5:$AE$304,0))),""),"") | D22: =IFERROR(IF(LARGE(Checklist!$AE$5:$AE$304,13)>0,IF(INDEX(Checklist!$D$5:$D$304,MATCH(LARGE(Checklist!$AE$5:$AE$304,13),Checklist!$AE$5:$AE$304,0))="","",INDEX(Checklist!$D$5:$D$304,MATCH(LARGE(Checklist!$AE$5:$AE$304,13),Checklist!$AE$5:$AE$304,0))),""),"") | E22: =IFERROR(IF(LARGE(Checklist!$AE$5:$AE$304,13)>0,IF(INDEX(Checklist!$C$5:$C$304,MATCH(LARGE(Checklist!$AE$5:$AE$304,13),Checklist!$AE$5:$AE$304,0))="","",INDEX(Checklist!$C$5:$C$304,MATCH(LARGE(Checklist!$AE$5:$AE$304,13),Checklist!$AE$5:$AE$304,0))),""),"") | F22: =IFERROR(IF(LARGE(Checklist!$AE$5:$AE$304,13)>0,IF(INDEX(Checklist!$Y$5:$Y$304,MATCH(LARGE(Checklist!$AE$5:$AE$304,13),Checklist!$AE$5:$AE$304,0))="","",INDEX(Checklist!$Y$5:$Y$304,MATCH(LARGE(Checklist!$AE$5:$AE$304,13),Checklist!$AE$5:$AE$304,0))),""),"") | G22: =IFERROR(IF(LARGE(Checklist!$AE$5:$AE$304,13)>0,IF(INDEX(Checklist!$Z$5:$Z$304,MATCH(LARGE(Checklist!$AE$5:$AE$304,13),Checklist!$AE$5:$AE$304,0))="","",INDEX(Checklist!$Z$5:$Z$304,MATCH(LARGE(Checklist!$AE$5:$AE$304,13),Checklist!$AE$5:$AE$304,0))),""),"") | H22: =IFERROR(IF(LARGE(Checklist!$AE$5:$AE$304,13)>0,IF(INDEX(Checklist!$AC$5:$AC$304,MATCH(LARGE(Checklist!$AE$5:$AE$304,13),Checklist!$AE$5:$AE$304,0))="","",INDEX(Checklist!$AC$5:$AC$304,MATCH(LARGE(Checklist!$AE$5:$AE$304,13),Checklist!$AE$5:$AE$304,0))),""),"") | I22: =IFERROR(IF(LARGE(Checklist!$AE$5:$AE$304,13)>0,IF(INDEX(Checklist!$AD$5:$AD$304,MATCH(LARGE(Checklist!$AE$5:$AE$304,13),Checklist!$AE$5:$AE$304,0))="","",INDEX(Checklist!$AD$5:$AD$304,MATCH(LARGE(Checklist!$AE$5:$AE$304,13),Checklist!$AE$5:$AE$304,0))),""),"")
A23: 14 | B23: =IFERROR(IF(LARGE(Checklist!$AE$5:$AE$304,14)>0,IF(INDEX(Checklist!$A$5:$A$304,MATCH(LARGE(Checklist!$AE$5:$AE$304,14),Checklist!$AE$5:$AE$304,0))="","",INDEX(Checklist!$A$5:$A$304,MATCH(LARGE(Checklist!$AE$5:$AE$304,14),Checklist!$AE$5:$AE$304,0))),""),"") | C23: =IFERROR(IF(LARGE(Checklist!$AE$5:$AE$304,14)>0,IF(INDEX(Checklist!$B$5:$B$304,MATCH(LARGE(Checklist!$AE$5:$AE$304,14),Checklist!$AE$5:$AE$304,0))="","",INDEX(Checklist!$B$5:$B$304,MATCH(LARGE(Checklist!$AE$5:$AE$304,14),Checklist!$AE$5:$AE$304,0))),""),"") | D23: =IFERROR(IF(LARGE(Checklist!$AE$5:$AE$304,14)>0,IF(INDEX(Checklist!$D$5:$D$304,MATCH(LARGE(Checklist!$AE$5:$AE$304,14),Checklist!$AE$5:$AE$304,0))="","",INDEX(Checklist!$D$5:$D$304,MATCH(LARGE(Checklist!$AE$5:$AE$304,14),Checklist!$AE$5:$AE$304,0))),""),"") | E23: =IFERROR(IF(LARGE(Checklist!$AE$5:$AE$304,14)>0,IF(INDEX(Checklist!$C$5:$C$304,MATCH(LARGE(Checklist!$AE$5:$AE$304,14),Checklist!$AE$5:$AE$304,0))="","",INDEX(Checklist!$C$5:$C$304,MATCH(LARGE(Checklist!$AE$5:$AE$304,14),Checklist!$AE$5:$AE$304,0))),""),"") | F23: =IFERROR(IF(LARGE(Checklist!$AE$5:$AE$304,14)>0,IF(INDEX(Checklist!$Y$5:$Y$304,MATCH(LARGE(Checklist!$AE$5:$AE$304,14),Checklist!$AE$5:$AE$304,0))="","",INDEX(Checklist!$Y$5:$Y$304,MATCH(LARGE(Checklist!$AE$5:$AE$304,14),Checklist!$AE$5:$AE$304,0))),""),"") | G23: =IFERROR(IF(LARGE(Checklist!$AE$5:$AE$304,14)>0,IF(INDEX(Checklist!$Z$5:$Z$304,MATCH(LARGE(Checklist!$AE$5:$AE$304,14),Checklist!$AE$5:$AE$304,0))="","",INDEX(Checklist!$Z$5:$Z$304,MATCH(LARGE(Checklist!$AE$5:$AE$304,14),Checklist!$AE$5:$AE$304,0))),""),"") | H23: =IFERROR(IF(LARGE(Checklist!$AE$5:$AE$304,14)>0,IF(INDEX(Checklist!$AC$5:$AC$304,MATCH(LARGE(Checklist!$AE$5:$AE$304,14),Checklist!$AE$5:$AE$304,0))="","",INDEX(Checklist!$AC$5:$AC$304,MATCH(LARGE(Checklist!$AE$5:$AE$304,14),Checklist!$AE$5:$AE$304,0))),""),"") | I23: =IFERROR(IF(LARGE(Checklist!$AE$5:$AE$304,14)>0,IF(INDEX(Checklist!$AD$5:$AD$304,MATCH(LARGE(Checklist!$AE$5:$AE$304,14),Checklist!$AE$5:$AE$304,0))="","",INDEX(Checklist!$AD$5:$AD$304,MATCH(LARGE(Checklist!$AE$5:$AE$304,14),Checklist!$AE$5:$AE$304,0))),""),"")
A24: 15 | B24: =IFERROR(IF(LARGE(Checklist!$AE$5:$AE$304,15)>0,IF(INDEX(Checklist!$A$5:$A$304,MATCH(LARGE(Checklist!$AE$5:$AE$304,15),Checklist!$AE$5:$AE$304,0))="","",INDEX(Checklist!$A$5:$A$304,MATCH(LARGE(Checklist!$AE$5:$AE$304,15),Checklist!$AE$5:$AE$304,0))),""),"") | C24: =IFERROR(IF(LARGE(Checklist!$AE$5:$AE$304,15)>0,IF(INDEX(Checklist!$B$5:$B$304,MATCH(LARGE(Checklist!$AE$5:$AE$304,15),Checklist!$AE$5:$AE$304,0))="","",INDEX(Checklist!$B$5:$B$304,MATCH(LARGE(Checklist!$AE$5:$AE$304,15),Checklist!$AE$5:$AE$304,0))),""),"") | D24: =IFERROR(IF(LARGE(Checklist!$AE$5:$AE$304,15)>0,IF(INDEX(Checklist!$D$5:$D$304,MATCH(LARGE(Checklist!$AE$5:$AE$304,15),Checklist!$AE$5:$AE$304,0))="","",INDEX(Checklist!$D$5:$D$304,MATCH(LARGE(Checklist!$AE$5:$AE$304,15),Checklist!$AE$5:$AE$304,0))),""),"") | E24: =IFERROR(IF(LARGE(Checklist!$AE$5:$AE$304,15)>0,IF(INDEX(Checklist!$C$5:$C$304,MATCH(LARGE(Checklist!$AE$5:$AE$304,15),Checklist!$AE$5:$AE$304,0))="","",INDEX(Checklist!$C$5:$C$304,MATCH(LARGE(Checklist!$AE$5:$AE$304,15),Checklist!$AE$5:$AE$304,0))),""),"") | F24: =IFERROR(IF(LARGE(Checklist!$AE$5:$AE$304,15)>0,IF(INDEX(Checklist!$Y$5:$Y$304,MATCH(LARGE(Checklist!$AE$5:$AE$304,15),Checklist!$AE$5:$AE$304,0))="","",INDEX(Checklist!$Y$5:$Y$304,MATCH(LARGE(Checklist!$AE$5:$AE$304,15),Checklist!$AE$5:$AE$304,0))),""),"") | G24: =IFERROR(IF(LARGE(Checklist!$AE$5:$AE$304,15)>0,IF(INDEX(Checklist!$Z$5:$Z$304,MATCH(LARGE(Checklist!$AE$5:$AE$304,15),Checklist!$AE$5:$AE$304,0))="","",INDEX(Checklist!$Z$5:$Z$304,MATCH(LARGE(Checklist!$AE$5:$AE$304,15),Checklist!$AE$5:$AE$304,0))),""),"") | H24: =IFERROR(IF(LARGE(Checklist!$AE$5:$AE$304,15)>0,IF(INDEX(Checklist!$AC$5:$AC$304,MATCH(LARGE(Checklist!$AE$5:$AE$304,15),Checklist!$AE$5:$AE$304,0))="","",INDEX(Checklist!$AC$5:$AC$304,MATCH(LARGE(Checklist!$AE$5:$AE$304,15),Checklist!$AE$5:$AE$304,0))),""),"") | I24: =IFERROR(IF(LARGE(Checklist!$AE$5:$AE$304,15)>0,IF(INDEX(Checklist!$AD$5:$AD$304,MATCH(LARGE(Checklist!$AE$5:$AE$304,15),Checklist!$AE$5:$AE$304,0))="","",INDEX(Checklist!$AD$5:$AD$304,MATCH(LARGE(Checklist!$AE$5:$AE$304,15),Checklist!$AE$5:$AE$304,0))),""),"")
A26: Item mais esquecido
A27: Abertura: conta todos os casos cadastrados. Encerramento: só os casos com situação Encerrado. Item pendente muitas vezes é sinal de que a rotina de abertura precisa mudar.
A28: Item de abertura | C28: Pendente em | D28: Feito em | E28: N/A | G28: Item de encerramento | H28: Pendente em | I28: Feito em | J28: N/A
A29: =IF(Config!$B$10="","",Config!$B$10) -> Contrato de honorários assinado | C29: =IF(Config!$B$10="","",COUNTIFS(Checklist!$A$5:$A$304,"<>",Checklist!$E$5:$E$304,"<>Sim",Checklist!$E$5:$E$304,"<>N/A")) -> 1 | D29: =IF(Config!$B$10="","",COUNTIFS(Checklist!$A$5:$A$304,"<>",Checklist!$E$5:$E$304,"Sim")) -> 37 | E29: =IF(Config!$B$10="","",COUNTIFS(Checklist!$A$5:$A$304,"<>",Checklist!$E$5:$E$304,"N/A")) -> 0 | G29: =IF(Config!$D$10="","",Config!$D$10) -> Última parcela cobrada e recebida | H29: =IF(Config!$D$10="","",COUNTIFS(Checklist!$D$5:$D$304,"Encerrado",Checklist!$O$5:$O$304,"<>Sim",Checklist!$O$5:$O$304,"<>N/A")) -> 0 | I29: =IF(Config!$D$10="","",COUNTIFS(Checklist!$D$5:$D$304,"Encerrado",Checklist!$O$5:$O$304,"Sim")) -> 8 | J29: =IF(Config!$D$10="","",COUNTIFS(Checklist!$D$5:$D$304,"Encerrado",Checklist!$O$5:$O$304,"N/A")) -> 0
A30: =IF(Config!$B$11="","",Config!$B$11) -> Procuração recebida | C30: =IF(Config!$B$11="","",COUNTIFS(Checklist!$A$5:$A$304,"<>",Checklist!$F$5:$F$304,"<>Sim",Checklist!$F$5:$F$304,"<>N/A")) -> 1 | D30: =IF(Config!$B$11="","",COUNTIFS(Checklist!$A$5:$A$304,"<>",Checklist!$F$5:$F$304,"Sim")) -> 30 | E30: =IF(Config!$B$11="","",COUNTIFS(Checklist!$A$5:$A$304,"<>",Checklist!$F$5:$F$304,"N/A")) -> 7 | G30: =IF(Config!$D$11="","",Config!$D$11) -> Cliente avisado do encerramento | H30: =IF(Config!$D$11="","",COUNTIFS(Checklist!$D$5:$D$304,"Encerrado",Checklist!$P$5:$P$304,"<>Sim",Checklist!$P$5:$P$304,"<>N/A")) -> 0 | I30: =IF(Config!$D$11="","",COUNTIFS(Checklist!$D$5:$D$304,"Encerrado",Checklist!$P$5:$P$304,"Sim")) -> 8 | J30: =IF(Config!$D$11="","",COUNTIFS(Checklist!$D$5:$D$304,"Encerrado",Checklist!$P$5:$P$304,"N/A")) -> 0
A31: =IF(Config!$B$12="","",Config!$B$12) -> Documentos do cliente recebidos | C31: =IF(Config!$B$12="","",COUNTIFS(Checklist!$A$5:$A$304,"<>",Checklist!$G$5:$G$304,"<>Sim",Checklist!$G$5:$G$304,"<>N/A")) -> 1 | D31: =IF(Config!$B$12="","",COUNTIFS(Checklist!$A$5:$A$304,"<>",Checklist!$G$5:$G$304,"Sim")) -> 37 | E31: =IF(Config!$B$12="","",COUNTIFS(Checklist!$A$5:$A$304,"<>",Checklist!$G$5:$G$304,"N/A")) -> 0 | G31: =IF(Config!$D$12="","",Config!$D$12) -> Documentos devolvidos ao cliente | H31: =IF(Config!$D$12="","",COUNTIFS(Checklist!$D$5:$D$304,"Encerrado",Checklist!$Q$5:$Q$304,"<>Sim",Checklist!$Q$5:$Q$304,"<>N/A")) -> 1 | I31: =IF(Config!$D$12="","",COUNTIFS(Checklist!$D$5:$D$304,"Encerrado",Checklist!$Q$5:$Q$304,"Sim")) -> 7 | J31: =IF(Config!$D$12="","",COUNTIFS(Checklist!$D$5:$D$304,"Encerrado",Checklist!$Q$5:$Q$304,"N/A")) -> 0
A32: =IF(Config!$B$13="","",Config!$B$13) -> Honorário e forma de pagamento definidos | C32: =IF(Config!$B$13="","",COUNTIFS(Checklist!$A$5:$A$304,"<>",Checklist!$H$5:$H$304,"<>Sim",Checklist!$H$5:$H$304,"<>N/A")) -> 1 | D32: =IF(Config!$B$13="","",COUNTIFS(Checklist!$A$5:$A$304,"<>",Checklist!$H$5:$H$304,"Sim")) -> 37 | E32: =IF(Config!$B$13="","",COUNTIFS(Checklist!$A$5:$A$304,"<>",Checklist!$H$5:$H$304,"N/A")) -> 0 | G32: =IF(Config!$D$13="","",Config!$D$13) -> Pasta arquivada | H32: =IF(Config!$D$13="","",COUNTIFS(Checklist!$D$5:$D$304,"Encerrado",Checklist!$R$5:$R$304,"<>Sim",Checklist!$R$5:$R$304,"<>N/A")) -> 1 | I32: =IF(Config!$D$13="","",COUNTIFS(Checklist!$D$5:$D$304,"Encerrado",Checklist!$R$5:$R$304,"Sim")) -> 7 | J32: =IF(Config!$D$13="","",COUNTIFS(Checklist!$D$5:$D$304,"Encerrado",Checklist!$R$5:$R$304,"N/A")) -> 0
A33: =IF(Config!$B$14="","",Config!$B$14) -> Caso cadastrado no caixa e na carteira | C33: =IF(Config!$B$14="","",COUNTIFS(Checklist!$A$5:$A$304,"<>",Checklist!$I$5:$I$304,"<>Sim",Checklist!$I$5:$I$304,"<>N/A")) -> 2 | D33: =IF(Config!$B$14="","",COUNTIFS(Checklist!$A$5:$A$304,"<>",Checklist!$I$5:$I$304,"Sim")) -> 36 | E33: =IF(Config!$B$14="","",COUNTIFS(Checklist!$A$5:$A$304,"<>",Checklist!$I$5:$I$304,"N/A")) -> 0 | G33: =IF(Config!$D$14="","",Config!$D$14) -> Caso marcado como encerrado na carteira | H33: =IF(Config!$D$14="","",COUNTIFS(Checklist!$D$5:$D$304,"Encerrado",Checklist!$S$5:$S$304,"<>Sim",Checklist!$S$5:$S$304,"<>N/A")) -> 0 | I33: =IF(Config!$D$14="","",COUNTIFS(Checklist!$D$5:$D$304,"Encerrado",Checklist!$S$5:$S$304,"Sim")) -> 8 | J33: =IF(Config!$D$14="","",COUNTIFS(Checklist!$D$5:$D$304,"Encerrado",Checklist!$S$5:$S$304,"N/A")) -> 0
A34: =IF(Config!$B$15="","",Config!$B$15) -> Responsável definido | C34: =IF(Config!$B$15="","",COUNTIFS(Checklist!$A$5:$A$304,"<>",Checklist!$J$5:$J$304,"<>Sim",Checklist!$J$5:$J$304,"<>N/A")) -> 0 | D34: =IF(Config!$B$15="","",COUNTIFS(Checklist!$A$5:$A$304,"<>",Checklist!$J$5:$J$304,"Sim")) -> 38 | E34: =IF(Config!$B$15="","",COUNTIFS(Checklist!$A$5:$A$304,"<>",Checklist!$J$5:$J$304,"N/A")) -> 0 | G34: =IF(Config!$D$15="","",Config!$D$15) -> Avaliação do cliente pedida | H34: =IF(Config!$D$15="","",COUNTIFS(Checklist!$D$5:$D$304,"Encerrado",Checklist!$T$5:$T$304,"<>Sim",Checklist!$T$5:$T$304,"<>N/A")) -> 2 | I34: =IF(Config!$D$15="","",COUNTIFS(Checklist!$D$5:$D$304,"Encerrado",Checklist!$T$5:$T$304,"Sim")) -> 6 | J34: =IF(Config!$D$15="","",COUNTIFS(Checklist!$D$5:$D$304,"Encerrado",Checklist!$T$5:$T$304,"N/A")) -> 0
A35: =IF(Config!$B$16="","",Config!$B$16) -> Primeiro prazo na agenda | C35: =IF(Config!$B$16="","",COUNTIFS(Checklist!$A$5:$A$304,"<>",Checklist!$K$5:$K$304,"<>Sim",Checklist!$K$5:$K$304,"<>N/A")) -> 0 | D35: =IF(Config!$B$16="","",COUNTIFS(Checklist!$A$5:$A$304,"<>",Checklist!$K$5:$K$304,"Sim")) -> 31 | E35: =IF(Config!$B$16="","",COUNTIFS(Checklist!$A$5:$A$304,"<>",Checklist!$K$5:$K$304,"N/A")) -> 7 | G35: =IF(Config!$D$16="","",Config!$D$16) -> Prazos do caso baixados na agenda | H35: =IF(Config!$D$16="","",COUNTIFS(Checklist!$D$5:$D$304,"Encerrado",Checklist!$U$5:$U$304,"<>Sim",Checklist!$U$5:$U$304,"<>N/A")) -> 0 | I35: =IF(Config!$D$16="","",COUNTIFS(Checklist!$D$5:$D$304,"Encerrado",Checklist!$U$5:$U$304,"Sim")) -> 8 | J35: =IF(Config!$D$16="","",COUNTIFS(Checklist!$D$5:$D$304,"Encerrado",Checklist!$U$5:$U$304,"N/A")) -> 0
A36: =IF(Config!$B$17="","",Config!$B$17) -> Canal de contato combinado com o cliente | C36: =IF(Config!$B$17="","",COUNTIFS(Checklist!$A$5:$A$304,"<>",Checklist!$L$5:$L$304,"<>Sim",Checklist!$L$5:$L$304,"<>N/A")) -> 1 | D36: =IF(Config!$B$17="","",COUNTIFS(Checklist!$A$5:$A$304,"<>",Checklist!$L$5:$L$304,"Sim")) -> 37 | E36: =IF(Config!$B$17="","",COUNTIFS(Checklist!$A$5:$A$304,"<>",Checklist!$L$5:$L$304,"N/A")) -> 0 | G36: =IF(Config!$D$17="","",Config!$D$17) -> Horas do caso fechadas | H36: =IF(Config!$D$17="","",COUNTIFS(Checklist!$D$5:$D$304,"Encerrado",Checklist!$V$5:$V$304,"<>Sim",Checklist!$V$5:$V$304,"<>N/A")) -> 0 | I36: =IF(Config!$D$17="","",COUNTIFS(Checklist!$D$5:$D$304,"Encerrado",Checklist!$V$5:$V$304,"Sim")) -> 8 | J36: =IF(Config!$D$17="","",COUNTIFS(Checklist!$D$5:$D$304,"Encerrado",Checklist!$V$5:$V$304,"N/A")) -> 0
A37: =IF(Config!$B$18="","",Config!$B$18) -> Pasta do caso criada (física ou digital) | C37: =IF(Config!$B$18="","",COUNTIFS(Checklist!$A$5:$A$304,"<>",Checklist!$M$5:$M$304,"<>Sim",Checklist!$M$5:$M$304,"<>N/A")) -> 1 | D37: =IF(Config!$B$18="","",COUNTIFS(Checklist!$A$5:$A$304,"<>",Checklist!$M$5:$M$304,"Sim")) -> 37 | E37: =IF(Config!$B$18="","",COUNTIFS(Checklist!$A$5:$A$304,"<>",Checklist!$M$5:$M$304,"N/A")) -> 0 | G37: =IF(Config!$D$18="","",Config!$D$18) | H37: =IF(Config!$D$18="","",COUNTIFS(Checklist!$D$5:$D$304,"Encerrado",Checklist!$W$5:$W$304,"<>Sim",Checklist!$W$5:$W$304,"<>N/A")) | I37: =IF(Config!$D$18="","",COUNTIFS(Checklist!$D$5:$D$304,"Encerrado",Checklist!$W$5:$W$304,"Sim")) | J37: =IF(Config!$D$18="","",COUNTIFS(Checklist!$D$5:$D$304,"Encerrado",Checklist!$W$5:$W$304,"N/A"))
A38: =IF(Config!$B$19="","",Config!$B$19) | C38: =IF(Config!$B$19="","",COUNTIFS(Checklist!$A$5:$A$304,"<>",Checklist!$N$5:$N$304,"<>Sim",Checklist!$N$5:$N$304,"<>N/A")) | D38: =IF(Config!$B$19="","",COUNTIFS(Checklist!$A$5:$A$304,"<>",Checklist!$N$5:$N$304,"Sim")) | E38: =IF(Config!$B$19="","",COUNTIFS(Checklist!$A$5:$A$304,"<>",Checklist!$N$5:$N$304,"N/A")) | G38: =IF(Config!$D$19="","",Config!$D$19) | H38: =IF(Config!$D$19="","",COUNTIFS(Checklist!$D$5:$D$304,"Encerrado",Checklist!$X$5:$X$304,"<>Sim",Checklist!$X$5:$X$304,"<>N/A")) | I38: =IF(Config!$D$19="","",COUNTIFS(Checklist!$D$5:$D$304,"Encerrado",Checklist!$X$5:$X$304,"Sim")) | J38: =IF(Config!$D$19="","",COUNTIFS(Checklist!$D$5:$D$304,"Encerrado",Checklist!$X$5:$X$304,"N/A"))
A41: Por responsável
A42: Responsável | C42: Casos | D42: Em andamento | E42: Encerrados | F42: Com pendência | G42: Itens pendentes
A43: =IF(Config!$F$10="","",Config!$F$10) -> Marina Ferraz | C43: =IF(Config!$F$10="","",COUNTIFS(Checklist!$C$5:$C$304,Config!$F$10,Checklist!$A$5:$A$304,"<>")) -> 19 | D43: =IF(Config!$F$10="","",COUNTIFS(Checklist!$C$5:$C$304,Config!$F$10,Checklist!$D$5:$D$304,"Em andamento")) -> 15 | E43: =IF(Config!$F$10="","",COUNTIFS(Checklist!$C$5:$C$304,Config!$F$10,Checklist!$D$5:$D$304,"Encerrado")) -> 4 | F43: =IF(Config!$F$10="","",COUNTIFS(Checklist!$C$5:$C$304,Config!$F$10,Checklist!$AC$5:$AC$304,">0")) -> 4 | G43: =IF(Config!$F$10="","",SUMIFS(Checklist!$AC$5:$AC$304,Checklist!$C$5:$C$304,Config!$F$10)) -> 4
A44: =IF(Config!$F$11="","",Config!$F$11) -> Rafael Lima | C44: =IF(Config!$F$11="","",COUNTIFS(Checklist!$C$5:$C$304,Config!$F$11,Checklist!$A$5:$A$304,"<>")) -> 19 | D44: =IF(Config!$F$11="","",COUNTIFS(Checklist!$C$5:$C$304,Config!$F$11,Checklist!$D$5:$D$304,"Em andamento")) -> 15 | E44: =IF(Config!$F$11="","",COUNTIFS(Checklist!$C$5:$C$304,Config!$F$11,Checklist!$D$5:$D$304,"Encerrado")) -> 4 | F44: =IF(Config!$F$11="","",COUNTIFS(Checklist!$C$5:$C$304,Config!$F$11,Checklist!$AC$5:$AC$304,">0")) -> 6 | G44: =IF(Config!$F$11="","",SUMIFS(Checklist!$AC$5:$AC$304,Checklist!$C$5:$C$304,Config!$F$11)) -> 8
A45: =IF(Config!$F$12="","",Config!$F$12) -> Júlia Prado | C45: =IF(Config!$F$12="","",COUNTIFS(Checklist!$C$5:$C$304,Config!$F$12,Checklist!$A$5:$A$304,"<>")) -> 0 | D45: =IF(Config!$F$12="","",COUNTIFS(Checklist!$C$5:$C$304,Config!$F$12,Checklist!$D$5:$D$304,"Em andamento")) -> 0 | E45: =IF(Config!$F$12="","",COUNTIFS(Checklist!$C$5:$C$304,Config!$F$12,Checklist!$D$5:$D$304,"Encerrado")) -> 0 | F45: =IF(Config!$F$12="","",COUNTIFS(Checklist!$C$5:$C$304,Config!$F$12,Checklist!$AC$5:$AC$304,">0")) -> 0 | G45: =IF(Config!$F$12="","",SUMIFS(Checklist!$AC$5:$AC$304,Checklist!$C$5:$C$304,Config!$F$12)) -> 0
A46: =IF(Config!$F$13="","",Config!$F$13) | C46: =IF(Config!$F$13="","",COUNTIFS(Checklist!$C$5:$C$304,Config!$F$13,Checklist!$A$5:$A$304,"<>")) | D46: =IF(Config!$F$13="","",COUNTIFS(Checklist!$C$5:$C$304,Config!$F$13,Checklist!$D$5:$D$304,"Em andamento")) | E46: =IF(Config!$F$13="","",COUNTIFS(Checklist!$C$5:$C$304,Config!$F$13,Checklist!$D$5:$D$304,"Encerrado")) | F46: =IF(Config!$F$13="","",COUNTIFS(Checklist!$C$5:$C$304,Config!$F$13,Checklist!$AC$5:$AC$304,">0")) | G46: =IF(Config!$F$13="","",SUMIFS(Checklist!$AC$5:$AC$304,Checklist!$C$5:$C$304,Config!$F$13))
A47: =IF(Config!$F$14="","",Config!$F$14) | C47: =IF(Config!$F$14="","",COUNTIFS(Checklist!$C$5:$C$304,Config!$F$14,Checklist!$A$5:$A$304,"<>")) | D47: =IF(Config!$F$14="","",COUNTIFS(Checklist!$C$5:$C$304,Config!$F$14,Checklist!$D$5:$D$304,"Em andamento")) | E47: =IF(Config!$F$14="","",COUNTIFS(Checklist!$C$5:$C$304,Config!$F$14,Checklist!$D$5:$D$304,"Encerrado")) | F47: =IF(Config!$F$14="","",COUNTIFS(Checklist!$C$5:$C$304,Config!$F$14,Checklist!$AC$5:$AC$304,">0")) | G47: =IF(Config!$F$14="","",SUMIFS(Checklist!$AC$5:$AC$304,Checklist!$C$5:$C$304,Config!$F$14))
A48: =IF(Config!$F$15="","",Config!$F$15) | C48: =IF(Config!$F$15="","",COUNTIFS(Checklist!$C$5:$C$304,Config!$F$15,Checklist!$A$5:$A$304,"<>")) | D48: =IF(Config!$F$15="","",COUNTIFS(Checklist!$C$5:$C$304,Config!$F$15,Checklist!$D$5:$D$304,"Em andamento")) | E48: =IF(Config!$F$15="","",COUNTIFS(Checklist!$C$5:$C$304,Config!$F$15,Checklist!$D$5:$D$304,"Encerrado")) | F48: =IF(Config!$F$15="","",COUNTIFS(Checklist!$C$5:$C$304,Config!$F$15,Checklist!$AC$5:$AC$304,">0")) | G48: =IF(Config!$F$15="","",SUMIFS(Checklist!$AC$5:$AC$304,Checklist!$C$5:$C$304,Config!$F$15))
A49: =IF(Config!$F$16="","",Config!$F$16) | C49: =IF(Config!$F$16="","",COUNTIFS(Checklist!$C$5:$C$304,Config!$F$16,Checklist!$A$5:$A$304,"<>")) | D49: =IF(Config!$F$16="","",COUNTIFS(Checklist!$C$5:$C$304,Config!$F$16,Checklist!$D$5:$D$304,"Em andamento")) | E49: =IF(Config!$F$16="","",COUNTIFS(Checklist!$C$5:$C$304,Config!$F$16,Checklist!$D$5:$D$304,"Encerrado")) | F49: =IF(Config!$F$16="","",COUNTIFS(Checklist!$C$5:$C$304,Config!$F$16,Checklist!$AC$5:$AC$304,">0")) | G49: =IF(Config!$F$16="","",SUMIFS(Checklist!$AC$5:$AC$304,Checklist!$C$5:$C$304,Config!$F$16))
A50: =IF(Config!$F$17="","",Config!$F$17) | C50: =IF(Config!$F$17="","",COUNTIFS(Checklist!$C$5:$C$304,Config!$F$17,Checklist!$A$5:$A$304,"<>")) | D50: =IF(Config!$F$17="","",COUNTIFS(Checklist!$C$5:$C$304,Config!$F$17,Checklist!$D$5:$D$304,"Em andamento")) | E50: =IF(Config!$F$17="","",COUNTIFS(Checklist!$C$5:$C$304,Config!$F$17,Checklist!$D$5:$D$304,"Encerrado")) | F50: =IF(Config!$F$17="","",COUNTIFS(Checklist!$C$5:$C$304,Config!$F$17,Checklist!$AC$5:$AC$304,">0")) | G50: =IF(Config!$F$17="","",SUMIFS(Checklist!$AC$5:$AC$304,Checklist!$C$5:$C$304,Config!$F$17))
A51: =IF(Config!$F$18="","",Config!$F$18) | C51: =IF(Config!$F$18="","",COUNTIFS(Checklist!$C$5:$C$304,Config!$F$18,Checklist!$A$5:$A$304,"<>")) | D51: =IF(Config!$F$18="","",COUNTIFS(Checklist!$C$5:$C$304,Config!$F$18,Checklist!$D$5:$D$304,"Em andamento")) | E51: =IF(Config!$F$18="","",COUNTIFS(Checklist!$C$5:$C$304,Config!$F$18,Checklist!$D$5:$D$304,"Encerrado")) | F51: =IF(Config!$F$18="","",COUNTIFS(Checklist!$C$5:$C$304,Config!$F$18,Checklist!$AC$5:$AC$304,">0")) | G51: =IF(Config!$F$18="","",SUMIFS(Checklist!$AC$5:$AC$304,Checklist!$C$5:$C$304,Config!$F$18))
A52: =IF(Config!$F$19="","",Config!$F$19) | C52: =IF(Config!$F$19="","",COUNTIFS(Checklist!$C$5:$C$304,Config!$F$19,Checklist!$A$5:$A$304,"<>")) | D52: =IF(Config!$F$19="","",COUNTIFS(Checklist!$C$5:$C$304,Config!$F$19,Checklist!$D$5:$D$304,"Em andamento")) | E52: =IF(Config!$F$19="","",COUNTIFS(Checklist!$C$5:$C$304,Config!$F$19,Checklist!$D$5:$D$304,"Encerrado")) | F52: =IF(Config!$F$19="","",COUNTIFS(Checklist!$C$5:$C$304,Config!$F$19,Checklist!$AC$5:$AC$304,">0")) | G52: =IF(Config!$F$19="","",SUMIFS(Checklist!$AC$5:$AC$304,Checklist!$C$5:$C$304,Config!$F$19))

Sheet Config
A1: Configurações
A2: Células amarelas: você preenche. Os itens cadastrados aqui viram as colunas da aba Checklist.
A4: Escritório | B4: Ferraz & Lima Advocacia (exemplo fictício)
A5: Data de referência (hoje) | B5: 46279 | C5: O exemplo está congelado em 14/09/2026, para os arquivos do kit mostrarem a mesma foto. Ao usar com os seus dados, troque por =HOJE().
A9: Itens de abertura (até 10) | D9: Itens de encerramento (até 10) | F9: Responsáveis (até 10)
B10: Contrato de honorários assinado | D10: Última parcela cobrada e recebida | F10: Marina Ferraz
B11: Procuração recebida | D11: Cliente avisado do encerramento | F11: Rafael Lima
B12: Documentos do cliente recebidos | D12: Documentos devolvidos ao cliente | F12: Júlia Prado
B13: Honorário e forma de pagamento definidos | D13: Pasta arquivada
B14: Caso cadastrado no caixa e na carteira | D14: Caso marcado como encerrado na carteira
B15: Responsável definido | D15: Avaliação do cliente pedida
B16: Primeiro prazo na agenda | D16: Prazos do caso baixados na agenda
B17: Canal de contato combinado com o cliente | D17: Horas do caso fechadas
B18: Pasta do caso criada (física ou digital)
A21: Itens cadastrados | B21: =COUNTA($B$10:$B$19) -> 9 | D21: =COUNTA($D$10:$D$19) -> 8
A23: Preencha de cima para baixo, sem pular linha: as listas param na última linha preenchida e os itens vazios não contam no percentual.
A24: Os itens são administrativos (o que precisa estar em ordem para o caso começar e terminar sem pendência). Ajuste ao jeito do escritório.

Sheet Checklist
A1: Checklist por caso
A2: Uma linha por caso (copie número, cliente e responsável da planilha 13 · Carteira, aba Casos: a 13 é a fonte). Em cada item marque Sim, Não ou N/A (não se aplica). Vazio conta como pendente. Os itens de encerramento só contam quando a situação é Encerrado.
E3: Abertura | O3: Encerramento
A4: Número | B4: Cliente | C4: Responsável | D4: Situação | E4: =IF(Config!$B$10="","",Config!$B$10) -> Contrato de honorários assinado | F4: =IF(Config!$B$11="","",Config!$B$11) -> Procuração recebida | G4: =IF(Config!$B$12="","",Config!$B$12) -> Documentos do cliente recebidos | H4: =IF(Config!$B$13="","",Config!$B$13) -> Honorário e forma de pagamento definidos | I4: =IF(Config!$B$14="","",Config!$B$14) -> Caso cadastrado no caixa e na carteira | J4: =IF(Config!$B$15="","",Config!$B$15) -> Responsável definido | K4: =IF(Config!$B$16="","",Config!$B$16) -> Primeiro prazo na agenda | L4: =IF(Config!$B$17="","",Config!$B$17) -> Canal de contato combinado com o cliente | M4: =IF(Config!$B$18="","",Config!$B$18) -> Pasta do caso criada (física ou digital) | N4: =IF(Config!$B$19="","",Config!$B$19) | O4: =IF(Config!$D$10="","",Config!$D$10) -> Última parcela cobrada e recebida | P4: =IF(Config!$D$11="","",Config!$D$11) -> Cliente avisado do encerramento | Q4: =IF(Config!$D$12="","",Config!$D$12) -> Documentos devolvidos ao cliente | R4: =IF(Config!$D$13="","",Config!$D$13) -> Pasta arquivada | S4: =IF(Config!$D$14="","",Config!$D$14) -> Caso marcado como encerrado na carteira | T4: =IF(Config!$D$15="","",Config!$D$15) -> Avaliação do cliente pedida | U4: =IF(Config!$D$16="","",Config!$D$16) -> Prazos do caso baixados na agenda | V4: =IF(Config!$D$17="","",Config!$D$17) -> Horas do caso fechadas | W4: =IF(Config!$D$18="","",Config!$D$18) | X4: =IF(Config!$D$19="","",Config!$D$19) | Y4: % abertura | Z4: % encerramento | AA4: Pendências de abertura | AB4: Pendências de encerramento | AC4: Pendências | AD4: O que falta | AE4: Chave | AF4: Auxiliar
A5: CONS-2026-01 | B5: Padaria do Sol Ltda | C5: Marina Ferraz | D5: Em andamento | E5: Sim | F5: N/A | G5: Sim | H5: Sim | I5: Sim | J5: Sim | K5: N/A | L5: Sim | M5: Sim | Y5: =IF(A5="","",IFERROR(COUNTIF(E5:N5,"Sim")/(Config!$B$21-COUNTIF(E5:N5,"N/A")),"")) -> 1 | Z5: =IF(OR(A5="",D5<>"Encerrado"),"",IFERROR(COUNTIF(O5:X5,"Sim")/(Config!$D$21-COUNTIF(O5:X5,"N/A")),"")) | AA5: =IF(A5="","",MAX(0,Config!$B$21-COUNTIF(E5:N5,"Sim")-COUNTIF(E5:N5,"N/A"))) -> 0 | AB5: =IF(OR(A5="",D5<>"Encerrado"),"",MAX(0,Config!$D$21-COUNTIF(O5:X5,"Sim")-COUNTIF(O5:X5,"N/A"))) | AC5: =IF(A5="","",AA5+IF(AB5="",0,AB5)) -> 0 | AD5: =IF(OR(A5="",AF5=""),"",LEFT(AF5,LEN(AF5)-2)) | AE5: =IF(OR(A5="",AC5=0),0,AC5*100-ROW()/100000) -> 0 | AF5: =IF(A5="","",IF(AND(Config!$B$10<>"",E5<>"Sim",E5<>"N/A"),Config!$B$10&"; ","")&IF(AND(Config!$B$11<>"",F5<>"Sim",F5<>"N/A"),Config!$B$11&"; ","")&IF(AND(Config!$B$12<>"",G5<>"Sim",G5<>"N/A"),Config!$B$12&"; ","")&IF(AND(Config!$B$13<>"",H5<>"Sim",H5<>"N/A"),Config!$B$13&"; ","")&IF(AND(Config!$B$14<>"",I5<>"Sim",I5<>"N/A"),Config!$B$14&"; ","")&IF(AND(Config!$B$15<>"",J5<>"Sim",J5<>"N/A"),Config!$B$15&"; ","")&IF(AND(Config!$B$16<>"",K5<>"Sim",K5<>"N/A"),Config!$B$16&"; ","")&IF(AND(Config!$B$17<>"",L5<>"Sim",L5<>"N/A"),Config!$B$17&"; ","")&IF(AND(Config!$B$18<>"",M5<>"Sim",M5<>"N/A"),Config!$B$18&"; ","")&IF(AND(Config!$B$19<>"",N5<>"Sim",N5<>"N/A"),Config!$B$19&"; ","")&IF(AND($D5="Encerrado",Config!$D$10<>"",O5<>"Sim",O5<>"N/A"),Config!$D$10&"; ","")&IF(AND($D5="Encerrado",Config!$D$11<>"",P5<>"Sim",P5<>"N/A"),Config!$D$11&"; ","")&IF(AND($D5="Encerrado",Config!$D$12<>"",Q5<>"Sim",Q5<>"N/A"),Config!$D$12&"; ","")&IF(AND($D5="Encerrado",Config!$D$13<>"",R5<>"Sim",R5<>"N/A"),Config!$D$13&"; ","")&IF(AND($D5="Encerrado",Config!$D$14<>"",S5<>"Sim",S5<>"N/A"),Config!$D$14&"; ","")&IF(AND($D5="Encerrado",Config!$D$15<>"",T5<>"Sim",T5<>"N/A"),Config!$D$15&"; ","")&IF(AND($D5="Encerrado",Config!$D$16<>"",U5<>"Sim",U5<>"N/A"),Config!$D$16&"; ","")&IF(AND($D5="Encerrado",Config!$D$17<>"",V5<>"Sim",V5<>"N/A"),Config!$D$17&"; ","")&IF(AND($D5="Encerrado",Config!$D$18<>"",W5<>"Sim",W5<>"N/A"),Config!$D$18&"; ","")&IF(AND($D5="Encerrado",Config!$D$19<>"",X5<>"Sim",X5<>"N/A"),Config!$D$19&"; ",""))
A6: 2998500-50.2026.8.26.0515 | B6: Ana Beatriz Moreira | C6: Rafael Lima | D6: Em andamento | E6: Não | F6: Sim | G6: Sim | H6: Sim | I6: Sim | J6: Sim | K6: Sim | L6: Sim | M6: Sim | Y6: =IF(A6="","",IFERROR(COUNTIF(E6:N6,"Sim")/(Config!$B$21-COUNTIF(E6:N6,"N/A")),"")) -> 0.88888889 | Z6: =IF(OR(A6="",D6<>"Encerrado"),"",IFERROR(COUNTIF(O6:X6,"Sim")/(Config!$D$21-COUNTIF(O6:X6,"N/A")),"")) | AA6: =IF(A6="","",MAX(0,Config!$B$21-COUNTIF(E6:N6,"Sim")-COUNTIF(E6:N6,"N/A"))) -> 1 | AB6: =IF(OR(A6="",D6<>"Encerrado"),"",MAX(0,Config!$D$21-COUNTIF(O6:X6,"Sim")-COUNTIF(O6:X6,"N/A"))) | AC6: =IF(A6="","",AA6+IF(AB6="",0,AB6)) -> 1 | AD6: =IF(OR(A6="",AF6=""),"",LEFT(AF6,LEN(AF6)-2)) -> Contrato de honorários assinado | AE6: =IF(OR(A6="",AC6=0),0,AC6*100-ROW()/100000) -> 99.99994 | AF6: =IF(A6="","",IF(AND(Config!$B$10<>"",E6<>"Sim",E6<>"N/A"),Config!$B$10&"; ","")&IF(AND(Config!$B$11<>"",F6<>"Sim",F6<>"N/A"),Config!$B$11&"; ","")&IF(AND(Config!$B$12<>"",G6<>"Sim",G6<>"N/A"),Config!$B$12&"; ","")&IF(AND(Config!$B$13<>"",H6<>"Sim",H6<>"N/A"),Config!$B$13&"; ","")&IF(AND(Config!$B$14<>"",I6<>"Sim",I6<>"N/A"),Config!$B$14&"; ","")&IF(AND(Config!$B$15<>"",J6<>"Sim",J6<>"N/A"),Config!$B$15&"; ","")&IF(AND(Config!$B$16<>"",K6<>"Sim",K6<>"N/A"),Config!$B$16&"; ","")&IF(AND(Config!$B$17<>"",L6<>"Sim",L6<>"N/A"),Config!$B$17&"; ","")&IF(AND(Config!$B$18<>"",M6<>"Sim",M6<>"N/A"),Config!$B$18&"; ","")&IF(AND(Config!$B$19<>"",N6<>"Sim",N6<>"N/A"),Config!$B$19&"; ","")&IF(AND($D6="Encerrado",Config!$D$10<>"",O6<>"Sim",O6<>"N/A"),Config!$D$10&"; ","")&IF(AND($D6="Encerrado",Config!$D$11<>"",P6<>"Sim",P6<>"N/A"),Config!$D$11&"; ","")&IF(AND($D6="Encerrado",Config!$D$12<>"",Q6<>"Sim",Q6<>"N/A"),Config!$D$12&"; ","")&IF(AND($D6="Encerrado",Config!$D$13<>"",R6<>"Sim",R6<>"N/A"),Config!$D$13&"; ","")&IF(AND($D6="Encerrado",Config!$D$14<>"",S6<>"Sim",S6<>"N/A"),Config!$D$14&"; ","")&IF(AND($D6="Encerrado",Config!$D$15<>"",T6<>"Sim",T6<>"N/A"),Config!$D$15&"; ","")&IF(AND($D6="Encerrado",Config!$D$16<>"",U6<>"Sim",U6<>"N/A"),Config!$D$16&"; ","")&IF(AND($D6="Encerrado",Config!$D$17<>"",V6<>"Sim",V6<>"N/A"),Config!$D$17&"; ","")&IF(AND($D6="Encerrado",Config!$D$18<>"",W6<>"Sim",W6<>"N/A"),Config!$D$18&"; ","")&IF(AND($D6="Encerrado",Config!$D$19<>"",X6<>"Sim",X6<>"N/A"),Config!$D$19&"; ","")) -> Contrato de honorários assinado;
A7: 9586960-92.2026.8.26.0106 | B7: Construtora Horizonte | C7: Marina Ferraz | D7: Em andamento | E7: Sim | F7: Sim | G7: Sim | H7: Sim | I7: Sim | J7: Sim | K7: Sim | L7: Sim | M7: Sim | Y7: =IF(A7="","",IFERROR(COUNTIF(E7:N7,"Sim")/(Config!$B$21-COUNTIF(E7:N7,"N/A")),"")) -> 1 | Z7: =IF(OR(A7="",D7<>"Encerrado"),"",IFERROR(COUNTIF(O7:X7,"Sim")/(Config!$D$21-COUNTIF(O7:X7,"N/A")),"")) | AA7: =IF(A7="","",MAX(0,Config!$B$21-COUNTIF(E7:N7,"Sim")-COUNTIF(E7:N7,"N/A"))) -> 0 | AB7: =IF(OR(A7="",D7<>"Encerrado"),"",MAX(0,Config!$D$21-COUNTIF(O7:X7,"Sim")-COUNTIF(O7:X7,"N/A"))) | AC7: =IF(A7="","",AA7+IF(AB7="",0,AB7)) -> 0 | AD7: =IF(OR(A7="",AF7=""),"",LEFT(AF7,LEN(AF7)-2)) | AE7: =IF(OR(A7="",AC7=0),0,AC7*100-ROW()/100000) -> 0 | AF7: =IF(A7="","",IF(AND(Config!$B$10<>"",E7<>"Sim",E7<>"N/A"),Config!$B$10&"; ","")&IF(AND(Config!$B$11<>"",F7<>"Sim",F7<>"N/A"),Config!$B$11&"; ","")&IF(AND(Config!$B$12<>"",G7<>"Sim",G7<>"N/A"),Config!$B$12&"; ","")&IF(AND(Config!$B$13<>"",H7<>"Sim",H7<>"N/A"),Config!$B$13&"; ","")&IF(AND(Config!$B$14<>"",I7<>"Sim",I7<>"N/A"),Config!$B$14&"; ","")&IF(AND(Config!$B$15<>"",J7<>"Sim",J7<>"N/A"),Config!$B$15&"; ","")&IF(AND(Config!$B$16<>"",K7<>"Sim",K7<>"N/A"),Config!$B$16&"; ","")&IF(AND(Config!$B$17<>"",L7<>"Sim",L7<>"N/A"),Config!$B$17&"; ","")&IF(AND(Config!$B$18<>"",M7<>"Sim",M7<>"N/A"),Config!$B$18&"; ","")&IF(AND(Config!$B$19<>"",N7<>"Sim",N7<>"N/A"),Config!$B$19&"; ","")&IF(AND($D7="Encerrado",Config!$D$10<>"",O7<>"Sim",O7<>"N/A"),Config!$D$10&"; ","")&IF(AND($D7="Encerrado",Config!$D$11<>"",P7<>"Sim",P7<>"N/A"),Config!$D$11&"; ","")&IF(AND($D7="Encerrado",Config!$D$12<>"",Q7<>"Sim",Q7<>"N/A"),Config!$D$12&"; ","")&IF(AND($D7="Encerrado",Config!$D$13<>"",R7<>"Sim",R7<>"N/A"),Config!$D$13&"; ","")&IF(AND($D7="Encerrado",Config!$D$14<>"",S7<>"Sim",S7<>"N/A"),Config!$D$14&"; ","")&IF(AND($D7="Encerrado",Config!$D$15<>"",T7<>"Sim",T7<>"N/A"),Config!$D$15&"; ","")&IF(AND($D7="Encerrado",Config!$D$16<>"",U7<>"Sim",U7<>"N/A"),Config!$D$16&"; ","")&IF(AND($D7="Encerrado",Config!$D$17<>"",V7<>"Sim",V7<>"N/A"),Config!$D$17&"; ","")&IF(AND($D7="Encerrado",Config!$D$18<>"",W7<>"Sim",W7<>"N/A"),Config!$D$18&"; ","")&IF(AND($D7="Encerrado",Config!$D$19<>"",X7<>"Sim",X7<>"N/A"),Config!$D$19&"; ",""))
A8: 4746093-86.2026.8.26.0637 | B8: Carlos Eduardo Nunes | C8: Rafael Lima | D8: Em andamento | E8: Sim | F8: Sim | G8: Sim | H8: Sim | I8: Sim | J8: Sim | K8: Sim | L8: Sim | M8: Sim | Y8: =IF(A8="","",IFERROR(COUNTIF(E8:N8,"Sim")/(Config!$B$21-COUNTIF(E8:N8,"N/A")),"")) -> 1 | Z8: =IF(OR(A8="",D8<>"Encerrado"),"",IFERROR(COUNTIF(O8:X8,"Sim")/(Config!$D$21-COUNTIF(O8:X8,"N/A")),"")) | AA8: =IF(A8="","",MAX(0,Config!$B$21-COUNTIF(E8:N8,"Sim")-COUNTIF(E8:N8,"N/A"))) -> 0 | AB8: =IF(OR(A8="",D8<>"Encerrado"),"",MAX(0,Config!$D$21-COUNTIF(O8:X8,"Sim")-COUNTIF(O8:X8,"N/A"))) | AC8: =IF(A8="","",AA8+IF(AB8="",0,AB8)) -> 0 | AD8: =IF(OR(A8="",AF8=""),"",LEFT(AF8,LEN(AF8)-2)) | AE8: =IF(OR(A8="",AC8=0),0,AC8*100-ROW()/100000) -> 0 | AF8: =IF(A8="","",IF(AND(Config!$B$10<>"",E8<>"Sim",E8<>"N/A"),Config!$B$10&"; ","")&IF(AND(Config!$B$11<>"",F8<>"Sim",F8<>"N/A"),Config!$B$11&"; ","")&IF(AND(Config!$B$12<>"",G8<>"Sim",G8<>"N/A"),Config!$B$12&"; ","")&IF(AND(Config!$B$13<>"",H8<>"Sim",H8<>"N/A"),Config!$B$13&"; ","")&IF(AND(Config!$B$14<>"",I8<>"Sim",I8<>"N/A"),Config!$B$14&"; ","")&IF(AND(Config!$B$15<>"",J8<>"Sim",J8<>"N/A"),Config!$B$15&"; ","")&IF(AND(Config!$B$16<>"",K8<>"Sim",K8<>"N/A"),Config!$B$16&"; ","")&IF(AND(Config!$B$17<>"",L8<>"Sim",L8<>"N/A"),Config!$B$17&"; ","")&IF(AND(Config!$B$18<>"",M8<>"Sim",M8<>"N/A"),Config!$B$18&"; ","")&IF(AND(Config!$B$19<>"",N8<>"Sim",N8<>"N/A"),Config!$B$19&"; ","")&IF(AND($D8="Encerrado",Config!$D$10<>"",O8<>"Sim",O8<>"N/A"),Config!$D$10&"; ","")&IF(AND($D8="Encerrado",Config!$D$11<>"",P8<>"Sim",P8<>"N/A"),Config!$D$11&"; ","")&IF(AND($D8="Encerrado",Config!$D$12<>"",Q8<>"Sim",Q8<>"N/A"),Config!$D$12&"; ","")&IF(AND($D8="Encerrado",Config!$D$13<>"",R8<>"Sim",R8<>"N/A"),Config!$D$13&"; ","")&IF(AND($D8="Encerrado",Config!$D$14<>"",S8<>"Sim",S8<>"N/A"),Config!$D$14&"; ","")&IF(AND($D8="Encerrado",Config!$D$15<>"",T8<>"Sim",T8<>"N/A"),Config!$D$15&"; ","")&IF(AND($D8="Encerrado",Config!$D$16<>"",U8<>"Sim",U8<>"N/A"),Config!$D$16&"; ","")&IF(AND($D8="Encerrado",Config!$D$17<>"",V8<>"Sim",V8<>"N/A"),Config!$D$17&"; ","")&IF(AND($D8="Encerrado",Config!$D$18<>"",W8<>"Sim",W8<>"N/A"),Config!$D$18&"; ","")&IF(AND($D8="Encerrado",Config!$D$19<>"",X8<>"Sim",X8<>"N/A"),Config!$D$19&"; ",""))
A9: CONS-2026-02 | B9: Loja Verde Comércio | C9: Marina Ferraz | D9: Em andamento | E9: Sim | F9: N/A | G9: Sim | H9: Sim | J9: Sim | K9: N/A | L9: Sim | M9: Sim | Y9: =IF(A9="","",IFERROR(COUNTIF(E9:N9,"Sim")/(Config!$B$21-COUNTIF(E9:N9,"N/A")),"")) -> 0.85714286 | Z9: =IF(OR(A9="",D9<>"Encerrado"),"",IFERROR(COUNTIF(O9:X9,"Sim")/(Config!$D$21-COUNTIF(O9:X9,"N/A")),"")) | AA9: =IF(A9="","",MAX(0,Config!$B$21-COUNTIF(E9:N9,"Sim")-COUNTIF(E9:N9,"N/A"))) -> 1 | AB9: =IF(OR(A9="",D9<>"Encerrado"),"",MAX(0,Config!$D$21-COUNTIF(O9:X9,"Sim")-COUNTIF(O9:X9,"N/A"))) | AC9: =IF(A9="","",AA9+IF(AB9="",0,AB9)) -> 1 | AD9: =IF(OR(A9="",AF9=""),"",LEFT(AF9,LEN(AF9)-2)) -> Caso cadastrado no caixa e na carteira | AE9: =IF(OR(A9="",AC9=0),0,AC9*100-ROW()/100000) -> 99.99991 | AF9: =IF(A9="","",IF(AND(Config!$B$10<>"",E9<>"Sim",E9<>"N/A"),Config!$B$10&"; ","")&IF(AND(Config!$B$11<>"",F9<>"Sim",F9<>"N/A"),Config!$B$11&"; ","")&IF(AND(Config!$B$12<>"",G9<>"Sim",G9<>"N/A"),Config!$B$12&"; ","")&IF(AND(Config!$B$13<>"",H9<>"Sim",H9<>"N/A"),Config!$B$13&"; ","")&IF(AND(Config!$B$14<>"",I9<>"Sim",I9<>"N/A"),Config!$B$14&"; ","")&IF(AND(Config!$B$15<>"",J9<>"Sim",J9<>"N/A"),Config!$B$15&"; ","")&IF(AND(Config!$B$16<>"",K9<>"Sim",K9<>"N/A"),Config!$B$16&"; ","")&IF(AND(Config!$B$17<>"",L9<>"Sim",L9<>"N/A"),Config!$B$17&"; ","")&IF(AND(Config!$B$18<>"",M9<>"Sim",M9<>"N/A"),Config!$B$18&"; ","")&IF(AND(Config!$B$19<>"",N9<>"Sim",N9<>"N/A"),Config!$B$19&"; ","")&IF(AND($D9="Encerrado",Config!$D$10<>"",O9<>"Sim",O9<>"N/A"),Config!$D$10&"; ","")&IF(AND($D9="Encerrado",Config!$D$11<>"",P9<>"Sim",P9<>"N/A"),Config!$D$11&"; ","")&IF(AND($D9="Encerrado",Config!$D$12<>"",Q9<>"Sim",Q9<>"N/A"),Config!$D$12&"; ","")&IF(AND($D9="Encerrado",Config!$D$13<>"",R9<>"Sim",R9<>"N/A"),Config!$D$13&"; ","")&IF(AND($D9="Encerrado",Config!$D$14<>"",S9<>"Sim",S9<>"N/A"),Config!$D$14&"; ","")&IF(AND($D9="Encerrado",Config!$D$15<>"",T9<>"Sim",T9<>"N/A"),Config!$D$15&"; ","")&IF(AND($D9="Encerrado",Config!$D$16<>"",U9<>"Sim",U9<>"N/A"),Config!$D$16&"; ","")&IF(AND($D9="Encerrado",Config!$D$17<>"",V9<>"Sim",V9<>"N/A"),Config!$D$17&"; ","")&IF(AND($D9="Encerrado",Config!$D$18<>"",W9<>"Sim",W9<>"N/A"),Config!$D$18&"; ","")&IF(AND($D9="Encerrado",Config!$D$19<>"",X9<>"Sim",X9<>"N/A"),Config!$D$19&"; ","")) -> Caso cadastrado no caixa e na carteira;
A10: CONS-2026-03 | B10: Marcos Vinícius Teles | C10: Rafael Lima | D10: Em andamento | E10: Sim | F10: N/A | G10: Sim | H10: Sim | I10: Sim | J10: Sim | K10: N/A | L10: Sim | M10: Sim | Y10: =IF(A10="","",IFERROR(COUNTIF(E10:N10,"Sim")/(Config!$B$21-COUNTIF(E10:N10,"N/A")),"")) -> 1 | Z10: =IF(OR(A10="",D10<>"Encerrado"),"",IFERROR(COUNTIF(O10:X10,"Sim")/(Config!$D$21-COUNTIF(O10:X10,"N/A")),"")) | AA10: =IF(A10="","",MAX(0,Config!$B$21-COUNTIF(E10:N10,"Sim")-COUNTIF(E10:N10,"N/A"))) -> 0 | AB10: =IF(OR(A10="",D10<>"Encerrado"),"",MAX(0,Config!$D$21-COUNTIF(O10:X10,"Sim")-COUNTIF(O10:X10,"N/A"))) | AC10: =IF(A10="","",AA10+IF(AB10="",0,AB10)) -> 0 | AD10: =IF(OR(A10="",AF10=""),"",LEFT(AF10,LEN(AF10)-2)) | AE10: =IF(OR(A10="",AC10=0),0,AC10*100-ROW()/100000) -> 0 | AF10: =IF(A10="","",IF(AND(Config!$B$10<>"",E10<>"Sim",E10<>"N/A"),Config!$B$10&"; ","")&IF(AND(Config!$B$11<>"",F10<>"Sim",F10<>"N/A"),Config!$B$11&"; ","")&IF(AND(Config!$B$12<>"",G10<>"Sim",G10<>"N/A"),Config!$B$12&"; ","")&IF(AND(Config!$B$13<>"",H10<>"Sim",H10<>"N/A"),Config!$B$13&"; ","")&IF(AND(Config!$B$14<>"",I10<>"Sim",I10<>"N/A"),Config!$B$14&"; ","")&IF(AND(Config!$B$15<>"",J10<>"Sim",J10<>"N/A"),Config!$B$15&"; ","")&IF(AND(Config!$B$16<>"",K10<>"Sim",K10<>"N/A"),Config!$B$16&"; ","")&IF(AND(Config!$B$17<>"",L10<>"Sim",L10<>"N/A"),Config!$B$17&"; ","")&IF(AND(Config!$B$18<>"",M10<>"Sim",M10<>"N/A"),Config!$B$18&"; ","")&IF(AND(Config!$B$19<>"",N10<>"Sim",N10<>"N/A"),Config!$B$19&"; ","")&IF(AND($D10="Encerrado",Config!$D$10<>"",O10<>"Sim",O10<>"N/A"),Config!$D$10&"; ","")&IF(AND($D10="Encerrado",Config!$D$11<>"",P10<>"Sim",P10<>"N/A"),Config!$D$11&"; ","")&IF(AND($D10="Encerrado",Config!$D$12<>"",Q10<>"Sim",Q10<>"N/A"),Config!$D$12&"; ","")&IF(AND($D10="Encerrado",Config!$D$13<>"",R10<>"Sim",R10<>"N/A"),Config!$D$13&"; ","")&IF(AND($D10="Encerrado",Config!$D$14<>"",S10<>"Sim",S10<>"N/A"),Config!$D$14&"; ","")&IF(AND($D10="Encerrado",Config!$D$15<>"",T10<>"Sim",T10<>"N/A"),Config!$D$15&"; ","")&IF(AND($D10="Encerrado",Config!$D$16<>"",U10<>"Sim",U10<>"N/A"),Config!$D$16&"; ","")&IF(AND($D10="Encerrado",Config!$D$17<>"",V10<>"Sim",V10<>"N/A"),Config!$D$17&"; ","")&IF(AND($D10="Encerrado",Config!$D$18<>"",W10<>"Sim",W10<>"N/A"),Config!$D$18&"; ","")&IF(AND($D10="Encerrado",Config!$D$19<>"",X10<>"Sim",X10<>"N/A"),Config!$D$19&"; ",""))
A11: CONS-2026-04 | B11: Escola Aurora | C11: Marina Ferraz | D11: Em andamento | E11: Sim | F11: N/A | G11: Sim | H11: Sim | I11: Sim | J11: Sim | K11: N/A | L11: Sim | M11: Sim | Y11: =IF(A11="","",IFERROR(COUNTIF(E11:N11,"Sim")/(Config!$B$21-COUNTIF(E11:N11,"N/A")),"")) -> 1 | Z11: =IF(OR(A11="",D11<>"Encerrado"),"",IFERROR(COUNTIF(O11:X11,"Sim")/(Config!$D$21-COUNTIF(O11:X11,"N/A")),"")) | AA11: =IF(A11="","",MAX(0,Config!$B$21-COUNTIF(E11:N11,"Sim")-COUNTIF(E11:N11,"N/A"))) -> 0 | AB11: =IF(OR(A11="",D11<>"Encerrado"),"",MAX(0,Config!$D$21-COUNTIF(O11:X11,"Sim")-COUNTIF(O11:X11,"N/A"))) | AC11: =IF(A11="","",AA11+IF(AB11="",0,AB11)) -> 0 | AD11: =IF(OR(A11="",AF11=""),"",LEFT(AF11,LEN(AF11)-2)) | AE11: =IF(OR(A11="",AC11=0),0,AC11*100-ROW()/100000) -> 0 | AF11: =IF(A11="","",IF(AND(Config!$B$10<>"",E11<>"Sim",E11<>"N/A"),Config!$B$10&"; ","")&IF(AND(Config!$B$11<>"",F11<>"Sim",F11<>"N/A"),Config!$B$11&"; ","")&IF(AND(Config!$B$12<>"",G11<>"Sim",G11<>"N/A"),Config!$B$12&"; ","")&IF(AND(Config!$B$13<>"",H11<>"Sim",H11<>"N/A"),Config!$B$13&"; ","")&IF(AND(Config!$B$14<>"",I11<>"Sim",I11<>"N/A"),Config!$B$14&"; ","")&IF(AND(Config!$B$15<>"",J11<>"Sim",J11<>"N/A"),Config!$B$15&"; ","")&IF(AND(Config!$B$16<>"",K11<>"Sim",K11<>"N/A"),Config!$B$16&"; ","")&IF(AND(Config!$B$17<>"",L11<>"Sim",L11<>"N/A"),Config!$B$17&"; ","")&IF(AND(Config!$B$18<>"",M11<>"Sim",M11<>"N/A"),Config!$B$18&"; ","")&IF(AND(Config!$B$19<>"",N11<>"Sim",N11<>"N/A"),Config!$B$19&"; ","")&IF(AND($D11="Encerrado",Config!$D$10<>"",O11<>"Sim",O11<>"N/A"),Config!$D$10&"; ","")&IF(AND($D11="Encerrado",Config!$D$11<>"",P11<>"Sim",P11<>"N/A"),Config!$D$11&"; ","")&IF(AND($D11="Encerrado",Config!$D$12<>"",Q11<>"Sim",Q11<>"N/A"),Config!$D$12&"; ","")&IF(AND($D11="Encerrado",Config!$D$13<>"",R11<>"Sim",R11<>"N/A"),Config!$D$13&"; ","")&IF(AND($D11="Encerrado",Config!$D$14<>"",S11<>"Sim",S11<>"N/A"),Config!$D$14&"; ","")&IF(AND($D11="Encerrado",Config!$D$15<>"",T11<>"Sim",T11<>"N/A"),Config!$D$15&"; ","")&IF(AND($D11="Encerrado",Config!$D$16<>"",U11<>"Sim",U11<>"N/A"),Config!$D$16&"; ","")&IF(AND($D11="Encerrado",Config!$D$17<>"",V11<>"Sim",V11<>"N/A"),Config!$D$17&"; ","")&IF(AND($D11="Encerrado",Config!$D$18<>"",W11<>"Sim",W11<>"N/A"),Config!$D$18&"; ","")&IF(AND($D11="Encerrado",Config!$D$19<>"",X11<>"Sim",X11<>"N/A"),Config!$D$19&"; ",""))
A12: 8056747-83.2026.8.26.0561 | B12: Bistrô 42 | C12: Rafael Lima | D12: Em andamento | E12: Sim | F12: Sim | G12: Sim | H12: Sim | I12: Sim | J12: Sim | K12: Sim | L12: Sim | M12: Sim | Y12: =IF(A12="","",IFERROR(COUNTIF(E12:N12,"Sim")/(Config!$B$21-COUNTIF(E12:N12,"N/A")),"")) -> 1 | Z12: =IF(OR(A12="",D12<>"Encerrado"),"",IFERROR(COUNTIF(O12:X12,"Sim")/(Config!$D$21-COUNTIF(O12:X12,"N/A")),"")) | AA12: =IF(A12="","",MAX(0,Config!$B$21-COUNTIF(E12:N12,"Sim")-COUNTIF(E12:N12,"N/A"))) -> 0 | AB12: =IF(OR(A12="",D12<>"Encerrado"),"",MAX(0,Config!$D$21-COUNTIF(O12:X12,"Sim")-COUNTIF(O12:X12,"N/A"))) | AC12: =IF(A12="","",AA12+IF(AB12="",0,AB12)) -> 0 | AD12: =IF(OR(A12="",AF12=""),"",LEFT(AF12,LEN(AF12)-2)) | AE12: =IF(OR(A12="",AC12=0),0,AC12*100-ROW()/100000) -> 0 | AF12: =IF(A12="","",IF(AND(Config!$B$10<>"",E12<>"Sim",E12<>"N/A"),Config!$B$10&"; ","")&IF(AND(Config!$B$11<>"",F12<>"Sim",F12<>"N/A"),Config!$B$11&"; ","")&IF(AND(Config!$B$12<>"",G12<>"Sim",G12<>"N/A"),Config!$B$12&"; ","")&IF(AND(Config!$B$13<>"",H12<>"Sim",H12<>"N/A"),Config!$B$13&"; ","")&IF(AND(Config!$B$14<>"",I12<>"Sim",I12<>"N/A"),Config!$B$14&"; ","")&IF(AND(Config!$B$15<>"",J12<>"Sim",J12<>"N/A"),Config!$B$15&"; ","")&IF(AND(Config!$B$16<>"",K12<>"Sim",K12<>"N/A"),Config!$B$16&"; ","")&IF(AND(Config!$B$17<>"",L12<>"Sim",L12<>"N/A"),Config!$B$17&"; ","")&IF(AND(Config!$B$18<>"",M12<>"Sim",M12<>"N/A"),Config!$B$18&"; ","")&IF(AND(Config!$B$19<>"",N12<>"Sim",N12<>"N/A"),Config!$B$19&"; ","")&IF(AND($D12="Encerrado",Config!$D$10<>"",O12<>"Sim",O12<>"N/A"),Config!$D$10&"; ","")&IF(AND($D12="Encerrado",Config!$D$11<>"",P12<>"Sim",P12<>"N/A"),Config!$D$11&"; ","")&IF(AND($D12="Encerrado",Config!$D$12<>"",Q12<>"Sim",Q12<>"N/A"),Config!$D$12&"; ","")&IF(AND($D12="Encerrado",Config!$D$13<>"",R12<>"Sim",R12<>"N/A"),Config!$D$13&"; ","")&IF(AND($D12="Encerrado",Config!$D$14<>"",S12<>"Sim",S12<>"N/A"),Config!$D$14&"; ","")&IF(AND($D12="Encerrado",Config!$D$15<>"",T12<>"Sim",T12<>"N/A"),Config!$D$15&"; ","")&IF(AND($D12="Encerrado",Config!$D$16<>"",U12<>"Sim",U12<>"N/A"),Config!$D$16&"; ","")&IF(AND($D12="Encerrado",Config!$D$17<>"",V12<>"Sim",V12<>"N/A"),Config!$D$17&"; ","")&IF(AND($D12="Encerrado",Config!$D$18<>"",W12<>"Sim",W12<>"N/A"),Config!$D$18&"; ","")&IF(AND($D12="Encerrado",Config!$D$19<>"",X12<>"Sim",X12<>"N/A"),Config!$D$19&"; ",""))
A13: 9236009-85.2025.8.26.0452 | B13: Bistrô 42 | C13: Rafael Lima | D13: Em andamento | E13: Sim | F13: Sim | G13: Sim | H13: Sim | I13: Sim | J13: Sim | K13: Sim | L13: Sim | M13: Sim | Y13: =IF(A13="","",IFERROR(COUNTIF(E13:N13,"Sim")/(Config!$B$21-COUNTIF(E13:N13,"N/A")),"")) -> 1 | Z13: =IF(OR(A13="",D13<>"Encerrado"),"",IFERROR(COUNTIF(O13:X13,"Sim")/(Config!$D$21-COUNTIF(O13:X13,"N/A")),"")) | AA13: =IF(A13="","",MAX(0,Config!$B$21-COUNTIF(E13:N13,"Sim")-COUNTIF(E13:N13,"N/A"))) -> 0 | AB13: =IF(OR(A13="",D13<>"Encerrado"),"",MAX(0,Config!$D$21-COUNTIF(O13:X13,"Sim")-COUNTIF(O13:X13,"N/A"))) | AC13: =IF(A13="","",AA13+IF(AB13="",0,AB13)) -> 0 | AD13: =IF(OR(A13="",AF13=""),"",LEFT(AF13,LEN(AF13)-2)) | AE13: =IF(OR(A13="",AC13=0),0,AC13*100-ROW()/100000) -> 0 | AF13: =IF(A13="","",IF(AND(Config!$B$10<>"",E13<>"Sim",E13<>"N/A"),Config!$B$10&"; ","")&IF(AND(Config!$B$11<>"",F13<>"Sim",F13<>"N/A"),Config!$B$11&"; ","")&IF(AND(Config!$B$12<>"",G13<>"Sim",G13<>"N/A"),Config!$B$12&"; ","")&IF(AND(Config!$B$13<>"",H13<>"Sim",H13<>"N/A"),Config!$B$13&"; ","")&IF(AND(Config!$B$14<>"",I13<>"Sim",I13<>"N/A"),Config!$B$14&"; ","")&IF(AND(Config!$B$15<>"",J13<>"Sim",J13<>"N/A"),Config!$B$15&"; ","")&IF(AND(Config!$B$16<>"",K13<>"Sim",K13<>"N/A"),Config!$B$16&"; ","")&IF(AND(Config!$B$17<>"",L13<>"Sim",L13<>"N/A"),Config!$B$17&"; ","")&IF(AND(Config!$B$18<>"",M13<>"Sim",M13<>"N/A"),Config!$B$18&"; ","")&IF(AND(Config!$B$19<>"",N13<>"Sim",N13<>"N/A"),Config!$B$19&"; ","")&IF(AND($D13="Encerrado",Config!$D$10<>"",O13<>"Sim",O13<>"N/A"),Config!$D$10&"; ","")&IF(AND($D13="Encerrado",Config!$D$11<>"",P13<>"Sim",P13<>"N/A"),Config!$D$11&"; ","")&IF(AND($D13="Encerrado",Config!$D$12<>"",Q13<>"Sim",Q13<>"N/A"),Config!$D$12&"; ","")&IF(AND($D13="Encerrado",Config!$D$13<>"",R13<>"Sim",R13<>"N/A"),Config!$D$13&"; ","")&IF(AND($D13="Encerrado",Config!$D$14<>"",S13<>"Sim",S13<>"N/A"),Config!$D$14&"; ","")&IF(AND($D13="Encerrado",Config!$D$15<>"",T13<>"Sim",T13<>"N/A"),Config!$D$15&"; ","")&IF(AND($D13="Encerrado",Config!$D$16<>"",U13<>"Sim",U13<>"N/A"),Config!$D$16&"; ","")&IF(AND($D13="Encerrado",Config!$D$17<>"",V13<>"Sim",V13<>"N/A"),Config!$D$17&"; ","")&IF(AND($D13="Encerrado",Config!$D$18<>"",W13<>"Sim",W13<>"N/A"),Config!$D$18&"; ","")&IF(AND($D13="Encerrado",Config!$D$19<>"",X13<>"Sim",X13<>"N/A"),Config!$D$19&"; ",""))
A14: 5025425-10.2025.8.26.0629 | B14: Roberto Almeida | C14: Marina Ferraz | D14: Em andamento | E14: Sim | F14: Sim | G14: Sim | H14: Sim | I14: Sim | J14: Sim | K14: Sim | L14: Sim | M14: Sim | Y14: =IF(A14="","",IFERROR(COUNTIF(E14:N14,"Sim")/(Config!$B$21-COUNTIF(E14:N14,"N/A")),"")) -> 1 | Z14: =IF(OR(A14="",D14<>"Encerrado"),"",IFERROR(COUNTIF(O14:X14,"Sim")/(Config!$D$21-COUNTIF(O14:X14,"N/A")),"")) | AA14: =IF(A14="","",MAX(0,Config!$B$21-COUNTIF(E14:N14,"Sim")-COUNTIF(E14:N14,"N/A"))) -> 0 | AB14: =IF(OR(A14="",D14<>"Encerrado"),"",MAX(0,Config!$D$21-COUNTIF(O14:X14,"Sim")-COUNTIF(O14:X14,"N/A"))) | AC14: =IF(A14="","",AA14+IF(AB14="",0,AB14)) -> 0 | AD14: =IF(OR(A14="",AF14=""),"",LEFT(AF14,LEN(AF14)-2)) | AE14: =IF(OR(A14="",AC14=0),0,AC14*100-ROW()/100000) -> 0 | AF14: =IF(A14="","",IF(AND(Config!$B$10<>"",E14<>"Sim",E14<>"N/A"),Config!$B$10&"; ","")&IF(AND(Config!$B$11<>"",F14<>"Sim",F14<>"N/A"),Config!$B$11&"; ","")&IF(AND(Config!$B$12<>"",G14<>"Sim",G14<>"N/A"),Config!$B$12&"; ","")&IF(AND(Config!$B$13<>"",H14<>"Sim",H14<>"N/A"),Config!$B$13&"; ","")&IF(AND(Config!$B$14<>"",I14<>"Sim",I14<>"N/A"),Config!$B$14&"; ","")&IF(AND(Config!$B$15<>"",J14<>"Sim",J14<>"N/A"),Config!$B$15&"; ","")&IF(AND(Config!$B$16<>"",K14<>"Sim",K14<>"N/A"),Config!$B$16&"; ","")&IF(AND(Config!$B$17<>"",L14<>"Sim",L14<>"N/A"),Config!$B$17&"; ","")&IF(AND(Config!$B$18<>"",M14<>"Sim",M14<>"N/A"),Config!$B$18&"; ","")&IF(AND(Config!$B$19<>"",N14<>"Sim",N14<>"N/A"),Config!$B$19&"; ","")&IF(AND($D14="Encerrado",Config!$D$10<>"",O14<>"Sim",O14<>"N/A"),Config!$D$10&"; ","")&IF(AND($D14="Encerrado",Config!$D$11<>"",P14<>"Sim",P14<>"N/A"),Config!$D$11&"; ","")&IF(AND($D14="Encerrado",Config!$D$12<>"",Q14<>"Sim",Q14<>"N/A"),Config!$D$12&"; ","")&IF(AND($D14="Encerrado",Config!$D$13<>"",R14<>"Sim",R14<>"N/A"),Config!$D$13&"; ","")&IF(AND($D14="Encerrado",Config!$D$14<>"",S14<>"Sim",S14<>"N/A"),Config!$D$14&"; ","")&IF(AND($D14="Encerrado",Config!$D$15<>"",T14<>"Sim",T14<>"N/A"),Config!$D$15&"; ","")&IF(AND($D14="Encerrado",Config!$D$16<>"",U14<>"Sim",U14<>"N/A"),Config!$D$16&"; ","")&IF(AND($D14="Encerrado",Config!$D$17<>"",V14<>"Sim",V14<>"N/A"),Config!$D$17&"; ","")&IF(AND($D14="Encerrado",Config!$D$18<>"",W14<>"Sim",W14<>"N/A"),Config!$D$18&"; ","")&IF(AND($D14="Encerrado",Config!$D$19<>"",X14<>"Sim",X14<>"N/A"),Config!$D$19&"; ",""))
A15: 2354318-24.2026.8.26.0295 | B15: Roberto Almeida | C15: Marina Ferraz | D15: Em andamento | E15: Sim | F15: Sim | G15: Sim | H15: Sim | I15: Sim | J15: Sim | K15: Sim | L15: Sim | M15: Sim | Y15: =IF(A15="","",IFERROR(COUNTIF(E15:N15,"Sim")/(Config!$B$21-COUNTIF(E15:N15,"N/A")),"")) -> 1 | Z15: =IF(OR(A15="",D15<>"Encerrado"),"",IFERROR(COUNTIF(O15:X15,"Sim")/(Config!$D$21-COUNTIF(O15:X15,"N/A")),"")) | AA15: =IF(A15="","",MAX(0,Config!$B$21-COUNTIF(E15:N15,"Sim")-COUNTIF(E15:N15,"N/A"))) -> 0 | AB15: =IF(OR(A15="",D15<>"Encerrado"),"",MAX(0,Config!$D$21-COUNTIF(O15:X15,"Sim")-COUNTIF(O15:X15,"N/A"))) | AC15: =IF(A15="","",AA15+IF(AB15="",0,AB15)) -> 0 | AD15: =IF(OR(A15="",AF15=""),"",LEFT(AF15,LEN(AF15)-2)) | AE15: =IF(OR(A15="",AC15=0),0,AC15*100-ROW()/100000) -> 0 | AF15: =IF(A15="","",IF(AND(Config!$B$10<>"",E15<>"Sim",E15<>"N/A"),Config!$B$10&"; ","")&IF(AND(Config!$B$11<>"",F15<>"Sim",F15<>"N/A"),Config!$B$11&"; ","")&IF(AND(Config!$B$12<>"",G15<>"Sim",G15<>"N/A"),Config!$B$12&"; ","")&IF(AND(Config!$B$13<>"",H15<>"Sim",H15<>"N/A"),Config!$B$13&"; ","")&IF(AND(Config!$B$14<>"",I15<>"Sim",I15<>"N/A"),Config!$B$14&"; ","")&IF(AND(Config!$B$15<>"",J15<>"Sim",J15<>"N/A"),Config!$B$15&"; ","")&IF(AND(Config!$B$16<>"",K15<>"Sim",K15<>"N/A"),Config!$B$16&"; ","")&IF(AND(Config!$B$17<>"",L15<>"Sim",L15<>"N/A"),Config!$B$17&"; ","")&IF(AND(Config!$B$18<>"",M15<>"Sim",M15<>"N/A"),Config!$B$18&"; ","")&IF(AND(Config!$B$19<>"",N15<>"Sim",N15<>"N/A"),Config!$B$19&"; ","")&IF(AND($D15="Encerrado",Config!$D$10<>"",O15<>"Sim",O15<>"N/A"),Config!$D$10&"; ","")&IF(AND($D15="Encerrado",Config!$D$11<>"",P15<>"Sim",P15<>"N/A"),Config!$D$11&"; ","")&IF(AND($D15="Encerrado",Config!$D$12<>"",Q15<>"Sim",Q15<>"N/A"),Config!$D$12&"; ","")&IF(AND($D15="Encerrado",Config!$D$13<>"",R15<>"Sim",R15<>"N/A"),Config!$D$13&"; ","")&IF(AND($D15="Encerrado",Config!$D$14<>"",S15<>"Sim",S15<>"N/A"),Config!$D$14&"; ","")&IF(AND($D15="Encerrado",Config!$D$15<>"",T15<>"Sim",T15<>"N/A"),Config!$D$15&"; ","")&IF(AND($D15="Encerrado",Config!$D$16<>"",U15<>"Sim",U15<>"N/A"),Config!$D$16&"; ","")&IF(AND($D15="Encerrado",Config!$D$17<>"",V15<>"Sim",V15<>"N/A"),Config!$D$17&"; ","")&IF(AND($D15="Encerrado",Config!$D$18<>"",W15<>"Sim",W15<>"N/A"),Config!$D$18&"; ","")&IF(AND($D15="Encerrado",Config!$D$19<>"",X15<>"Sim",X15<>"N/A"),Config!$D$19&"; ",""))
A16: CONS-2025-05 | B16: Clínica Bem-Estar | C16: Marina Ferraz | D16: Em andamento | E16: Sim | F16: N/A | G16: Sim | H16: Sim | I16: Sim | J16: Sim | K16: N/A | L16: Sim | M16: Sim | Y16: =IF(A16="","",IFERROR(COUNTIF(E16:N16,"Sim")/(Config!$B$21-COUNTIF(E16:N16,"N/A")),"")) -> 1 | Z16: =IF(OR(A16="",D16<>"Encerrado"),"",IFERROR(COUNTIF(O16:X16,"Sim")/(Config!$D$21-COUNTIF(O16:X16,"N/A")),"")) | AA16: =IF(A16="","",MAX(0,Config!$B$21-COUNTIF(E16:N16,"Sim")-COUNTIF(E16:N16,"N/A"))) -> 0 | AB16: =IF(OR(A16="",D16<>"Encerrado"),"",MAX(0,Config!$D$21-COUNTIF(O16:X16,"Sim")-COUNTIF(O16:X16,"N/A"))) | AC16: =IF(A16="","",AA16+IF(AB16="",0,AB16)) -> 0 | AD16: =IF(OR(A16="",AF16=""),"",LEFT(AF16,LEN(AF16)-2)) | AE16: =IF(OR(A16="",AC16=0),0,AC16*100-ROW()/100000) -> 0 | AF16: =IF(A16="","",IF(AND(Config!$B$10<>"",E16<>"Sim",E16<>"N/A"),Config!$B$10&"; ","")&IF(AND(Config!$B$11<>"",F16<>"Sim",F16<>"N/A"),Config!$B$11&"; ","")&IF(AND(Config!$B$12<>"",G16<>"Sim",G16<>"N/A"),Config!$B$12&"; ","")&IF(AND(Config!$B$13<>"",H16<>"Sim",H16<>"N/A"),Config!$B$13&"; ","")&IF(AND(Config!$B$14<>"",I16<>"Sim",I16<>"N/A"),Config!$B$14&"; ","")&IF(AND(Config!$B$15<>"",J16<>"Sim",J16<>"N/A"),Config!$B$15&"; ","")&IF(AND(Config!$B$16<>"",K16<>"Sim",K16<>"N/A"),Config!$B$16&"; ","")&IF(AND(Config!$B$17<>"",L16<>"Sim",L16<>"N/A"),Config!$B$17&"; ","")&IF(AND(Config!$B$18<>"",M16<>"Sim",M16<>"N/A"),Config!$B$18&"; ","")&IF(AND(Config!$B$19<>"",N16<>"Sim",N16<>"N/A"),Config!$B$19&"; ","")&IF(AND($D16="Encerrado",Config!$D$10<>"",O16<>"Sim",O16<>"N/A"),Config!$D$10&"; ","")&IF(AND($D16="Encerrado",Config!$D$11<>"",P16<>"Sim",P16<>"N/A"),Config!$D$11&"; ","")&IF(AND($D16="Encerrado",Config!$D$12<>"",Q16<>"Sim",Q16<>"N/A"),Config!$D$12&"; ","")&IF(AND($D16="Encerrado",Config!$D$13<>"",R16<>"Sim",R16<>"N/A"),Config!$D$13&"; ","")&IF(AND($D16="Encerrado",Config!$D$14<>"",S16<>"Sim",S16<>"N/A"),Config!$D$14&"; ","")&IF(AND($D16="Encerrado",Config!$D$15<>"",T16<>"Sim",T16<>"N/A"),Config!$D$15&"; ","")&IF(AND($D16="Encerrado",Config!$D$16<>"",U16<>"Sim",U16<>"N/A"),Config!$D$16&"; ","")&IF(AND($D16="Encerrado",Config!$D$17<>"",V16<>"Sim",V16<>"N/A"),Config!$D$17&"; ","")&IF(AND($D16="Encerrado",Config!$D$18<>"",W16<>"Sim",W16<>"N/A"),Config!$D$18&"; ","")&IF(AND($D16="Encerrado",Config!$D$19<>"",X16<>"Sim",X16<>"N/A"),Config!$D$19&"; ",""))
A17: 2645033-67.2026.8.26.0012 | B17: Clínica Bem-Estar | C17: Marina Ferraz | D17: Em andamento | E17: Sim | F17: Sim | G17: Sim | H17: Sim | I17: Sim | J17: Sim | K17: Sim | L17: Sim | M17: Sim | Y17: =IF(A17="","",IFERROR(COUNTIF(E17:N17,"Sim")/(Config!$B$21-COUNTIF(E17:N17,"N/A")),"")) -> 1 | Z17: =IF(OR(A17="",D17<>"Encerrado"),"",IFERROR(COUNTIF(O17:X17,"Sim")/(Config!$D$21-COUNTIF(O17:X17,"N/A")),"")) | AA17: =IF(A17="","",MAX(0,Config!$B$21-COUNTIF(E17:N17,"Sim")-COUNTIF(E17:N17,"N/A"))) -> 0 | AB17: =IF(OR(A17="",D17<>"Encerrado"),"",MAX(0,Config!$D$21-COUNTIF(O17:X17,"Sim")-COUNTIF(O17:X17,"N/A"))) | AC17: =IF(A17="","",AA17+IF(AB17="",0,AB17)) -> 0 | AD17: =IF(OR(A17="",AF17=""),"",LEFT(AF17,LEN(AF17)-2)) | AE17: =IF(OR(A17="",AC17=0),0,AC17*100-ROW()/100000) -> 0 | AF17: =IF(A17="","",IF(AND(Config!$B$10<>"",E17<>"Sim",E17<>"N/A"),Config!$B$10&"; ","")&IF(AND(Config!$B$11<>"",F17<>"Sim",F17<>"N/A"),Config!$B$11&"; ","")&IF(AND(Config!$B$12<>"",G17<>"Sim",G17<>"N/A"),Config!$B$12&"; ","")&IF(AND(Config!$B$13<>"",H17<>"Sim",H17<>"N/A"),Config!$B$13&"; ","")&IF(AND(Config!$B$14<>"",I17<>"Sim",I17<>"N/A"),Config!$B$14&"; ","")&IF(AND(Config!$B$15<>"",J17<>"Sim",J17<>"N/A"),Config!$B$15&"; ","")&IF(AND(Config!$B$16<>"",K17<>"Sim",K17<>"N/A"),Config!$B$16&"; ","")&IF(AND(Config!$B$17<>"",L17<>"Sim",L17<>"N/A"),Config!$B$17&"; ","")&IF(AND(Config!$B$18<>"",M17<>"Sim",M17<>"N/A"),Config!$B$18&"; ","")&IF(AND(Config!$B$19<>"",N17<>"Sim",N17<>"N/A"),Config!$B$19&"; ","")&IF(AND($D17="Encerrado",Config!$D$10<>"",O17<>"Sim",O17<>"N/A"),Config!$D$10&"; ","")&IF(AND($D17="Encerrado",Config!$D$11<>"",P17<>"Sim",P17<>"N/A"),Config!$D$11&"; ","")&IF(AND($D17="Encerrado",Config!$D$12<>"",Q17<>"Sim",Q17<>"N/A"),Config!$D$12&"; ","")&IF(AND($D17="Encerrado",Config!$D$13<>"",R17<>"Sim",R17<>"N/A"),Config!$D$13&"; ","")&IF(AND($D17="Encerrado",Config!$D$14<>"",S17<>"Sim",S17<>"N/A"),Config!$D$14&"; ","")&IF(AND($D17="Encerrado",Config!$D$15<>"",T17<>"Sim",T17<>"N/A"),Config!$D$15&"; ","")&IF(AND($D17="Encerrado",Config!$D$16<>"",U17<>"Sim",U17<>"N/A"),Config!$D$16&"; ","")&IF(AND($D17="Encerrado",Config!$D$17<>"",V17<>"Sim",V17<>"N/A"),Config!$D$17&"; ","")&IF(AND($D17="Encerrado",Config!$D$18<>"",W17<>"Sim",W17<>"N/A"),Config!$D$18&"; ","")&IF(AND($D17="Encerrado",Config!$D$19<>"",X17<>"Sim",X17<>"N/A"),Config!$D$19&"; ",""))
A18: 9225646-96.2025.8.26.0322 | B18: Transportadora Rota Sul | C18: Rafael Lima | D18: Em andamento | E18: Sim | F18: Sim | G18: Sim | H18: Sim | I18: Sim | J18: Sim | K18: Sim | L18: Sim | M18: Sim | Y18: =IF(A18="","",IFERROR(COUNTIF(E18:N18,"Sim")/(Config!$B$21-COUNTIF(E18:N18,"N/A")),"")) -> 1 | Z18: =IF(OR(A18="",D18<>"Encerrado"),"",IFERROR(COUNTIF(O18:X18,"Sim")/(Config!$D$21-COUNTIF(O18:X18,"N/A")),"")) | AA18: =IF(A18="","",MAX(0,Config!$B$21-COUNTIF(E18:N18,"Sim")-COUNTIF(E18:N18,"N/A"))) -> 0 | AB18: =IF(OR(A18="",D18<>"Encerrado"),"",MAX(0,Config!$D$21-COUNTIF(O18:X18,"Sim")-COUNTIF(O18:X18,"N/A"))) | AC18: =IF(A18="","",AA18+IF(AB18="",0,AB18)) -> 0 | AD18: =IF(OR(A18="",AF18=""),"",LEFT(AF18,LEN(AF18)-2)) | AE18: =IF(OR(A18="",AC18=0),0,AC18*100-ROW()/100000) -> 0 | AF18: =IF(A18="","",IF(AND(Config!$B$10<>"",E18<>"Sim",E18<>"N/A"),Config!$B$10&"; ","")&IF(AND(Config!$B$11<>"",F18<>"Sim",F18<>"N/A"),Config!$B$11&"; ","")&IF(AND(Config!$B$12<>"",G18<>"Sim",G18<>"N/A"),Config!$B$12&"; ","")&IF(AND(Config!$B$13<>"",H18<>"Sim",H18<>"N/A"),Config!$B$13&"; ","")&IF(AND(Config!$B$14<>"",I18<>"Sim",I18<>"N/A"),Config!$B$14&"; ","")&IF(AND(Config!$B$15<>"",J18<>"Sim",J18<>"N/A"),Config!$B$15&"; ","")&IF(AND(Config!$B$16<>"",K18<>"Sim",K18<>"N/A"),Config!$B$16&"; ","")&IF(AND(Config!$B$17<>"",L18<>"Sim",L18<>"N/A"),Config!$B$17&"; ","")&IF(AND(Config!$B$18<>"",M18<>"Sim",M18<>"N/A"),Config!$B$18&"; ","")&IF(AND(Config!$B$19<>"",N18<>"Sim",N18<>"N/A"),Config!$B$19&"; ","")&IF(AND($D18="Encerrado",Config!$D$10<>"",O18<>"Sim",O18<>"N/A"),Config!$D$10&"; ","")&IF(AND($D18="Encerrado",Config!$D$11<>"",P18<>"Sim",P18<>"N/A"),Config!$D$11&"; ","")&IF(AND($D18="Encerrado",Config!$D$12<>"",Q18<>"Sim",Q18<>"N/A"),Config!$D$12&"; ","")&IF(AND($D18="Encerrado",Config!$D$13<>"",R18<>"Sim",R18<>"N/A"),Config!$D$13&"; ","")&IF(AND($D18="Encerrado",Config!$D$14<>"",S18<>"Sim",S18<>"N/A"),Config!$D$14&"; ","")&IF(AND($D18="Encerrado",Config!$D$15<>"",T18<>"Sim",T18<>"N/A"),Config!$D$15&"; ","")&IF(AND($D18="Encerrado",Config!$D$16<>"",U18<>"Sim",U18<>"N/A"),Config!$D$16&"; ","")&IF(AND($D18="Encerrado",Config!$D$17<>"",V18<>"Sim",V18<>"N/A"),Config!$D$17&"; ","")&IF(AND($D18="Encerrado",Config!$D$18<>"",W18<>"Sim",W18<>"N/A"),Config!$D$18&"; ","")&IF(AND($D18="Encerrado",Config!$D$19<>"",X18<>"Sim",X18<>"N/A"),Config!$D$19&"; ",""))
A19: 4526984-60.2026.8.26.0258 | B19: Transportadora Rota Sul | C19: Rafael Lima | D19: Em andamento | E19: Sim | F19: Sim | G19: Sim | H19: Sim | I19: Não | J19: Sim | K19: Sim | L19: Sim | M19: Sim | Y19: =IF(A19="","",IFERROR(COUNTIF(E19:N19,"Sim")/(Config!$B$21-COUNTIF(E19:N19,"N/A")),"")) -> 0.88888889 | Z19: =IF(OR(A19="",D19<>"Encerrado"),"",IFERROR(COUNTIF(O19:X19,"Sim")/(Config!$D$21-COUNTIF(O19:X19,"N/A")),"")) | AA19: =IF(A19="","",MAX(0,Config!$B$21-COUNTIF(E19:N19,"Sim")-COUNTIF(E19:N19,"N/A"))) -> 1 | AB19: =IF(OR(A19="",D19<>"Encerrado"),"",MAX(0,Config!$D$21-COUNTIF(O19:X19,"Sim")-COUNTIF(O19:X19,"N/A"))) | AC19: =IF(A19="","",AA19+IF(AB19="",0,AB19)) -> 1 | AD19: =IF(OR(A19="",AF19=""),"",LEFT(AF19,LEN(AF19)-2)) -> Caso cadastrado no caixa e na carteira | AE19: =IF(OR(A19="",AC19=0),0,AC19*100-ROW()/100000) -> 99.99981 | AF19: =IF(A19="","",IF(AND(Config!$B$10<>"",E19<>"Sim",E19<>"N/A"),Config!$B$10&"; ","")&IF(AND(Config!$B$11<>"",F19<>"Sim",F19<>"N/A"),Config!$B$11&"; ","")&IF(AND(Config!$B$12<>"",G19<>"Sim",G19<>"N/A"),Config!$B$12&"; ","")&IF(AND(Config!$B$13<>"",H19<>"Sim",H19<>"N/A"),Config!$B$13&"; ","")&IF(AND(Config!$B$14<>"",I19<>"Sim",I19<>"N/A"),Config!$B$14&"; ","")&IF(AND(Config!$B$15<>"",J19<>"Sim",J19<>"N/A"),Config!$B$15&"; ","")&IF(AND(Config!$B$16<>"",K19<>"Sim",K19<>"N/A"),Config!$B$16&"; ","")&IF(AND(Config!$B$17<>"",L19<>"Sim",L19<>"N/A"),Config!$B$17&"; ","")&IF(AND(Config!$B$18<>"",M19<>"Sim",M19<>"N/A"),Config!$B$18&"; ","")&IF(AND(Config!$B$19<>"",N19<>"Sim",N19<>"N/A"),Config!$B$19&"; ","")&IF(AND($D19="Encerrado",Config!$D$10<>"",O19<>"Sim",O19<>"N/A"),Config!$D$10&"; ","")&IF(AND($D19="Encerrado",Config!$D$11<>"",P19<>"Sim",P19<>"N/A"),Config!$D$11&"; ","")&IF(AND($D19="Encerrado",Config!$D$12<>"",Q19<>"Sim",Q19<>"N/A"),Config!$D$12&"; ","")&IF(AND($D19="Encerrado",Config!$D$13<>"",R19<>"Sim",R19<>"N/A"),Config!$D$13&"; ","")&IF(AND($D19="Encerrado",Config!$D$14<>"",S19<>"Sim",S19<>"N/A"),Config!$D$14&"; ","")&IF(AND($D19="Encerrado",Config!$D$15<>"",T19<>"Sim",T19<>"N/A"),Config!$D$15&"; ","")&IF(AND($D19="Encerrado",Config!$D$16<>"",U19<>"Sim",U19<>"N/A"),Config!$D$16&"; ","")&IF(AND($D19="Encerrado",Config!$D$17<>"",V19<>"Sim",V19<>"N/A"),Config!$D$17&"; ","")&IF(AND($D19="Encerrado",Config!$D$18<>"",W19<>"Sim",W19<>"N/A"),Config!$D$18&"; ","")&IF(AND($D19="Encerrado",Config!$D$19<>"",X19<>"Sim",X19<>"N/A"),Config!$D$19&"; ","")) -> Caso cadastrado no caixa e na carteira;
A20: CONS-2026-06 | B20: Transportadora Rota Sul | C20: Rafael Lima | D20: Em andamento | E20: Sim | F20: N/A | G20: Sim | H20: Sim | I20: Sim | J20: Sim | K20: N/A | L20: Sim | M20: Sim | Y20: =IF(A20="","",IFERROR(COUNTIF(E20:N20,"Sim")/(Config!$B$21-COUNTIF(E20:N20,"N/A")),"")) -> 1 | Z20: =IF(OR(A20="",D20<>"Encerrado"),"",IFERROR(COUNTIF(O20:X20,"Sim")/(Config!$D$21-COUNTIF(O20:X20,"N/A")),"")) | AA20: =IF(A20="","",MAX(0,Config!$B$21-COUNTIF(E20:N20,"Sim")-COUNTIF(E20:N20,"N/A"))) -> 0 | AB20: =IF(OR(A20="",D20<>"Encerrado"),"",MAX(0,Config!$D$21-COUNTIF(O20:X20,"Sim")-COUNTIF(O20:X20,"N/A"))) | AC20: =IF(A20="","",AA20+IF(AB20="",0,AB20)) -> 0 | AD20: =IF(OR(A20="",AF20=""),"",LEFT(AF20,LEN(AF20)-2)) | AE20: =IF(OR(A20="",AC20=0),0,AC20*100-ROW()/100000) -> 0 | AF20: =IF(A20="","",IF(AND(Config!$B$10<>"",E20<>"Sim",E20<>"N/A"),Config!$B$10&"; ","")&IF(AND(Config!$B$11<>"",F20<>"Sim",F20<>"N/A"),Config!$B$11&"; ","")&IF(AND(Config!$B$12<>"",G20<>"Sim",G20<>"N/A"),Config!$B$12&"; ","")&IF(AND(Config!$B$13<>"",H20<>"Sim",H20<>"N/A"),Config!$B$13&"; ","")&IF(AND(Config!$B$14<>"",I20<>"Sim",I20<>"N/A"),Config!$B$14&"; ","")&IF(AND(Config!$B$15<>"",J20<>"Sim",J20<>"N/A"),Config!$B$15&"; ","")&IF(AND(Config!$B$16<>"",K20<>"Sim",K20<>"N/A"),Config!$B$16&"; ","")&IF(AND(Config!$B$17<>"",L20<>"Sim",L20<>"N/A"),Config!$B$17&"; ","")&IF(AND(Config!$B$18<>"",M20<>"Sim",M20<>"N/A"),Config!$B$18&"; ","")&IF(AND(Config!$B$19<>"",N20<>"Sim",N20<>"N/A"),Config!$B$19&"; ","")&IF(AND($D20="Encerrado",Config!$D$10<>"",O20<>"Sim",O20<>"N/A"),Config!$D$10&"; ","")&IF(AND($D20="Encerrado",Config!$D$11<>"",P20<>"Sim",P20<>"N/A"),Config!$D$11&"; ","")&IF(AND($D20="Encerrado",Config!$D$12<>"",Q20<>"Sim",Q20<>"N/A"),Config!$D$12&"; ","")&IF(AND($D20="Encerrado",Config!$D$13<>"",R20<>"Sim",R20<>"N/A"),Config!$D$13&"; ","")&IF(AND($D20="Encerrado",Config!$D$14<>"",S20<>"Sim",S20<>"N/A"),Config!$D$14&"; ","")&IF(AND($D20="Encerrado",Config!$D$15<>"",T20<>"Sim",T20<>"N/A"),Config!$D$15&"; ","")&IF(AND($D20="Encerrado",Config!$D$16<>"",U20<>"Sim",U20<>"N/A"),Config!$D$16&"; ","")&IF(AND($D20="Encerrado",Config!$D$17<>"",V20<>"Sim",V20<>"N/A"),Config!$D$17&"; ","")&IF(AND($D20="Encerrado",Config!$D$18<>"",W20<>"Sim",W20<>"N/A"),Config!$D$18&"; ","")&IF(AND($D20="Encerrado",Config!$D$19<>"",X20<>"Sim",X20<>"N/A"),Config!$D$19&"; ",""))
A21: 6832730-55.2026.8.26.0386 | B21: Patrícia Gomes | C21: Marina Ferraz | D21: Em andamento | E21: Sim | F21: Sim | G21: Sim | H21: Sim | I21: Sim | J21: Sim | K21: Sim | L21: Sim | M21: Sim | Y21: =IF(A21="","",IFERROR(COUNTIF(E21:N21,"Sim")/(Config!$B$21-COUNTIF(E21:N21,"N/A")),"")) -> 1 | Z21: =IF(OR(A21="",D21<>"Encerrado"),"",IFERROR(COUNTIF(O21:X21,"Sim")/(Config!$D$21-COUNTIF(O21:X21,"N/A")),"")) | AA21: =IF(A21="","",MAX(0,Config!$B$21-COUNTIF(E21:N21,"Sim")-COUNTIF(E21:N21,"N/A"))) -> 0 | AB21: =IF(OR(A21="",D21<>"Encerrado"),"",MAX(0,Config!$D$21-COUNTIF(O21:X21,"Sim")-COUNTIF(O21:X21,"N/A"))) | AC21: =IF(A21="","",AA21+IF(AB21="",0,AB21)) -> 0 | AD21: =IF(OR(A21="",AF21=""),"",LEFT(AF21,LEN(AF21)-2)) | AE21: =IF(OR(A21="",AC21=0),0,AC21*100-ROW()/100000) -> 0 | AF21: =IF(A21="","",IF(AND(Config!$B$10<>"",E21<>"Sim",E21<>"N/A"),Config!$B$10&"; ","")&IF(AND(Config!$B$11<>"",F21<>"Sim",F21<>"N/A"),Config!$B$11&"; ","")&IF(AND(Config!$B$12<>"",G21<>"Sim",G21<>"N/A"),Config!$B$12&"; ","")&IF(AND(Config!$B$13<>"",H21<>"Sim",H21<>"N/A"),Config!$B$13&"; ","")&IF(AND(Config!$B$14<>"",I21<>"Sim",I21<>"N/A"),Config!$B$14&"; ","")&IF(AND(Config!$B$15<>"",J21<>"Sim",J21<>"N/A"),Config!$B$15&"; ","")&IF(AND(Config!$B$16<>"",K21<>"Sim",K21<>"N/A"),Config!$B$16&"; ","")&IF(AND(Config!$B$17<>"",L21<>"Sim",L21<>"N/A"),Config!$B$17&"; ","")&IF(AND(Config!$B$18<>"",M21<>"Sim",M21<>"N/A"),Config!$B$18&"; ","")&IF(AND(Config!$B$19<>"",N21<>"Sim",N21<>"N/A"),Config!$B$19&"; ","")&IF(AND($D21="Encerrado",Config!$D$10<>"",O21<>"Sim",O21<>"N/A"),Config!$D$10&"; ","")&IF(AND($D21="Encerrado",Config!$D$11<>"",P21<>"Sim",P21<>"N/A"),Config!$D$11&"; ","")&IF(AND($D21="Encerrado",Config!$D$12<>"",Q21<>"Sim",Q21<>"N/A"),Config!$D$12&"; ","")&IF(AND($D21="Encerrado",Config!$D$13<>"",R21<>"Sim",R21<>"N/A"),Config!$D$13&"; ","")&IF(AND($D21="Encerrado",Config!$D$14<>"",S21<>"Sim",S21<>"N/A"),Config!$D$14&"; ","")&IF(AND($D21="Encerrado",Config!$D$15<>"",T21<>"Sim",T21<>"N/A"),Config!$D$15&"; ","")&IF(AND($D21="Encerrado",Config!$D$16<>"",U21<>"Sim",U21<>"N/A"),Config!$D$16&"; ","")&IF(AND($D21="Encerrado",Config!$D$17<>"",V21<>"Sim",V21<>"N/A"),Config!$D$17&"; ","")&IF(AND($D21="Encerrado",Config!$D$18<>"",W21<>"Sim",W21<>"N/A"),Config!$D$18&"; ","")&IF(AND($D21="Encerrado",Config!$D$19<>"",X21<>"Sim",X21<>"N/A"),Config!$D$19&"; ",""))
... A25: 3363714-92.2025.8.26.0592 | B25: Oficina Mecânica Central | C25: Rafael Lima | D25: Em andamento | E25: Sim | F25: Sim | G25: Sim | H25: Sim | I25: Sim | J25: Sim | K25: Sim | L25: Sim | M25: Sim | Y25: =IF(A25="","",IFERROR(COUNTIF(E25:N25,"Sim")/(Config!$B$21-COUNTIF(E25:N25,"N/A")),"")) -> 1 | Z25: =IF(OR(A25="",D25<>"Encerrado"),"",IFERROR(COUNTIF(O25:X25,"Sim")/(Config!$D$21-COUNTIF(O25:X25,"N/A")),"")) | AA25: =IF(A25="","",MAX(0,Config!$B$21-COUNTIF(E25:N25,"Sim")-COUNTIF(E25:N25,"N/A"))) -> 0 | AB25: =IF(OR(A25="",D25<>"Encerrado"),"",MAX(0,Config!$D$21-COUNTIF(O25:X25,"Sim")-COUNTIF(O25:X25,"N/A"))) | AC25: =IF(A25="","",AA25+IF(AB25="",0,AB25)) -> 0 | AD25: =IF(OR(A25="",AF25=""),"",LEFT(AF25,LEN(AF25)-2)) | AE25: =IF(OR(A25="",AC25=0),0,AC25*100-ROW()/100000) -> 0 | AF25: =IF(A25="","",IF(AND(Config!$B$10<>"",E25<>"Sim",E25<>"N/A"),Config!$B$10&"; ","")&IF(AND(Config!$B$11<>"",F25<>"Sim",F25<>"N/A"),Config!$B$11&"; ","")&IF(AND(Config!$B$12<>"",G25<>"Sim",G25<>"N/A"),Config!$B$12&"; ","")&IF(AND(Config!$B$13<>"",H25<>"Sim",H25<>"N/A"),Config!$B$13&"; ","")&IF(AND(Config!$B$14<>"",I25<>"Sim",I25<>"N/A"),Config!$B$14&"; ","")&IF(AND(Config!$B$15<>"",J25<>"Sim",J25<>"N/A"),Config!$B$15&"; ","")&IF(AND(Config!$B$16<>"",K25<>"Sim",K25<>"N/A"),Config!$B$16&"; ","")&IF(AND(Config!$B$17<>"",L25<>"Sim",L25<>"N/A"),Config!$B$17&"; ","")&IF(AND(Config!$B$18<>"",M25<>"Sim",M25<>"N/A"),Config!$B$18&"; ","")&IF(AND(Config!$B$19<>"",N25<>"Sim",N25<>"N/A"),Config!$B$19&"; ","")&IF(AND($D25="Encerrado",Config!$D$10<>"",O25<>"Sim",O25<>"N/A"),Config!$D$10&"; ","")&IF(AND($D25="Encerrado",Config!$D$11<>"",P25<>"Sim",P25<>"N/A"),Config!$D$11&"; ","")&IF(AND($D25="Encerrado",Config!$D$12<>"",Q25<>"Sim",Q25<>"N/A"),Config!$D$12&"; ","")&IF(AND($D25="Encerrado",Config!$D$13<>"",R25<>"Sim",R25<>"N/A"),Config!$D$13&"; ","")&IF(AND($D25="Encerrado",Config!$D$14<>"",S25<>"Sim",S25<>"N/A"),Config!$D$14&"; ","")&IF(AND($D25="Encerrado",Config!$D$15<>"",T25<>"Sim",T25<>"N/A"),Config!$D$15&"; ","")&IF(AND($D25="Encerrado",Config!$D$16<>"",U25<>"Sim",U25<>"N/A"),Config!$D$16&"; ","")&IF(AND($D25="Encerrado",Config!$D$17<>"",V25<>"Sim",V25<>"N/A"),Config!$D$17&"; ","")&IF(AND($D25="Encerrado",Config!$D$18<>"",W25<>"Sim",W25<>"N/A"),Config!$D$18&"; ","")&IF(AND($D25="Encerrado",Config!$D$19<>"",X25<>"Sim",X25<>"N/A"),Config!$D$19&"; ",""))
A26: 6184138-13.2026.8.26.0378 | B26: Oficina Mecânica Central | C26: Rafael Lima | D26: Em andamento | E26: Sim | F26: Sim | G26: Sim | H26: Sim | I26: Sim | J26: Sim | K26: Sim | Y26: =IF(A26="","",IFERROR(COUNTIF(E26:N26,"Sim")/(Config!$B$21-COUNTIF(E26:N26,"N/A")),"")) -> 0.77777778 | Z26: =IF(OR(A26="",D26<>"Encerrado"),"",IFERROR(COUNTIF(O26:X26,"Sim")/(Config!$D$21-COUNTIF(O26:X26,"N/A")),"")) | AA26: =IF(A26="","",MAX(0,Config!$B$21-COUNTIF(E26:N26,"Sim")-COUNTIF(E26:N26,"N/A"))) -> 2 | AB26: =IF(OR(A26="",D26<>"Encerrado"),"",MAX(0,Config!$D$21-COUNTIF(O26:X26,"Sim")-COUNTIF(O26:X26,"N/A"))) | AC26: =IF(A26="","",AA26+IF(AB26="",0,AB26)) -> 2 | AD26: =IF(OR(A26="",AF26=""),"",LEFT(AF26,LEN(AF26)-2)) -> Canal de contato combinado com o cliente; Pasta do caso criada (física ou digital) | AE26: =IF(OR(A26="",AC26=0),0,AC26*100-ROW()/100000) -> 199.99974 | AF26: =IF(A26="","",IF(AND(Config!$B$10<>"",E26<>"Sim",E26<>"N/A"),Config!$B$10&"; ","")&IF(AND(Config!$B$11<>"",F26<>"Sim",F26<>"N/A"),Config!$B$11&"; ","")&IF(AND(Config!$B$12<>"",G26<>"Sim",G26<>"N/A"),Config!$B$12&"; ","")&IF(AND(Config!$B$13<>"",H26<>"Sim",H26<>"N/A"),Config!$B$13&"; ","")&IF(AND(Config!$B$14<>"",I26<>"Sim",I26<>"N/A"),Config!$B$14&"; ","")&IF(AND(Config!$B$15<>"",J26<>"Sim",J26<>"N/A"),Config!$B$15&"; ","")&IF(AND(Config!$B$16<>"",K26<>"Sim",K26<>"N/A"),Config!$B$16&"; ","")&IF(AND(Config!$B$17<>"",L26<>"Sim",L26<>"N/A"),Config!$B$17&"; ","")&IF(AND(Config!$B$18<>"",M26<>"Sim",M26<>"N/A"),Config!$B$18&"; ","")&IF(AND(Config!$B$19<>"",N26<>"Sim",N26<>"N/A"),Config!$B$19&"; ","")&IF(AND($D26="Encerrado",Config!$D$10<>"",O26<>"Sim",O26<>"N/A"),Config!$D$10&"; ","")&IF(AND($D26="Encerrado",Config!$D$11<>"",P26<>"Sim",P26<>"N/A"),Config!$D$11&"; ","")&IF(AND($D26="Encerrado",Config!$D$12<>"",Q26<>"Sim",Q26<>"N/A"),Config!$D$12&"; ","")&IF(AND($D26="Encerrado",Config!$D$13<>"",R26<>"Sim",R26<>"N/A"),Config!$D$13&"; ","")&IF(AND($D26="Encerrado",Config!$D$14<>"",S26<>"Sim",S26<>"N/A"),Config!$D$14&"; ","")&IF(AND($D26="Encerrado",Config!$D$15<>"",T26<>"Sim",T26<>"N/A"),Config!$D$15&"; ","")&IF(AND($D26="Encerrado",Config!$D$16<>"",U26<>"Sim",U26<>"N/A"),Config!$D$16&"; ","")&IF(AND($D26="Encerrado",Config!$D$17<>"",V26<>"Sim",V26<>"N/A"),Config!$D$17&"; ","")&IF(AND($D26="Encerrado",Config!$D$18<>"",W26<>"Sim",W26<>"N/A"),Config!$D$18&"; ","")&IF(AND($D26="Encerrado",Config!$D$19<>"",X26<>"Sim",X26<>"N/A"),Config!$D$19&"; ","")) -> Canal de contato combinado com o cliente; Pasta do caso criada (física ou digital);
A27: 7099226-69.2026.8.26.0433 | B27: Luciana Farias | C27: Marina Ferraz | D27: Em andamento | E27: Sim | F27: Sim | G27: Sim | H27: Sim | I27: Sim | J27: Sim | K27: Sim | L27: Sim | M27: Sim | Y27: =IF(A27="","",IFERROR(COUNTIF(E27:N27,"Sim")/(Config!$B$21-COUNTIF(E27:N27,"N/A")),"")) -> 1 | Z27: =IF(OR(A27="",D27<>"Encerrado"),"",IFERROR(COUNTIF(O27:X27,"Sim")/(Config!$D$21-COUNTIF(O27:X27,"N/A")),"")) | AA27: =IF(A27="","",MAX(0,Config!$B$21-COUNTIF(E27:N27,"Sim")-COUNTIF(E27:N27,"N/A"))) -> 0 | AB27: =IF(OR(A27="",D27<>"Encerrado"),"",MAX(0,Config!$D$21-COUNTIF(O27:X27,"Sim")-COUNTIF(O27:X27,"N/A"))) | AC27: =IF(A27="","",AA27+IF(AB27="",0,AB27)) -> 0 | AD27: =IF(OR(A27="",AF27=""),"",LEFT(AF27,LEN(AF27)-2)) | AE27: =IF(OR(A27="",AC27=0),0,AC27*100-ROW()/100000) -> 0 | AF27: =IF(A27="","",IF(AND(Config!$B$10<>"",E27<>"Sim",E27<>"N/A"),Config!$B$10&"; ","")&IF(AND(Config!$B$11<>"",F27<>"Sim",F27<>"N/A"),Config!$B$11&"; ","")&IF(AND(Config!$B$12<>"",G27<>"Sim",G27<>"N/A"),Config!$B$12&"; ","")&IF(AND(Config!$B$13<>"",H27<>"Sim",H27<>"N/A"),Config!$B$13&"; ","")&IF(AND(Config!$B$14<>"",I27<>"Sim",I27<>"N/A"),Config!$B$14&"; ","")&IF(AND(Config!$B$15<>"",J27<>"Sim",J27<>"N/A"),Config!$B$15&"; ","")&IF(AND(Config!$B$16<>"",K27<>"Sim",K27<>"N/A"),Config!$B$16&"; ","")&IF(AND(Config!$B$17<>"",L27<>"Sim",L27<>"N/A"),Config!$B$17&"; ","")&IF(AND(Config!$B$18<>"",M27<>"Sim",M27<>"N/A"),Config!$B$18&"; ","")&IF(AND(Config!$B$19<>"",N27<>"Sim",N27<>"N/A"),Config!$B$19&"; ","")&IF(AND($D27="Encerrado",Config!$D$10<>"",O27<>"Sim",O27<>"N/A"),Config!$D$10&"; ","")&IF(AND($D27="Encerrado",Config!$D$11<>"",P27<>"Sim",P27<>"N/A"),Config!$D$11&"; ","")&IF(AND($D27="Encerrado",Config!$D$12<>"",Q27<>"Sim",Q27<>"N/A"),Config!$D$12&"; ","")&IF(AND($D27="Encerrado",Config!$D$13<>"",R27<>"Sim",R27<>"N/A"),Config!$D$13&"; ","")&IF(AND($D27="Encerrado",Config!$D$14<>"",S27<>"Sim",S27<>"N/A"),Config!$D$14&"; ","")&IF(AND($D27="Encerrado",Config!$D$15<>"",T27<>"Sim",T27<>"N/A"),Config!$D$15&"; ","")&IF(AND($D27="Encerrado",Config!$D$16<>"",U27<>"Sim",U27<>"N/A"),Config!$D$16&"; ","")&IF(AND($D27="Encerrado",Config!$D$17<>"",V27<>"Sim",V27<>"N/A"),Config!$D$17&"; ","")&IF(AND($D27="Encerrado",Config!$D$18<>"",W27<>"Sim",W27<>"N/A"),Config!$D$18&"; ","")&IF(AND($D27="Encerrado",Config!$D$19<>"",X27<>"Sim",X27<>"N/A"),Config!$D$19&"; ",""))
A28: 2521428-61.2026.8.26.0600 | B28: Luciana Farias | C28: Marina Ferraz | D28: Em andamento | E28: Sim | F28: Não | G28: Sim | H28: Sim | I28: Sim | J28: Sim | K28: Sim | L28: Sim | M28: Sim | Y28: =IF(A28="","",IFERROR(COUNTIF(E28:N28,"Sim")/(Config!$B$21-COUNTIF(E28:N28,"N/A")),"")) -> 0.88888889 | Z28: =IF(OR(A28="",D28<>"Encerrado"),"",IFERROR(COUNTIF(O28:X28,"Sim")/(Config!$D$21-COUNTIF(O28:X28,"N/A")),"")) | AA28: =IF(A28="","",MAX(0,Config!$B$21-COUNTIF(E28:N28,"Sim")-COUNTIF(E28:N28,"N/A"))) -> 1 | AB28: =IF(OR(A28="",D28<>"Encerrado"),"",MAX(0,Config!$D$21-COUNTIF(O28:X28,"Sim")-COUNTIF(O28:X28,"N/A"))) | AC28: =IF(A28="","",AA28+IF(AB28="",0,AB28)) -> 1 | AD28: =IF(OR(A28="",AF28=""),"",LEFT(AF28,LEN(AF28)-2)) -> Procuração recebida | AE28: =IF(OR(A28="",AC28=0),0,AC28*100-ROW()/100000) -> 99.99972 | AF28: =IF(A28="","",IF(AND(Config!$B$10<>"",E28<>"Sim",E28<>"N/A"),Config!$B$10&"; ","")&IF(AND(Config!$B$11<>"",F28<>"Sim",F28<>"N/A"),Config!$B$11&"; ","")&IF(AND(Config!$B$12<>"",G28<>"Sim",G28<>"N/A"),Config!$B$12&"; ","")&IF(AND(Config!$B$13<>"",H28<>"Sim",H28<>"N/A"),Config!$B$13&"; ","")&IF(AND(Config!$B$14<>"",I28<>"Sim",I28<>"N/A"),Config!$B$14&"; ","")&IF(AND(Config!$B$15<>"",J28<>"Sim",J28<>"N/A"),Config!$B$15&"; ","")&IF(AND(Config!$B$16<>"",K28<>"Sim",K28<>"N/A"),Config!$B$16&"; ","")&IF(AND(Config!$B$17<>"",L28<>"Sim",L28<>"N/A"),Config!$B$17&"; ","")&IF(AND(Config!$B$18<>"",M28<>"Sim",M28<>"N/A"),Config!$B$18&"; ","")&IF(AND(Config!$B$19<>"",N28<>"Sim",N28<>"N/A"),Config!$B$19&"; ","")&IF(AND($D28="Encerrado",Config!$D$10<>"",O28<>"Sim",O28<>"N/A"),Config!$D$10&"; ","")&IF(AND($D28="Encerrado",Config!$D$11<>"",P28<>"Sim",P28<>"N/A"),Config!$D$11&"; ","")&IF(AND($D28="Encerrado",Config!$D$12<>"",Q28<>"Sim",Q28<>"N/A"),Config!$D$12&"; ","")&IF(AND($D28="Encerrado",Config!$D$13<>"",R28<>"Sim",R28<>"N/A"),Config!$D$13&"; ","")&IF(AND($D28="Encerrado",Config!$D$14<>"",S28<>"Sim",S28<>"N/A"),Config!$D$14&"; ","")&IF(AND($D28="Encerrado",Config!$D$15<>"",T28<>"Sim",T28<>"N/A"),Config!$D$15&"; ","")&IF(AND($D28="Encerrado",Config!$D$16<>"",U28<>"Sim",U28<>"N/A"),Config!$D$16&"; ","")&IF(AND($D28="Encerrado",Config!$D$17<>"",V28<>"Sim",V28<>"N/A"),Config!$D$17&"; ","")&IF(AND($D28="Encerrado",Config!$D$18<>"",W28<>"Sim",W28<>"N/A"),Config!$D$18&"; ","")&IF(AND($D28="Encerrado",Config!$D$19<>"",X28<>"Sim",X28<>"N/A"),Config!$D$19&"; ","")) -> Procuração recebida;
A29: 9362688-24.2025.8.26.0436 | B29: Agência Prisma | C29: Marina Ferraz | D29: Em andamento | E29: Sim | F29: Sim | G29: Sim | H29: Sim | I29: Sim | J29: Sim | K29: Sim | L29: Sim | M29: Sim | Y29: =IF(A29="","",IFERROR(COUNTIF(E29:N29,"Sim")/(Config!$B$21-COUNTIF(E29:N29,"N/A")),"")) -> 1 | Z29: =IF(OR(A29="",D29<>"Encerrado"),"",IFERROR(COUNTIF(O29:X29,"Sim")/(Config!$D$21-COUNTIF(O29:X29,"N/A")),"")) | AA29: =IF(A29="","",MAX(0,Config!$B$21-COUNTIF(E29:N29,"Sim")-COUNTIF(E29:N29,"N/A"))) -> 0 | AB29: =IF(OR(A29="",D29<>"Encerrado"),"",MAX(0,Config!$D$21-COUNTIF(O29:X29,"Sim")-COUNTIF(O29:X29,"N/A"))) | AC29: =IF(A29="","",AA29+IF(AB29="",0,AB29)) -> 0 | AD29: =IF(OR(A29="",AF29=""),"",LEFT(AF29,LEN(AF29)-2)) | AE29: =IF(OR(A29="",AC29=0),0,AC29*100-ROW()/100000) -> 0 | AF29: =IF(A29="","",IF(AND(Config!$B$10<>"",E29<>"Sim",E29<>"N/A"),Config!$B$10&"; ","")&IF(AND(Config!$B$11<>"",F29<>"Sim",F29<>"N/A"),Config!$B$11&"; ","")&IF(AND(Config!$B$12<>"",G29<>"Sim",G29<>"N/A"),Config!$B$12&"; ","")&IF(AND(Config!$B$13<>"",H29<>"Sim",H29<>"N/A"),Config!$B$13&"; ","")&IF(AND(Config!$B$14<>"",I29<>"Sim",I29<>"N/A"),Config!$B$14&"; ","")&IF(AND(Config!$B$15<>"",J29<>"Sim",J29<>"N/A"),Config!$B$15&"; ","")&IF(AND(Config!$B$16<>"",K29<>"Sim",K29<>"N/A"),Config!$B$16&"; ","")&IF(AND(Config!$B$17<>"",L29<>"Sim",L29<>"N/A"),Config!$B$17&"; ","")&IF(AND(Config!$B$18<>"",M29<>"Sim",M29<>"N/A"),Config!$B$18&"; ","")&IF(AND(Config!$B$19<>"",N29<>"Sim",N29<>"N/A"),Config!$B$19&"; ","")&IF(AND($D29="Encerrado",Config!$D$10<>"",O29<>"Sim",O29<>"N/A"),Config!$D$10&"; ","")&IF(AND($D29="Encerrado",Config!$D$11<>"",P29<>"Sim",P29<>"N/A"),Config!$D$11&"; ","")&IF(AND($D29="Encerrado",Config!$D$12<>"",Q29<>"Sim",Q29<>"N/A"),Config!$D$12&"; ","")&IF(AND($D29="Encerrado",Config!$D$13<>"",R29<>"Sim",R29<>"N/A"),Config!$D$13&"; ","")&IF(AND($D29="Encerrado",Config!$D$14<>"",S29<>"Sim",S29<>"N/A"),Config!$D$14&"; ","")&IF(AND($D29="Encerrado",Config!$D$15<>"",T29<>"Sim",T29<>"N/A"),Config!$D$15&"; ","")&IF(AND($D29="Encerrado",Config!$D$16<>"",U29<>"Sim",U29<>"N/A"),Config!$D$16&"; ","")&IF(AND($D29="Encerrado",Config!$D$17<>"",V29<>"Sim",V29<>"N/A"),Config!$D$17&"; ","")&IF(AND($D29="Encerrado",Config!$D$18<>"",W29<>"Sim",W29<>"N/A"),Config!$D$18&"; ","")&IF(AND($D29="Encerrado",Config!$D$19<>"",X29<>"Sim",X29<>"N/A"),Config!$D$19&"; ",""))
A30: CONS-2026-07 | B30: Agência Prisma | C30: Marina Ferraz | D30: Em andamento | E30: Sim | F30: N/A | G30: Sim | H30: Sim | I30: Sim | J30: Sim | K30: N/A | L30: Sim | M30: Sim | Y30: =IF(A30="","",IFERROR(COUNTIF(E30:N30,"Sim")/(Config!$B$21-COUNTIF(E30:N30,"N/A")),"")) -> 1 | Z30: =IF(OR(A30="",D30<>"Encerrado"),"",IFERROR(COUNTIF(O30:X30,"Sim")/(Config!$D$21-COUNTIF(O30:X30,"N/A")),"")) | AA30: =IF(A30="","",MAX(0,Config!$B$21-COUNTIF(E30:N30,"Sim")-COUNTIF(E30:N30,"N/A"))) -> 0 | AB30: =IF(OR(A30="",D30<>"Encerrado"),"",MAX(0,Config!$D$21-COUNTIF(O30:X30,"Sim")-COUNTIF(O30:X30,"N/A"))) | AC30: =IF(A30="","",AA30+IF(AB30="",0,AB30)) -> 0 | AD30: =IF(OR(A30="",AF30=""),"",LEFT(AF30,LEN(AF30)-2)) | AE30: =IF(OR(A30="",AC30=0),0,AC30*100-ROW()/100000) -> 0 | AF30: =IF(A30="","",IF(AND(Config!$B$10<>"",E30<>"Sim",E30<>"N/A"),Config!$B$10&"; ","")&IF(AND(Config!$B$11<>"",F30<>"Sim",F30<>"N/A"),Config!$B$11&"; ","")&IF(AND(Config!$B$12<>"",G30<>"Sim",G30<>"N/A"),Config!$B$12&"; ","")&IF(AND(Config!$B$13<>"",H30<>"Sim",H30<>"N/A"),Config!$B$13&"; ","")&IF(AND(Config!$B$14<>"",I30<>"Sim",I30<>"N/A"),Config!$B$14&"; ","")&IF(AND(Config!$B$15<>"",J30<>"Sim",J30<>"N/A"),Config!$B$15&"; ","")&IF(AND(Config!$B$16<>"",K30<>"Sim",K30<>"N/A"),Config!$B$16&"; ","")&IF(AND(Config!$B$17<>"",L30<>"Sim",L30<>"N/A"),Config!$B$17&"; ","")&IF(AND(Config!$B$18<>"",M30<>"Sim",M30<>"N/A"),Config!$B$18&"; ","")&IF(AND(Config!$B$19<>"",N30<>"Sim",N30<>"N/A"),Config!$B$19&"; ","")&IF(AND($D30="Encerrado",Config!$D$10<>"",O30<>"Sim",O30<>"N/A"),Config!$D$10&"; ","")&IF(AND($D30="Encerrado",Config!$D$11<>"",P30<>"Sim",P30<>"N/A"),Config!$D$11&"; ","")&IF(AND($D30="Encerrado",Config!$D$12<>"",Q30<>"Sim",Q30<>"N/A"),Config!$D$12&"; ","")&IF(AND($D30="Encerrado",Config!$D$13<>"",R30<>"Sim",R30<>"N/A"),Config!$D$13&"; ","")&IF(AND($D30="Encerrado",Config!$D$14<>"",S30<>"Sim",S30<>"N/A"),Config!$D$14&"; ","")&IF(AND($D30="Encerrado",Config!$D$15<>"",T30<>"Sim",T30<>"N/A"),Config!$D$15&"; ","")&IF(AND($D30="Encerrado",Config!$D$16<>"",U30<>"Sim",U30<>"N/A"),Config!$D$16&"; ","")&IF(AND($D30="Encerrado",Config!$D$17<>"",V30<>"Sim",V30<>"N/A"),Config!$D$17&"; ","")&IF(AND($D30="Encerrado",Config!$D$18<>"",W30<>"Sim",W30<>"N/A"),Config!$D$18&"; ","")&IF(AND($D30="Encerrado",Config!$D$19<>"",X30<>"Sim",X30<>"N/A"),Config!$D$19&"; ",""))
A31: 9495290-86.2025.8.26.0503 | B31: Helena Duarte | C31: Rafael Lima | D31: Em andamento | E31: Sim | F31: Sim | G31: Sim | H31: Sim | I31: Sim | J31: Sim | K31: Sim | L31: Sim | M31: Sim | Y31: =IF(A31="","",IFERROR(COUNTIF(E31:N31,"Sim")/(Config!$B$21-COUNTIF(E31:N31,"N/A")),"")) -> 1 | Z31: =IF(OR(A31="",D31<>"Encerrado"),"",IFERROR(COUNTIF(O31:X31,"Sim")/(Config!$D$21-COUNTIF(O31:X31,"N/A")),"")) | AA31: =IF(A31="","",MAX(0,Config!$B$21-COUNTIF(E31:N31,"Sim")-COUNTIF(E31:N31,"N/A"))) -> 0 | AB31: =IF(OR(A31="",D31<>"Encerrado"),"",MAX(0,Config!$D$21-COUNTIF(O31:X31,"Sim")-COUNTIF(O31:X31,"N/A"))) | AC31: =IF(A31="","",AA31+IF(AB31="",0,AB31)) -> 0 | AD31: =IF(OR(A31="",AF31=""),"",LEFT(AF31,LEN(AF31)-2)) | AE31: =IF(OR(A31="",AC31=0),0,AC31*100-ROW()/100000) -> 0 | AF31: =IF(A31="","",IF(AND(Config!$B$10<>"",E31<>"Sim",E31<>"N/A"),Config!$B$10&"; ","")&IF(AND(Config!$B$11<>"",F31<>"Sim",F31<>"N/A"),Config!$B$11&"; ","")&IF(AND(Config!$B$12<>"",G31<>"Sim",G31<>"N/A"),Config!$B$12&"; ","")&IF(AND(Config!$B$13<>"",H31<>"Sim",H31<>"N/A"),Config!$B$13&"; ","")&IF(AND(Config!$B$14<>"",I31<>"Sim",I31<>"N/A"),Config!$B$14&"; ","")&IF(AND(Config!$B$15<>"",J31<>"Sim",J31<>"N/A"),Config!$B$15&"; ","")&IF(AND(Config!$B$16<>"",K31<>"Sim",K31<>"N/A"),Config!$B$16&"; ","")&IF(AND(Config!$B$17<>"",L31<>"Sim",L31<>"N/A"),Config!$B$17&"; ","")&IF(AND(Config!$B$18<>"",M31<>"Sim",M31<>"N/A"),Config!$B$18&"; ","")&IF(AND(Config!$B$19<>"",N31<>"Sim",N31<>"N/A"),Config!$B$19&"; ","")&IF(AND($D31="Encerrado",Config!$D$10<>"",O31<>"Sim",O31<>"N/A"),Config!$D$10&"; ","")&IF(AND($D31="Encerrado",Config!$D$11<>"",P31<>"Sim",P31<>"N/A"),Config!$D$11&"; ","")&IF(AND($D31="Encerrado",Config!$D$12<>"",Q31<>"Sim",Q31<>"N/A"),Config!$D$12&"; ","")&IF(AND($D31="Encerrado",Config!$D$13<>"",R31<>"Sim",R31<>"N/A"),Config!$D$13&"; ","")&IF(AND($D31="Encerrado",Config!$D$14<>"",S31<>"Sim",S31<>"N/A"),Config!$D$14&"; ","")&IF(AND($D31="Encerrado",Config!$D$15<>"",T31<>"Sim",T31<>"N/A"),Config!$D$15&"; ","")&IF(AND($D31="Encerrado",Config!$D$16<>"",U31<>"Sim",U31<>"N/A"),Config!$D$16&"; ","")&IF(AND($D31="Encerrado",Config!$D$17<>"",V31<>"Sim",V31<>"N/A"),Config!$D$17&"; ","")&IF(AND($D31="Encerrado",Config!$D$18<>"",W31<>"Sim",W31<>"N/A"),Config!$D$18&"; ","")&IF(AND($D31="Encerrado",Config!$D$19<>"",X31<>"Sim",X31<>"N/A"),Config!$D$19&"; ",""))
A32: 7679821-77.2026.8.26.0265 | B32: Helena Duarte | C32: Rafael Lima | D32: Em andamento | E32: Sim | F32: Sim | G32: Sim | H32: Não | I32: Sim | J32: Sim | K32: Sim | L32: Sim | M32: Sim | Y32: =IF(A32="","",IFERROR(COUNTIF(E32:N32,"Sim")/(Config!$B$21-COUNTIF(E32:N32,"N/A")),"")) -> 0.88888889 | Z32: =IF(OR(A32="",D32<>"Encerrado"),"",IFERROR(COUNTIF(O32:X32,"Sim")/(Config!$D$21-COUNTIF(O32:X32,"N/A")),"")) | AA32: =IF(A32="","",MAX(0,Config!$B$21-COUNTIF(E32:N32,"Sim")-COUNTIF(E32:N32,"N/A"))) -> 1 | AB32: =IF(OR(A32="",D32<>"Encerrado"),"",MAX(0,Config!$D$21-COUNTIF(O32:X32,"Sim")-COUNTIF(O32:X32,"N/A"))) | AC32: =IF(A32="","",AA32+IF(AB32="",0,AB32)) -> 1 | AD32: =IF(OR(A32="",AF32=""),"",LEFT(AF32,LEN(AF32)-2)) -> Honorário e forma de pagamento definidos | AE32: =IF(OR(A32="",AC32=0),0,AC32*100-ROW()/100000) -> 99.99968 | AF32: =IF(A32="","",IF(AND(Config!$B$10<>"",E32<>"Sim",E32<>"N/A"),Config!$B$10&"; ","")&IF(AND(Config!$B$11<>"",F32<>"Sim",F32<>"N/A"),Config!$B$11&"; ","")&IF(AND(Config!$B$12<>"",G32<>"Sim",G32<>"N/A"),Config!$B$12&"; ","")&IF(AND(Config!$B$13<>"",H32<>"Sim",H32<>"N/A"),Config!$B$13&"; ","")&IF(AND(Config!$B$14<>"",I32<>"Sim",I32<>"N/A"),Config!$B$14&"; ","")&IF(AND(Config!$B$15<>"",J32<>"Sim",J32<>"N/A"),Config!$B$15&"; ","")&IF(AND(Config!$B$16<>"",K32<>"Sim",K32<>"N/A"),Config!$B$16&"; ","")&IF(AND(Config!$B$17<>"",L32<>"Sim",L32<>"N/A"),Config!$B$17&"; ","")&IF(AND(Config!$B$18<>"",M32<>"Sim",M32<>"N/A"),Config!$B$18&"; ","")&IF(AND(Config!$B$19<>"",N32<>"Sim",N32<>"N/A"),Config!$B$19&"; ","")&IF(AND($D32="Encerrado",Config!$D$10<>"",O32<>"Sim",O32<>"N/A"),Config!$D$10&"; ","")&IF(AND($D32="Encerrado",Config!$D$11<>"",P32<>"Sim",P32<>"N/A"),Config!$D$11&"; ","")&IF(AND($D32="Encerrado",Config!$D$12<>"",Q32<>"Sim",Q32<>"N/A"),Config!$D$12&"; ","")&IF(AND($D32="Encerrado",Config!$D$13<>"",R32<>"Sim",R32<>"N/A"),Config!$D$13&"; ","")&IF(AND($D32="Encerrado",Config!$D$14<>"",S32<>"Sim",S32<>"N/A"),Config!$D$14&"; ","")&IF(AND($D32="Encerrado",Config!$D$15<>"",T32<>"Sim",T32<>"N/A"),Config!$D$15&"; ","")&IF(AND($D32="Encerrado",Config!$D$16<>"",U32<>"Sim",U32<>"N/A"),Config!$D$16&"; ","")&IF(AND($D32="Encerrado",Config!$D$17<>"",V32<>"Sim",V32<>"N/A"),Config!$D$17&"; ","")&IF(AND($D32="Encerrado",Config!$D$18<>"",W32<>"Sim",W32<>"N/A"),Config!$D$18&"; ","")&IF(AND($D32="Encerrado",Config!$D$19<>"",X32<>"Sim",X32<>"N/A"),Config!$D$19&"; ","")) -> Honorário e forma de pagamento definidos;
A33: 8045862-82.2026.8.26.0491 | B33: Carlos Eduardo Nunes | C33: Rafael Lima | D33: Em andamento | E33: Sim | F33: Sim | G33: Sim | H33: Sim | I33: Sim | J33: Sim | K33: Sim | L33: Sim | M33: Sim | Y33: =IF(A33="","",IFERROR(COUNTIF(E33:N33,"Sim")/(Config!$B$21-COUNTIF(E33:N33,"N/A")),"")) -> 1 | Z33: =IF(OR(A33="",D33<>"Encerrado"),"",IFERROR(COUNTIF(O33:X33,"Sim")/(Config!$D$21-COUNTIF(O33:X33,"N/A")),"")) | AA33: =IF(A33="","",MAX(0,Config!$B$21-COUNTIF(E33:N33,"Sim")-COUNTIF(E33:N33,"N/A"))) -> 0 | AB33: =IF(OR(A33="",D33<>"Encerrado"),"",MAX(0,Config!$D$21-COUNTIF(O33:X33,"Sim")-COUNTIF(O33:X33,"N/A"))) | AC33: =IF(A33="","",AA33+IF(AB33="",0,AB33)) -> 0 | AD33: =IF(OR(A33="",AF33=""),"",LEFT(AF33,LEN(AF33)-2)) | AE33: =IF(OR(A33="",AC33=0),0,AC33*100-ROW()/100000) -> 0 | AF33: =IF(A33="","",IF(AND(Config!$B$10<>"",E33<>"Sim",E33<>"N/A"),Config!$B$10&"; ","")&IF(AND(Config!$B$11<>"",F33<>"Sim",F33<>"N/A"),Config!$B$11&"; ","")&IF(AND(Config!$B$12<>"",G33<>"Sim",G33<>"N/A"),Config!$B$12&"; ","")&IF(AND(Config!$B$13<>"",H33<>"Sim",H33<>"N/A"),Config!$B$13&"; ","")&IF(AND(Config!$B$14<>"",I33<>"Sim",I33<>"N/A"),Config!$B$14&"; ","")&IF(AND(Config!$B$15<>"",J33<>"Sim",J33<>"N/A"),Config!$B$15&"; ","")&IF(AND(Config!$B$16<>"",K33<>"Sim",K33<>"N/A"),Config!$B$16&"; ","")&IF(AND(Config!$B$17<>"",L33<>"Sim",L33<>"N/A"),Config!$B$17&"; ","")&IF(AND(Config!$B$18<>"",M33<>"Sim",M33<>"N/A"),Config!$B$18&"; ","")&IF(AND(Config!$B$19<>"",N33<>"Sim",N33<>"N/A"),Config!$B$19&"; ","")&IF(AND($D33="Encerrado",Config!$D$10<>"",O33<>"Sim",O33<>"N/A"),Config!$D$10&"; ","")&IF(AND($D33="Encerrado",Config!$D$11<>"",P33<>"Sim",P33<>"N/A"),Config!$D$11&"; ","")&IF(AND($D33="Encerrado",Config!$D$12<>"",Q33<>"Sim",Q33<>"N/A"),Config!$D$12&"; ","")&IF(AND($D33="Encerrado",Config!$D$13<>"",R33<>"Sim",R33<>"N/A"),Config!$D$13&"; ","")&IF(AND($D33="Encerrado",Config!$D$14<>"",S33<>"Sim",S33<>"N/A"),Config!$D$14&"; ","")&IF(AND($D33="Encerrado",Config!$D$15<>"",T33<>"Sim",T33<>"N/A"),Config!$D$15&"; ","")&IF(AND($D33="Encerrado",Config!$D$16<>"",U33<>"Sim",U33<>"N/A"),Config!$D$16&"; ","")&IF(AND($D33="Encerrado",Config!$D$17<>"",V33<>"Sim",V33<>"N/A"),Config!$D$17&"; ","")&IF(AND($D33="Encerrado",Config!$D$18<>"",W33<>"Sim",W33<>"N/A"),Config!$D$18&"; ","")&IF(AND($D33="Encerrado",Config!$D$19<>"",X33<>"Sim",X33<>"N/A"),Config!$D$19&"; ",""))
A34: 9605863-76.2026.8.26.0026 | B34: Marcos Vinícius Teles | C34: Rafael Lima | D34: Em andamento | E34: Sim | F34: Sim | G34: Sim | H34: Sim | I34: Sim | J34: Sim | K34: Sim | L34: Sim | M34: Sim | Y34: =IF(A34="","",IFERROR(COUNTIF(E34:N34,"Sim")/(Config!$B$21-COUNTIF(E34:N34,"N/A")),"")) -> 1 | Z34: =IF(OR(A34="",D34<>"Encerrado"),"",IFERROR(COUNTIF(O34:X34,"Sim")/(Config!$D$21-COUNTIF(O34:X34,"N/A")),"")) | AA34: =IF(A34="","",MAX(0,Config!$B$21-COUNTIF(E34:N34,"Sim")-COUNTIF(E34:N34,"N/A"))) -> 0 | AB34: =IF(OR(A34="",D34<>"Encerrado"),"",MAX(0,Config!$D$21-COUNTIF(O34:X34,"Sim")-COUNTIF(O34:X34,"N/A"))) | AC34: =IF(A34="","",AA34+IF(AB34="",0,AB34)) -> 0 | AD34: =IF(OR(A34="",AF34=""),"",LEFT(AF34,LEN(AF34)-2)) | AE34: =IF(OR(A34="",AC34=0),0,AC34*100-ROW()/100000) -> 0 | AF34: =IF(A34="","",IF(AND(Config!$B$10<>"",E34<>"Sim",E34<>"N/A"),Config!$B$10&"; ","")&IF(AND(Config!$B$11<>"",F34<>"Sim",F34<>"N/A"),Config!$B$11&"; ","")&IF(AND(Config!$B$12<>"",G34<>"Sim",G34<>"N/A"),Config!$B$12&"; ","")&IF(AND(Config!$B$13<>"",H34<>"Sim",H34<>"N/A"),Config!$B$13&"; ","")&IF(AND(Config!$B$14<>"",I34<>"Sim",I34<>"N/A"),Config!$B$14&"; ","")&IF(AND(Config!$B$15<>"",J34<>"Sim",J34<>"N/A"),Config!$B$15&"; ","")&IF(AND(Config!$B$16<>"",K34<>"Sim",K34<>"N/A"),Config!$B$16&"; ","")&IF(AND(Config!$B$17<>"",L34<>"Sim",L34<>"N/A"),Config!$B$17&"; ","")&IF(AND(Config!$B$18<>"",M34<>"Sim",M34<>"N/A"),Config!$B$18&"; ","")&IF(AND(Config!$B$19<>"",N34<>"Sim",N34<>"N/A"),Config!$B$19&"; ","")&IF(AND($D34="Encerrado",Config!$D$10<>"",O34<>"Sim",O34<>"N/A"),Config!$D$10&"; ","")&IF(AND($D34="Encerrado",Config!$D$11<>"",P34<>"Sim",P34<>"N/A"),Config!$D$11&"; ","")&IF(AND($D34="Encerrado",Config!$D$12<>"",Q34<>"Sim",Q34<>"N/A"),Config!$D$12&"; ","")&IF(AND($D34="Encerrado",Config!$D$13<>"",R34<>"Sim",R34<>"N/A"),Config!$D$13&"; ","")&IF(AND($D34="Encerrado",Config!$D$14<>"",S34<>"Sim",S34<>"N/A"),Config!$D$14&"; ","")&IF(AND($D34="Encerrado",Config!$D$15<>"",T34<>"Sim",T34<>"N/A"),Config!$D$15&"; ","")&IF(AND($D34="Encerrado",Config!$D$16<>"",U34<>"Sim",U34<>"N/A"),Config!$D$16&"; ","")&IF(AND($D34="Encerrado",Config!$D$17<>"",V34<>"Sim",V34<>"N/A"),Config!$D$17&"; ","")&IF(AND($D34="Encerrado",Config!$D$18<>"",W34<>"Sim",W34<>"N/A"),Config!$D$18&"; ","")&IF(AND($D34="Encerrado",Config!$D$19<>"",X34<>"Sim",X34<>"N/A"),Config!$D$19&"; ",""))
A35: 4766902-26.2025.8.26.0051 | B35: Padaria do Sol Ltda | C35: Marina Ferraz | D35: Encerrado | E35: Sim | F35: Sim | G35: Sim | H35: Sim | I35: Sim | J35: Sim | K35: Sim | L35: Sim | M35: Sim | O35: Sim | P35: Sim | Q35: Sim | R35: Sim | S35: Sim | T35: Sim | U35: Sim | V35: Sim | Y35: =IF(A35="","",IFERROR(COUNTIF(E35:N35,"Sim")/(Config!$B$21-COUNTIF(E35:N35,"N/A")),"")) -> 1 | Z35: =IF(OR(A35="",D35<>"Encerrado"),"",IFERROR(COUNTIF(O35:X35,"Sim")/(Config!$D$21-COUNTIF(O35:X35,"N/A")),"")) -> 1 | AA35: =IF(A35="","",MAX(0,Config!$B$21-COUNTIF(E35:N35,"Sim")-COUNTIF(E35:N35,"N/A"))) -> 0 | AB35: =IF(OR(A35="",D35<>"Encerrado"),"",MAX(0,Config!$D$21-COUNTIF(O35:X35,"Sim")-COUNTIF(O35:X35,"N/A"))) -> 0 | AC35: =IF(A35="","",AA35+IF(AB35="",0,AB35)) -> 0 | AD35: =IF(OR(A35="",AF35=""),"",LEFT(AF35,LEN(AF35)-2)) | AE35: =IF(OR(A35="",AC35=0),0,AC35*100-ROW()/100000) -> 0 | AF35: =IF(A35="","",IF(AND(Config!$B$10<>"",E35<>"Sim",E35<>"N/A"),Config!$B$10&"; ","")&IF(AND(Config!$B$11<>"",F35<>"Sim",F35<>"N/A"),Config!$B$11&"; ","")&IF(AND(Config!$B$12<>"",G35<>"Sim",G35<>"N/A"),Config!$B$12&"; ","")&IF(AND(Config!$B$13<>"",H35<>"Sim",H35<>"N/A"),Config!$B$13&"; ","")&IF(AND(Config!$B$14<>"",I35<>"Sim",I35<>"N/A"),Config!$B$14&"; ","")&IF(AND(Config!$B$15<>"",J35<>"Sim",J35<>"N/A"),Config!$B$15&"; ","")&IF(AND(Config!$B$16<>"",K35<>"Sim",K35<>"N/A"),Config!$B$16&"; ","")&IF(AND(Config!$B$17<>"",L35<>"Sim",L35<>"N/A"),Config!$B$17&"; ","")&IF(AND(Config!$B$18<>"",M35<>"Sim",M35<>"N/A"),Config!$B$18&"; ","")&IF(AND(Config!$B$19<>"",N35<>"Sim",N35<>"N/A"),Config!$B$19&"; ","")&IF(AND($D35="Encerrado",Config!$D$10<>"",O35<>"Sim",O35<>"N/A"),Config!$D$10&"; ","")&IF(AND($D35="Encerrado",Config!$D$11<>"",P35<>"Sim",P35<>"N/A"),Config!$D$11&"; ","")&IF(AND($D35="Encerrado",Config!$D$12<>"",Q35<>"Sim",Q35<>"N/A"),Config!$D$12&"; ","")&IF(AND($D35="Encerrado",Config!$D$13<>"",R35<>"Sim",R35<>"N/A"),Config!$D$13&"; ","")&IF(AND($D35="Encerrado",Config!$D$14<>"",S35<>"Sim",S35<>"N/A"),Config!$D$14&"; ","")&IF(AND($D35="Encerrado",Config!$D$15<>"",T35<>"Sim",T35<>"N/A"),Config!$D$15&"; ","")&IF(AND($D35="Encerrado",Config!$D$16<>"",U35<>"Sim",U35<>"N/A"),Config!$D$16&"; ","")&IF(AND($D35="Encerrado",Config!$D$17<>"",V35<>"Sim",V35<>"N/A"),Config!$D$17&"; ","")&IF(AND($D35="Encerrado",Config!$D$18<>"",W35<>"Sim",W35<>"N/A"),Config!$D$18&"; ","")&IF(AND($D35="Encerrado",Config!$D$19<>"",X35<>"Sim",X35<>"N/A"),Config!$D$19&"; ",""))
A36: 9778116-95.2025.8.26.0106 | B36: Construtora Horizonte | C36: Marina Ferraz | D36: Encerrado | E36: Sim | F36: Sim | G36: Sim | H36: Sim | I36: Sim | J36: Sim | K36: Sim | L36: Sim | M36: Sim | O36: Sim | P36: Sim | Q36: Sim | R36: Não | S36: Sim | T36: Sim | U36: Sim | V36: Sim | Y36: =IF(A36="","",IFERROR(COUNTIF(E36:N36,"Sim")/(Config!$B$21-COUNTIF(E36:N36,"N/A")),"")) -> 1 | Z36: =IF(OR(A36="",D36<>"Encerrado"),"",IFERROR(COUNTIF(O36:X36,"Sim")/(Config!$D$21-COUNTIF(O36:X36,"N/A")),"")) -> 0.875 | AA36: =IF(A36="","",MAX(0,Config!$B$21-COUNTIF(E36:N36,"Sim")-COUNTIF(E36:N36,"N/A"))) -> 0 | AB36: =IF(OR(A36="",D36<>"Encerrado"),"",MAX(0,Config!$D$21-COUNTIF(O36:X36,"Sim")-COUNTIF(O36:X36,"N/A"))) -> 1 | AC36: =IF(A36="","",AA36+IF(AB36="",0,AB36)) -> 1 | AD36: =IF(OR(A36="",AF36=""),"",LEFT(AF36,LEN(AF36)-2)) -> Pasta arquivada | AE36: =IF(OR(A36="",AC36=0),0,AC36*100-ROW()/100000) -> 99.99964 | AF36: =IF(A36="","",IF(AND(Config!$B$10<>"",E36<>"Sim",E36<>"N/A"),Config!$B$10&"; ","")&IF(AND(Config!$B$11<>"",F36<>"Sim",F36<>"N/A"),Config!$B$11&"; ","")&IF(AND(Config!$B$12<>"",G36<>"Sim",G36<>"N/A"),Config!$B$12&"; ","")&IF(AND(Config!$B$13<>"",H36<>"Sim",H36<>"N/A"),Config!$B$13&"; ","")&IF(AND(Config!$B$14<>"",I36<>"Sim",I36<>"N/A"),Config!$B$14&"; ","")&IF(AND(Config!$B$15<>"",J36<>"Sim",J36<>"N/A"),Config!$B$15&"; ","")&IF(AND(Config!$B$16<>"",K36<>"Sim",K36<>"N/A"),Config!$B$16&"; ","")&IF(AND(Config!$B$17<>"",L36<>"Sim",L36<>"N/A"),Config!$B$17&"; ","")&IF(AND(Config!$B$18<>"",M36<>"Sim",M36<>"N/A"),Config!$B$18&"; ","")&IF(AND(Config!$B$19<>"",N36<>"Sim",N36<>"N/A"),Config!$B$19&"; ","")&IF(AND($D36="Encerrado",Config!$D$10<>"",O36<>"Sim",O36<>"N/A"),Config!$D$10&"; ","")&IF(AND($D36="Encerrado",Config!$D$11<>"",P36<>"Sim",P36<>"N/A"),Config!$D$11&"; ","")&IF(AND($D36="Encerrado",Config!$D$12<>"",Q36<>"Sim",Q36<>"N/A"),Config!$D$12&"; ","")&IF(AND($D36="Encerrado",Config!$D$13<>"",R36<>"Sim",R36<>"N/A"),Config!$D$13&"; ","")&IF(AND($D36="Encerrado",Config!$D$14<>"",S36<>"Sim",S36<>"N/A"),Config!$D$14&"; ","")&IF(AND($D36="Encerrado",Config!$D$15<>"",T36<>"Sim",T36<>"N/A"),Config!$D$15&"; ","")&IF(AND($D36="Encerrado",Config!$D$16<>"",U36<>"Sim",U36<>"N/A"),Config!$D$16&"; ","")&IF(AND($D36="Encerrado",Config!$D$17<>"",V36<>"Sim",V36<>"N/A"),Config!$D$17&"; ","")&IF(AND($D36="Encerrado",Config!$D$18<>"",W36<>"Sim",W36<>"N/A"),Config!$D$18&"; ","")&IF(AND($D36="Encerrado",Config!$D$19<>"",X36<>"Sim",X36<>"N/A"),Config!$D$19&"; ","")) -> Pasta arquivada;
A37: 8204296-70.2025.8.26.0146 | B37: Marcos Vinícius Teles | C37: Rafael Lima | D37: Encerrado | E37: Sim | F37: Sim | G37: Sim | H37: Sim | I37: Sim | J37: Sim | K37: Sim | L37: Sim | M37: Sim | O37: Sim | P37: Sim | Q37: Sim | R37: Sim | S37: Sim | T37: Sim | U37: Sim | V37: Sim | Y37: =IF(A37="","",IFERROR(COUNTIF(E37:N37,"Sim")/(Config!$B$21-COUNTIF(E37:N37,"N/A")),"")) -> 1 | Z37: =IF(OR(A37="",D37<>"Encerrado"),"",IFERROR(COUNTIF(O37:X37,"Sim")/(Config!$D$21-COUNTIF(O37:X37,"N/A")),"")) -> 1 | AA37: =IF(A37="","",MAX(0,Config!$B$21-COUNTIF(E37:N37,"Sim")-COUNTIF(E37:N37,"N/A"))) -> 0 | AB37: =IF(OR(A37="",D37<>"Encerrado"),"",MAX(0,Config!$D$21-COUNTIF(O37:X37,"Sim")-COUNTIF(O37:X37,"N/A"))) -> 0 | AC37: =IF(A37="","",AA37+IF(AB37="",0,AB37)) -> 0 | AD37: =IF(OR(A37="",AF37=""),"",LEFT(AF37,LEN(AF37)-2)) | AE37: =IF(OR(A37="",AC37=0),0,AC37*100-ROW()/100000) -> 0 | AF37: =IF(A37="","",IF(AND(Config!$B$10<>"",E37<>"Sim",E37<>"N/A"),Config!$B$10&"; ","")&IF(AND(Config!$B$11<>"",F37<>"Sim",F37<>"N/A"),Config!$B$11&"; ","")&IF(AND(Config!$B$12<>"",G37<>"Sim",G37<>"N/A"),Config!$B$12&"; ","")&IF(AND(Config!$B$13<>"",H37<>"Sim",H37<>"N/A"),Config!$B$13&"; ","")&IF(AND(Config!$B$14<>"",I37<>"Sim",I37<>"N/A"),Config!$B$14&"; ","")&IF(AND(Config!$B$15<>"",J37<>"Sim",J37<>"N/A"),Config!$B$15&"; ","")&IF(AND(Config!$B$16<>"",K37<>"Sim",K37<>"N/A"),Config!$B$16&"; ","")&IF(AND(Config!$B$17<>"",L37<>"Sim",L37<>"N/A"),Config!$B$17&"; ","")&IF(AND(Config!$B$18<>"",M37<>"Sim",M37<>"N/A"),Config!$B$18&"; ","")&IF(AND(Config!$B$19<>"",N37<>"Sim",N37<>"N/A"),Config!$B$19&"; ","")&IF(AND($D37="Encerrado",Config!$D$10<>"",O37<>"Sim",O37<>"N/A"),Config!$D$10&"; ","")&IF(AND($D37="Encerrado",Config!$D$11<>"",P37<>"Sim",P37<>"N/A"),Config!$D$11&"; ","")&IF(AND($D37="Encerrado",Config!$D$12<>"",Q37<>"Sim",Q37<>"N/A"),Config!$D$12&"; ","")&IF(AND($D37="Encerrado",Config!$D$13<>"",R37<>"Sim",R37<>"N/A"),Config!$D$13&"; ","")&IF(AND($D37="Encerrado",Config!$D$14<>"",S37<>"Sim",S37<>"N/A"),Config!$D$14&"; ","")&IF(AND($D37="Encerrado",Config!$D$15<>"",T37<>"Sim",T37<>"N/A"),Config!$D$15&"; ","")&IF(AND($D37="Encerrado",Config!$D$16<>"",U37<>"Sim",U37<>"N/A"),Config!$D$16&"; ","")&IF(AND($D37="Encerrado",Config!$D$17<>"",V37<>"Sim",V37<>"N/A"),Config!$D$17&"; ","")&IF(AND($D37="Encerrado",Config!$D$18<>"",W37<>"Sim",W37<>"N/A"),Config!$D$18&"; ","")&IF(AND($D37="Encerrado",Config!$D$19<>"",X37<>"Sim",X37<>"N/A"),Config!$D$19&"; ",""))
A38: 9088515-39.2025.8.26.0125 | B38: Loja Verde Comércio | C38: Marina Ferraz | D38: Encerrado | E38: Sim | F38: Sim | G38: Sim | H38: Sim | I38: Sim | J38: Sim | K38: Sim | L38: Sim | M38: Sim | O38: Sim | P38: Sim | Q38: Sim | R38: Sim | S38: Sim | T38: Sim | U38: Sim | V38: Sim | Y38: =IF(A38="","",IFERROR(COUNTIF(E38:N38,"Sim")/(Config!$B$21-COUNTIF(E38:N38,"N/A")),"")) -> 1 | Z38: =IF(OR(A38="",D38<>"Encerrado"),"",IFERROR(COUNTIF(O38:X38,"Sim")/(Config!$D$21-COUNTIF(O38:X38,"N/A")),"")) -> 1 | AA38: =IF(A38="","",MAX(0,Config!$B$21-COUNTIF(E38:N38,"Sim")-COUNTIF(E38:N38,"N/A"))) -> 0 | AB38: =IF(OR(A38="",D38<>"Encerrado"),"",MAX(0,Config!$D$21-COUNTIF(O38:X38,"Sim")-COUNTIF(O38:X38,"N/A"))) -> 0 | AC38: =IF(A38="","",AA38+IF(AB38="",0,AB38)) -> 0 | AD38: =IF(OR(A38="",AF38=""),"",LEFT(AF38,LEN(AF38)-2)) | AE38: =IF(OR(A38="",AC38=0),0,AC38*100-ROW()/100000) -> 0 | AF38: =IF(A38="","",IF(AND(Config!$B$10<>"",E38<>"Sim",E38<>"N/A"),Config!$B$10&"; ","")&IF(AND(Config!$B$11<>"",F38<>"Sim",F38<>"N/A"),Config!$B$11&"; ","")&IF(AND(Config!$B$12<>"",G38<>"Sim",G38<>"N/A"),Config!$B$12&"; ","")&IF(AND(Config!$B$13<>"",H38<>"Sim",H38<>"N/A"),Config!$B$13&"; ","")&IF(AND(Config!$B$14<>"",I38<>"Sim",I38<>"N/A"),Config!$B$14&"; ","")&IF(AND(Config!$B$15<>"",J38<>"Sim",J38<>"N/A"),Config!$B$15&"; ","")&IF(AND(Config!$B$16<>"",K38<>"Sim",K38<>"N/A"),Config!$B$16&"; ","")&IF(AND(Config!$B$17<>"",L38<>"Sim",L38<>"N/A"),Config!$B$17&"; ","")&IF(AND(Config!$B$18<>"",M38<>"Sim",M38<>"N/A"),Config!$B$18&"; ","")&IF(AND(Config!$B$19<>"",N38<>"Sim",N38<>"N/A"),Config!$B$19&"; ","")&IF(AND($D38="Encerrado",Config!$D$10<>"",O38<>"Sim",O38<>"N/A"),Config!$D$10&"; ","")&IF(AND($D38="Encerrado",Config!$D$11<>"",P38<>"Sim",P38<>"N/A"),Config!$D$11&"; ","")&IF(AND($D38="Encerrado",Config!$D$12<>"",Q38<>"Sim",Q38<>"N/A"),Config!$D$12&"; ","")&IF(AND($D38="Encerrado",Config!$D$13<>"",R38<>"Sim",R38<>"N/A"),Config!$D$13&"; ","")&IF(AND($D38="Encerrado",Config!$D$14<>"",S38<>"Sim",S38<>"N/A"),Config!$D$14&"; ","")&IF(AND($D38="Encerrado",Config!$D$15<>"",T38<>"Sim",T38<>"N/A"),Config!$D$15&"; ","")&IF(AND($D38="Encerrado",Config!$D$16<>"",U38<>"Sim",U38<>"N/A"),Config!$D$16&"; ","")&IF(AND($D38="Encerrado",Config!$D$17<>"",V38<>"Sim",V38<>"N/A"),Config!$D$17&"; ","")&IF(AND($D38="Encerrado",Config!$D$18<>"",W38<>"Sim",W38<>"N/A"),Config!$D$18&"; ","")&IF(AND($D38="Encerrado",Config!$D$19<>"",X38<>"Sim",X38<>"N/A"),Config!$D$19&"; ",""))
A39: 8663770-96.2025.8.26.0481 | B39: Oficina Mecânica Central | C39: Rafael Lima | D39: Encerrado | E39: Sim | F39: Sim | G39: Sim | H39: Sim | I39: Sim | J39: Sim | K39: Sim | L39: Sim | M39: Sim | O39: Sim | P39: Sim | R39: Sim | S39: Sim | T39: Não | U39: Sim | V39: Sim | Y39: =IF(A39="","",IFERROR(COUNTIF(E39:N39,"Sim")/(Config!$B$21-COUNTIF(E39:N39,"N/A")),"")) -> 1 | Z39: =IF(OR(A39="",D39<>"Encerrado"),"",IFERROR(COUNTIF(O39:X39,"Sim")/(Config!$D$21-COUNTIF(O39:X39,"N/A")),"")) -> 0.75 | AA39: =IF(A39="","",MAX(0,Config!$B$21-COUNTIF(E39:N39,"Sim")-COUNTIF(E39:N39,"N/A"))) -> 0 | AB39: =IF(OR(A39="",D39<>"Encerrado"),"",MAX(0,Config!$D$21-COUNTIF(O39:X39,"Sim")-COUNTIF(O39:X39,"N/A"))) -> 2 | AC39: =IF(A39="","",AA39+IF(AB39="",0,AB39)) -> 2 | AD39: =IF(OR(A39="",AF39=""),"",LEFT(AF39,LEN(AF39)-2)) -> Documentos devolvidos ao cliente; Avaliação do cliente pedida | AE39: =IF(OR(A39="",AC39=0),0,AC39*100-ROW()/100000) -> 199.99961 | AF39: =IF(A39="","",IF(AND(Config!$B$10<>"",E39<>"Sim",E39<>"N/A"),Config!$B$10&"; ","")&IF(AND(Config!$B$11<>"",F39<>"Sim",F39<>"N/A"),Config!$B$11&"; ","")&IF(AND(Config!$B$12<>"",G39<>"Sim",G39<>"N/A"),Config!$B$12&"; ","")&IF(AND(Config!$B$13<>"",H39<>"Sim",H39<>"N/A"),Config!$B$13&"; ","")&IF(AND(Config!$B$14<>"",I39<>"Sim",I39<>"N/A"),Config!$B$14&"; ","")&IF(AND(Config!$B$15<>"",J39<>"Sim",J39<>"N/A"),Config!$B$15&"; ","")&IF(AND(Config!$B$16<>"",K39<>"Sim",K39<>"N/A"),Config!$B$16&"; ","")&IF(AND(Config!$B$17<>"",L39<>"Sim",L39<>"N/A"),Config!$B$17&"; ","")&IF(AND(Config!$B$18<>"",M39<>"Sim",M39<>"N/A"),Config!$B$18&"; ","")&IF(AND(Config!$B$19<>"",N39<>"Sim",N39<>"N/A"),Config!$B$19&"; ","")&IF(AND($D39="Encerrado",Config!$D$10<>"",O39<>"Sim",O39<>"N/A"),Config!$D$10&"; ","")&IF(AND($D39="Encerrado",Config!$D$11<>"",P39<>"Sim",P39<>"N/A"),Config!$D$11&"; ","")&IF(AND($D39="Encerrado",Config!$D$12<>"",Q39<>"Sim",Q39<>"N/A"),Config!$D$12&"; ","")&IF(AND($D39="Encerrado",Config!$D$13<>"",R39<>"Sim",R39<>"N/A"),Config!$D$13&"; ","")&IF(AND($D39="Encerrado",Config!$D$14<>"",S39<>"Sim",S39<>"N/A"),Config!$D$14&"; ","")&IF(AND($D39="Encerrado",Config!$D$15<>"",T39<>"Sim",T39<>"N/A"),Config!$D$15&"; ","")&IF(AND($D39="Encerrado",Config!$D$16<>"",U39<>"Sim",U39<>"N/A"),Config!$D$16&"; ","")&IF(AND($D39="Encerrado",Config!$D$17<>"",V39<>"Sim",V39<>"N/A"),Config!$D$17&"; ","")&IF(AND($D39="Encerrado",Config!$D$18<>"",W39<>"Sim",W39<>"N/A"),Config!$D$18&"; ","")&IF(AND($D39="Encerrado",Config!$D$19<>"",X39<>"Sim",X39<>"N/A"),Config!$D$19&"; ","")) -> Documentos devolvidos ao cliente; Avaliação do cliente pedida;
A40: 5211189-81.2025.8.26.0412 | B40: Fernanda Castro | C40: Marina Ferraz | D40: Encerrado | E40: Sim | F40: Sim | G40: Sim | H40: Sim | I40: Sim | J40: Sim | K40: Sim | L40: Sim | M40: Sim | O40: Sim | P40: Sim | Q40: Sim | R40: Sim | S40: Sim | T40: Não | U40: Sim | V40: Sim | Y40: =IF(A40="","",IFERROR(COUNTIF(E40:N40,"Sim")/(Config!$B$21-COUNTIF(E40:N40,"N/A")),"")) -> 1 | Z40: =IF(OR(A40="",D40<>"Encerrado"),"",IFERROR(COUNTIF(O40:X40,"Sim")/(Config!$D$21-COUNTIF(O40:X40,"N/A")),"")) -> 0.875 | AA40: =IF(A40="","",MAX(0,Config!$B$21-COUNTIF(E40:N40,"Sim")-COUNTIF(E40:N40,"N/A"))) -> 0 | AB40: =IF(OR(A40="",D40<>"Encerrado"),"",MAX(0,Config!$D$21-COUNTIF(O40:X40,"Sim")-COUNTIF(O40:X40,"N/A"))) -> 1 | AC40: =IF(A40="","",AA40+IF(AB40="",0,AB40)) -> 1 | AD40: =IF(OR(A40="",AF40=""),"",LEFT(AF40,LEN(AF40)-2)) -> Avaliação do cliente pedida | AE40: =IF(OR(A40="",AC40=0),0,AC40*100-ROW()/100000) -> 99.9996 | AF40: =IF(A40="","",IF(AND(Config!$B$10<>"",E40<>"Sim",E40<>"N/A"),Config!$B$10&"; ","")&IF(AND(Config!$B$11<>"",F40<>"Sim",F40<>"N/A"),Config!$B$11&"; ","")&IF(AND(Config!$B$12<>"",G40<>"Sim",G40<>"N/A"),Config!$B$12&"; ","")&IF(AND(Config!$B$13<>"",H40<>"Sim",H40<>"N/A"),Config!$B$13&"; ","")&IF(AND(Config!$B$14<>"",I40<>"Sim",I40<>"N/A"),Config!$B$14&"; ","")&IF(AND(Config!$B$15<>"",J40<>"Sim",J40<>"N/A"),Config!$B$15&"; ","")&IF(AND(Config!$B$16<>"",K40<>"Sim",K40<>"N/A"),Config!$B$16&"; ","")&IF(AND(Config!$B$17<>"",L40<>"Sim",L40<>"N/A"),Config!$B$17&"; ","")&IF(AND(Config!$B$18<>"",M40<>"Sim",M40<>"N/A"),Config!$B$18&"; ","")&IF(AND(Config!$B$19<>"",N40<>"Sim",N40<>"N/A"),Config!$B$19&"; ","")&IF(AND($D40="Encerrado",Config!$D$10<>"",O40<>"Sim",O40<>"N/A"),Config!$D$10&"; ","")&IF(AND($D40="Encerrado",Config!$D$11<>"",P40<>"Sim",P40<>"N/A"),Config!$D$11&"; ","")&IF(AND($D40="Encerrado",Config!$D$12<>"",Q40<>"Sim",Q40<>"N/A"),Config!$D$12&"; ","")&IF(AND($D40="Encerrado",Config!$D$13<>"",R40<>"Sim",R40<>"N/A"),Config!$D$13&"; ","")&IF(AND($D40="Encerrado",Config!$D$14<>"",S40<>"Sim",S40<>"N/A"),Config!$D$14&"; ","")&IF(AND($D40="Encerrado",Config!$D$15<>"",T40<>"Sim",T40<>"N/A"),Config!$D$15&"; ","")&IF(AND($D40="Encerrado",Config!$D$16<>"",U40<>"Sim",U40<>"N/A"),Config!$D$16&"; ","")&IF(AND($D40="Encerrado",Config!$D$17<>"",V40<>"Sim",V40<>"N/A"),Config!$D$17&"; ","")&IF(AND($D40="Encerrado",Config!$D$18<>"",W40<>"Sim",W40<>"N/A"),Config!$D$18&"; ","")&IF(AND($D40="Encerrado",Config!$D$19<>"",X40<>"Sim",X40<>"N/A"),Config!$D$19&"; ","")) -> Avaliação do cliente pedida;
A41: 6161129-80.2025.8.26.0663 | B41: José Antônio Ribeiro | C41: Rafael Lima | D41: Encerrado | E41: Sim | F41: Sim | G41: Sim | H41: Sim | I41: Sim | J41: Sim | K41: Sim | L41: Sim | M41: Sim | O41: Sim | P41: Sim | Q41: Sim | R41: Sim | S41: Sim | T41: Sim | U41: Sim | V41: Sim | Y41: =IF(A41="","",IFERROR(COUNTIF(E41:N41,"Sim")/(Config!$B$21-COUNTIF(E41:N41,"N/A")),"")) -> 1 | Z41: =IF(OR(A41="",D41<>"Encerrado"),"",IFERROR(COUNTIF(O41:X41,"Sim")/(Config!$D$21-COUNTIF(O41:X41,"N/A")),"")) -> 1 | AA41: =IF(A41="","",MAX(0,Config!$B$21-COUNTIF(E41:N41,"Sim")-COUNTIF(E41:N41,"N/A"))) -> 0 | AB41: =IF(OR(A41="",D41<>"Encerrado"),"",MAX(0,Config!$D$21-COUNTIF(O41:X41,"Sim")-COUNTIF(O41:X41,"N/A"))) -> 0 | AC41: =IF(A41="","",AA41+IF(AB41="",0,AB41)) -> 0 | AD41: =IF(OR(A41="",AF41=""),"",LEFT(AF41,LEN(AF41)-2)) | AE41: =IF(OR(A41="",AC41=0),0,AC41*100-ROW()/100000) -> 0 | AF41: =IF(A41="","",IF(AND(Config!$B$10<>"",E41<>"Sim",E41<>"N/A"),Config!$B$10&"; ","")&IF(AND(Config!$B$11<>"",F41<>"Sim",F41<>"N/A"),Config!$B$11&"; ","")&IF(AND(Config!$B$12<>"",G41<>"Sim",G41<>"N/A"),Config!$B$12&"; ","")&IF(AND(Config!$B$13<>"",H41<>"Sim",H41<>"N/A"),Config!$B$13&"; ","")&IF(AND(Config!$B$14<>"",I41<>"Sim",I41<>"N/A"),Config!$B$14&"; ","")&IF(AND(Config!$B$15<>"",J41<>"Sim",J41<>"N/A"),Config!$B$15&"; ","")&IF(AND(Config!$B$16<>"",K41<>"Sim",K41<>"N/A"),Config!$B$16&"; ","")&IF(AND(Config!$B$17<>"",L41<>"Sim",L41<>"N/A"),Config!$B$17&"; ","")&IF(AND(Config!$B$18<>"",M41<>"Sim",M41<>"N/A"),Config!$B$18&"; ","")&IF(AND(Config!$B$19<>"",N41<>"Sim",N41<>"N/A"),Config!$B$19&"; ","")&IF(AND($D41="Encerrado",Config!$D$10<>"",O41<>"Sim",O41<>"N/A"),Config!$D$10&"; ","")&IF(AND($D41="Encerrado",Config!$D$11<>"",P41<>"Sim",P41<>"N/A"),Config!$D$11&"; ","")&IF(AND($D41="Encerrado",Config!$D$12<>"",Q41<>"Sim",Q41<>"N/A"),Config!$D$12&"; ","")&IF(AND($D41="Encerrado",Config!$D$13<>"",R41<>"Sim",R41<>"N/A"),Config!$D$13&"; ","")&IF(AND($D41="Encerrado",Config!$D$14<>"",S41<>"Sim",S41<>"N/A"),Config!$D$14&"; ","")&IF(AND($D41="Encerrado",Config!$D$15<>"",T41<>"Sim",T41<>"N/A"),Config!$D$15&"; ","")&IF(AND($D41="Encerrado",Config!$D$16<>"",U41<>"Sim",U41<>"N/A"),Config!$D$16&"; ","")&IF(AND($D41="Encerrado",Config!$D$17<>"",V41<>"Sim",V41<>"N/A"),Config!$D$17&"; ","")&IF(AND($D41="Encerrado",Config!$D$18<>"",W41<>"Sim",W41<>"N/A"),Config!$D$18&"; ","")&IF(AND($D41="Encerrado",Config!$D$19<>"",X41<>"Sim",X41<>"N/A"),Config!$D$19&"; ",""))
A42: 9420478-99.2025.8.26.0491 | B42: Ana Beatriz Moreira | C42: Rafael Lima | D42: Encerrado | E42: Sim | F42: Sim | G42: Sim | H42: Sim | I42: Sim | J42: Sim | K42: Sim | L42: Sim | M42: Sim | O42: Sim | P42: Sim | Q42: Sim | R42: Sim | S42: Sim | T42: Sim | U42: Sim | V42: Sim | Y42: =IF(A42="","",IFERROR(COUNTIF(E42:N42,"Sim")/(Config!$B$21-COUNTIF(E42:N42,"N/A")),"")) -> 1 | Z42: =IF(OR(A42="",D42<>"Encerrado"),"",IFERROR(COUNTIF(O42:X42,"Sim")/(Config!$D$21-COUNTIF(O42:X42,"N/A")),"")) -> 1 | AA42: =IF(A42="","",MAX(0,Config!$B$21-COUNTIF(E42:N42,"Sim")-COUNTIF(E42:N42,"N/A"))) -> 0 | AB42: =IF(OR(A42="",D42<>"Encerrado"),"",MAX(0,Config!$D$21-COUNTIF(O42:X42,"Sim")-COUNTIF(O42:X42,"N/A"))) -> 0 | AC42: =IF(A42="","",AA42+IF(AB42="",0,AB42)) -> 0 | AD42: =IF(OR(A42="",AF42=""),"",LEFT(AF42,LEN(AF42)-2)) | AE42: =IF(OR(A42="",AC42=0),0,AC42*100-ROW()/100000) -> 0 | AF42: =IF(A42="","",IF(AND(Config!$B$10<>"",E42<>"Sim",E42<>"N/A"),Config!$B$10&"; ","")&IF(AND(Config!$B$11<>"",F42<>"Sim",F42<>"N/A"),Config!$B$11&"; ","")&IF(AND(Config!$B$12<>"",G42<>"Sim",G42<>"N/A"),Config!$B$12&"; ","")&IF(AND(Config!$B$13<>"",H42<>"Sim",H42<>"N/A"),Config!$B$13&"; ","")&IF(AND(Config!$B$14<>"",I42<>"Sim",I42<>"N/A"),Config!$B$14&"; ","")&IF(AND(Config!$B$15<>"",J42<>"Sim",J42<>"N/A"),Config!$B$15&"; ","")&IF(AND(Config!$B$16<>"",K42<>"Sim",K42<>"N/A"),Config!$B$16&"; ","")&IF(AND(Config!$B$17<>"",L42<>"Sim",L42<>"N/A"),Config!$B$17&"; ","")&IF(AND(Config!$B$18<>"",M42<>"Sim",M42<>"N/A"),Config!$B$18&"; ","")&IF(AND(Config!$B$19<>"",N42<>"Sim",N42<>"N/A"),Config!$B$19&"; ","")&IF(AND($D42="Encerrado",Config!$D$10<>"",O42<>"Sim",O42<>"N/A"),Config!$D$10&"; ","")&IF(AND($D42="Encerrado",Config!$D$11<>"",P42<>"Sim",P42<>"N/A"),Config!$D$11&"; ","")&IF(AND($D42="Encerrado",Config!$D$12<>"",Q42<>"Sim",Q42<>"N/A"),Config!$D$12&"; ","")&IF(AND($D42="Encerrado",Config!$D$13<>"",R42<>"Sim",R42<>"N/A"),Config!$D$13&"; ","")&IF(AND($D42="Encerrado",Config!$D$14<>"",S42<>"Sim",S42<>"N/A"),Config!$D$14&"; ","")&IF(AND($D42="Encerrado",Config!$D$15<>"",T42<>"Sim",T42<>"N/A"),Config!$D$15&"; ","")&IF(AND($D42="Encerrado",Config!$D$16<>"",U42<>"Sim",U42<>"N/A"),Config!$D$16&"; ","")&IF(AND($D42="Encerrado",Config!$D$17<>"",V42<>"Sim",V42<>"N/A"),Config!$D$17&"; ","")&IF(AND($D42="Encerrado",Config!$D$18<>"",W42<>"Sim",W42<>"N/A"),Config!$D$18&"; ","")&IF(AND($D42="Encerrado",Config!$D$19<>"",X42<>"Sim",X42<>"N/A"),Config!$D$19&"; ",""))
Y43: =IF(A43="","",IFERROR(COUNTIF(E43:N43,"Sim")/(Config!$B$21-COUNTIF(E43:N43,"N/A")),"")) | Z43: =IF(OR(A43="",D43<>"Encerrado"),"",IFERROR(COUNTIF(O43:X43,"Sim")/(Config!$D$21-COUNTIF(O43:X43,"N/A")),"")) | AA43: =IF(A43="","",MAX(0,Config!$B$21-COUNTIF(E43:N43,"Sim")-COUNTIF(E43:N43,"N/A"))) | AB43: =IF(OR(A43="",D43<>"Encerrado"),"",MAX(0,Config!$D$21-COUNTIF(O43:X43,"Sim")-COUNTIF(O43:X43,"N/A"))) | AC43: =IF(A43="","",AA43+IF(AB43="",0,AB43)) | AD43: =IF(OR(A43="",AF43=""),"",LEFT(AF43,LEN(AF43)-2)) | AE43: =IF(OR(A43="",AC43=0),0,AC43*100-ROW()/100000) -> 0 | AF43: =IF(A43="","",IF(AND(Config!$B$10<>"",E43<>"Sim",E43<>"N/A"),Config!$B$10&"; ","")&IF(AND(Config!$B$11<>"",F43<>"Sim",F43<>"N/A"),Config!$B$11&"; ","")&IF(AND(Config!$B$12<>"",G43<>"Sim",G43<>"N/A"),Config!$B$12&"; ","")&IF(AND(Config!$B$13<>"",H43<>"Sim",H43<>"N/A"),Config!$B$13&"; ","")&IF(AND(Config!$B$14<>"",I43<>"Sim",I43<>"N/A"),Config!$B$14&"; ","")&IF(AND(Config!$B$15<>"",J43<>"Sim",J43<>"N/A"),Config!$B$15&"; ","")&IF(AND(Config!$B$16<>"",K43<>"Sim",K43<>"N/A"),Config!$B$16&"; ","")&IF(AND(Config!$B$17<>"",L43<>"Sim",L43<>"N/A"),Config!$B$17&"; ","")&IF(AND(Config!$B$18<>"",M43<>"Sim",M43<>"N/A"),Config!$B$18&"; ","")&IF(AND(Config!$B$19<>"",N43<>"Sim",N43<>"N/A"),Config!$B$19&"; ","")&IF(AND($D43="Encerrado",Config!$D$10<>"",O43<>"Sim",O43<>"N/A"),Config!$D$10&"; ","")&IF(AND($D43="Encerrado",Config!$D$11<>"",P43<>"Sim",P43<>"N/A"),Config!$D$11&"; ","")&IF(AND($D43="Encerrado",Config!$D$12<>"",Q43<>"Sim",Q43<>"N/A"),Config!$D$12&"; ","")&IF(AND($D43="Encerrado",Config!$D$13<>"",R43<>"Sim",R43<>"N/A"),Config!$D$13&"; ","")&IF(AND($D43="Encerrado",Config!$D$14<>"",S43<>"Sim",S43<>"N/A"),Config!$D$14&"; ","")&IF(AND($D43="Encerrado",Config!$D$15<>"",T43<>"Sim",T43<>"N/A"),Config!$D$15&"; ","")&IF(AND($D43="Encerrado",Config!$D$16<>"",U43<>"Sim",U43<>"N/A"),Config!$D$16&"; ","")&IF(AND($D43="Encerrado",Config!$D$17<>"",V43<>"Sim",V43<>"N/A"),Config!$D$17&"; ","")&IF(AND($D43="Encerrado",Config!$D$18<>"",W43<>"Sim",W43<>"N/A"),Config!$D$18&"; ","")&IF(AND($D43="Encerrado",Config!$D$19<>"",X43<>"Sim",X43<>"N/A"),Config!$D$19&"; ",""))
Y44: =IF(A44="","",IFERROR(COUNTIF(E44:N44,"Sim")/(Config!$B$21-COUNTIF(E44:N44,"N/A")),"")) | Z44: =IF(OR(A44="",D44<>"Encerrado"),"",IFERROR(COUNTIF(O44:X44,"Sim")/(Config!$D$21-COUNTIF(O44:X44,"N/A")),"")) | AA44: =IF(A44="","",MAX(0,Config!$B$21-COUNTIF(E44:N44,"Sim")-COUNTIF(E44:N44,"N/A"))) | AB44: =IF(OR(A44="",D44<>"Encerrado"),"",MAX(0,Config!$D$21-COUNTIF(O44:X44,"Sim")-COUNTIF(O44:X44,"N/A"))) | AC44: =IF(A44="","",AA44+IF(AB44="",0,AB44)) | AD44: =IF(OR(A44="",AF44=""),"",LEFT(AF44,LEN(AF44)-2)) | AE44: =IF(OR(A44="",AC44=0),0,AC44*100-ROW()/100000) -> 0 | AF44: =IF(A44="","",IF(AND(Config!$B$10<>"",E44<>"Sim",E44<>"N/A"),Config!$B$10&"; ","")&IF(AND(Config!$B$11<>"",F44<>"Sim",F44<>"N/A"),Config!$B$11&"; ","")&IF(AND(Config!$B$12<>"",G44<>"Sim",G44<>"N/A"),Config!$B$12&"; ","")&IF(AND(Config!$B$13<>"",H44<>"Sim",H44<>"N/A"),Config!$B$13&"; ","")&IF(AND(Config!$B$14<>"",I44<>"Sim",I44<>"N/A"),Config!$B$14&"; ","")&IF(AND(Config!$B$15<>"",J44<>"Sim",J44<>"N/A"),Config!$B$15&"; ","")&IF(AND(Config!$B$16<>"",K44<>"Sim",K44<>"N/A"),Config!$B$16&"; ","")&IF(AND(Config!$B$17<>"",L44<>"Sim",L44<>"N/A"),Config!$B$17&"; ","")&IF(AND(Config!$B$18<>"",M44<>"Sim",M44<>"N/A"),Config!$B$18&"; ","")&IF(AND(Config!$B$19<>"",N44<>"Sim",N44<>"N/A"),Config!$B$19&"; ","")&IF(AND($D44="Encerrado",Config!$D$10<>"",O44<>"Sim",O44<>"N/A"),Config!$D$10&"; ","")&IF(AND($D44="Encerrado",Config!$D$11<>"",P44<>"Sim",P44<>"N/A"),Config!$D$11&"; ","")&IF(AND($D44="Encerrado",Config!$D$12<>"",Q44<>"Sim",Q44<>"N/A"),Config!$D$12&"; ","")&IF(AND($D44="Encerrado",Config!$D$13<>"",R44<>"Sim",R44<>"N/A"),Config!$D$13&"; ","")&IF(AND($D44="Encerrado",Config!$D$14<>"",S44<>"Sim",S44<>"N/A"),Config!$D$14&"; ","")&IF(AND($D44="Encerrado",Config!$D$15<>"",T44<>"Sim",T44<>"N/A"),Config!$D$15&"; ","")&IF(AND($D44="Encerrado",Config!$D$16<>"",U44<>"Sim",U44<>"N/A"),Config!$D$16&"; ","")&IF(AND($D44="Encerrado",Config!$D$17<>"",V44<>"Sim",V44<>"N/A"),Config!$D$17&"; ","")&IF(AND($D44="Encerrado",Config!$D$18<>"",W44<>"Sim",W44<>"N/A"),Config!$D$18&"; ","")&IF(AND($D44="Encerrado",Config!$D$19<>"",X44<>"Sim",X44<>"N/A"),Config!$D$19&"; ",""))
Y45: =IF(A45="","",IFERROR(COUNTIF(E45:N45,"Sim")/(Config!$B$21-COUNTIF(E45:N45,"N/A")),"")) | Z45: =IF(OR(A45="",D45<>"Encerrado"),"",IFERROR(COUNTIF(O45:X45,"Sim")/(Config!$D$21-COUNTIF(O45:X45,"N/A")),"")) | AA45: =IF(A45="","",MAX(0,Config!$B$21-COUNTIF(E45:N45,"Sim")-COUNTIF(E45:N45,"N/A"))) | AB45: =IF(OR(A45="",D45<>"Encerrado"),"",MAX(0,Config!$D$21-COUNTIF(O45:X45,"Sim")-COUNTIF(O45:X45,"N/A"))) | AC45: =IF(A45="","",AA45+IF(AB45="",0,AB45)) | AD45: =IF(OR(A45="",AF45=""),"",LEFT(AF45,LEN(AF45)-2)) | AE45: =IF(OR(A45="",AC45=0),0,AC45*100-ROW()/100000) -> 0 | AF45: =IF(A45="","",IF(AND(Config!$B$10<>"",E45<>"Sim",E45<>"N/A"),Config!$B$10&"; ","")&IF(AND(Config!$B$11<>"",F45<>"Sim",F45<>"N/A"),Config!$B$11&"; ","")&IF(AND(Config!$B$12<>"",G45<>"Sim",G45<>"N/A"),Config!$B$12&"; ","")&IF(AND(Config!$B$13<>"",H45<>"Sim",H45<>"N/A"),Config!$B$13&"; ","")&IF(AND(Config!$B$14<>"",I45<>"Sim",I45<>"N/A"),Config!$B$14&"; ","")&IF(AND(Config!$B$15<>"",J45<>"Sim",J45<>"N/A"),Config!$B$15&"; ","")&IF(AND(Config!$B$16<>"",K45<>"Sim",K45<>"N/A"),Config!$B$16&"; ","")&IF(AND(Config!$B$17<>"",L45<>"Sim",L45<>"N/A"),Config!$B$17&"; ","")&IF(AND(Config!$B$18<>"",M45<>"Sim",M45<>"N/A"),Config!$B$18&"; ","")&IF(AND(Config!$B$19<>"",N45<>"Sim",N45<>"N/A"),Config!$B$19&"; ","")&IF(AND($D45="Encerrado",Config!$D$10<>"",O45<>"Sim",O45<>"N/A"),Config!$D$10&"; ","")&IF(AND($D45="Encerrado",Config!$D$11<>"",P45<>"Sim",P45<>"N/A"),Config!$D$11&"; ","")&IF(AND($D45="Encerrado",Config!$D$12<>"",Q45<>"Sim",Q45<>"N/A"),Config!$D$12&"; ","")&IF(AND($D45="Encerrado",Config!$D$13<>"",R45<>"Sim",R45<>"N/A"),Config!$D$13&"; ","")&IF(AND($D45="Encerrado",Config!$D$14<>"",S45<>"Sim",S45<>"N/A"),Config!$D$14&"; ","")&IF(AND($D45="Encerrado",Config!$D$15<>"",T45<>"Sim",T45<>"N/A"),Config!$D$15&"; ","")&IF(AND($D45="Encerrado",Config!$D$16<>"",U45<>"Sim",U45<>"N/A"),Config!$D$16&"; ","")&IF(AND($D45="Encerrado",Config!$D$17<>"",V45<>"Sim",V45<>"N/A"),Config!$D$17&"; ","")&IF(AND($D45="Encerrado",Config!$D$18<>"",W45<>"Sim",W45<>"N/A"),Config!$D$18&"; ","")&IF(AND($D45="Encerrado",Config!$D$19<>"",X45<>"Sim",X45<>"N/A"),Config!$D$19&"; ",""))
Y46: =IF(A46="","",IFERROR(COUNTIF(E46:N46,"Sim")/(Config!$B$21-COUNTIF(E46:N46,"N/A")),"")) | Z46: =IF(OR(A46="",D46<>"Encerrado"),"",IFERROR(COUNTIF(O46:X46,"Sim")/(Config!$D$21-COUNTIF(O46:X46,"N/A")),"")) | AA46: =IF(A46="","",MAX(0,Config!$B$21-COUNTIF(E46:N46,"Sim")-COUNTIF(E46:N46,"N/A"))) | AB46: =IF(OR(A46="",D46<>"Encerrado"),"",MAX(0,Config!$D$21-COUNTIF(O46:X46,"Sim")-COUNTIF(O46:X46,"N/A"))) | AC46: =IF(A46="","",AA46+IF(AB46="",0,AB46)) | AD46: =IF(OR(A46="",AF46=""),"",LEFT(AF46,LEN(AF46)-2)) | AE46: =IF(OR(A46="",AC46=0),0,AC46*100-ROW()/100000) -> 0 | AF46: =IF(A46="","",IF(AND(Config!$B$10<>"",E46<>"Sim",E46<>"N/A"),Config!$B$10&"; ","")&IF(AND(Config!$B$11<>"",F46<>"Sim",F46<>"N/A"),Config!$B$11&"; ","")&IF(AND(Config!$B$12<>"",G46<>"Sim",G46<>"N/A"),Config!$B$12&"; ","")&IF(AND(Config!$B$13<>"",H46<>"Sim",H46<>"N/A"),Config!$B$13&"; ","")&IF(AND(Config!$B$14<>"",I46<>"Sim",I46<>"N/A"),Config!$B$14&"; ","")&IF(AND(Config!$B$15<>"",J46<>"Sim",J46<>"N/A"),Config!$B$15&"; ","")&IF(AND(Config!$B$16<>"",K46<>"Sim",K46<>"N/A"),Config!$B$16&"; ","")&IF(AND(Config!$B$17<>"",L46<>"Sim",L46<>"N/A"),Config!$B$17&"; ","")&IF(AND(Config!$B$18<>"",M46<>"Sim",M46<>"N/A"),Config!$B$18&"; ","")&IF(AND(Config!$B$19<>"",N46<>"Sim",N46<>"N/A"),Config!$B$19&"; ","")&IF(AND($D46="Encerrado",Config!$D$10<>"",O46<>"Sim",O46<>"N/A"),Config!$D$10&"; ","")&IF(AND($D46="Encerrado",Config!$D$11<>"",P46<>"Sim",P46<>"N/A"),Config!$D$11&"; ","")&IF(AND($D46="Encerrado",Config!$D$12<>"",Q46<>"Sim",Q46<>"N/A"),Config!$D$12&"; ","")&IF(AND($D46="Encerrado",Config!$D$13<>"",R46<>"Sim",R46<>"N/A"),Config!$D$13&"; ","")&IF(AND($D46="Encerrado",Config!$D$14<>"",S46<>"Sim",S46<>"N/A"),Config!$D$14&"; ","")&IF(AND($D46="Encerrado",Config!$D$15<>"",T46<>"Sim",T46<>"N/A"),Config!$D$15&"; ","")&IF(AND($D46="Encerrado",Config!$D$16<>"",U46<>"Sim",U46<>"N/A"),Config!$D$16&"; ","")&IF(AND($D46="Encerrado",Config!$D$17<>"",V46<>"Sim",V46<>"N/A"),Config!$D$17&"; ","")&IF(AND($D46="Encerrado",Config!$D$18<>"",W46<>"Sim",W46<>"N/A"),Config!$D$18&"; ","")&IF(AND($D46="Encerrado",Config!$D$19<>"",X46<>"Sim",X46<>"N/A"),Config!$D$19&"; ",""))
Y47: =IF(A47="","",IFERROR(COUNTIF(E47:N47,"Sim")/(Config!$B$21-COUNTIF(E47:N47,"N/A")),"")) | Z47: =IF(OR(A47="",D47<>"Encerrado"),"",IFERROR(COUNTIF(O47:X47,"Sim")/(Config!$D$21-COUNTIF(O47:X47,"N/A")),"")) | AA47: =IF(A47="","",MAX(0,Config!$B$21-COUNTIF(E47:N47,"Sim")-COUNTIF(E47:N47,"N/A"))) | AB47: =IF(OR(A47="",D47<>"Encerrado"),"",MAX(0,Config!$D$21-COUNTIF(O47:X47,"Sim")-COUNTIF(O47:X47,"N/A"))) | AC47: =IF(A47="","",AA47+IF(AB47="",0,AB47)) | AD47: =IF(OR(A47="",AF47=""),"",LEFT(AF47,LEN(AF47)-2)) | AE47: =IF(OR(A47="",AC47=0),0,AC47*100-ROW()/100000) -> 0 | AF47: =IF(A47="","",IF(AND(Config!$B$10<>"",E47<>"Sim",E47<>"N/A"),Config!$B$10&"; ","")&IF(AND(Config!$B$11<>"",F47<>"Sim",F47<>"N/A"),Config!$B$11&"; ","")&IF(AND(Config!$B$12<>"",G47<>"Sim",G47<>"N/A"),Config!$B$12&"; ","")&IF(AND(Config!$B$13<>"",H47<>"Sim",H47<>"N/A"),Config!$B$13&"; ","")&IF(AND(Config!$B$14<>"",I47<>"Sim",I47<>"N/A"),Config!$B$14&"; ","")&IF(AND(Config!$B$15<>"",J47<>"Sim",J47<>"N/A"),Config!$B$15&"; ","")&IF(AND(Config!$B$16<>"",K47<>"Sim",K47<>"N/A"),Config!$B$16&"; ","")&IF(AND(Config!$B$17<>"",L47<>"Sim",L47<>"N/A"),Config!$B$17&"; ","")&IF(AND(Config!$B$18<>"",M47<>"Sim",M47<>"N/A"),Config!$B$18&"; ","")&IF(AND(Config!$B$19<>"",N47<>"Sim",N47<>"N/A"),Config!$B$19&"; ","")&IF(AND($D47="Encerrado",Config!$D$10<>"",O47<>"Sim",O47<>"N/A"),Config!$D$10&"; ","")&IF(AND($D47="Encerrado",Config!$D$11<>"",P47<>"Sim",P47<>"N/A"),Config!$D$11&"; ","")&IF(AND($D47="Encerrado",Config!$D$12<>"",Q47<>"Sim",Q47<>"N/A"),Config!$D$12&"; ","")&IF(AND($D47="Encerrado",Config!$D$13<>"",R47<>"Sim",R47<>"N/A"),Config!$D$13&"; ","")&IF(AND($D47="Encerrado",Config!$D$14<>"",S47<>"Sim",S47<>"N/A"),Config!$D$14&"; ","")&IF(AND($D47="Encerrado",Config!$D$15<>"",T47<>"Sim",T47<>"N/A"),Config!$D$15&"; ","")&IF(AND($D47="Encerrado",Config!$D$16<>"",U47<>"Sim",U47<>"N/A"),Config!$D$16&"; ","")&IF(AND($D47="Encerrado",Config!$D$17<>"",V47<>"Sim",V47<>"N/A"),Config!$D$17&"; ","")&IF(AND($D47="Encerrado",Config!$D$18<>"",W47<>"Sim",W47<>"N/A"),Config!$D$18&"; ","")&IF(AND($D47="Encerrado",Config!$D$19<>"",X47<>"Sim",X47<>"N/A"),Config!$D$19&"; ",""))
Y48: =IF(A48="","",IFERROR(COUNTIF(E48:N48,"Sim")/(Config!$B$21-COUNTIF(E48:N48,"N/A")),"")) | Z48: =IF(OR(A48="",D48<>"Encerrado"),"",IFERROR(COUNTIF(O48:X48,"Sim")/(Config!$D$21-COUNTIF(O48:X48,"N/A")),"")) | AA48: =IF(A48="","",MAX(0,Config!$B$21-COUNTIF(E48:N48,"Sim")-COUNTIF(E48:N48,"N/A"))) | AB48: =IF(OR(A48="",D48<>"Encerrado"),"",MAX(0,Config!$D$21-COUNTIF(O48:X48,"Sim")-COUNTIF(O48:X48,"N/A"))) | AC48: =IF(A48="","",AA48+IF(AB48="",0,AB48)) | AD48: =IF(OR(A48="",AF48=""),"",LEFT(AF48,LEN(AF48)-2)) | AE48: =IF(OR(A48="",AC48=0),0,AC48*100-ROW()/100000) -> 0 | AF48: =IF(A48="","",IF(AND(Config!$B$10<>"",E48<>"Sim",E48<>"N/A"),Config!$B$10&"; ","")&IF(AND(Config!$B$11<>"",F48<>"Sim",F48<>"N/A"),Config!$B$11&"; ","")&IF(AND(Config!$B$12<>"",G48<>"Sim",G48<>"N/A"),Config!$B$12&"; ","")&IF(AND(Config!$B$13<>"",H48<>"Sim",H48<>"N/A"),Config!$B$13&"; ","")&IF(AND(Config!$B$14<>"",I48<>"Sim",I48<>"N/A"),Config!$B$14&"; ","")&IF(AND(Config!$B$15<>"",J48<>"Sim",J48<>"N/A"),Config!$B$15&"; ","")&IF(AND(Config!$B$16<>"",K48<>"Sim",K48<>"N/A"),Config!$B$16&"; ","")&IF(AND(Config!$B$17<>"",L48<>"Sim",L48<>"N/A"),Config!$B$17&"; ","")&IF(AND(Config!$B$18<>"",M48<>"Sim",M48<>"N/A"),Config!$B$18&"; ","")&IF(AND(Config!$B$19<>"",N48<>"Sim",N48<>"N/A"),Config!$B$19&"; ","")&IF(AND($D48="Encerrado",Config!$D$10<>"",O48<>"Sim",O48<>"N/A"),Config!$D$10&"; ","")&IF(AND($D48="Encerrado",Config!$D$11<>"",P48<>"Sim",P48<>"N/A"),Config!$D$11&"; ","")&IF(AND($D48="Encerrado",Config!$D$12<>"",Q48<>"Sim",Q48<>"N/A"),Config!$D$12&"; ","")&IF(AND($D48="Encerrado",Config!$D$13<>"",R48<>"Sim",R48<>"N/A"),Config!$D$13&"; ","")&IF(AND($D48="Encerrado",Config!$D$14<>"",S48<>"Sim",S48<>"N/A"),Config!$D$14&"; ","")&IF(AND($D48="Encerrado",Config!$D$15<>"",T48<>"Sim",T48<>"N/A"),Config!$D$15&"; ","")&IF(AND($D48="Encerrado",Config!$D$16<>"",U48<>"Sim",U48<>"N/A"),Config!$D$16&"; ","")&IF(AND($D48="Encerrado",Config!$D$17<>"",V48<>"Sim",V48<>"N/A"),Config!$D$17&"; ","")&IF(AND($D48="Encerrado",Config!$D$18<>"",W48<>"Sim",W48<>"N/A"),Config!$D$18&"; ","")&IF(AND($D48="Encerrado",Config!$D$19<>"",X48<>"Sim",X48<>"N/A"),Config!$D$19&"; ",""))
Y49: =IF(A49="","",IFERROR(COUNTIF(E49:N49,"Sim")/(Config!$B$21-COUNTIF(E49:N49,"N/A")),"")) | Z49: =IF(OR(A49="",D49<>"Encerrado"),"",IFERROR(COUNTIF(O49:X49,"Sim")/(Config!$D$21-COUNTIF(O49:X49,"N/A")),"")) | AA49: =IF(A49="","",MAX(0,Config!$B$21-COUNTIF(E49:N49,"Sim")-COUNTIF(E49:N49,"N/A"))) | AB49: =IF(OR(A49="",D49<>"Encerrado"),"",MAX(0,Config!$D$21-COUNTIF(O49:X49,"Sim")-COUNTIF(O49:X49,"N/A"))) | AC49: =IF(A49="","",AA49+IF(AB49="",0,AB49)) | AD49: =IF(OR(A49="",AF49=""),"",LEFT(AF49,LEN(AF49)-2)) | AE49: =IF(OR(A49="",AC49=0),0,AC49*100-ROW()/100000) -> 0 | AF49: =IF(A49="","",IF(AND(Config!$B$10<>"",E49<>"Sim",E49<>"N/A"),Config!$B$10&"; ","")&IF(AND(Config!$B$11<>"",F49<>"Sim",F49<>"N/A"),Config!$B$11&"; ","")&IF(AND(Config!$B$12<>"",G49<>"Sim",G49<>"N/A"),Config!$B$12&"; ","")&IF(AND(Config!$B$13<>"",H49<>"Sim",H49<>"N/A"),Config!$B$13&"; ","")&IF(AND(Config!$B$14<>"",I49<>"Sim",I49<>"N/A"),Config!$B$14&"; ","")&IF(AND(Config!$B$15<>"",J49<>"Sim",J49<>"N/A"),Config!$B$15&"; ","")&IF(AND(Config!$B$16<>"",K49<>"Sim",K49<>"N/A"),Config!$B$16&"; ","")&IF(AND(Config!$B$17<>"",L49<>"Sim",L49<>"N/A"),Config!$B$17&"; ","")&IF(AND(Config!$B$18<>"",M49<>"Sim",M49<>"N/A"),Config!$B$18&"; ","")&IF(AND(Config!$B$19<>"",N49<>"Sim",N49<>"N/A"),Config!$B$19&"; ","")&IF(AND($D49="Encerrado",Config!$D$10<>"",O49<>"Sim",O49<>"N/A"),Config!$D$10&"; ","")&IF(AND($D49="Encerrado",Config!$D$11<>"",P49<>"Sim",P49<>"N/A"),Config!$D$11&"; ","")&IF(AND($D49="Encerrado",Config!$D$12<>"",Q49<>"Sim",Q49<>"N/A"),Config!$D$12&"; ","")&IF(AND($D49="Encerrado",Config!$D$13<>"",R49<>"Sim",R49<>"N/A"),Config!$D$13&"; ","")&IF(AND($D49="Encerrado",Config!$D$14<>"",S49<>"Sim",S49<>"N/A"),Config!$D$14&"; ","")&IF(AND($D49="Encerrado",Config!$D$15<>"",T49<>"Sim",T49<>"N/A"),Config!$D$15&"; ","")&IF(AND($D49="Encerrado",Config!$D$16<>"",U49<>"Sim",U49<>"N/A"),Config!$D$16&"; ","")&IF(AND($D49="Encerrado",Config!$D$17<>"",V49<>"Sim",V49<>"N/A"),Config!$D$17&"; ","")&IF(AND($D49="Encerrado",Config!$D$18<>"",W49<>"Sim",W49<>"N/A"),Config!$D$18&"; ","")&IF(AND($D49="Encerrado",Config!$D$19<>"",X49<>"Sim",X49<>"N/A"),Config!$D$19&"; ",""))
Y50: =IF(A50="","",IFERROR(COUNTIF(E50:N50,"Sim")/(Config!$B$21-COUNTIF(E50:N50,"N/A")),"")) | Z50: =IF(OR(A50="",D50<>"Encerrado"),"",IFERROR(COUNTIF(O50:X50,"Sim")/(Config!$D$21-COUNTIF(O50:X50,"N/A")),"")) | AA50: =IF(A50="","",MAX(0,Config!$B$21-COUNTIF(E50:N50,"Sim")-COUNTIF(E50:N50,"N/A"))) | AB50: =IF(OR(A50="",D50<>"Encerrado"),"",MAX(0,Config!$D$21-COUNTIF(O50:X50,"Sim")-COUNTIF(O50:X50,"N/A"))) | AC50: =IF(A50="","",AA50+IF(AB50="",0,AB50)) | AD50: =IF(OR(A50="",AF50=""),"",LEFT(AF50,LEN(AF50)-2)) | AE50: =IF(OR(A50="",AC50=0),0,AC50*100-ROW()/100000) -> 0 | AF50: =IF(A50="","",IF(AND(Config!$B$10<>"",E50<>"Sim",E50<>"N/A"),Config!$B$10&"; ","")&IF(AND(Config!$B$11<>"",F50<>"Sim",F50<>"N/A"),Config!$B$11&"; ","")&IF(AND(Config!$B$12<>"",G50<>"Sim",G50<>"N/A"),Config!$B$12&"; ","")&IF(AND(Config!$B$13<>"",H50<>"Sim",H50<>"N/A"),Config!$B$13&"; ","")&IF(AND(Config!$B$14<>"",I50<>"Sim",I50<>"N/A"),Config!$B$14&"; ","")&IF(AND(Config!$B$15<>"",J50<>"Sim",J50<>"N/A"),Config!$B$15&"; ","")&IF(AND(Config!$B$16<>"",K50<>"Sim",K50<>"N/A"),Config!$B$16&"; ","")&IF(AND(Config!$B$17<>"",L50<>"Sim",L50<>"N/A"),Config!$B$17&"; ","")&IF(AND(Config!$B$18<>"",M50<>"Sim",M50<>"N/A"),Config!$B$18&"; ","")&IF(AND(Config!$B$19<>"",N50<>"Sim",N50<>"N/A"),Config!$B$19&"; ","")&IF(AND($D50="Encerrado",Config!$D$10<>"",O50<>"Sim",O50<>"N/A"),Config!$D$10&"; ","")&IF(AND($D50="Encerrado",Config!$D$11<>"",P50<>"Sim",P50<>"N/A"),Config!$D$11&"; ","")&IF(AND($D50="Encerrado",Config!$D$12<>"",Q50<>"Sim",Q50<>"N/A"),Config!$D$12&"; ","")&IF(AND($D50="Encerrado",Config!$D$13<>"",R50<>"Sim",R50<>"N/A"),Config!$D$13&"; ","")&IF(AND($D50="Encerrado",Config!$D$14<>"",S50<>"Sim",S50<>"N/A"),Config!$D$14&"; ","")&IF(AND($D50="Encerrado",Config!$D$15<>"",T50<>"Sim",T50<>"N/A"),Config!$D$15&"; ","")&IF(AND($D50="Encerrado",Config!$D$16<>"",U50<>"Sim",U50<>"N/A"),Config!$D$16&"; ","")&IF(AND($D50="Encerrado",Config!$D$17<>"",V50<>"Sim",V50<>"N/A"),Config!$D$17&"; ","")&IF(AND($D50="Encerrado",Config!$D$18<>"",W50<>"Sim",W50<>"N/A"),Config!$D$18&"; ","")&IF(AND($D50="Encerrado",Config!$D$19<>"",X50<>"Sim",X50<>"N/A"),Config!$D$19&"; ",""))
Y51: =IF(A51="","",IFERROR(COUNTIF(E51:N51,"Sim")/(Config!$B$21-COUNTIF(E51:N51,"N/A")),"")) | Z51: =IF(OR(A51="",D51<>"Encerrado"),"",IFERROR(COUNTIF(O51:X51,"Sim")/(Config!$D$21-COUNTIF(O51:X51,"N/A")),"")) | AA51: =IF(A51="","",MAX(0,Config!$B$21-COUNTIF(E51:N51,"Sim")-COUNTIF(E51:N51,"N/A"))) | AB51: =IF(OR(A51="",D51<>"Encerrado"),"",MAX(0,Config!$D$21-COUNTIF(O51:X51,"Sim")-COUNTIF(O51:X51,"N/A"))) | AC51: =IF(A51="","",AA51+IF(AB51="",0,AB51)) | AD51: =IF(OR(A51="",AF51=""),"",LEFT(AF51,LEN(AF51)-2)) | AE51: =IF(OR(A51="",AC51=0),0,AC51*100-ROW()/100000) -> 0 | AF51: =IF(A51="","",IF(AND(Config!$B$10<>"",E51<>"Sim",E51<>"N/A"),Config!$B$10&"; ","")&IF(AND(Config!$B$11<>"",F51<>"Sim",F51<>"N/A"),Config!$B$11&"; ","")&IF(AND(Config!$B$12<>"",G51<>"Sim",G51<>"N/A"),Config!$B$12&"; ","")&IF(AND(Config!$B$13<>"",H51<>"Sim",H51<>"N/A"),Config!$B$13&"; ","")&IF(AND(Config!$B$14<>"",I51<>"Sim",I51<>"N/A"),Config!$B$14&"; ","")&IF(AND(Config!$B$15<>"",J51<>"Sim",J51<>"N/A"),Config!$B$15&"; ","")&IF(AND(Config!$B$16<>"",K51<>"Sim",K51<>"N/A"),Config!$B$16&"; ","")&IF(AND(Config!$B$17<>"",L51<>"Sim",L51<>"N/A"),Config!$B$17&"; ","")&IF(AND(Config!$B$18<>"",M51<>"Sim",M51<>"N/A"),Config!$B$18&"; ","")&IF(AND(Config!$B$19<>"",N51<>"Sim",N51<>"N/A"),Config!$B$19&"; ","")&IF(AND($D51="Encerrado",Config!$D$10<>"",O51<>"Sim",O51<>"N/A"),Config!$D$10&"; ","")&IF(AND($D51="Encerrado",Config!$D$11<>"",P51<>"Sim",P51<>"N/A"),Config!$D$11&"; ","")&IF(AND($D51="Encerrado",Config!$D$12<>"",Q51<>"Sim",Q51<>"N/A"),Config!$D$12&"; ","")&IF(AND($D51="Encerrado",Config!$D$13<>"",R51<>"Sim",R51<>"N/A"),Config!$D$13&"; ","")&IF(AND($D51="Encerrado",Config!$D$14<>"",S51<>"Sim",S51<>"N/A"),Config!$D$14&"; ","")&IF(AND($D51="Encerrado",Config!$D$15<>"",T51<>"Sim",T51<>"N/A"),Config!$D$15&"; ","")&IF(AND($D51="Encerrado",Config!$D$16<>"",U51<>"Sim",U51<>"N/A"),Config!$D$16&"; ","")&IF(AND($D51="Encerrado",Config!$D$17<>"",V51<>"Sim",V51<>"N/A"),Config!$D$17&"; ","")&IF(AND($D51="Encerrado",Config!$D$18<>"",W51<>"Sim",W51<>"N/A"),Config!$D$18&"; ","")&IF(AND($D51="Encerrado",Config!$D$19<>"",X51<>"Sim",X51<>"N/A"),Config!$D$19&"; ",""))
Y52: =IF(A52="","",IFERROR(COUNTIF(E52:N52,"Sim")/(Config!$B$21-COUNTIF(E52:N52,"N/A")),"")) | Z52: =IF(OR(A52="",D52<>"Encerrado"),"",IFERROR(COUNTIF(O52:X52,"Sim")/(Config!$D$21-COUNTIF(O52:X52,"N/A")),"")) | AA52: =IF(A52="","",MAX(0,Config!$B$21-COUNTIF(E52:N52,"Sim")-COUNTIF(E52:N52,"N/A"))) | AB52: =IF(OR(A52="",D52<>"Encerrado"),"",MAX(0,Config!$D$21-COUNTIF(O52:X52,"Sim")-COUNTIF(O52:X52,"N/A"))) | AC52: =IF(A52="","",AA52+IF(AB52="",0,AB52)) | AD52: =IF(OR(A52="",AF52=""),"",LEFT(AF52,LEN(AF52)-2)) | AE52: =IF(OR(A52="",AC52=0),0,AC52*100-ROW()/100000) -> 0 | AF52: =IF(A52="","",IF(AND(Config!$B$10<>"",E52<>"Sim",E52<>"N/A"),Config!$B$10&"; ","")&IF(AND(Config!$B$11<>"",F52<>"Sim",F52<>"N/A"),Config!$B$11&"; ","")&IF(AND(Config!$B$12<>"",G52<>"Sim",G52<>"N/A"),Config!$B$12&"; ","")&IF(AND(Config!$B$13<>"",H52<>"Sim",H52<>"N/A"),Config!$B$13&"; ","")&IF(AND(Config!$B$14<>"",I52<>"Sim",I52<>"N/A"),Config!$B$14&"; ","")&IF(AND(Config!$B$15<>"",J52<>"Sim",J52<>"N/A"),Config!$B$15&"; ","")&IF(AND(Config!$B$16<>"",K52<>"Sim",K52<>"N/A"),Config!$B$16&"; ","")&IF(AND(Config!$B$17<>"",L52<>"Sim",L52<>"N/A"),Config!$B$17&"; ","")&IF(AND(Config!$B$18<>"",M52<>"Sim",M52<>"N/A"),Config!$B$18&"; ","")&IF(AND(Config!$B$19<>"",N52<>"Sim",N52<>"N/A"),Config!$B$19&"; ","")&IF(AND($D52="Encerrado",Config!$D$10<>"",O52<>"Sim",O52<>"N/A"),Config!$D$10&"; ","")&IF(AND($D52="Encerrado",Config!$D$11<>"",P52<>"Sim",P52<>"N/A"),Config!$D$11&"; ","")&IF(AND($D52="Encerrado",Config!$D$12<>"",Q52<>"Sim",Q52<>"N/A"),Config!$D$12&"; ","")&IF(AND($D52="Encerrado",Config!$D$13<>"",R52<>"Sim",R52<>"N/A"),Config!$D$13&"; ","")&IF(AND($D52="Encerrado",Config!$D$14<>"",S52<>"Sim",S52<>"N/A"),Config!$D$14&"; ","")&IF(AND($D52="Encerrado",Config!$D$15<>"",T52<>"Sim",T52<>"N/A"),Config!$D$15&"; ","")&IF(AND($D52="Encerrado",Config!$D$16<>"",U52<>"Sim",U52<>"N/A"),Config!$D$16&"; ","")&IF(AND($D52="Encerrado",Config!$D$17<>"",V52<>"Sim",V52<>"N/A"),Config!$D$17&"; ","")&IF(AND($D52="Encerrado",Config!$D$18<>"",W52<>"Sim",W52<>"N/A"),Config!$D$18&"; ","")&IF(AND($D52="Encerrado",Config!$D$19<>"",X52<>"Sim",X52<>"N/A"),Config!$D$19&"; ",""))
Y53: =IF(A53="","",IFERROR(COUNTIF(E53:N53,"Sim")/(Config!$B$21-COUNTIF(E53:N53,"N/A")),"")) | Z53: =IF(OR(A53="",D53<>"Encerrado"),"",IFERROR(COUNTIF(O53:X53,"Sim")/(Config!$D$21-COUNTIF(O53:X53,"N/A")),"")) | AA53: =IF(A53="","",MAX(0,Config!$B$21-COUNTIF(E53:N53,"Sim")-COUNTIF(E53:N53,"N/A"))) | AB53: =IF(OR(A53="",D53<>"Encerrado"),"",MAX(0,Config!$D$21-COUNTIF(O53:X53,"Sim")-COUNTIF(O53:X53,"N/A"))) | AC53: =IF(A53="","",AA53+IF(AB53="",0,AB53)) | AD53: =IF(OR(A53="",AF53=""),"",LEFT(AF53,LEN(AF53)-2)) | AE53: =IF(OR(A53="",AC53=0),0,AC53*100-ROW()/100000) -> 0 | AF53: =IF(A53="","",IF(AND(Config!$B$10<>"",E53<>"Sim",E53<>"N/A"),Config!$B$10&"; ","")&IF(AND(Config!$B$11<>"",F53<>"Sim",F53<>"N/A"),Config!$B$11&"; ","")&IF(AND(Config!$B$12<>"",G53<>"Sim",G53<>"N/A"),Config!$B$12&"; ","")&IF(AND(Config!$B$13<>"",H53<>"Sim",H53<>"N/A"),Config!$B$13&"; ","")&IF(AND(Config!$B$14<>"",I53<>"Sim",I53<>"N/A"),Config!$B$14&"; ","")&IF(AND(Config!$B$15<>"",J53<>"Sim",J53<>"N/A"),Config!$B$15&"; ","")&IF(AND(Config!$B$16<>"",K53<>"Sim",K53<>"N/A"),Config!$B$16&"; ","")&IF(AND(Config!$B$17<>"",L53<>"Sim",L53<>"N/A"),Config!$B$17&"; ","")&IF(AND(Config!$B$18<>"",M53<>"Sim",M53<>"N/A"),Config!$B$18&"; ","")&IF(AND(Config!$B$19<>"",N53<>"Sim",N53<>"N/A"),Config!$B$19&"; ","")&IF(AND($D53="Encerrado",Config!$D$10<>"",O53<>"Sim",O53<>"N/A"),Config!$D$10&"; ","")&IF(AND($D53="Encerrado",Config!$D$11<>"",P53<>"Sim",P53<>"N/A"),Config!$D$11&"; ","")&IF(AND($D53="Encerrado",Config!$D$12<>"",Q53<>"Sim",Q53<>"N/A"),Config!$D$12&"; ","")&IF(AND($D53="Encerrado",Config!$D$13<>"",R53<>"Sim",R53<>"N/A"),Config!$D$13&"; ","")&IF(AND($D53="Encerrado",Config!$D$14<>"",S53<>"Sim",S53<>"N/A"),Config!$D$14&"; ","")&IF(AND($D53="Encerrado",Config!$D$15<>"",T53<>"Sim",T53<>"N/A"),Config!$D$15&"; ","")&IF(AND($D53="Encerrado",Config!$D$16<>"",U53<>"Sim",U53<>"N/A"),Config!$D$16&"; ","")&IF(AND($D53="Encerrado",Config!$D$17<>"",V53<>"Sim",V53<>"N/A"),Config!$D$17&"; ","")&IF(AND($D53="Encerrado",Config!$D$18<>"",W53<>"Sim",W53<>"N/A"),Config!$D$18&"; ","")&IF(AND($D53="Encerrado",Config!$D$19<>"",X53<>"Sim",X53<>"N/A"),Config!$D$19&"; ",""))
Y54: =IF(A54="","",IFERROR(COUNTIF(E54:N54,"Sim")/(Config!$B$21-COUNTIF(E54:N54,"N/A")),"")) | Z54: =IF(OR(A54="",D54<>"Encerrado"),"",IFERROR(COUNTIF(O54:X54,"Sim")/(Config!$D$21-COUNTIF(O54:X54,"N/A")),"")) | AA54: =IF(A54="","",MAX(0,Config!$B$21-COUNTIF(E54:N54,"Sim")-COUNTIF(E54:N54,"N/A"))) | AB54: =IF(OR(A54="",D54<>"Encerrado"),"",MAX(0,Config!$D$21-COUNTIF(O54:X54,"Sim")-COUNTIF(O54:X54,"N/A"))) | AC54: =IF(A54="","",AA54+IF(AB54="",0,AB54)) | AD54: =IF(OR(A54="",AF54=""),"",LEFT(AF54,LEN(AF54)-2)) | AE54: =IF(OR(A54="",AC54=0),0,AC54*100-ROW()/100000) -> 0 | AF54: =IF(A54="","",IF(AND(Config!$B$10<>"",E54<>"Sim",E54<>"N/A"),Config!$B$10&"; ","")&IF(AND(Config!$B$11<>"",F54<>"Sim",F54<>"N/A"),Config!$B$11&"; ","")&IF(AND(Config!$B$12<>"",G54<>"Sim",G54<>"N/A"),Config!$B$12&"; ","")&IF(AND(Config!$B$13<>"",H54<>"Sim",H54<>"N/A"),Config!$B$13&"; ","")&IF(AND(Config!$B$14<>"",I54<>"Sim",I54<>"N/A"),Config!$B$14&"; ","")&IF(AND(Config!$B$15<>"",J54<>"Sim",J54<>"N/A"),Config!$B$15&"; ","")&IF(AND(Config!$B$16<>"",K54<>"Sim",K54<>"N/A"),Config!$B$16&"; ","")&IF(AND(Config!$B$17<>"",L54<>"Sim",L54<>"N/A"),Config!$B$17&"; ","")&IF(AND(Config!$B$18<>"",M54<>"Sim",M54<>"N/A"),Config!$B$18&"; ","")&IF(AND(Config!$B$19<>"",N54<>"Sim",N54<>"N/A"),Config!$B$19&"; ","")&IF(AND($D54="Encerrado",Config!$D$10<>"",O54<>"Sim",O54<>"N/A"),Config!$D$10&"; ","")&IF(AND($D54="Encerrado",Config!$D$11<>"",P54<>"Sim",P54<>"N/A"),Config!$D$11&"; ","")&IF(AND($D54="Encerrado",Config!$D$12<>"",Q54<>"Sim",Q54<>"N/A"),Config!$D$12&"; ","")&IF(AND($D54="Encerrado",Config!$D$13<>"",R54<>"Sim",R54<>"N/A"),Config!$D$13&"; ","")&IF(AND($D54="Encerrado",Config!$D$14<>"",S54<>"Sim",S54<>"N/A"),Config!$D$14&"; ","")&IF(AND($D54="Encerrado",Config!$D$15<>"",T54<>"Sim",T54<>"N/A"),Config!$D$15&"; ","")&IF(AND($D54="Encerrado",Config!$D$16<>"",U54<>"Sim",U54<>"N/A"),Config!$D$16&"; ","")&IF(AND($D54="Encerrado",Config!$D$17<>"",V54<>"Sim",V54<>"N/A"),Config!$D$17&"; ","")&IF(AND($D54="Encerrado",Config!$D$18<>"",W54<>"Sim",W54<>"N/A"),Config!$D$18&"; ","")&IF(AND($D54="Encerrado",Config!$D$19<>"",X54<>"Sim",X54<>"N/A"),Config!$D$19&"; ",""))
... Y304: =IF(A304="","",IFERROR(COUNTIF(E304:N304,"Sim")/(Config!$B$21-COUNTIF(E304:N304,"N/A")),"")) | Z304: =IF(OR(A304="",D304<>"Encerrado"),"",IFERROR(COUNTIF(O304:X304,"Sim")/(Config!$D$21-COUNTIF(O304:X304,"N/A")),"")) | AA304: =IF(A304="","",MAX(0,Config!$B$21-COUNTIF(E304:N304,"Sim")-COUNTIF(E304:N304,"N/A"))) | AB304: =IF(OR(A304="",D304<>"Encerrado"),"",MAX(0,Config!$D$21-COUNTIF(O304:X304,"Sim")-COUNTIF(O304:X304,"N/A"))) | AC304: =IF(A304="","",AA304+IF(AB304="",0,AB304)) | AD304: =IF(OR(A304="",AF304=""),"",LEFT(AF304,LEN(AF304)-2)) | AE304: =IF(OR(A304="",AC304=0),0,AC304*100-ROW()/100000) -> 0 | AF304: =IF(A304="","",IF(AND(Config!$B$10<>"",E304<>"Sim",E304<>"N/A"),Config!$B$10&"; ","")&IF(AND(Config!$B$11<>"",F304<>"Sim",F304<>"N/A"),Config!$B$11&"; ","")&IF(AND(Config!$B$12<>"",G304<>"Sim",G304<>"N/A"),Config!$B$12&"; ","")&IF(AND(Config!$B$13<>"",H304<>"Sim",H304<>"N/A"),Config!$B$13&"; ","")&IF(AND(Config!$B$14<>"",I304<>"Sim",I304<>"N/A"),Config!$B$14&"; ","")&IF(AND(Config!$B$15<>"",J304<>"Sim",J304<>"N/A"),Config!$B$15&"; ","")&IF(AND(Config!$B$16<>"",K304<>"Sim",K304<>"N/A"),Config!$B$16&"; ","")&IF(AND(Config!$B$17<>"",L304<>"Sim",L304<>"N/A"),Config!$B$17&"; ","")&IF(AND(Config!$B$18<>"",M304<>"Sim",M304<>"N/A"),Config!$B$18&"; ","")&IF(AND(Config!$B$19<>"",N304<>"Sim",N304<>"N/A"),Config!$B$19&"; ","")&IF(AND($D304="Encerrado",Config!$D$10<>"",O304<>"Sim",O304<>"N/A"),Config!$D$10&"; ","")&IF(AND($D304="Encerrado",Config!$D$11<>"",P304<>"Sim",P304<>"N/A"),Config!$D$11&"; ","")&IF(AND($D304="Encerrado",Config!$D$12<>"",Q304<>"Sim",Q304<>"N/A"),Config!$D$12&"; ","")&IF(AND($D304="Encerrado",Config!$D$13<>"",R304<>"Sim",R304<>"N/A"),Config!$D$13&"; ","")&IF(AND($D304="Encerrado",Config!$D$14<>"",S304<>"Sim",S304<>"N/A"),Config!$D$14&"; ","")&IF(AND($D304="Encerrado",Config!$D$15<>"",T304<>"Sim",T304<>"N/A"),Config!$D$15&"; ","")&IF(AND($D304="Encerrado",Config!$D$16<>"",U304<>"Sim",U304<>"N/A"),Config!$D$16&"; ","")&IF(AND($D304="Encerrado",Config!$D$17<>"",V304<>"Sim",V304<>"N/A"),Config!$D$17&"; ","")&IF(AND($D304="Encerrado",Config!$D$18<>"",W304<>"Sim",W304<>"N/A"),Config!$D$18&"; ","")&IF(AND($D304="Encerrado",Config!$D$19<>"",X304<>"Sim",X304<>"N/A"),Config!$D$19&"; ",""))
