Workbook

Sheet Como usar
A1: Painel do Escritório
A2: Kit de Gestão para Advogados · Seu Sócio Gestor · versão 1.0 (setembro de 2026)
A4: O que esta planilha faz | B4: Reúne em uma tela os números que já estão nas outras planilhas do kit: prazos da semana e atrasados, horas do mês e faturáveis, o que entrou, saiu e sobrou, a receber e vencido, propostas abertas e casos ativos. Cada número ganha um semáforo contra o limite que você definir e a comparação com o mês anterior.
A5: Toda sexta (10 minutos) | B5: Abra as planilhas 01 (prazos), 16 (horas), 09 (caixa), 13 (carteira), 14 (inadimplência) e 15 (propostas), copie os totais do Painel de cada uma para a coluna B da aba Dados. Pronto: o Painel se refaz. No exemplo, a sexta é 11/09/2026 e cada número é exatamente o que está no Painel da planilha de origem.
A6: Limites e metas | B6: Na aba Dados, coluna C, escreva o limite de cada indicador (ex.: 0 prazos atrasados, 75% de horas faturáveis, inadimplência de 4%) e diga se maior ou menor é melhor. Linha sem limite fica informativa (A receber é a carteira contratada, inclui êxito esperado: não é problema).
A7: Fim do mês | B7: Copie a coluna B da aba Dados para a linha do mês em Histórico. Os gráficos de caixa e de recebíveis usam essa aba; o Painel busca ali o mês anterior.
A8: Config | B8: Escolha o mês do painel e troque a data de referência por =HOJE() (no exemplo ela está congelada em 14/09/2026). O título do Painel se ajusta.
A9: Com a IA | B9: O Painel é a tela da rotina de sexta. Para o texto do mês (sócio, contador), use a planilha 20 · Resumo do mês e o prompt "Painel 01 · Explicar o mês ao sócio" da biblioteca.
A10: Legenda | B10: Células amarelas: você preenche. Brancas: calculadas. Não é preciso mexer em nada fora do amarelo.
A11: Proteção | B11: Fórmulas protegidas sem senha. Para editar: Revisar > Desproteger planilha (Excel) ou Dados > Proteger intervalos (Google Sheets).
A12: Requisitos | B12: Excel 2016 ou mais novo, Microsoft 365 ou Google Sheets (só funções do Excel 2007+; nada de MÍNIMOSES, MÁXIMOSES ou UNIRTEXTO). No celular abre nos aplicativos; para preencher, use o computador.
A13: Google Sheets | B13: Faça upload no Google Drive e abra com o Google Sheets. Fórmulas, listas, cores e gráficos funcionam.
A14: Exemplos | B14: Ferraz & Lima Advocacia é um escritório fictício. Clientes, processos, nomes e valores são inventados. Apague-os antes de começar.
A15: Data de referência | B15: O exemplo está congelado em 14/09/2026, para todos os arquivos do kit mostrarem a mesma foto e os números fecharem entre eles. Ao começar a usar com os seus dados, troque a data de referência em Config por =HOJE(): daí em diante ela acompanha o dia.
A16: Suporte | B16: suporte@seusociogestor.com.br · resposta em até 5 dias úteis · reembolso em até 7 dias pelo mesmo canal.

Sheet Painel
A1: =Config!B4&" · Painel do escritório · "&Config!B5&" de "&Config!B6 -> Ferraz & Lima Advocacia (exemplo fictício) · Painel do escritório · Setembro de 2026
A2: ="Nada para digitar aqui. Os números vêm da aba Dados (atualizada toda sexta) e o mês anterior vem do Histórico. Referência: "&TEXT(Config!B7,"dd/mm/yyyy")&"." -> Nada para digitar aqui. Os números vêm da aba Dados (atualizada toda sexta) e o mês anterior vem do Histórico. Referência: 14/09/2026.
A4: Prazos hoje + 7 dias | C4: Prazos atrasados | E4: Horas do mês | G4: Horas faturáveis | I4: Casos ativos
A5: =IF(Dados!$B$5="","—",Dados!$B$5) -> 14 | C5: =IF(Dados!$B$6="","—",Dados!$B$6) -> 7 | E5: =IF(Dados!$B$7="","—",Dados!$B$7) -> 109.5 | G5: =IF(Dados!$B$8="","—",Dados!$B$8) -> 87 | I5: =IF(Dados!$B$18="","—",Dados!$B$18) -> 30
A7: Entrou no mês | C7: Saiu no mês | E7: Sobrou no mês | G7: A receber | I7: Vencido
A8: =IF(Dados!$B$10="","—",Dados!$B$10) -> 5220 | C8: =IF(Dados!$B$11="","—",Dados!$B$11) -> 5320 | E8: =IF(Dados!$B$12="","—",Dados!$B$12) -> -100 | G8: =IF(Dados!$B$13="","—",Dados!$B$13) -> 111990 | I8: =IF(Dados!$B$14="","—",Dados!$B$14) -> 13080
A10: Propostas abertas | C10: Valor das propostas | E10: % de horas faturáveis | G10: Inadimplência | I10: Cores dos cartões
A11: =IF(Dados!$B$16="","—",Dados!$B$16) -> 9 | C11: =IF(Dados!$B$17="","—",Dados!$B$17) -> 72900 | E11: =IF(Dados!$B$9="","—",Dados!$B$9) -> 0.79452055 | G11: =IF(Dados!$B$15="","—",Dados!$B$15) -> 0.045896347 | I11: Verde: no alvo · Amarelo: perto do limite · Vermelho: fora · Lilás: informativo
A13: Semáforos da semana e comparação com o mês anterior
A14: Indicador | C14: Esta sexta | D14: Limite ou meta | E14: Situação | F14: Mês anterior (Histórico) | G14: Variação
A15: =Dados!A5 -> Prazos de hoje e dos próximos 7 dias | C15: =IF(Dados!B5="","—",Dados!B5) -> 14 | D15: =IF(Dados!C5="","—",Dados!C5) -> — | E15: =Dados!F5 -> Informativo | F15: =IF(Config!$B$8<=1,"—",IF(INDEX(Histórico!$B$5:$B$16,Config!$B$8-1)="","—",INDEX(Histórico!$B$5:$B$16,Config!$B$8-1))) -> — | G15: =(IF(OR(C15="—",F15="—",F15=0),"—",(C15-F15)/ABS(F15))) -> —
A16: =Dados!A6 -> Prazos atrasados | C16: =IF(Dados!B6="","—",Dados!B6) -> 7 | D16: =IF(Dados!C6="","—",Dados!C6) -> 0 | E16: =Dados!F6 -> Fora | F16: =IF(Config!$B$8<=1,"—",IF(INDEX(Histórico!$C$5:$C$16,Config!$B$8-1)="","—",INDEX(Histórico!$C$5:$C$16,Config!$B$8-1))) -> — | G16: =(IF(OR(C16="—",F16="—",F16=0),"—",(C16-F16)/ABS(F16))) -> —
A17: =Dados!A7 -> Horas registradas no mês | C17: =IF(Dados!B7="","—",Dados!B7) -> 109.5 | D17: =IF(Dados!C7="","—",Dados!C7) -> — | E17: =Dados!F7 -> Informativo | F17: =IF(Config!$B$8<=1,"—",IF(INDEX(Histórico!$D$5:$D$16,Config!$B$8-1)="","—",INDEX(Histórico!$D$5:$D$16,Config!$B$8-1))) -> 304 | G17: =IF(Config!$B$10<>"Sim","no fechamento",IF(OR(C17="—",F17="—",F17=0),"—",(C17-F17)/ABS(F17))) -> no fechamento
A18: =Dados!A8 -> Horas faturáveis no mês | C18: =IF(Dados!B8="","—",Dados!B8) -> 87 | D18: =IF(Dados!C8="","—",Dados!C8) -> — | E18: =Dados!F8 -> Informativo | F18: =IF(Config!$B$8<=1,"—",IF(INDEX(Histórico!$E$5:$E$16,Config!$B$8-1)="","—",INDEX(Histórico!$E$5:$E$16,Config!$B$8-1))) -> 248 | G18: =IF(Config!$B$10<>"Sim","no fechamento",IF(OR(C18="—",F18="—",F18=0),"—",(C18-F18)/ABS(F18))) -> no fechamento
A19: =Dados!A9 -> % de horas faturáveis | C19: =IF(Dados!B9="","—",Dados!B9) -> 0.79452055 | D19: =IF(Dados!C9="","—",Dados!C9) -> 0.75 | E19: =Dados!F9 -> No alvo | F19: =IF(Config!$B$8<=1,"—",IF(INDEX(Histórico!$F$5:$F$16,Config!$B$8-1)="","—",INDEX(Histórico!$F$5:$F$16,Config!$B$8-1))) -> 0.81578947 | G19: =(IF(OR(C19="—",F19="—"),"—",(C19-F19)*100)) -> -2.1268926
A20: =Dados!A10 -> Entrou no mês (recebimentos) | C20: =IF(Dados!B10="","—",Dados!B10) -> 5220 | D20: =IF(Dados!C10="","—",Dados!C10) -> — | E20: =Dados!F10 -> Informativo | F20: =IF(Config!$B$8<=1,"—",IF(INDEX(Histórico!$G$5:$G$16,Config!$B$8-1)="","—",INDEX(Histórico!$G$5:$G$16,Config!$B$8-1))) -> 26900 | G20: =IF(Config!$B$10<>"Sim","no fechamento",IF(OR(C20="—",F20="—",F20=0),"—",(C20-F20)/ABS(F20))) -> no fechamento
A21: =Dados!A11 -> Saiu no mês (tudo o que saiu do caixa) | C21: =IF(Dados!B11="","—",Dados!B11) -> 5320 | D21: =IF(Dados!C11="","—",Dados!C11) -> — | E21: =Dados!F11 -> Informativo | F21: =IF(Config!$B$8<=1,"—",IF(INDEX(Histórico!$H$5:$H$16,Config!$B$8-1)="","—",INDEX(Histórico!$H$5:$H$16,Config!$B$8-1))) -> 21897 | G21: =IF(Config!$B$10<>"Sim","no fechamento",IF(OR(C21="—",F21="—",F21=0),"—",(C21-F21)/ABS(F21))) -> no fechamento
A22: =Dados!A12 -> Sobrou no mês | C22: =IF(Dados!B12="","—",Dados!B12) -> -100 | D22: =IF(Dados!C12="","—",Dados!C12) -> — | E22: =Dados!F12 -> Informativo | F22: =IF(Config!$B$8<=1,"—",IF(INDEX(Histórico!$I$5:$I$16,Config!$B$8-1)="","—",INDEX(Histórico!$I$5:$I$16,Config!$B$8-1))) -> 5003 | G22: =IF(Config!$B$10<>"Sim","no fechamento",IF(OR(C22="—",F22="—",F22=0),"—",(C22-F22)/ABS(F22))) -> no fechamento
A23: =Dados!A13 -> A receber (carteira; inclui êxito de casos ativos) | C23: =IF(Dados!B13="","—",Dados!B13) -> 111990 | D23: =IF(Dados!C13="","—",Dados!C13) -> — | E23: =Dados!F13 -> Informativo | F23: =IF(Config!$B$8<=1,"—",IF(INDEX(Histórico!$J$5:$J$16,Config!$B$8-1)="","—",INDEX(Histórico!$J$5:$J$16,Config!$B$8-1))) -> 117210 | G23: =(IF(OR(C23="—",F23="—",F23=0),"—",(C23-F23)/ABS(F23))) -> -0.044535449
A24: =Dados!A14 -> Vencido (parcelas em atraso) | C24: =IF(Dados!B14="","—",Dados!B14) -> 13080 | D24: =IF(Dados!C14="","—",Dados!C14) -> 10000 | E24: =Dados!F14 -> Fora | F24: =IF(Config!$B$8<=1,"—",IF(INDEX(Histórico!$K$5:$K$16,Config!$B$8-1)="","—",INDEX(Histórico!$K$5:$K$16,Config!$B$8-1))) -> 11100 | G24: =(IF(OR(C24="—",F24="—",F24=0),"—",(C24-F24)/ABS(F24))) -> 0.17837838
A25: =Dados!A15 -> Inadimplência (vencido ÷ (pago + vencido)) | C25: =IF(Dados!B15="","—",Dados!B15) -> 0.045896347 | D25: =IF(Dados!C15="","—",Dados!C15) -> 0.04 | E25: =Dados!F15 -> Fora | F25: =IF(Config!$B$8<=1,"—",IF(INDEX(Histórico!$L$5:$L$16,Config!$B$8-1)="","—",INDEX(Histórico!$L$5:$L$16,Config!$B$8-1))) -> 0.039958242 | G25: =(IF(OR(C25="—",F25="—"),"—",(C25-F25)*100)) -> 0.59381054
A26: =Dados!A16 -> Propostas abertas (quantidade) | C26: =IF(Dados!B16="","—",Dados!B16) -> 9 | D26: =IF(Dados!C16="","—",Dados!C16) -> — | E26: =Dados!F16 -> Informativo | F26: =IF(Config!$B$8<=1,"—",IF(INDEX(Histórico!$M$5:$M$16,Config!$B$8-1)="","—",INDEX(Histórico!$M$5:$M$16,Config!$B$8-1))) -> 5 | G26: =(IF(OR(C26="—",F26="—",F26=0),"—",(C26-F26)/ABS(F26))) -> 0.8
A27: =Dados!A17 -> Propostas abertas (valor) | C27: =IF(Dados!B17="","—",Dados!B17) -> 72900 | D27: =IF(Dados!C17="","—",Dados!C17) -> 40000 | E27: =Dados!F17 -> No alvo | F27: =IF(Config!$B$8<=1,"—",IF(INDEX(Histórico!$N$5:$N$16,Config!$B$8-1)="","—",INDEX(Histórico!$N$5:$N$16,Config!$B$8-1))) -> 46900 | G27: =(IF(OR(C27="—",F27="—",F27=0),"—",(C27-F27)/ABS(F27))) -> 0.554371
A28: =Dados!A18 -> Casos ativos | C28: =IF(Dados!B18="","—",Dados!B18) -> 30 | D28: =IF(Dados!C18="","—",Dados!C18) -> 30 | E28: =Dados!F18 -> No alvo | F28: =IF(Config!$B$8<=1,"—",IF(INDEX(Histórico!$O$5:$O$16,Config!$B$8-1)="","—",INDEX(Histórico!$O$5:$O$16,Config!$B$8-1))) -> 30 | G28: =(IF(OR(C28="—",F28="—",F28=0),"—",(C28-F28)/ABS(F28))) -> 0
A30: Fora do alvo primeiro: prazos atrasados e vencido pedem ação na segunda-feira (planilhas 01 e 14). Variação de indicadores em % é em pontos percentuais (p.p.). No meio do mês, horas e caixa ainda estão parciais: a variação deles só aparece quando Config diz que o mês fechou. A planilha avisa; o controle é do escritório.
A31: Para transformar esta tela em texto para o sócio ou o contador, use a planilha 20 · Resumo do mês e o prompt "Painel 01 · Explicar o mês ao sócio".

Sheet Config
A1: Configurações
A2: Células amarelas: você preenche.
A4: Escritório | B4: Ferraz & Lima Advocacia (exemplo fictício) | D4: Meses
A5: Mês do painel | B5: Setembro | D5: Janeiro
A6: Ano | B6: 2026 | D6: Fevereiro
A7: Data de referência (hoje) | B7: 46279 | D7: Março
A8: Número do mês | B8: =MATCH(B5,$D$5:$D$16,0) -> 9 | D8: Abril
A9: Mês anterior | B9: =IF(B8>1,INDEX($D$5:$D$16,B8-1),"") -> Agosto | D9: Maio
A10: Mês do painel já fechou? (Sim/Não) | B10: Não | D10: Junho
A11: Use a mesma planilha o ano inteiro: troque o mês aqui e, no fim de cada mês, copie a linha de Dados para o Histórico. Enquanto o mês não fecha, horas e caixa são parciais e o Painel não os compara com o mês anterior (marque Sim no fechamento). | D11: Julho
D12: Agosto
D13: Setembro
D14: Outubro
D15: Novembro
D16: Dezembro

Sheet Dados
A1: Dados da semana
A2: Toda sexta, copie os totais das outras planilhas do kit para as células amarelas. Limites e metas também são seus. O resto é calculado.
A4: Indicador | B4: Valor desta sexta | C4: Limite ou meta | D4: Sentido | E4: Copie de (planilha do kit) | F4: Situação
A5: Prazos de hoje e dos próximos 7 dias | B5: 14 | E5: 01 · Agenda de prazos (Painel: Hoje + Próximos 7 dias) | F5: =IF(OR(B5="",C5=""),"Informativo",IF(D5="Menor é melhor",IF(B5<=C5,"No alvo",IF(B5<=C5*1.1,"Perto","Fora")),IF(B5>=C5,"No alvo",IF(B5>=C5*0.9,"Perto","Fora")))) -> Informativo
A6: Prazos atrasados | B6: 7 | C6: 0 | D6: Menor é melhor | E6: 01 · Agenda de prazos (Painel) | F6: =IF(OR(B6="",C6=""),"Informativo",IF(D6="Menor é melhor",IF(B6<=C6,"No alvo",IF(B6<=C6*1.1,"Perto","Fora")),IF(B6>=C6,"No alvo",IF(B6>=C6*0.9,"Perto","Fora")))) -> Fora
A7: Horas registradas no mês | B7: 109.5 | E7: 16 · Horas por caso e por pessoa (Painel, Config = mês do painel) | F7: =IF(OR(B7="",C7=""),"Informativo",IF(D7="Menor é melhor",IF(B7<=C7,"No alvo",IF(B7<=C7*1.1,"Perto","Fora")),IF(B7>=C7,"No alvo",IF(B7>=C7*0.9,"Perto","Fora")))) -> Informativo
A8: Horas faturáveis no mês | B8: 87 | E8: 16 · Horas por caso e por pessoa (Painel) | F8: =IF(OR(B8="",C8=""),"Informativo",IF(D8="Menor é melhor",IF(B8<=C8,"No alvo",IF(B8<=C8*1.1,"Perto","Fora")),IF(B8>=C8,"No alvo",IF(B8>=C8*0.9,"Perto","Fora")))) -> Informativo
A9: % de horas faturáveis | B9: =IF(OR(B7="",B7=0,B8=""),"",B8/B7) -> 0.79452055 | C9: 0.75 | D9: Maior é melhor | E9: calculado aqui | F9: =IF(OR(B9="",C9=""),"Informativo",IF(D9="Menor é melhor",IF(B9<=C9,"No alvo",IF(B9<=C9*1.1,"Perto","Fora")),IF(B9>=C9,"No alvo",IF(B9>=C9*0.9,"Perto","Fora")))) -> No alvo
A10: Entrou no mês (recebimentos) | B10: 5220 | E10: 09 · Caixa do escritório (Painel: Entrou no mês) | F10: =IF(OR(B10="",C10=""),"Informativo",IF(D10="Menor é melhor",IF(B10<=C10,"No alvo",IF(B10<=C10*1.1,"Perto","Fora")),IF(B10>=C10,"No alvo",IF(B10>=C10*0.9,"Perto","Fora")))) -> Informativo
A11: Saiu no mês (tudo o que saiu do caixa) | B11: 5320 | E11: 09 · Caixa do escritório (Painel: Saiu no mês) | F11: =IF(OR(B11="",C11=""),"Informativo",IF(D11="Menor é melhor",IF(B11<=C11,"No alvo",IF(B11<=C11*1.1,"Perto","Fora")),IF(B11>=C11,"No alvo",IF(B11>=C11*0.9,"Perto","Fora")))) -> Informativo
A12: Sobrou no mês | B12: =IF(OR(B10="",B11=""),"",B10-B11) -> -100 | E12: calculado aqui | F12: =IF(OR(B12="",C12=""),"Informativo",IF(D12="Menor é melhor",IF(B12<=C12,"No alvo",IF(B12<=C12*1.1,"Perto","Fora")),IF(B12>=C12,"No alvo",IF(B12>=C12*0.9,"Perto","Fora")))) -> Informativo
A13: A receber (carteira; inclui êxito de casos ativos) | B13: 111990 | E13: 13 · Carteira de clientes e casos (Painel: A receber) | F13: =IF(OR(B13="",C13=""),"Informativo",IF(D13="Menor é melhor",IF(B13<=C13,"No alvo",IF(B13<=C13*1.1,"Perto","Fora")),IF(B13>=C13,"No alvo",IF(B13>=C13*0.9,"Perto","Fora")))) -> Informativo
A14: Vencido (parcelas em atraso) | B14: 13080 | C14: 10000 | D14: Menor é melhor | E14: 14 · Parcelas e inadimplência (Painel: Vencido) | F14: =IF(OR(B14="",C14=""),"Informativo",IF(D14="Menor é melhor",IF(B14<=C14,"No alvo",IF(B14<=C14*1.1,"Perto","Fora")),IF(B14>=C14,"No alvo",IF(B14>=C14*0.9,"Perto","Fora")))) -> Fora
A15: Inadimplência (vencido ÷ (pago + vencido)) | B15: 0.045896347 | C15: 0.04 | D15: Menor é melhor | E15: 14 · Parcelas e inadimplência (Painel: Inadimplência) | F15: =IF(OR(B15="",C15=""),"Informativo",IF(D15="Menor é melhor",IF(B15<=C15,"No alvo",IF(B15<=C15*1.1,"Perto","Fora")),IF(B15>=C15,"No alvo",IF(B15>=C15*0.9,"Perto","Fora")))) -> Fora
A16: Propostas abertas (quantidade) | B16: 9 | E16: 15 · Funil de propostas (Painel: soma do funil por etapa) | F16: =IF(OR(B16="",C16=""),"Informativo",IF(D16="Menor é melhor",IF(B16<=C16,"No alvo",IF(B16<=C16*1.1,"Perto","Fora")),IF(B16>=C16,"No alvo",IF(B16>=C16*0.9,"Perto","Fora")))) -> Informativo
A17: Propostas abertas (valor) | B17: 72900 | C17: 40000 | D17: Maior é melhor | E17: 15 · Funil de propostas (Painel: Em aberto) | F17: =IF(OR(B17="",C17=""),"Informativo",IF(D17="Menor é melhor",IF(B17<=C17,"No alvo",IF(B17<=C17*1.1,"Perto","Fora")),IF(B17>=C17,"No alvo",IF(B17>=C17*0.9,"Perto","Fora")))) -> No alvo
A18: Casos ativos | B18: 30 | C18: 30 | D18: Maior é melhor | E18: 13 · Carteira de clientes e casos (Painel: Casos ativos) | F18: =IF(OR(B18="",C18=""),"Informativo",IF(D18="Menor é melhor",IF(B18<=C18,"No alvo",IF(B18<=C18*1.1,"Perto","Fora")),IF(B18>=C18,"No alvo",IF(B18>=C18*0.9,"Perto","Fora")))) -> No alvo
A20: Linha sem limite fica "Informativo". "Perto" é até 10% do limite. Inadimplência = vencido ÷ (pago + vencido), a mesma conta da planilha 14. A receber é a carteira contratada (inclui êxito esperado de casos ativos): informativo, não é atraso. Os valores desta sexta valem para o mês escolhido em Config; no fim do mês, copie a coluna B para a linha do mês em Histórico.
A21: As planilhas indicadas em "Copie de" são as do próprio kit. Se ainda não usa alguma, deixe a linha em branco: o painel mostra "—". No exemplo (sexta 11/09/2026) horas e caixa são do mês em andamento: metas mensais para eles ficam em branco até o fechamento.

Sheet Histórico
A1: Histórico mensal
A2: No fim de cada mês, copie os valores da aba Dados para a linha do mês. Colunas brancas são calculadas; deixe em branco os meses que ainda não aconteceram.
A4: Mês | B4: Prazos hoje + 7 dias | C4: Atrasados | D4: Horas do mês | E4: Faturáveis | F4: % faturável | G4: Entrou | H4: Saiu | I4: Sobrou | J4: A receber | K4: Vencido | L4: Inadimplência | M4: Propostas abertas | N4: Valor das propostas | O4: Casos ativos
A5: Janeiro | F5: =IF(OR(D5="",D5=0,E5=""),"",E5/D5) | G5: 21050 | H5: 20408 | I5: =IF(OR(G5="",H5=""),"",G5-H5) -> 642 | J5: 117600 | K5: 1200 | L5: 0.014423077 | M5: 0 | N5: 0 | O5: 17
A6: Fevereiro | F6: =IF(OR(D6="",D6=0,E6=""),"",E6/D6) | G6: 23070 | H6: 21684 | I6: =IF(OR(G6="",H6=""),"",G6-H6) -> 1386 | J6: 94530 | K6: 2000 | L6: 0.018679369 | M6: 0 | N6: 0 | O6: 17
A7: Março | F7: =IF(OR(D7="",D7=0,E7=""),"",E7/D7) | G7: 28590 | H7: 22276 | I7: =IF(OR(G7="",H7=""),"",G7-H7) -> 6314 | J7: 83320 | K7: 2100 | L7: 0.01555786 | M7: 0 | N7: 0 | O7: 17
A8: Abril | F8: =IF(OR(D8="",D8=0,E8=""),"",E8/D8) | G8: 20240 | H8: 26638 | I8: =IF(OR(G8="",H8=""),"",G8-H8) -> -6398 | J8: 88560 | K8: 4200 | L8: 0.026778883 | M8: 0 | N8: 0 | O8: 19
A9: Maio | F9: =IF(OR(D9="",D9=0,E9=""),"",E9/D9) | G9: 31120 | H9: 21181 | I9: =IF(OR(G9="",H9=""),"",G9-H9) -> 9939 | J9: 97640 | K9: 4200 | L9: 0.02234518 | M9: 0 | N9: 0 | O9: 22
A10: Junho | F10: =IF(OR(D10="",D10=0,E10=""),"",E10/D10) | G10: 27420 | H10: 23085 | I10: =IF(OR(G10="",H10=""),"",G10-H10) -> 4335 | J10: 115320 | K10: 7500 | L10: 0.034296689 | M10: 2 | N10: 11200 | O10: 25
A11: Julho | D11: 233.5 | E11: 179.5 | F11: =IF(OR(D11="",D11=0,E11=""),"",E11/D11) -> 0.76873662 | G11: 29460 | H11: 28898 | I11: =IF(OR(G11="",H11=""),"",G11-H11) -> 562 | J11: 117700 | K11: 7500 | L11: 0.030290792 | M11: 2 | N11: 21600 | O11: 28
A12: Agosto | D12: 304 | E12: 248 | F12: =IF(OR(D12="",D12=0,E12=""),"",E12/D12) -> 0.81578947 | G12: 26900 | H12: 21897 | I12: =IF(OR(G12="",H12=""),"",G12-H12) -> 5003 | J12: 117210 | K12: 11100 | L12: 0.039958242 | M12: 5 | N12: 46900 | O12: 30
A13: Setembro | B13: 14 | C13: 7 | D13: 109.5 | E13: 87 | F13: =IF(OR(D13="",D13=0,E13=""),"",E13/D13) -> 0.79452055 | G13: 5220 | H13: 5320 | I13: =IF(OR(G13="",H13=""),"",G13-H13) -> -100 | J13: 111990 | K13: 13080 | L13: 0.045896347 | M13: 9 | N13: 72900 | O13: 30
A14: Outubro | F14: =IF(OR(D14="",D14=0,E14=""),"",E14/D14) | I14: =IF(OR(G14="",H14=""),"",G14-H14)
A15: Novembro | F15: =IF(OR(D15="",D15=0,E15=""),"",E15/D15) | I15: =IF(OR(G15="",H15=""),"",G15-H15)
A16: Dezembro | F16: =IF(OR(D16="",D16=0,E16=""),"",E16/D16) | I16: =IF(OR(G16="",H16=""),"",G16-H16)
A18: A linha do mês escolhido em Config fica destacada. Setembro repete os valores da aba Dados (mês em andamento, até 11/09). Entrou e Saiu = Painel mensal da planilha 09 (caixa real). Horas: o controle de horas (16) começou em julho; antes fica em branco. Prazos: a agenda (01) não guarda histórico; o escritório começou a anotar em setembro. Carteira, vencido, inadimplência, propostas e casos: o que o escritório copiou no fim de cada mês.
