Workbook

Sheet Como usar
A1: Faltas, remarcações e lista de retorno
A2: Kit de Gestão para Médicos · Seu Sócio Gestor · versão 1.0 (setembro de 2026)
A4: O que esta planilha faz | B4: Mede por que a agenda esvazia: taxa de falta por dia da semana, período, pagador e profissional, a série das últimas 8 semanas, quem faltou mais de uma vez no mês e a lista de retorno (pacientes que passaram do retorno previsto e não têm horário marcado).
A5: Passo 1 | B5: Em Config, confira as listas (iguais às da planilha 01) e, para cada procedimento, em quantos dias se espera o retorno. A data de referência fica em =HOJE().
A6: Passo 2 | B6: Em Agenda, cole as colunas A a K da Agenda da planilha 01 (a 01 é a fonte; não digite aqui uma agenda diferente). Toda sexta, cole de novo a agenda atualizada.
A7: Passo 3 | B7: Em Painel, escolha o mês em Config. Leia de cima para baixo: taxa de falta, onde ela é maior, a tendência semanal, a lista de retorno e os reincidentes.
A8: Rotina de segunda | B8: 4 minutos: a recepção liga ou manda mensagem para a lista de retorno (os 25 primeiros), oferece as vagas dos próximos 7 dias (Painel da 01) e registra as faltas da semana passada. Marque o retorno na 01: o paciente sai da lista sozinho. A rotina completa da semana (12 min na segunda, 18 na sexta) está na planilha 03.
A9: Limite e como estender | B9: A aba Agenda tem 3.000 linhas (5 a 3004), a mesma da planilha 01: cerca de 10 meses com 300 atendimentos por mês. Perto do fim, copie a última linha para baixo (desproteja a aba antes) e ajuste o número final nas fórmulas do Painel, ou comece um arquivo por ano junto com a 01.
A10: Ligação com as outras planilhas | B10: O Painel da clínica (17) copia a taxa de falta do mês e o tamanho da lista de retorno daqui. As metas do trimestre (19) acompanham os dois.
A11: Com a IA | B11: Copie "Por dia da semana" e "Por pagador" e use o prompt "Agenda 02 · Reduzir faltas sem brigar com o paciente" da biblioteca do kit; para a lista de retorno, "Agenda 03 · Mensagem de retorno educada" (sem nomes: a IA não precisa deles).
A12: Legenda | B12: Células amarelas: você preenche. Brancas: calculadas. Não é preciso mexer em nada fora do amarelo.
A13: Proteção | B13: Fórmulas protegidas sem senha. Para editar: Revisar > Desproteger planilha (Excel) ou Dados > Proteger intervalos (Google Sheets).
A14: Requisitos | B14: Excel 2016 ou mais novo, Microsoft 365 ou Google Sheets (só funções do Excel 2007+; nada de MÍNIMOSES, MÁXIMOSES ou UNIRTEXTO). No celular abre nos aplicativos; para preencher, use o computador.
A15: Dados de pacientes | B15: Guarde só o que a gestão precisa (nome, contato, valor, data). Nada de diagnóstico, prontuário ou exame nestas planilhas: o kit é gestão, não é prontuário. Veja o guia LGPD do kit antes de colar qualquer tabela em uma IA.
... A19: Suporte | B19: suporte@seusociogestor.com.br · resposta em até 5 dias úteis · reembolso em até 7 dias pelo mesmo canal.

Sheet Painel
A1: =Config!$B$4&" · Faltas, remarcações e lista de retorno · "&Config!$B$6&" de "&Config!$B$5 -> Clínica Vida Plena (exemplo fictício) · Faltas, remarcações e lista de retorno · Setembro de 2026
A2: Nada para digitar aqui. Escolha o mês em Config; tudo vem de Agenda. Taxa de falta = faltas ÷ (faltas + realizados).
A4: Taxa de falta no mês | C4: Faltas | E4: Realizados | G4: Cancelamentos | I4: Remarcações | K4: Na lista de retorno
A5: =IF(C5+E5=0,"",C5/(C5+E5)) -> 0.053097345 | C5: =COUNTIFS(Agenda!$H$5:$H$3004,"Falta",Agenda!$L$5:$L$3004,Config!$B$7,Agenda!$M$5:$M$3004,Config!$B$5) -> 6 | E5: =COUNTIFS(Agenda!$H$5:$H$3004,"Realizado",Agenda!$L$5:$L$3004,Config!$B$7,Agenda!$M$5:$M$3004,Config!$B$5) -> 107 | G5: =COUNTIFS(Agenda!$H$5:$H$3004,"Cancelado",Agenda!$L$5:$L$3004,Config!$B$7,Agenda!$M$5:$M$3004,Config!$B$5) -> 3 | I5: =COUNTIFS(Agenda!$H$5:$H$3004,"Remarcado",Agenda!$L$5:$L$3004,Config!$B$7,Agenda!$M$5:$M$3004,Config!$B$5) -> 0 | K5: =COUNTIF(Agenda!$T$5:$T$3004,"Sim") -> 8
A7: Cancelamento = o paciente avisou; remarcação = pediu outra data (o novo horário é outra linha). Falta = não veio e não avisou: é a que custa, porque o horário já não pode ser oferecido a ninguém. A lista de retorno vale para hoje, não só para o mês.
A9: Por dia da semana
A10: Dia da semana | B10: Realizados | C10: Faltas | D10: Taxa de falta | E10: Cancelamentos | F10: Remarcações | G10: Barra
A11: Segunda | B11: =IF(A11="","",COUNTIFS(Agenda!$N$5:$N$3004,A11,Agenda!$H$5:$H$3004,"Realizado",Agenda!$L$5:$L$3004,Config!$B$7,Agenda!$M$5:$M$3004,Config!$B$5)) -> 0 | C11: =IF(A11="","",COUNTIFS(Agenda!$N$5:$N$3004,A11,Agenda!$H$5:$H$3004,"Falta",Agenda!$L$5:$L$3004,Config!$B$7,Agenda!$M$5:$M$3004,Config!$B$5)) -> 0 | D11: =IF(A11="","",IF(B11+C11=0,"",C11/(B11+C11))) | E11: =IF(A11="","",COUNTIFS(Agenda!$N$5:$N$3004,A11,Agenda!$H$5:$H$3004,"Cancelado",Agenda!$L$5:$L$3004,Config!$B$7,Agenda!$M$5:$M$3004,Config!$B$5)) -> 0 | F11: =IF(A11="","",COUNTIFS(Agenda!$N$5:$N$3004,A11,Agenda!$H$5:$H$3004,"Remarcado",Agenda!$L$5:$L$3004,Config!$B$7,Agenda!$M$5:$M$3004,Config!$B$5)) -> 0 | G11: =IF(D11="","",REPT("█",ROUND(MIN(1,D11/0.25)*24,0)))
A12: Terça | B12: =IF(A12="","",COUNTIFS(Agenda!$N$5:$N$3004,A12,Agenda!$H$5:$H$3004,"Realizado",Agenda!$L$5:$L$3004,Config!$B$7,Agenda!$M$5:$M$3004,Config!$B$5)) -> 41 | C12: =IF(A12="","",COUNTIFS(Agenda!$N$5:$N$3004,A12,Agenda!$H$5:$H$3004,"Falta",Agenda!$L$5:$L$3004,Config!$B$7,Agenda!$M$5:$M$3004,Config!$B$5)) -> 2 | D12: =IF(A12="","",IF(B12+C12=0,"",C12/(B12+C12))) -> 0.046511628 | E12: =IF(A12="","",COUNTIFS(Agenda!$N$5:$N$3004,A12,Agenda!$H$5:$H$3004,"Cancelado",Agenda!$L$5:$L$3004,Config!$B$7,Agenda!$M$5:$M$3004,Config!$B$5)) -> 2 | F12: =IF(A12="","",COUNTIFS(Agenda!$N$5:$N$3004,A12,Agenda!$H$5:$H$3004,"Remarcado",Agenda!$L$5:$L$3004,Config!$B$7,Agenda!$M$5:$M$3004,Config!$B$5)) -> 0 | G12: =IF(D12="","",REPT("█",ROUND(MIN(1,D12/0.25)*24,0))) -> ████
A13: Quarta | B13: =IF(A13="","",COUNTIFS(Agenda!$N$5:$N$3004,A13,Agenda!$H$5:$H$3004,"Realizado",Agenda!$L$5:$L$3004,Config!$B$7,Agenda!$M$5:$M$3004,Config!$B$5)) -> 17 | C13: =IF(A13="","",COUNTIFS(Agenda!$N$5:$N$3004,A13,Agenda!$H$5:$H$3004,"Falta",Agenda!$L$5:$L$3004,Config!$B$7,Agenda!$M$5:$M$3004,Config!$B$5)) -> 0 | D13: =IF(A13="","",IF(B13+C13=0,"",C13/(B13+C13))) -> 0 | E13: =IF(A13="","",COUNTIFS(Agenda!$N$5:$N$3004,A13,Agenda!$H$5:$H$3004,"Cancelado",Agenda!$L$5:$L$3004,Config!$B$7,Agenda!$M$5:$M$3004,Config!$B$5)) -> 0 | F13: =IF(A13="","",COUNTIFS(Agenda!$N$5:$N$3004,A13,Agenda!$H$5:$H$3004,"Remarcado",Agenda!$L$5:$L$3004,Config!$B$7,Agenda!$M$5:$M$3004,Config!$B$5)) -> 0 | G13: =IF(D13="","",REPT("█",ROUND(MIN(1,D13/0.25)*24,0)))
A14: Quinta | B14: =IF(A14="","",COUNTIFS(Agenda!$N$5:$N$3004,A14,Agenda!$H$5:$H$3004,"Realizado",Agenda!$L$5:$L$3004,Config!$B$7,Agenda!$M$5:$M$3004,Config!$B$5)) -> 38 | C14: =IF(A14="","",COUNTIFS(Agenda!$N$5:$N$3004,A14,Agenda!$H$5:$H$3004,"Falta",Agenda!$L$5:$L$3004,Config!$B$7,Agenda!$M$5:$M$3004,Config!$B$5)) -> 2 | D14: =IF(A14="","",IF(B14+C14=0,"",C14/(B14+C14))) -> 0.05 | E14: =IF(A14="","",COUNTIFS(Agenda!$N$5:$N$3004,A14,Agenda!$H$5:$H$3004,"Cancelado",Agenda!$L$5:$L$3004,Config!$B$7,Agenda!$M$5:$M$3004,Config!$B$5)) -> 0 | F14: =IF(A14="","",COUNTIFS(Agenda!$N$5:$N$3004,A14,Agenda!$H$5:$H$3004,"Remarcado",Agenda!$L$5:$L$3004,Config!$B$7,Agenda!$M$5:$M$3004,Config!$B$5)) -> 0 | G14: =IF(D14="","",REPT("█",ROUND(MIN(1,D14/0.25)*24,0))) -> █████
A15: Sexta | B15: =IF(A15="","",COUNTIFS(Agenda!$N$5:$N$3004,A15,Agenda!$H$5:$H$3004,"Realizado",Agenda!$L$5:$L$3004,Config!$B$7,Agenda!$M$5:$M$3004,Config!$B$5)) -> 11 | C15: =IF(A15="","",COUNTIFS(Agenda!$N$5:$N$3004,A15,Agenda!$H$5:$H$3004,"Falta",Agenda!$L$5:$L$3004,Config!$B$7,Agenda!$M$5:$M$3004,Config!$B$5)) -> 2 | D15: =IF(A15="","",IF(B15+C15=0,"",C15/(B15+C15))) -> 0.15384615 | E15: =IF(A15="","",COUNTIFS(Agenda!$N$5:$N$3004,A15,Agenda!$H$5:$H$3004,"Cancelado",Agenda!$L$5:$L$3004,Config!$B$7,Agenda!$M$5:$M$3004,Config!$B$5)) -> 1 | F15: =IF(A15="","",COUNTIFS(Agenda!$N$5:$N$3004,A15,Agenda!$H$5:$H$3004,"Remarcado",Agenda!$L$5:$L$3004,Config!$B$7,Agenda!$M$5:$M$3004,Config!$B$5)) -> 0 | G15: =IF(D15="","",REPT("█",ROUND(MIN(1,D15/0.25)*24,0))) -> ███████████████
A16: Sábado | B16: =IF(A16="","",COUNTIFS(Agenda!$N$5:$N$3004,A16,Agenda!$H$5:$H$3004,"Realizado",Agenda!$L$5:$L$3004,Config!$B$7,Agenda!$M$5:$M$3004,Config!$B$5)) -> 0 | C16: =IF(A16="","",COUNTIFS(Agenda!$N$5:$N$3004,A16,Agenda!$H$5:$H$3004,"Falta",Agenda!$L$5:$L$3004,Config!$B$7,Agenda!$M$5:$M$3004,Config!$B$5)) -> 0 | D16: =IF(A16="","",IF(B16+C16=0,"",C16/(B16+C16))) | E16: =IF(A16="","",COUNTIFS(Agenda!$N$5:$N$3004,A16,Agenda!$H$5:$H$3004,"Cancelado",Agenda!$L$5:$L$3004,Config!$B$7,Agenda!$M$5:$M$3004,Config!$B$5)) -> 0 | F16: =IF(A16="","",COUNTIFS(Agenda!$N$5:$N$3004,A16,Agenda!$H$5:$H$3004,"Remarcado",Agenda!$L$5:$L$3004,Config!$B$7,Agenda!$M$5:$M$3004,Config!$B$5)) -> 0 | G16: =IF(D16="","",REPT("█",ROUND(MIN(1,D16/0.25)*24,0)))
A18: Por período
A19: Período | B19: Realizados | C19: Faltas | D19: Taxa de falta | E19: Cancelamentos | F19: Remarcações | G19: Barra
A20: Manhã | B20: =IF(A20="","",COUNTIFS(Agenda!$O$5:$O$3004,A20,Agenda!$H$5:$H$3004,"Realizado",Agenda!$L$5:$L$3004,Config!$B$7,Agenda!$M$5:$M$3004,Config!$B$5)) -> 41 | C20: =IF(A20="","",COUNTIFS(Agenda!$O$5:$O$3004,A20,Agenda!$H$5:$H$3004,"Falta",Agenda!$L$5:$L$3004,Config!$B$7,Agenda!$M$5:$M$3004,Config!$B$5)) -> 3 | D20: =IF(A20="","",IF(B20+C20=0,"",C20/(B20+C20))) -> 0.068181818 | E20: =IF(A20="","",COUNTIFS(Agenda!$O$5:$O$3004,A20,Agenda!$H$5:$H$3004,"Cancelado",Agenda!$L$5:$L$3004,Config!$B$7,Agenda!$M$5:$M$3004,Config!$B$5)) -> 2 | F20: =IF(A20="","",COUNTIFS(Agenda!$O$5:$O$3004,A20,Agenda!$H$5:$H$3004,"Remarcado",Agenda!$L$5:$L$3004,Config!$B$7,Agenda!$M$5:$M$3004,Config!$B$5)) -> 0 | G20: =IF(D20="","",REPT("█",ROUND(MIN(1,D20/0.25)*24,0))) -> ███████
A21: Tarde | B21: =IF(A21="","",COUNTIFS(Agenda!$O$5:$O$3004,A21,Agenda!$H$5:$H$3004,"Realizado",Agenda!$L$5:$L$3004,Config!$B$7,Agenda!$M$5:$M$3004,Config!$B$5)) -> 66 | C21: =IF(A21="","",COUNTIFS(Agenda!$O$5:$O$3004,A21,Agenda!$H$5:$H$3004,"Falta",Agenda!$L$5:$L$3004,Config!$B$7,Agenda!$M$5:$M$3004,Config!$B$5)) -> 3 | D21: =IF(A21="","",IF(B21+C21=0,"",C21/(B21+C21))) -> 0.043478261 | E21: =IF(A21="","",COUNTIFS(Agenda!$O$5:$O$3004,A21,Agenda!$H$5:$H$3004,"Cancelado",Agenda!$L$5:$L$3004,Config!$B$7,Agenda!$M$5:$M$3004,Config!$B$5)) -> 1 | F21: =IF(A21="","",COUNTIFS(Agenda!$O$5:$O$3004,A21,Agenda!$H$5:$H$3004,"Remarcado",Agenda!$L$5:$L$3004,Config!$B$7,Agenda!$M$5:$M$3004,Config!$B$5)) -> 0 | G21: =IF(D21="","",REPT("█",ROUND(MIN(1,D21/0.25)*24,0))) -> ████
A22: Noite | B22: =IF(A22="","",COUNTIFS(Agenda!$O$5:$O$3004,A22,Agenda!$H$5:$H$3004,"Realizado",Agenda!$L$5:$L$3004,Config!$B$7,Agenda!$M$5:$M$3004,Config!$B$5)) -> 0 | C22: =IF(A22="","",COUNTIFS(Agenda!$O$5:$O$3004,A22,Agenda!$H$5:$H$3004,"Falta",Agenda!$L$5:$L$3004,Config!$B$7,Agenda!$M$5:$M$3004,Config!$B$5)) -> 0 | D22: =IF(A22="","",IF(B22+C22=0,"",C22/(B22+C22))) | E22: =IF(A22="","",COUNTIFS(Agenda!$O$5:$O$3004,A22,Agenda!$H$5:$H$3004,"Cancelado",Agenda!$L$5:$L$3004,Config!$B$7,Agenda!$M$5:$M$3004,Config!$B$5)) -> 0 | F22: =IF(A22="","",COUNTIFS(Agenda!$O$5:$O$3004,A22,Agenda!$H$5:$H$3004,"Remarcado",Agenda!$L$5:$L$3004,Config!$B$7,Agenda!$M$5:$M$3004,Config!$B$5)) -> 0 | G22: =IF(D22="","",REPT("█",ROUND(MIN(1,D22/0.25)*24,0)))
A24: Por pagador
A25: Pagador | B25: Realizados | C25: Faltas | D25: Taxa de falta | E25: Cancelamentos | F25: Remarcações | G25: Barra
A26: =IF(Config!$F$5="","",Config!$F$5) -> Particular | B26: =IF(A26="","",COUNTIFS(Agenda!$F$5:$F$3004,A26,Agenda!$H$5:$H$3004,"Realizado",Agenda!$L$5:$L$3004,Config!$B$7,Agenda!$M$5:$M$3004,Config!$B$5)) -> 55 | C26: =IF(A26="","",COUNTIFS(Agenda!$F$5:$F$3004,A26,Agenda!$H$5:$H$3004,"Falta",Agenda!$L$5:$L$3004,Config!$B$7,Agenda!$M$5:$M$3004,Config!$B$5)) -> 2 | D26: =IF(A26="","",IF(B26+C26=0,"",C26/(B26+C26))) -> 0.035087719 | E26: =IF(A26="","",COUNTIFS(Agenda!$F$5:$F$3004,A26,Agenda!$H$5:$H$3004,"Cancelado",Agenda!$L$5:$L$3004,Config!$B$7,Agenda!$M$5:$M$3004,Config!$B$5)) -> 1 | F26: =IF(A26="","",COUNTIFS(Agenda!$F$5:$F$3004,A26,Agenda!$H$5:$H$3004,"Remarcado",Agenda!$L$5:$L$3004,Config!$B$7,Agenda!$M$5:$M$3004,Config!$B$5)) -> 0 | G26: =IF(D26="","",REPT("█",ROUND(MIN(1,D26/0.25)*24,0))) -> ███
A27: =IF(Config!$F$6="","",Config!$F$6) -> Saúde Total | B27: =IF(A27="","",COUNTIFS(Agenda!$F$5:$F$3004,A27,Agenda!$H$5:$H$3004,"Realizado",Agenda!$L$5:$L$3004,Config!$B$7,Agenda!$M$5:$M$3004,Config!$B$5)) -> 26 | C27: =IF(A27="","",COUNTIFS(Agenda!$F$5:$F$3004,A27,Agenda!$H$5:$H$3004,"Falta",Agenda!$L$5:$L$3004,Config!$B$7,Agenda!$M$5:$M$3004,Config!$B$5)) -> 2 | D27: =IF(A27="","",IF(B27+C27=0,"",C27/(B27+C27))) -> 0.071428571 | E27: =IF(A27="","",COUNTIFS(Agenda!$F$5:$F$3004,A27,Agenda!$H$5:$H$3004,"Cancelado",Agenda!$L$5:$L$3004,Config!$B$7,Agenda!$M$5:$M$3004,Config!$B$5)) -> 0 | F27: =IF(A27="","",COUNTIFS(Agenda!$F$5:$F$3004,A27,Agenda!$H$5:$H$3004,"Remarcado",Agenda!$L$5:$L$3004,Config!$B$7,Agenda!$M$5:$M$3004,Config!$B$5)) -> 0 | G27: =IF(D27="","",REPT("█",ROUND(MIN(1,D27/0.25)*24,0))) -> ███████
A28: =IF(Config!$F$7="","",Config!$F$7) -> MediPlan | B28: =IF(A28="","",COUNTIFS(Agenda!$F$5:$F$3004,A28,Agenda!$H$5:$H$3004,"Realizado",Agenda!$L$5:$L$3004,Config!$B$7,Agenda!$M$5:$M$3004,Config!$B$5)) -> 19 | C28: =IF(A28="","",COUNTIFS(Agenda!$F$5:$F$3004,A28,Agenda!$H$5:$H$3004,"Falta",Agenda!$L$5:$L$3004,Config!$B$7,Agenda!$M$5:$M$3004,Config!$B$5)) -> 1 | D28: =IF(A28="","",IF(B28+C28=0,"",C28/(B28+C28))) -> 0.05 | E28: =IF(A28="","",COUNTIFS(Agenda!$F$5:$F$3004,A28,Agenda!$H$5:$H$3004,"Cancelado",Agenda!$L$5:$L$3004,Config!$B$7,Agenda!$M$5:$M$3004,Config!$B$5)) -> 1 | F28: =IF(A28="","",COUNTIFS(Agenda!$F$5:$F$3004,A28,Agenda!$H$5:$H$3004,"Remarcado",Agenda!$L$5:$L$3004,Config!$B$7,Agenda!$M$5:$M$3004,Config!$B$5)) -> 0 | G28: =IF(D28="","",REPT("█",ROUND(MIN(1,D28/0.25)*24,0))) -> █████
A29: =IF(Config!$F$8="","",Config!$F$8) -> Vida Care | B29: =IF(A29="","",COUNTIFS(Agenda!$F$5:$F$3004,A29,Agenda!$H$5:$H$3004,"Realizado",Agenda!$L$5:$L$3004,Config!$B$7,Agenda!$M$5:$M$3004,Config!$B$5)) -> 7 | C29: =IF(A29="","",COUNTIFS(Agenda!$F$5:$F$3004,A29,Agenda!$H$5:$H$3004,"Falta",Agenda!$L$5:$L$3004,Config!$B$7,Agenda!$M$5:$M$3004,Config!$B$5)) -> 1 | D29: =IF(A29="","",IF(B29+C29=0,"",C29/(B29+C29))) -> 0.125 | E29: =IF(A29="","",COUNTIFS(Agenda!$F$5:$F$3004,A29,Agenda!$H$5:$H$3004,"Cancelado",Agenda!$L$5:$L$3004,Config!$B$7,Agenda!$M$5:$M$3004,Config!$B$5)) -> 1 | F29: =IF(A29="","",COUNTIFS(Agenda!$F$5:$F$3004,A29,Agenda!$H$5:$H$3004,"Remarcado",Agenda!$L$5:$L$3004,Config!$B$7,Agenda!$M$5:$M$3004,Config!$B$5)) -> 0 | G29: =IF(D29="","",REPT("█",ROUND(MIN(1,D29/0.25)*24,0))) -> ████████████
A30: =IF(Config!$F$9="","",Config!$F$9) | B30: =IF(A30="","",COUNTIFS(Agenda!$F$5:$F$3004,A30,Agenda!$H$5:$H$3004,"Realizado",Agenda!$L$5:$L$3004,Config!$B$7,Agenda!$M$5:$M$3004,Config!$B$5)) | C30: =IF(A30="","",COUNTIFS(Agenda!$F$5:$F$3004,A30,Agenda!$H$5:$H$3004,"Falta",Agenda!$L$5:$L$3004,Config!$B$7,Agenda!$M$5:$M$3004,Config!$B$5)) | D30: =IF(A30="","",IF(B30+C30=0,"",C30/(B30+C30))) | E30: =IF(A30="","",COUNTIFS(Agenda!$F$5:$F$3004,A30,Agenda!$H$5:$H$3004,"Cancelado",Agenda!$L$5:$L$3004,Config!$B$7,Agenda!$M$5:$M$3004,Config!$B$5)) | F30: =IF(A30="","",COUNTIFS(Agenda!$F$5:$F$3004,A30,Agenda!$H$5:$H$3004,"Remarcado",Agenda!$L$5:$L$3004,Config!$B$7,Agenda!$M$5:$M$3004,Config!$B$5)) | G30: =IF(D30="","",REPT("█",ROUND(MIN(1,D30/0.25)*24,0)))
A31: =IF(Config!$F$10="","",Config!$F$10) | B31: =IF(A31="","",COUNTIFS(Agenda!$F$5:$F$3004,A31,Agenda!$H$5:$H$3004,"Realizado",Agenda!$L$5:$L$3004,Config!$B$7,Agenda!$M$5:$M$3004,Config!$B$5)) | C31: =IF(A31="","",COUNTIFS(Agenda!$F$5:$F$3004,A31,Agenda!$H$5:$H$3004,"Falta",Agenda!$L$5:$L$3004,Config!$B$7,Agenda!$M$5:$M$3004,Config!$B$5)) | D31: =IF(A31="","",IF(B31+C31=0,"",C31/(B31+C31))) | E31: =IF(A31="","",COUNTIFS(Agenda!$F$5:$F$3004,A31,Agenda!$H$5:$H$3004,"Cancelado",Agenda!$L$5:$L$3004,Config!$B$7,Agenda!$M$5:$M$3004,Config!$B$5)) | F31: =IF(A31="","",COUNTIFS(Agenda!$F$5:$F$3004,A31,Agenda!$H$5:$H$3004,"Remarcado",Agenda!$L$5:$L$3004,Config!$B$7,Agenda!$M$5:$M$3004,Config!$B$5)) | G31: =IF(D31="","",REPT("█",ROUND(MIN(1,D31/0.25)*24,0)))
A33: Por profissional
A34: Profissional | B34: Realizados | C34: Faltas | D34: Taxa de falta | E34: Cancelamentos | F34: Remarcações | G34: Barra
A35: =IF(Config!$D$5="","",Config!$D$5) -> Dra. Carolina Mendes | B35: =IF(A35="","",COUNTIFS(Agenda!$C$5:$C$3004,A35,Agenda!$H$5:$H$3004,"Realizado",Agenda!$L$5:$L$3004,Config!$B$7,Agenda!$M$5:$M$3004,Config!$B$5)) -> 47 | C35: =IF(A35="","",COUNTIFS(Agenda!$C$5:$C$3004,A35,Agenda!$H$5:$H$3004,"Falta",Agenda!$L$5:$L$3004,Config!$B$7,Agenda!$M$5:$M$3004,Config!$B$5)) -> 1 | D35: =IF(A35="","",IF(B35+C35=0,"",C35/(B35+C35))) -> 0.020833333 | E35: =IF(A35="","",COUNTIFS(Agenda!$C$5:$C$3004,A35,Agenda!$H$5:$H$3004,"Cancelado",Agenda!$L$5:$L$3004,Config!$B$7,Agenda!$M$5:$M$3004,Config!$B$5)) -> 1 | F35: =IF(A35="","",COUNTIFS(Agenda!$C$5:$C$3004,A35,Agenda!$H$5:$H$3004,"Remarcado",Agenda!$L$5:$L$3004,Config!$B$7,Agenda!$M$5:$M$3004,Config!$B$5)) -> 0 | G35: =IF(D35="","",REPT("█",ROUND(MIN(1,D35/0.25)*24,0))) -> ██
A36: =IF(Config!$D$6="","",Config!$D$6) -> Dr. Paulo Andrade | B36: =IF(A36="","",COUNTIFS(Agenda!$C$5:$C$3004,A36,Agenda!$H$5:$H$3004,"Realizado",Agenda!$L$5:$L$3004,Config!$B$7,Agenda!$M$5:$M$3004,Config!$B$5)) -> 36 | C36: =IF(A36="","",COUNTIFS(Agenda!$C$5:$C$3004,A36,Agenda!$H$5:$H$3004,"Falta",Agenda!$L$5:$L$3004,Config!$B$7,Agenda!$M$5:$M$3004,Config!$B$5)) -> 4 | D36: =IF(A36="","",IF(B36+C36=0,"",C36/(B36+C36))) -> 0.1 | E36: =IF(A36="","",COUNTIFS(Agenda!$C$5:$C$3004,A36,Agenda!$H$5:$H$3004,"Cancelado",Agenda!$L$5:$L$3004,Config!$B$7,Agenda!$M$5:$M$3004,Config!$B$5)) -> 2 | F36: =IF(A36="","",COUNTIFS(Agenda!$C$5:$C$3004,A36,Agenda!$H$5:$H$3004,"Remarcado",Agenda!$L$5:$L$3004,Config!$B$7,Agenda!$M$5:$M$3004,Config!$B$5)) -> 0 | G36: =IF(D36="","",REPT("█",ROUND(MIN(1,D36/0.25)*24,0))) -> ██████████
A37: =IF(Config!$D$7="","",Config!$D$7) -> Dra. Renata Sousa | B37: =IF(A37="","",COUNTIFS(Agenda!$C$5:$C$3004,A37,Agenda!$H$5:$H$3004,"Realizado",Agenda!$L$5:$L$3004,Config!$B$7,Agenda!$M$5:$M$3004,Config!$B$5)) -> 24 | C37: =IF(A37="","",COUNTIFS(Agenda!$C$5:$C$3004,A37,Agenda!$H$5:$H$3004,"Falta",Agenda!$L$5:$L$3004,Config!$B$7,Agenda!$M$5:$M$3004,Config!$B$5)) -> 1 | D37: =IF(A37="","",IF(B37+C37=0,"",C37/(B37+C37))) -> 0.04 | E37: =IF(A37="","",COUNTIFS(Agenda!$C$5:$C$3004,A37,Agenda!$H$5:$H$3004,"Cancelado",Agenda!$L$5:$L$3004,Config!$B$7,Agenda!$M$5:$M$3004,Config!$B$5)) -> 0 | F37: =IF(A37="","",COUNTIFS(Agenda!$C$5:$C$3004,A37,Agenda!$H$5:$H$3004,"Remarcado",Agenda!$L$5:$L$3004,Config!$B$7,Agenda!$M$5:$M$3004,Config!$B$5)) -> 0 | G37: =IF(D37="","",REPT("█",ROUND(MIN(1,D37/0.25)*24,0))) -> ████
A38: =IF(Config!$D$8="","",Config!$D$8) | B38: =IF(A38="","",COUNTIFS(Agenda!$C$5:$C$3004,A38,Agenda!$H$5:$H$3004,"Realizado",Agenda!$L$5:$L$3004,Config!$B$7,Agenda!$M$5:$M$3004,Config!$B$5)) | C38: =IF(A38="","",COUNTIFS(Agenda!$C$5:$C$3004,A38,Agenda!$H$5:$H$3004,"Falta",Agenda!$L$5:$L$3004,Config!$B$7,Agenda!$M$5:$M$3004,Config!$B$5)) | D38: =IF(A38="","",IF(B38+C38=0,"",C38/(B38+C38))) | E38: =IF(A38="","",COUNTIFS(Agenda!$C$5:$C$3004,A38,Agenda!$H$5:$H$3004,"Cancelado",Agenda!$L$5:$L$3004,Config!$B$7,Agenda!$M$5:$M$3004,Config!$B$5)) | F38: =IF(A38="","",COUNTIFS(Agenda!$C$5:$C$3004,A38,Agenda!$H$5:$H$3004,"Remarcado",Agenda!$L$5:$L$3004,Config!$B$7,Agenda!$M$5:$M$3004,Config!$B$5)) | G38: =IF(D38="","",REPT("█",ROUND(MIN(1,D38/0.25)*24,0)))
A39: =IF(Config!$D$9="","",Config!$D$9) | B39: =IF(A39="","",COUNTIFS(Agenda!$C$5:$C$3004,A39,Agenda!$H$5:$H$3004,"Realizado",Agenda!$L$5:$L$3004,Config!$B$7,Agenda!$M$5:$M$3004,Config!$B$5)) | C39: =IF(A39="","",COUNTIFS(Agenda!$C$5:$C$3004,A39,Agenda!$H$5:$H$3004,"Falta",Agenda!$L$5:$L$3004,Config!$B$7,Agenda!$M$5:$M$3004,Config!$B$5)) | D39: =IF(A39="","",IF(B39+C39=0,"",C39/(B39+C39))) | E39: =IF(A39="","",COUNTIFS(Agenda!$C$5:$C$3004,A39,Agenda!$H$5:$H$3004,"Cancelado",Agenda!$L$5:$L$3004,Config!$B$7,Agenda!$M$5:$M$3004,Config!$B$5)) | F39: =IF(A39="","",COUNTIFS(Agenda!$C$5:$C$3004,A39,Agenda!$H$5:$H$3004,"Remarcado",Agenda!$L$5:$L$3004,Config!$B$7,Agenda!$M$5:$M$3004,Config!$B$5)) | G39: =IF(D39="","",REPT("█",ROUND(MIN(1,D39/0.25)*24,0)))
A40: =IF(Config!$D$10="","",Config!$D$10) | B40: =IF(A40="","",COUNTIFS(Agenda!$C$5:$C$3004,A40,Agenda!$H$5:$H$3004,"Realizado",Agenda!$L$5:$L$3004,Config!$B$7,Agenda!$M$5:$M$3004,Config!$B$5)) | C40: =IF(A40="","",COUNTIFS(Agenda!$C$5:$C$3004,A40,Agenda!$H$5:$H$3004,"Falta",Agenda!$L$5:$L$3004,Config!$B$7,Agenda!$M$5:$M$3004,Config!$B$5)) | D40: =IF(A40="","",IF(B40+C40=0,"",C40/(B40+C40))) | E40: =IF(A40="","",COUNTIFS(Agenda!$C$5:$C$3004,A40,Agenda!$H$5:$H$3004,"Cancelado",Agenda!$L$5:$L$3004,Config!$B$7,Agenda!$M$5:$M$3004,Config!$B$5)) | F40: =IF(A40="","",COUNTIFS(Agenda!$C$5:$C$3004,A40,Agenda!$H$5:$H$3004,"Remarcado",Agenda!$L$5:$L$3004,Config!$B$7,Agenda!$M$5:$M$3004,Config!$B$5)) | G40: =IF(D40="","",REPT("█",ROUND(MIN(1,D40/0.25)*24,0)))
A41: =IF(Config!$D$11="","",Config!$D$11) | B41: =IF(A41="","",COUNTIFS(Agenda!$C$5:$C$3004,A41,Agenda!$H$5:$H$3004,"Realizado",Agenda!$L$5:$L$3004,Config!$B$7,Agenda!$M$5:$M$3004,Config!$B$5)) | C41: =IF(A41="","",COUNTIFS(Agenda!$C$5:$C$3004,A41,Agenda!$H$5:$H$3004,"Falta",Agenda!$L$5:$L$3004,Config!$B$7,Agenda!$M$5:$M$3004,Config!$B$5)) | D41: =IF(A41="","",IF(B41+C41=0,"",C41/(B41+C41))) | E41: =IF(A41="","",COUNTIFS(Agenda!$C$5:$C$3004,A41,Agenda!$H$5:$H$3004,"Cancelado",Agenda!$L$5:$L$3004,Config!$B$7,Agenda!$M$5:$M$3004,Config!$B$5)) | F41: =IF(A41="","",COUNTIFS(Agenda!$C$5:$C$3004,A41,Agenda!$H$5:$H$3004,"Remarcado",Agenda!$L$5:$L$3004,Config!$B$7,Agenda!$M$5:$M$3004,Config!$B$5)) | G41: =IF(D41="","",REPT("█",ROUND(MIN(1,D41/0.25)*24,0)))
A42: =IF(Config!$D$12="","",Config!$D$12) | B42: =IF(A42="","",COUNTIFS(Agenda!$C$5:$C$3004,A42,Agenda!$H$5:$H$3004,"Realizado",Agenda!$L$5:$L$3004,Config!$B$7,Agenda!$M$5:$M$3004,Config!$B$5)) | C42: =IF(A42="","",COUNTIFS(Agenda!$C$5:$C$3004,A42,Agenda!$H$5:$H$3004,"Falta",Agenda!$L$5:$L$3004,Config!$B$7,Agenda!$M$5:$M$3004,Config!$B$5)) | D42: =IF(A42="","",IF(B42+C42=0,"",C42/(B42+C42))) | E42: =IF(A42="","",COUNTIFS(Agenda!$C$5:$C$3004,A42,Agenda!$H$5:$H$3004,"Cancelado",Agenda!$L$5:$L$3004,Config!$B$7,Agenda!$M$5:$M$3004,Config!$B$5)) | F42: =IF(A42="","",COUNTIFS(Agenda!$C$5:$C$3004,A42,Agenda!$H$5:$H$3004,"Remarcado",Agenda!$L$5:$L$3004,Config!$B$7,Agenda!$M$5:$M$3004,Config!$B$5)) | G42: =IF(D42="","",REPT("█",ROUND(MIN(1,D42/0.25)*24,0)))
A43: Taxa acima de 10 % em vermelho. A barra vai até 25 %. Compare pagadores e dias antes de decidir a regra de confirmação (mensagem de véspera, lista de espera, política de remarcação).
A45: Últimas 8 semanas (segunda a domingo)
A46: Semana | B46: Segunda-feira | C46: Realizados | D46: Faltas | E46: Taxa de falta | F46: Cancelamentos | G46: Remarcações | H46: Barra
A47: ="S"&TEXT(B47,"dd/mm") -> S27/07 | B47: =Config!$B$8-WEEKDAY(Config!$B$8,2)+1-49 -> 46230 | C47: =COUNTIFS(Agenda!$A$5:$A$3004,">="&B47,Agenda!$A$5:$A$3004,"<="&B47+6,Agenda!$H$5:$H$3004,"Realizado") -> 57 | D47: =COUNTIFS(Agenda!$A$5:$A$3004,">="&B47,Agenda!$A$5:$A$3004,"<="&B47+6,Agenda!$H$5:$H$3004,"Falta") -> 7 | E47: =IF(C47+D47=0,"",D47/(C47+D47)) -> 0.109375 | F47: =COUNTIFS(Agenda!$A$5:$A$3004,">="&B47,Agenda!$A$5:$A$3004,"<="&B47+6,Agenda!$H$5:$H$3004,"Cancelado") -> 2 | G47: =COUNTIFS(Agenda!$A$5:$A$3004,">="&B47,Agenda!$A$5:$A$3004,"<="&B47+6,Agenda!$H$5:$H$3004,"Remarcado") -> 1 | H47: =IF(E47="","",REPT("█",ROUND(MIN(1,E47/0.25)*24,0))) -> ███████████
A48: ="S"&TEXT(B48,"dd/mm") -> S03/08 | B48: =Config!$B$8-WEEKDAY(Config!$B$8,2)+1-42 -> 46237 | C48: =COUNTIFS(Agenda!$A$5:$A$3004,">="&B48,Agenda!$A$5:$A$3004,"<="&B48+6,Agenda!$H$5:$H$3004,"Realizado") -> 58 | D48: =COUNTIFS(Agenda!$A$5:$A$3004,">="&B48,Agenda!$A$5:$A$3004,"<="&B48+6,Agenda!$H$5:$H$3004,"Falta") -> 6 | E48: =IF(C48+D48=0,"",D48/(C48+D48)) -> 0.09375 | F48: =COUNTIFS(Agenda!$A$5:$A$3004,">="&B48,Agenda!$A$5:$A$3004,"<="&B48+6,Agenda!$H$5:$H$3004,"Cancelado") -> 4 | G48: =COUNTIFS(Agenda!$A$5:$A$3004,">="&B48,Agenda!$A$5:$A$3004,"<="&B48+6,Agenda!$H$5:$H$3004,"Remarcado") -> 0 | H48: =IF(E48="","",REPT("█",ROUND(MIN(1,E48/0.25)*24,0))) -> █████████
A49: ="S"&TEXT(B49,"dd/mm") -> S10/08 | B49: =Config!$B$8-WEEKDAY(Config!$B$8,2)+1-35 -> 46244 | C49: =COUNTIFS(Agenda!$A$5:$A$3004,">="&B49,Agenda!$A$5:$A$3004,"<="&B49+6,Agenda!$H$5:$H$3004,"Realizado") -> 64 | D49: =COUNTIFS(Agenda!$A$5:$A$3004,">="&B49,Agenda!$A$5:$A$3004,"<="&B49+6,Agenda!$H$5:$H$3004,"Falta") -> 5 | E49: =IF(C49+D49=0,"",D49/(C49+D49)) -> 0.072463768 | F49: =COUNTIFS(Agenda!$A$5:$A$3004,">="&B49,Agenda!$A$5:$A$3004,"<="&B49+6,Agenda!$H$5:$H$3004,"Cancelado") -> 2 | G49: =COUNTIFS(Agenda!$A$5:$A$3004,">="&B49,Agenda!$A$5:$A$3004,"<="&B49+6,Agenda!$H$5:$H$3004,"Remarcado") -> 1 | H49: =IF(E49="","",REPT("█",ROUND(MIN(1,E49/0.25)*24,0))) -> ███████
A50: ="S"&TEXT(B50,"dd/mm") -> S17/08 | B50: =Config!$B$8-WEEKDAY(Config!$B$8,2)+1-28 -> 46251 | C50: =COUNTIFS(Agenda!$A$5:$A$3004,">="&B50,Agenda!$A$5:$A$3004,"<="&B50+6,Agenda!$H$5:$H$3004,"Realizado") -> 52 | D50: =COUNTIFS(Agenda!$A$5:$A$3004,">="&B50,Agenda!$A$5:$A$3004,"<="&B50+6,Agenda!$H$5:$H$3004,"Falta") -> 6 | E50: =IF(C50+D50=0,"",D50/(C50+D50)) -> 0.10344828 | F50: =COUNTIFS(Agenda!$A$5:$A$3004,">="&B50,Agenda!$A$5:$A$3004,"<="&B50+6,Agenda!$H$5:$H$3004,"Cancelado") -> 5 | G50: =COUNTIFS(Agenda!$A$5:$A$3004,">="&B50,Agenda!$A$5:$A$3004,"<="&B50+6,Agenda!$H$5:$H$3004,"Remarcado") -> 2 | H50: =IF(E50="","",REPT("█",ROUND(MIN(1,E50/0.25)*24,0))) -> ██████████
A51: ="S"&TEXT(B51,"dd/mm") -> S24/08 | B51: =Config!$B$8-WEEKDAY(Config!$B$8,2)+1-21 -> 46258 | C51: =COUNTIFS(Agenda!$A$5:$A$3004,">="&B51,Agenda!$A$5:$A$3004,"<="&B51+6,Agenda!$H$5:$H$3004,"Realizado") -> 64 | D51: =COUNTIFS(Agenda!$A$5:$A$3004,">="&B51,Agenda!$A$5:$A$3004,"<="&B51+6,Agenda!$H$5:$H$3004,"Falta") -> 6 | E51: =IF(C51+D51=0,"",D51/(C51+D51)) -> 0.085714286 | F51: =COUNTIFS(Agenda!$A$5:$A$3004,">="&B51,Agenda!$A$5:$A$3004,"<="&B51+6,Agenda!$H$5:$H$3004,"Cancelado") -> 1 | G51: =COUNTIFS(Agenda!$A$5:$A$3004,">="&B51,Agenda!$A$5:$A$3004,"<="&B51+6,Agenda!$H$5:$H$3004,"Remarcado") -> 1 | H51: =IF(E51="","",REPT("█",ROUND(MIN(1,E51/0.25)*24,0))) -> ████████
A52: ="S"&TEXT(B52,"dd/mm") -> S31/08 | B52: =Config!$B$8-WEEKDAY(Config!$B$8,2)+1-14 -> 46265 | C52: =COUNTIFS(Agenda!$A$5:$A$3004,">="&B52,Agenda!$A$5:$A$3004,"<="&B52+6,Agenda!$H$5:$H$3004,"Realizado") -> 72 | D52: =COUNTIFS(Agenda!$A$5:$A$3004,">="&B52,Agenda!$A$5:$A$3004,"<="&B52+6,Agenda!$H$5:$H$3004,"Falta") -> 3 | E52: =IF(C52+D52=0,"",D52/(C52+D52)) -> 0.04 | F52: =COUNTIFS(Agenda!$A$5:$A$3004,">="&B52,Agenda!$A$5:$A$3004,"<="&B52+6,Agenda!$H$5:$H$3004,"Cancelado") -> 1 | G52: =COUNTIFS(Agenda!$A$5:$A$3004,">="&B52,Agenda!$A$5:$A$3004,"<="&B52+6,Agenda!$H$5:$H$3004,"Remarcado") -> 0 | H52: =IF(E52="","",REPT("█",ROUND(MIN(1,E52/0.25)*24,0))) -> ████
A53: ="S"&TEXT(B53,"dd/mm") -> S07/09 | B53: =Config!$B$8-WEEKDAY(Config!$B$8,2)+1-7 -> 46272 | C53: =COUNTIFS(Agenda!$A$5:$A$3004,">="&B53,Agenda!$A$5:$A$3004,"<="&B53+6,Agenda!$H$5:$H$3004,"Realizado") -> 49 | D53: =COUNTIFS(Agenda!$A$5:$A$3004,">="&B53,Agenda!$A$5:$A$3004,"<="&B53+6,Agenda!$H$5:$H$3004,"Falta") -> 3 | E53: =IF(C53+D53=0,"",D53/(C53+D53)) -> 0.057692308 | F53: =COUNTIFS(Agenda!$A$5:$A$3004,">="&B53,Agenda!$A$5:$A$3004,"<="&B53+6,Agenda!$H$5:$H$3004,"Cancelado") -> 3 | G53: =COUNTIFS(Agenda!$A$5:$A$3004,">="&B53,Agenda!$A$5:$A$3004,"<="&B53+6,Agenda!$H$5:$H$3004,"Remarcado") -> 0 | H53: =IF(E53="","",REPT("█",ROUND(MIN(1,E53/0.25)*24,0))) -> ██████
A54: ="S"&TEXT(B54,"dd/mm") -> S14/09 | B54: =Config!$B$8-WEEKDAY(Config!$B$8,2)+1-0 -> 46279 | C54: =COUNTIFS(Agenda!$A$5:$A$3004,">="&B54,Agenda!$A$5:$A$3004,"<="&B54+6,Agenda!$H$5:$H$3004,"Realizado") -> 0 | D54: =COUNTIFS(Agenda!$A$5:$A$3004,">="&B54,Agenda!$A$5:$A$3004,"<="&B54+6,Agenda!$H$5:$H$3004,"Falta") -> 0 | E54: =IF(C54+D54=0,"",D54/(C54+D54)) | F54: =COUNTIFS(Agenda!$A$5:$A$3004,">="&B54,Agenda!$A$5:$A$3004,"<="&B54+6,Agenda!$H$5:$H$3004,"Cancelado") -> 0 | G54: =COUNTIFS(Agenda!$A$5:$A$3004,">="&B54,Agenda!$A$5:$A$3004,"<="&B54+6,Agenda!$H$5:$H$3004,"Remarcado") -> 0 | H54: =IF(E54="","",REPT("█",ROUND(MIN(1,E54/0.25)*24,0)))
A55: A semana atual (destacada) ainda está em andamento. A mensagem de confirmação de véspera costuma derrubar a taxa de falta; meça aqui se derrubou.
A58: Lista de retorno: quem passou do retorno previsto e não tem horário marcado
A59: Quem está há mais tempo sem voltar primeiro. Mostra os 25 primeiros; os demais ficam na aba Agenda (filtre "Na lista de retorno?" = Sim). Ligar ou mandar mensagem é decisão da clínica; a planilha só avisa.
A60: # | B60: Paciente | C60: Profissional | D60: Pagador | E60: Último atendimento | F60: Procedimento | G60: Retorno previsto | H60: Dias além do previsto
A61: 1 | B61: =IFERROR(IF(LARGE(Agenda!$U$5:$U$3004,1)>0,INDEX(Agenda!$E$5:$E$3004,MATCH(LARGE(Agenda!$U$5:$U$3004,1),Agenda!$U$5:$U$3004,0)),""),"") -> Gabriel Fernandes | C61: =IFERROR(IF(LARGE(Agenda!$U$5:$U$3004,1)>0,INDEX(Agenda!$C$5:$C$3004,MATCH(LARGE(Agenda!$U$5:$U$3004,1),Agenda!$U$5:$U$3004,0)),""),"") -> Dr. Paulo Andrade | D61: =IFERROR(IF(LARGE(Agenda!$U$5:$U$3004,1)>0,INDEX(Agenda!$F$5:$F$3004,MATCH(LARGE(Agenda!$U$5:$U$3004,1),Agenda!$U$5:$U$3004,0)),""),"") -> Particular | E61: =IFERROR(IF(LARGE(Agenda!$U$5:$U$3004,1)>0,INDEX(Agenda!$A$5:$A$3004,MATCH(LARGE(Agenda!$U$5:$U$3004,1),Agenda!$U$5:$U$3004,0)),""),"") -> 46198 | F61: =IFERROR(IF(LARGE(Agenda!$U$5:$U$3004,1)>0,INDEX(Agenda!$G$5:$G$3004,MATCH(LARGE(Agenda!$U$5:$U$3004,1),Agenda!$U$5:$U$3004,0)),""),"") -> Consulta | G61: =IFERROR(IF(LARGE(Agenda!$U$5:$U$3004,1)>0,INDEX(Agenda!$Q$5:$Q$3004,MATCH(LARGE(Agenda!$U$5:$U$3004,1),Agenda!$U$5:$U$3004,0)),""),"") -> 46228 | H61: =IFERROR(IF(LARGE(Agenda!$U$5:$U$3004,1)>0,INDEX(Agenda!$S$5:$S$3004,MATCH(LARGE(Agenda!$U$5:$U$3004,1),Agenda!$U$5:$U$3004,0)),""),"") -> 51
A62: 2 | B62: =IFERROR(IF(LARGE(Agenda!$U$5:$U$3004,2)>0,INDEX(Agenda!$E$5:$E$3004,MATCH(LARGE(Agenda!$U$5:$U$3004,2),Agenda!$U$5:$U$3004,0)),""),"") -> Priscila Pinto | C62: =IFERROR(IF(LARGE(Agenda!$U$5:$U$3004,2)>0,INDEX(Agenda!$C$5:$C$3004,MATCH(LARGE(Agenda!$U$5:$U$3004,2),Agenda!$U$5:$U$3004,0)),""),"") -> Dr. Paulo Andrade | D62: =IFERROR(IF(LARGE(Agenda!$U$5:$U$3004,2)>0,INDEX(Agenda!$F$5:$F$3004,MATCH(LARGE(Agenda!$U$5:$U$3004,2),Agenda!$U$5:$U$3004,0)),""),"") -> Saúde Total | E62: =IFERROR(IF(LARGE(Agenda!$U$5:$U$3004,2)>0,INDEX(Agenda!$A$5:$A$3004,MATCH(LARGE(Agenda!$U$5:$U$3004,2),Agenda!$U$5:$U$3004,0)),""),"") -> 46212 | F62: =IFERROR(IF(LARGE(Agenda!$U$5:$U$3004,2)>0,INDEX(Agenda!$G$5:$G$3004,MATCH(LARGE(Agenda!$U$5:$U$3004,2),Agenda!$U$5:$U$3004,0)),""),"") -> Consulta | G62: =IFERROR(IF(LARGE(Agenda!$U$5:$U$3004,2)>0,INDEX(Agenda!$Q$5:$Q$3004,MATCH(LARGE(Agenda!$U$5:$U$3004,2),Agenda!$U$5:$U$3004,0)),""),"") -> 46242 | H62: =IFERROR(IF(LARGE(Agenda!$U$5:$U$3004,2)>0,INDEX(Agenda!$S$5:$S$3004,MATCH(LARGE(Agenda!$U$5:$U$3004,2),Agenda!$U$5:$U$3004,0)),""),"") -> 37
A63: 3 | B63: =IFERROR(IF(LARGE(Agenda!$U$5:$U$3004,3)>0,INDEX(Agenda!$E$5:$E$3004,MATCH(LARGE(Agenda!$U$5:$U$3004,3),Agenda!$U$5:$U$3004,0)),""),"") -> Roberta Almeida | C63: =IFERROR(IF(LARGE(Agenda!$U$5:$U$3004,3)>0,INDEX(Agenda!$C$5:$C$3004,MATCH(LARGE(Agenda!$U$5:$U$3004,3),Agenda!$U$5:$U$3004,0)),""),"") -> Dr. Paulo Andrade | D63: =IFERROR(IF(LARGE(Agenda!$U$5:$U$3004,3)>0,INDEX(Agenda!$F$5:$F$3004,MATCH(LARGE(Agenda!$U$5:$U$3004,3),Agenda!$U$5:$U$3004,0)),""),"") -> Saúde Total | E63: =IFERROR(IF(LARGE(Agenda!$U$5:$U$3004,3)>0,INDEX(Agenda!$A$5:$A$3004,MATCH(LARGE(Agenda!$U$5:$U$3004,3),Agenda!$U$5:$U$3004,0)),""),"") -> 46230 | F63: =IFERROR(IF(LARGE(Agenda!$U$5:$U$3004,3)>0,INDEX(Agenda!$G$5:$G$3004,MATCH(LARGE(Agenda!$U$5:$U$3004,3),Agenda!$U$5:$U$3004,0)),""),"") -> Consulta | G63: =IFERROR(IF(LARGE(Agenda!$U$5:$U$3004,3)>0,INDEX(Agenda!$Q$5:$Q$3004,MATCH(LARGE(Agenda!$U$5:$U$3004,3),Agenda!$U$5:$U$3004,0)),""),"") -> 46260 | H63: =IFERROR(IF(LARGE(Agenda!$U$5:$U$3004,3)>0,INDEX(Agenda!$S$5:$S$3004,MATCH(LARGE(Agenda!$U$5:$U$3004,3),Agenda!$U$5:$U$3004,0)),""),"") -> 19
A64: 4 | B64: =IFERROR(IF(LARGE(Agenda!$U$5:$U$3004,4)>0,INDEX(Agenda!$E$5:$E$3004,MATCH(LARGE(Agenda!$U$5:$U$3004,4),Agenda!$U$5:$U$3004,0)),""),"") -> Rafael Araújo | C64: =IFERROR(IF(LARGE(Agenda!$U$5:$U$3004,4)>0,INDEX(Agenda!$C$5:$C$3004,MATCH(LARGE(Agenda!$U$5:$U$3004,4),Agenda!$U$5:$U$3004,0)),""),"") -> Dr. Paulo Andrade | D64: =IFERROR(IF(LARGE(Agenda!$U$5:$U$3004,4)>0,INDEX(Agenda!$F$5:$F$3004,MATCH(LARGE(Agenda!$U$5:$U$3004,4),Agenda!$U$5:$U$3004,0)),""),"") -> MediPlan | E64: =IFERROR(IF(LARGE(Agenda!$U$5:$U$3004,4)>0,INDEX(Agenda!$A$5:$A$3004,MATCH(LARGE(Agenda!$U$5:$U$3004,4),Agenda!$U$5:$U$3004,0)),""),"") -> 46234 | F64: =IFERROR(IF(LARGE(Agenda!$U$5:$U$3004,4)>0,INDEX(Agenda!$G$5:$G$3004,MATCH(LARGE(Agenda!$U$5:$U$3004,4),Agenda!$U$5:$U$3004,0)),""),"") -> Consulta | G64: =IFERROR(IF(LARGE(Agenda!$U$5:$U$3004,4)>0,INDEX(Agenda!$Q$5:$Q$3004,MATCH(LARGE(Agenda!$U$5:$U$3004,4),Agenda!$U$5:$U$3004,0)),""),"") -> 46264 | H64: =IFERROR(IF(LARGE(Agenda!$U$5:$U$3004,4)>0,INDEX(Agenda!$S$5:$S$3004,MATCH(LARGE(Agenda!$U$5:$U$3004,4),Agenda!$U$5:$U$3004,0)),""),"") -> 15
A65: 5 | B65: =IFERROR(IF(LARGE(Agenda!$U$5:$U$3004,5)>0,INDEX(Agenda!$E$5:$E$3004,MATCH(LARGE(Agenda!$U$5:$U$3004,5),Agenda!$U$5:$U$3004,0)),""),"") -> Viviane Teixeira | C65: =IFERROR(IF(LARGE(Agenda!$U$5:$U$3004,5)>0,INDEX(Agenda!$C$5:$C$3004,MATCH(LARGE(Agenda!$U$5:$U$3004,5),Agenda!$U$5:$U$3004,0)),""),"") -> Dr. Paulo Andrade | D65: =IFERROR(IF(LARGE(Agenda!$U$5:$U$3004,5)>0,INDEX(Agenda!$F$5:$F$3004,MATCH(LARGE(Agenda!$U$5:$U$3004,5),Agenda!$U$5:$U$3004,0)),""),"") -> Particular | E65: =IFERROR(IF(LARGE(Agenda!$U$5:$U$3004,5)>0,INDEX(Agenda!$A$5:$A$3004,MATCH(LARGE(Agenda!$U$5:$U$3004,5),Agenda!$U$5:$U$3004,0)),""),"") -> 46238 | F65: =IFERROR(IF(LARGE(Agenda!$U$5:$U$3004,5)>0,INDEX(Agenda!$G$5:$G$3004,MATCH(LARGE(Agenda!$U$5:$U$3004,5),Agenda!$U$5:$U$3004,0)),""),"") -> Consulta | G65: =IFERROR(IF(LARGE(Agenda!$U$5:$U$3004,5)>0,INDEX(Agenda!$Q$5:$Q$3004,MATCH(LARGE(Agenda!$U$5:$U$3004,5),Agenda!$U$5:$U$3004,0)),""),"") -> 46268 | H65: =IFERROR(IF(LARGE(Agenda!$U$5:$U$3004,5)>0,INDEX(Agenda!$S$5:$S$3004,MATCH(LARGE(Agenda!$U$5:$U$3004,5),Agenda!$U$5:$U$3004,0)),""),"") -> 11
A66: 6 | B66: =IFERROR(IF(LARGE(Agenda!$U$5:$U$3004,6)>0,INDEX(Agenda!$E$5:$E$3004,MATCH(LARGE(Agenda!$U$5:$U$3004,6),Agenda!$U$5:$U$3004,0)),""),"") -> Patrícia Vieira | C66: =IFERROR(IF(LARGE(Agenda!$U$5:$U$3004,6)>0,INDEX(Agenda!$C$5:$C$3004,MATCH(LARGE(Agenda!$U$5:$U$3004,6),Agenda!$U$5:$U$3004,0)),""),"") -> Dr. Paulo Andrade | D66: =IFERROR(IF(LARGE(Agenda!$U$5:$U$3004,6)>0,INDEX(Agenda!$F$5:$F$3004,MATCH(LARGE(Agenda!$U$5:$U$3004,6),Agenda!$U$5:$U$3004,0)),""),"") -> Saúde Total | E66: =IFERROR(IF(LARGE(Agenda!$U$5:$U$3004,6)>0,INDEX(Agenda!$A$5:$A$3004,MATCH(LARGE(Agenda!$U$5:$U$3004,6),Agenda!$U$5:$U$3004,0)),""),"") -> 46241 | F66: =IFERROR(IF(LARGE(Agenda!$U$5:$U$3004,6)>0,INDEX(Agenda!$G$5:$G$3004,MATCH(LARGE(Agenda!$U$5:$U$3004,6),Agenda!$U$5:$U$3004,0)),""),"") -> Consulta | G66: =IFERROR(IF(LARGE(Agenda!$U$5:$U$3004,6)>0,INDEX(Agenda!$Q$5:$Q$3004,MATCH(LARGE(Agenda!$U$5:$U$3004,6),Agenda!$U$5:$U$3004,0)),""),"") -> 46271 | H66: =IFERROR(IF(LARGE(Agenda!$U$5:$U$3004,6)>0,INDEX(Agenda!$S$5:$S$3004,MATCH(LARGE(Agenda!$U$5:$U$3004,6),Agenda!$U$5:$U$3004,0)),""),"") -> 8
A67: 7 | B67: =IFERROR(IF(LARGE(Agenda!$U$5:$U$3004,7)>0,INDEX(Agenda!$E$5:$E$3004,MATCH(LARGE(Agenda!$U$5:$U$3004,7),Agenda!$U$5:$U$3004,0)),""),"") -> Tatiana Rocha | C67: =IFERROR(IF(LARGE(Agenda!$U$5:$U$3004,7)>0,INDEX(Agenda!$C$5:$C$3004,MATCH(LARGE(Agenda!$U$5:$U$3004,7),Agenda!$U$5:$U$3004,0)),""),"") -> Dra. Carolina Mendes | D67: =IFERROR(IF(LARGE(Agenda!$U$5:$U$3004,7)>0,INDEX(Agenda!$F$5:$F$3004,MATCH(LARGE(Agenda!$U$5:$U$3004,7),Agenda!$U$5:$U$3004,0)),""),"") -> Vida Care | E67: =IFERROR(IF(LARGE(Agenda!$U$5:$U$3004,7)>0,INDEX(Agenda!$A$5:$A$3004,MATCH(LARGE(Agenda!$U$5:$U$3004,7),Agenda!$U$5:$U$3004,0)),""),"") -> 46245 | F67: =IFERROR(IF(LARGE(Agenda!$U$5:$U$3004,7)>0,INDEX(Agenda!$G$5:$G$3004,MATCH(LARGE(Agenda!$U$5:$U$3004,7),Agenda!$U$5:$U$3004,0)),""),"") -> Consulta | G67: =IFERROR(IF(LARGE(Agenda!$U$5:$U$3004,7)>0,INDEX(Agenda!$Q$5:$Q$3004,MATCH(LARGE(Agenda!$U$5:$U$3004,7),Agenda!$U$5:$U$3004,0)),""),"") -> 46275 | H67: =IFERROR(IF(LARGE(Agenda!$U$5:$U$3004,7)>0,INDEX(Agenda!$S$5:$S$3004,MATCH(LARGE(Agenda!$U$5:$U$3004,7),Agenda!$U$5:$U$3004,0)),""),"") -> 4
A68: 8 | B68: =IFERROR(IF(LARGE(Agenda!$U$5:$U$3004,8)>0,INDEX(Agenda!$E$5:$E$3004,MATCH(LARGE(Agenda!$U$5:$U$3004,8),Agenda!$U$5:$U$3004,0)),""),"") -> Paulo Freitas | C68: =IFERROR(IF(LARGE(Agenda!$U$5:$U$3004,8)>0,INDEX(Agenda!$C$5:$C$3004,MATCH(LARGE(Agenda!$U$5:$U$3004,8),Agenda!$U$5:$U$3004,0)),""),"") -> Dra. Renata Sousa | D68: =IFERROR(IF(LARGE(Agenda!$U$5:$U$3004,8)>0,INDEX(Agenda!$F$5:$F$3004,MATCH(LARGE(Agenda!$U$5:$U$3004,8),Agenda!$U$5:$U$3004,0)),""),"") -> Saúde Total | E68: =IFERROR(IF(LARGE(Agenda!$U$5:$U$3004,8)>0,INDEX(Agenda!$A$5:$A$3004,MATCH(LARGE(Agenda!$U$5:$U$3004,8),Agenda!$U$5:$U$3004,0)),""),"") -> 46233 | F68: =IFERROR(IF(LARGE(Agenda!$U$5:$U$3004,8)>0,INDEX(Agenda!$G$5:$G$3004,MATCH(LARGE(Agenda!$U$5:$U$3004,8),Agenda!$U$5:$U$3004,0)),""),"") -> Avaliação endócrina | G68: =IFERROR(IF(LARGE(Agenda!$U$5:$U$3004,8)>0,INDEX(Agenda!$Q$5:$Q$3004,MATCH(LARGE(Agenda!$U$5:$U$3004,8),Agenda!$U$5:$U$3004,0)),""),"") -> 46278 | H68: =IFERROR(IF(LARGE(Agenda!$U$5:$U$3004,8)>0,INDEX(Agenda!$S$5:$S$3004,MATCH(LARGE(Agenda!$U$5:$U$3004,8),Agenda!$U$5:$U$3004,0)),""),"") -> 1
A69: 9 | B69: =IFERROR(IF(LARGE(Agenda!$U$5:$U$3004,9)>0,INDEX(Agenda!$E$5:$E$3004,MATCH(LARGE(Agenda!$U$5:$U$3004,9),Agenda!$U$5:$U$3004,0)),""),"") | C69: =IFERROR(IF(LARGE(Agenda!$U$5:$U$3004,9)>0,INDEX(Agenda!$C$5:$C$3004,MATCH(LARGE(Agenda!$U$5:$U$3004,9),Agenda!$U$5:$U$3004,0)),""),"") | D69: =IFERROR(IF(LARGE(Agenda!$U$5:$U$3004,9)>0,INDEX(Agenda!$F$5:$F$3004,MATCH(LARGE(Agenda!$U$5:$U$3004,9),Agenda!$U$5:$U$3004,0)),""),"") | E69: =IFERROR(IF(LARGE(Agenda!$U$5:$U$3004,9)>0,INDEX(Agenda!$A$5:$A$3004,MATCH(LARGE(Agenda!$U$5:$U$3004,9),Agenda!$U$5:$U$3004,0)),""),"") | F69: =IFERROR(IF(LARGE(Agenda!$U$5:$U$3004,9)>0,INDEX(Agenda!$G$5:$G$3004,MATCH(LARGE(Agenda!$U$5:$U$3004,9),Agenda!$U$5:$U$3004,0)),""),"") | G69: =IFERROR(IF(LARGE(Agenda!$U$5:$U$3004,9)>0,INDEX(Agenda!$Q$5:$Q$3004,MATCH(LARGE(Agenda!$U$5:$U$3004,9),Agenda!$U$5:$U$3004,0)),""),"") | H69: =IFERROR(IF(LARGE(Agenda!$U$5:$U$3004,9)>0,INDEX(Agenda!$S$5:$S$3004,MATCH(LARGE(Agenda!$U$5:$U$3004,9),Agenda!$U$5:$U$3004,0)),""),"")
A70: 10 | B70: =IFERROR(IF(LARGE(Agenda!$U$5:$U$3004,10)>0,INDEX(Agenda!$E$5:$E$3004,MATCH(LARGE(Agenda!$U$5:$U$3004,10),Agenda!$U$5:$U$3004,0)),""),"") | C70: =IFERROR(IF(LARGE(Agenda!$U$5:$U$3004,10)>0,INDEX(Agenda!$C$5:$C$3004,MATCH(LARGE(Agenda!$U$5:$U$3004,10),Agenda!$U$5:$U$3004,0)),""),"") | D70: =IFERROR(IF(LARGE(Agenda!$U$5:$U$3004,10)>0,INDEX(Agenda!$F$5:$F$3004,MATCH(LARGE(Agenda!$U$5:$U$3004,10),Agenda!$U$5:$U$3004,0)),""),"") | E70: =IFERROR(IF(LARGE(Agenda!$U$5:$U$3004,10)>0,INDEX(Agenda!$A$5:$A$3004,MATCH(LARGE(Agenda!$U$5:$U$3004,10),Agenda!$U$5:$U$3004,0)),""),"") | F70: =IFERROR(IF(LARGE(Agenda!$U$5:$U$3004,10)>0,INDEX(Agenda!$G$5:$G$3004,MATCH(LARGE(Agenda!$U$5:$U$3004,10),Agenda!$U$5:$U$3004,0)),""),"") | G70: =IFERROR(IF(LARGE(Agenda!$U$5:$U$3004,10)>0,INDEX(Agenda!$Q$5:$Q$3004,MATCH(LARGE(Agenda!$U$5:$U$3004,10),Agenda!$U$5:$U$3004,0)),""),"") | H70: =IFERROR(IF(LARGE(Agenda!$U$5:$U$3004,10)>0,INDEX(Agenda!$S$5:$S$3004,MATCH(LARGE(Agenda!$U$5:$U$3004,10),Agenda!$U$5:$U$3004,0)),""),"")
A71: 11 | B71: =IFERROR(IF(LARGE(Agenda!$U$5:$U$3004,11)>0,INDEX(Agenda!$E$5:$E$3004,MATCH(LARGE(Agenda!$U$5:$U$3004,11),Agenda!$U$5:$U$3004,0)),""),"") | C71: =IFERROR(IF(LARGE(Agenda!$U$5:$U$3004,11)>0,INDEX(Agenda!$C$5:$C$3004,MATCH(LARGE(Agenda!$U$5:$U$3004,11),Agenda!$U$5:$U$3004,0)),""),"") | D71: =IFERROR(IF(LARGE(Agenda!$U$5:$U$3004,11)>0,INDEX(Agenda!$F$5:$F$3004,MATCH(LARGE(Agenda!$U$5:$U$3004,11),Agenda!$U$5:$U$3004,0)),""),"") | E71: =IFERROR(IF(LARGE(Agenda!$U$5:$U$3004,11)>0,INDEX(Agenda!$A$5:$A$3004,MATCH(LARGE(Agenda!$U$5:$U$3004,11),Agenda!$U$5:$U$3004,0)),""),"") | F71: =IFERROR(IF(LARGE(Agenda!$U$5:$U$3004,11)>0,INDEX(Agenda!$G$5:$G$3004,MATCH(LARGE(Agenda!$U$5:$U$3004,11),Agenda!$U$5:$U$3004,0)),""),"") | G71: =IFERROR(IF(LARGE(Agenda!$U$5:$U$3004,11)>0,INDEX(Agenda!$Q$5:$Q$3004,MATCH(LARGE(Agenda!$U$5:$U$3004,11),Agenda!$U$5:$U$3004,0)),""),"") | H71: =IFERROR(IF(LARGE(Agenda!$U$5:$U$3004,11)>0,INDEX(Agenda!$S$5:$S$3004,MATCH(LARGE(Agenda!$U$5:$U$3004,11),Agenda!$U$5:$U$3004,0)),""),"")
A72: 12 | B72: =IFERROR(IF(LARGE(Agenda!$U$5:$U$3004,12)>0,INDEX(Agenda!$E$5:$E$3004,MATCH(LARGE(Agenda!$U$5:$U$3004,12),Agenda!$U$5:$U$3004,0)),""),"") | C72: =IFERROR(IF(LARGE(Agenda!$U$5:$U$3004,12)>0,INDEX(Agenda!$C$5:$C$3004,MATCH(LARGE(Agenda!$U$5:$U$3004,12),Agenda!$U$5:$U$3004,0)),""),"") | D72: =IFERROR(IF(LARGE(Agenda!$U$5:$U$3004,12)>0,INDEX(Agenda!$F$5:$F$3004,MATCH(LARGE(Agenda!$U$5:$U$3004,12),Agenda!$U$5:$U$3004,0)),""),"") | E72: =IFERROR(IF(LARGE(Agenda!$U$5:$U$3004,12)>0,INDEX(Agenda!$A$5:$A$3004,MATCH(LARGE(Agenda!$U$5:$U$3004,12),Agenda!$U$5:$U$3004,0)),""),"") | F72: =IFERROR(IF(LARGE(Agenda!$U$5:$U$3004,12)>0,INDEX(Agenda!$G$5:$G$3004,MATCH(LARGE(Agenda!$U$5:$U$3004,12),Agenda!$U$5:$U$3004,0)),""),"") | G72: =IFERROR(IF(LARGE(Agenda!$U$5:$U$3004,12)>0,INDEX(Agenda!$Q$5:$Q$3004,MATCH(LARGE(Agenda!$U$5:$U$3004,12),Agenda!$U$5:$U$3004,0)),""),"") | H72: =IFERROR(IF(LARGE(Agenda!$U$5:$U$3004,12)>0,INDEX(Agenda!$S$5:$S$3004,MATCH(LARGE(Agenda!$U$5:$U$3004,12),Agenda!$U$5:$U$3004,0)),""),"")
A73: 13 | B73: =IFERROR(IF(LARGE(Agenda!$U$5:$U$3004,13)>0,INDEX(Agenda!$E$5:$E$3004,MATCH(LARGE(Agenda!$U$5:$U$3004,13),Agenda!$U$5:$U$3004,0)),""),"") | C73: =IFERROR(IF(LARGE(Agenda!$U$5:$U$3004,13)>0,INDEX(Agenda!$C$5:$C$3004,MATCH(LARGE(Agenda!$U$5:$U$3004,13),Agenda!$U$5:$U$3004,0)),""),"") | D73: =IFERROR(IF(LARGE(Agenda!$U$5:$U$3004,13)>0,INDEX(Agenda!$F$5:$F$3004,MATCH(LARGE(Agenda!$U$5:$U$3004,13),Agenda!$U$5:$U$3004,0)),""),"") | E73: =IFERROR(IF(LARGE(Agenda!$U$5:$U$3004,13)>0,INDEX(Agenda!$A$5:$A$3004,MATCH(LARGE(Agenda!$U$5:$U$3004,13),Agenda!$U$5:$U$3004,0)),""),"") | F73: =IFERROR(IF(LARGE(Agenda!$U$5:$U$3004,13)>0,INDEX(Agenda!$G$5:$G$3004,MATCH(LARGE(Agenda!$U$5:$U$3004,13),Agenda!$U$5:$U$3004,0)),""),"") | G73: =IFERROR(IF(LARGE(Agenda!$U$5:$U$3004,13)>0,INDEX(Agenda!$Q$5:$Q$3004,MATCH(LARGE(Agenda!$U$5:$U$3004,13),Agenda!$U$5:$U$3004,0)),""),"") | H73: =IFERROR(IF(LARGE(Agenda!$U$5:$U$3004,13)>0,INDEX(Agenda!$S$5:$S$3004,MATCH(LARGE(Agenda!$U$5:$U$3004,13),Agenda!$U$5:$U$3004,0)),""),"")
A74: 14 | B74: =IFERROR(IF(LARGE(Agenda!$U$5:$U$3004,14)>0,INDEX(Agenda!$E$5:$E$3004,MATCH(LARGE(Agenda!$U$5:$U$3004,14),Agenda!$U$5:$U$3004,0)),""),"") | C74: =IFERROR(IF(LARGE(Agenda!$U$5:$U$3004,14)>0,INDEX(Agenda!$C$5:$C$3004,MATCH(LARGE(Agenda!$U$5:$U$3004,14),Agenda!$U$5:$U$3004,0)),""),"") | D74: =IFERROR(IF(LARGE(Agenda!$U$5:$U$3004,14)>0,INDEX(Agenda!$F$5:$F$3004,MATCH(LARGE(Agenda!$U$5:$U$3004,14),Agenda!$U$5:$U$3004,0)),""),"") | E74: =IFERROR(IF(LARGE(Agenda!$U$5:$U$3004,14)>0,INDEX(Agenda!$A$5:$A$3004,MATCH(LARGE(Agenda!$U$5:$U$3004,14),Agenda!$U$5:$U$3004,0)),""),"") | F74: =IFERROR(IF(LARGE(Agenda!$U$5:$U$3004,14)>0,INDEX(Agenda!$G$5:$G$3004,MATCH(LARGE(Agenda!$U$5:$U$3004,14),Agenda!$U$5:$U$3004,0)),""),"") | G74: =IFERROR(IF(LARGE(Agenda!$U$5:$U$3004,14)>0,INDEX(Agenda!$Q$5:$Q$3004,MATCH(LARGE(Agenda!$U$5:$U$3004,14),Agenda!$U$5:$U$3004,0)),""),"") | H74: =IFERROR(IF(LARGE(Agenda!$U$5:$U$3004,14)>0,INDEX(Agenda!$S$5:$S$3004,MATCH(LARGE(Agenda!$U$5:$U$3004,14),Agenda!$U$5:$U$3004,0)),""),"")
A75: 15 | B75: =IFERROR(IF(LARGE(Agenda!$U$5:$U$3004,15)>0,INDEX(Agenda!$E$5:$E$3004,MATCH(LARGE(Agenda!$U$5:$U$3004,15),Agenda!$U$5:$U$3004,0)),""),"") | C75: =IFERROR(IF(LARGE(Agenda!$U$5:$U$3004,15)>0,INDEX(Agenda!$C$5:$C$3004,MATCH(LARGE(Agenda!$U$5:$U$3004,15),Agenda!$U$5:$U$3004,0)),""),"") | D75: =IFERROR(IF(LARGE(Agenda!$U$5:$U$3004,15)>0,INDEX(Agenda!$F$5:$F$3004,MATCH(LARGE(Agenda!$U$5:$U$3004,15),Agenda!$U$5:$U$3004,0)),""),"") | E75: =IFERROR(IF(LARGE(Agenda!$U$5:$U$3004,15)>0,INDEX(Agenda!$A$5:$A$3004,MATCH(LARGE(Agenda!$U$5:$U$3004,15),Agenda!$U$5:$U$3004,0)),""),"") | F75: =IFERROR(IF(LARGE(Agenda!$U$5:$U$3004,15)>0,INDEX(Agenda!$G$5:$G$3004,MATCH(LARGE(Agenda!$U$5:$U$3004,15),Agenda!$U$5:$U$3004,0)),""),"") | G75: =IFERROR(IF(LARGE(Agenda!$U$5:$U$3004,15)>0,INDEX(Agenda!$Q$5:$Q$3004,MATCH(LARGE(Agenda!$U$5:$U$3004,15),Agenda!$U$5:$U$3004,0)),""),"") | H75: =IFERROR(IF(LARGE(Agenda!$U$5:$U$3004,15)>0,INDEX(Agenda!$S$5:$S$3004,MATCH(LARGE(Agenda!$U$5:$U$3004,15),Agenda!$U$5:$U$3004,0)),""),"")
A76: 16 | B76: =IFERROR(IF(LARGE(Agenda!$U$5:$U$3004,16)>0,INDEX(Agenda!$E$5:$E$3004,MATCH(LARGE(Agenda!$U$5:$U$3004,16),Agenda!$U$5:$U$3004,0)),""),"") | C76: =IFERROR(IF(LARGE(Agenda!$U$5:$U$3004,16)>0,INDEX(Agenda!$C$5:$C$3004,MATCH(LARGE(Agenda!$U$5:$U$3004,16),Agenda!$U$5:$U$3004,0)),""),"") | D76: =IFERROR(IF(LARGE(Agenda!$U$5:$U$3004,16)>0,INDEX(Agenda!$F$5:$F$3004,MATCH(LARGE(Agenda!$U$5:$U$3004,16),Agenda!$U$5:$U$3004,0)),""),"") | E76: =IFERROR(IF(LARGE(Agenda!$U$5:$U$3004,16)>0,INDEX(Agenda!$A$5:$A$3004,MATCH(LARGE(Agenda!$U$5:$U$3004,16),Agenda!$U$5:$U$3004,0)),""),"") | F76: =IFERROR(IF(LARGE(Agenda!$U$5:$U$3004,16)>0,INDEX(Agenda!$G$5:$G$3004,MATCH(LARGE(Agenda!$U$5:$U$3004,16),Agenda!$U$5:$U$3004,0)),""),"") | G76: =IFERROR(IF(LARGE(Agenda!$U$5:$U$3004,16)>0,INDEX(Agenda!$Q$5:$Q$3004,MATCH(LARGE(Agenda!$U$5:$U$3004,16),Agenda!$U$5:$U$3004,0)),""),"") | H76: =IFERROR(IF(LARGE(Agenda!$U$5:$U$3004,16)>0,INDEX(Agenda!$S$5:$S$3004,MATCH(LARGE(Agenda!$U$5:$U$3004,16),Agenda!$U$5:$U$3004,0)),""),"")
A77: 17 | B77: =IFERROR(IF(LARGE(Agenda!$U$5:$U$3004,17)>0,INDEX(Agenda!$E$5:$E$3004,MATCH(LARGE(Agenda!$U$5:$U$3004,17),Agenda!$U$5:$U$3004,0)),""),"") | C77: =IFERROR(IF(LARGE(Agenda!$U$5:$U$3004,17)>0,INDEX(Agenda!$C$5:$C$3004,MATCH(LARGE(Agenda!$U$5:$U$3004,17),Agenda!$U$5:$U$3004,0)),""),"") | D77: =IFERROR(IF(LARGE(Agenda!$U$5:$U$3004,17)>0,INDEX(Agenda!$F$5:$F$3004,MATCH(LARGE(Agenda!$U$5:$U$3004,17),Agenda!$U$5:$U$3004,0)),""),"") | E77: =IFERROR(IF(LARGE(Agenda!$U$5:$U$3004,17)>0,INDEX(Agenda!$A$5:$A$3004,MATCH(LARGE(Agenda!$U$5:$U$3004,17),Agenda!$U$5:$U$3004,0)),""),"") | F77: =IFERROR(IF(LARGE(Agenda!$U$5:$U$3004,17)>0,INDEX(Agenda!$G$5:$G$3004,MATCH(LARGE(Agenda!$U$5:$U$3004,17),Agenda!$U$5:$U$3004,0)),""),"") | G77: =IFERROR(IF(LARGE(Agenda!$U$5:$U$3004,17)>0,INDEX(Agenda!$Q$5:$Q$3004,MATCH(LARGE(Agenda!$U$5:$U$3004,17),Agenda!$U$5:$U$3004,0)),""),"") | H77: =IFERROR(IF(LARGE(Agenda!$U$5:$U$3004,17)>0,INDEX(Agenda!$S$5:$S$3004,MATCH(LARGE(Agenda!$U$5:$U$3004,17),Agenda!$U$5:$U$3004,0)),""),"")
A78: 18 | B78: =IFERROR(IF(LARGE(Agenda!$U$5:$U$3004,18)>0,INDEX(Agenda!$E$5:$E$3004,MATCH(LARGE(Agenda!$U$5:$U$3004,18),Agenda!$U$5:$U$3004,0)),""),"") | C78: =IFERROR(IF(LARGE(Agenda!$U$5:$U$3004,18)>0,INDEX(Agenda!$C$5:$C$3004,MATCH(LARGE(Agenda!$U$5:$U$3004,18),Agenda!$U$5:$U$3004,0)),""),"") | D78: =IFERROR(IF(LARGE(Agenda!$U$5:$U$3004,18)>0,INDEX(Agenda!$F$5:$F$3004,MATCH(LARGE(Agenda!$U$5:$U$3004,18),Agenda!$U$5:$U$3004,0)),""),"") | E78: =IFERROR(IF(LARGE(Agenda!$U$5:$U$3004,18)>0,INDEX(Agenda!$A$5:$A$3004,MATCH(LARGE(Agenda!$U$5:$U$3004,18),Agenda!$U$5:$U$3004,0)),""),"") | F78: =IFERROR(IF(LARGE(Agenda!$U$5:$U$3004,18)>0,INDEX(Agenda!$G$5:$G$3004,MATCH(LARGE(Agenda!$U$5:$U$3004,18),Agenda!$U$5:$U$3004,0)),""),"") | G78: =IFERROR(IF(LARGE(Agenda!$U$5:$U$3004,18)>0,INDEX(Agenda!$Q$5:$Q$3004,MATCH(LARGE(Agenda!$U$5:$U$3004,18),Agenda!$U$5:$U$3004,0)),""),"") | H78: =IFERROR(IF(LARGE(Agenda!$U$5:$U$3004,18)>0,INDEX(Agenda!$S$5:$S$3004,MATCH(LARGE(Agenda!$U$5:$U$3004,18),Agenda!$U$5:$U$3004,0)),""),"")
A79: 19 | B79: =IFERROR(IF(LARGE(Agenda!$U$5:$U$3004,19)>0,INDEX(Agenda!$E$5:$E$3004,MATCH(LARGE(Agenda!$U$5:$U$3004,19),Agenda!$U$5:$U$3004,0)),""),"") | C79: =IFERROR(IF(LARGE(Agenda!$U$5:$U$3004,19)>0,INDEX(Agenda!$C$5:$C$3004,MATCH(LARGE(Agenda!$U$5:$U$3004,19),Agenda!$U$5:$U$3004,0)),""),"") | D79: =IFERROR(IF(LARGE(Agenda!$U$5:$U$3004,19)>0,INDEX(Agenda!$F$5:$F$3004,MATCH(LARGE(Agenda!$U$5:$U$3004,19),Agenda!$U$5:$U$3004,0)),""),"") | E79: =IFERROR(IF(LARGE(Agenda!$U$5:$U$3004,19)>0,INDEX(Agenda!$A$5:$A$3004,MATCH(LARGE(Agenda!$U$5:$U$3004,19),Agenda!$U$5:$U$3004,0)),""),"") | F79: =IFERROR(IF(LARGE(Agenda!$U$5:$U$3004,19)>0,INDEX(Agenda!$G$5:$G$3004,MATCH(LARGE(Agenda!$U$5:$U$3004,19),Agenda!$U$5:$U$3004,0)),""),"") | G79: =IFERROR(IF(LARGE(Agenda!$U$5:$U$3004,19)>0,INDEX(Agenda!$Q$5:$Q$3004,MATCH(LARGE(Agenda!$U$5:$U$3004,19),Agenda!$U$5:$U$3004,0)),""),"") | H79: =IFERROR(IF(LARGE(Agenda!$U$5:$U$3004,19)>0,INDEX(Agenda!$S$5:$S$3004,MATCH(LARGE(Agenda!$U$5:$U$3004,19),Agenda!$U$5:$U$3004,0)),""),"")
A80: 20 | B80: =IFERROR(IF(LARGE(Agenda!$U$5:$U$3004,20)>0,INDEX(Agenda!$E$5:$E$3004,MATCH(LARGE(Agenda!$U$5:$U$3004,20),Agenda!$U$5:$U$3004,0)),""),"") | C80: =IFERROR(IF(LARGE(Agenda!$U$5:$U$3004,20)>0,INDEX(Agenda!$C$5:$C$3004,MATCH(LARGE(Agenda!$U$5:$U$3004,20),Agenda!$U$5:$U$3004,0)),""),"") | D80: =IFERROR(IF(LARGE(Agenda!$U$5:$U$3004,20)>0,INDEX(Agenda!$F$5:$F$3004,MATCH(LARGE(Agenda!$U$5:$U$3004,20),Agenda!$U$5:$U$3004,0)),""),"") | E80: =IFERROR(IF(LARGE(Agenda!$U$5:$U$3004,20)>0,INDEX(Agenda!$A$5:$A$3004,MATCH(LARGE(Agenda!$U$5:$U$3004,20),Agenda!$U$5:$U$3004,0)),""),"") | F80: =IFERROR(IF(LARGE(Agenda!$U$5:$U$3004,20)>0,INDEX(Agenda!$G$5:$G$3004,MATCH(LARGE(Agenda!$U$5:$U$3004,20),Agenda!$U$5:$U$3004,0)),""),"") | G80: =IFERROR(IF(LARGE(Agenda!$U$5:$U$3004,20)>0,INDEX(Agenda!$Q$5:$Q$3004,MATCH(LARGE(Agenda!$U$5:$U$3004,20),Agenda!$U$5:$U$3004,0)),""),"") | H80: =IFERROR(IF(LARGE(Agenda!$U$5:$U$3004,20)>0,INDEX(Agenda!$S$5:$S$3004,MATCH(LARGE(Agenda!$U$5:$U$3004,20),Agenda!$U$5:$U$3004,0)),""),"")
A81: 21 | B81: =IFERROR(IF(LARGE(Agenda!$U$5:$U$3004,21)>0,INDEX(Agenda!$E$5:$E$3004,MATCH(LARGE(Agenda!$U$5:$U$3004,21),Agenda!$U$5:$U$3004,0)),""),"") | C81: =IFERROR(IF(LARGE(Agenda!$U$5:$U$3004,21)>0,INDEX(Agenda!$C$5:$C$3004,MATCH(LARGE(Agenda!$U$5:$U$3004,21),Agenda!$U$5:$U$3004,0)),""),"") | D81: =IFERROR(IF(LARGE(Agenda!$U$5:$U$3004,21)>0,INDEX(Agenda!$F$5:$F$3004,MATCH(LARGE(Agenda!$U$5:$U$3004,21),Agenda!$U$5:$U$3004,0)),""),"") | E81: =IFERROR(IF(LARGE(Agenda!$U$5:$U$3004,21)>0,INDEX(Agenda!$A$5:$A$3004,MATCH(LARGE(Agenda!$U$5:$U$3004,21),Agenda!$U$5:$U$3004,0)),""),"") | F81: =IFERROR(IF(LARGE(Agenda!$U$5:$U$3004,21)>0,INDEX(Agenda!$G$5:$G$3004,MATCH(LARGE(Agenda!$U$5:$U$3004,21),Agenda!$U$5:$U$3004,0)),""),"") | G81: =IFERROR(IF(LARGE(Agenda!$U$5:$U$3004,21)>0,INDEX(Agenda!$Q$5:$Q$3004,MATCH(LARGE(Agenda!$U$5:$U$3004,21),Agenda!$U$5:$U$3004,0)),""),"") | H81: =IFERROR(IF(LARGE(Agenda!$U$5:$U$3004,21)>0,INDEX(Agenda!$S$5:$S$3004,MATCH(LARGE(Agenda!$U$5:$U$3004,21),Agenda!$U$5:$U$3004,0)),""),"")
A82: 22 | B82: =IFERROR(IF(LARGE(Agenda!$U$5:$U$3004,22)>0,INDEX(Agenda!$E$5:$E$3004,MATCH(LARGE(Agenda!$U$5:$U$3004,22),Agenda!$U$5:$U$3004,0)),""),"") | C82: =IFERROR(IF(LARGE(Agenda!$U$5:$U$3004,22)>0,INDEX(Agenda!$C$5:$C$3004,MATCH(LARGE(Agenda!$U$5:$U$3004,22),Agenda!$U$5:$U$3004,0)),""),"") | D82: =IFERROR(IF(LARGE(Agenda!$U$5:$U$3004,22)>0,INDEX(Agenda!$F$5:$F$3004,MATCH(LARGE(Agenda!$U$5:$U$3004,22),Agenda!$U$5:$U$3004,0)),""),"") | E82: =IFERROR(IF(LARGE(Agenda!$U$5:$U$3004,22)>0,INDEX(Agenda!$A$5:$A$3004,MATCH(LARGE(Agenda!$U$5:$U$3004,22),Agenda!$U$5:$U$3004,0)),""),"") | F82: =IFERROR(IF(LARGE(Agenda!$U$5:$U$3004,22)>0,INDEX(Agenda!$G$5:$G$3004,MATCH(LARGE(Agenda!$U$5:$U$3004,22),Agenda!$U$5:$U$3004,0)),""),"") | G82: =IFERROR(IF(LARGE(Agenda!$U$5:$U$3004,22)>0,INDEX(Agenda!$Q$5:$Q$3004,MATCH(LARGE(Agenda!$U$5:$U$3004,22),Agenda!$U$5:$U$3004,0)),""),"") | H82: =IFERROR(IF(LARGE(Agenda!$U$5:$U$3004,22)>0,INDEX(Agenda!$S$5:$S$3004,MATCH(LARGE(Agenda!$U$5:$U$3004,22),Agenda!$U$5:$U$3004,0)),""),"")
A83: 23 | B83: =IFERROR(IF(LARGE(Agenda!$U$5:$U$3004,23)>0,INDEX(Agenda!$E$5:$E$3004,MATCH(LARGE(Agenda!$U$5:$U$3004,23),Agenda!$U$5:$U$3004,0)),""),"") | C83: =IFERROR(IF(LARGE(Agenda!$U$5:$U$3004,23)>0,INDEX(Agenda!$C$5:$C$3004,MATCH(LARGE(Agenda!$U$5:$U$3004,23),Agenda!$U$5:$U$3004,0)),""),"") | D83: =IFERROR(IF(LARGE(Agenda!$U$5:$U$3004,23)>0,INDEX(Agenda!$F$5:$F$3004,MATCH(LARGE(Agenda!$U$5:$U$3004,23),Agenda!$U$5:$U$3004,0)),""),"") | E83: =IFERROR(IF(LARGE(Agenda!$U$5:$U$3004,23)>0,INDEX(Agenda!$A$5:$A$3004,MATCH(LARGE(Agenda!$U$5:$U$3004,23),Agenda!$U$5:$U$3004,0)),""),"") | F83: =IFERROR(IF(LARGE(Agenda!$U$5:$U$3004,23)>0,INDEX(Agenda!$G$5:$G$3004,MATCH(LARGE(Agenda!$U$5:$U$3004,23),Agenda!$U$5:$U$3004,0)),""),"") | G83: =IFERROR(IF(LARGE(Agenda!$U$5:$U$3004,23)>0,INDEX(Agenda!$Q$5:$Q$3004,MATCH(LARGE(Agenda!$U$5:$U$3004,23),Agenda!$U$5:$U$3004,0)),""),"") | H83: =IFERROR(IF(LARGE(Agenda!$U$5:$U$3004,23)>0,INDEX(Agenda!$S$5:$S$3004,MATCH(LARGE(Agenda!$U$5:$U$3004,23),Agenda!$U$5:$U$3004,0)),""),"")
A84: 24 | B84: =IFERROR(IF(LARGE(Agenda!$U$5:$U$3004,24)>0,INDEX(Agenda!$E$5:$E$3004,MATCH(LARGE(Agenda!$U$5:$U$3004,24),Agenda!$U$5:$U$3004,0)),""),"") | C84: =IFERROR(IF(LARGE(Agenda!$U$5:$U$3004,24)>0,INDEX(Agenda!$C$5:$C$3004,MATCH(LARGE(Agenda!$U$5:$U$3004,24),Agenda!$U$5:$U$3004,0)),""),"") | D84: =IFERROR(IF(LARGE(Agenda!$U$5:$U$3004,24)>0,INDEX(Agenda!$F$5:$F$3004,MATCH(LARGE(Agenda!$U$5:$U$3004,24),Agenda!$U$5:$U$3004,0)),""),"") | E84: =IFERROR(IF(LARGE(Agenda!$U$5:$U$3004,24)>0,INDEX(Agenda!$A$5:$A$3004,MATCH(LARGE(Agenda!$U$5:$U$3004,24),Agenda!$U$5:$U$3004,0)),""),"") | F84: =IFERROR(IF(LARGE(Agenda!$U$5:$U$3004,24)>0,INDEX(Agenda!$G$5:$G$3004,MATCH(LARGE(Agenda!$U$5:$U$3004,24),Agenda!$U$5:$U$3004,0)),""),"") | G84: =IFERROR(IF(LARGE(Agenda!$U$5:$U$3004,24)>0,INDEX(Agenda!$Q$5:$Q$3004,MATCH(LARGE(Agenda!$U$5:$U$3004,24),Agenda!$U$5:$U$3004,0)),""),"") | H84: =IFERROR(IF(LARGE(Agenda!$U$5:$U$3004,24)>0,INDEX(Agenda!$S$5:$S$3004,MATCH(LARGE(Agenda!$U$5:$U$3004,24),Agenda!$U$5:$U$3004,0)),""),"")
A85: 25 | B85: =IFERROR(IF(LARGE(Agenda!$U$5:$U$3004,25)>0,INDEX(Agenda!$E$5:$E$3004,MATCH(LARGE(Agenda!$U$5:$U$3004,25),Agenda!$U$5:$U$3004,0)),""),"") | C85: =IFERROR(IF(LARGE(Agenda!$U$5:$U$3004,25)>0,INDEX(Agenda!$C$5:$C$3004,MATCH(LARGE(Agenda!$U$5:$U$3004,25),Agenda!$U$5:$U$3004,0)),""),"") | D85: =IFERROR(IF(LARGE(Agenda!$U$5:$U$3004,25)>0,INDEX(Agenda!$F$5:$F$3004,MATCH(LARGE(Agenda!$U$5:$U$3004,25),Agenda!$U$5:$U$3004,0)),""),"") | E85: =IFERROR(IF(LARGE(Agenda!$U$5:$U$3004,25)>0,INDEX(Agenda!$A$5:$A$3004,MATCH(LARGE(Agenda!$U$5:$U$3004,25),Agenda!$U$5:$U$3004,0)),""),"") | F85: =IFERROR(IF(LARGE(Agenda!$U$5:$U$3004,25)>0,INDEX(Agenda!$G$5:$G$3004,MATCH(LARGE(Agenda!$U$5:$U$3004,25),Agenda!$U$5:$U$3004,0)),""),"") | G85: =IFERROR(IF(LARGE(Agenda!$U$5:$U$3004,25)>0,INDEX(Agenda!$Q$5:$Q$3004,MATCH(LARGE(Agenda!$U$5:$U$3004,25),Agenda!$U$5:$U$3004,0)),""),"") | H85: =IFERROR(IF(LARGE(Agenda!$U$5:$U$3004,25)>0,INDEX(Agenda!$S$5:$S$3004,MATCH(LARGE(Agenda!$U$5:$U$3004,25),Agenda!$U$5:$U$3004,0)),""),"")
A88: Faltaram mais de uma vez no mês
A89: # | B89: Paciente | C89: Faltas no mês | D89: Pagador | E89: Profissional
A90: 1 | B90: =IFERROR(IF(LARGE(Agenda!$V$5:$V$3004,1)>=2000,INDEX(Agenda!$E$5:$E$3004,MATCH(LARGE(Agenda!$V$5:$V$3004,1),Agenda!$V$5:$V$3004,0)),""),"") | C90: =IFERROR(IF(LARGE(Agenda!$V$5:$V$3004,1)>=2000,INT(LARGE(Agenda!$V$5:$V$3004,1)/1000),""),"") | D90: =IFERROR(IF(LARGE(Agenda!$V$5:$V$3004,1)>=2000,INDEX(Agenda!$F$5:$F$3004,MATCH(LARGE(Agenda!$V$5:$V$3004,1),Agenda!$V$5:$V$3004,0)),""),"") | E90: =IFERROR(IF(LARGE(Agenda!$V$5:$V$3004,1)>=2000,INDEX(Agenda!$C$5:$C$3004,MATCH(LARGE(Agenda!$V$5:$V$3004,1),Agenda!$V$5:$V$3004,0)),""),"")
A91: 2 | B91: =IFERROR(IF(LARGE(Agenda!$V$5:$V$3004,2)>=2000,INDEX(Agenda!$E$5:$E$3004,MATCH(LARGE(Agenda!$V$5:$V$3004,2),Agenda!$V$5:$V$3004,0)),""),"") | C91: =IFERROR(IF(LARGE(Agenda!$V$5:$V$3004,2)>=2000,INT(LARGE(Agenda!$V$5:$V$3004,2)/1000),""),"") | D91: =IFERROR(IF(LARGE(Agenda!$V$5:$V$3004,2)>=2000,INDEX(Agenda!$F$5:$F$3004,MATCH(LARGE(Agenda!$V$5:$V$3004,2),Agenda!$V$5:$V$3004,0)),""),"") | E91: =IFERROR(IF(LARGE(Agenda!$V$5:$V$3004,2)>=2000,INDEX(Agenda!$C$5:$C$3004,MATCH(LARGE(Agenda!$V$5:$V$3004,2),Agenda!$V$5:$V$3004,0)),""),"")
A92: 3 | B92: =IFERROR(IF(LARGE(Agenda!$V$5:$V$3004,3)>=2000,INDEX(Agenda!$E$5:$E$3004,MATCH(LARGE(Agenda!$V$5:$V$3004,3),Agenda!$V$5:$V$3004,0)),""),"") | C92: =IFERROR(IF(LARGE(Agenda!$V$5:$V$3004,3)>=2000,INT(LARGE(Agenda!$V$5:$V$3004,3)/1000),""),"") | D92: =IFERROR(IF(LARGE(Agenda!$V$5:$V$3004,3)>=2000,INDEX(Agenda!$F$5:$F$3004,MATCH(LARGE(Agenda!$V$5:$V$3004,3),Agenda!$V$5:$V$3004,0)),""),"") | E92: =IFERROR(IF(LARGE(Agenda!$V$5:$V$3004,3)>=2000,INDEX(Agenda!$C$5:$C$3004,MATCH(LARGE(Agenda!$V$5:$V$3004,3),Agenda!$V$5:$V$3004,0)),""),"")
A93: 4 | B93: =IFERROR(IF(LARGE(Agenda!$V$5:$V$3004,4)>=2000,INDEX(Agenda!$E$5:$E$3004,MATCH(LARGE(Agenda!$V$5:$V$3004,4),Agenda!$V$5:$V$3004,0)),""),"") | C93: =IFERROR(IF(LARGE(Agenda!$V$5:$V$3004,4)>=2000,INT(LARGE(Agenda!$V$5:$V$3004,4)/1000),""),"") | D93: =IFERROR(IF(LARGE(Agenda!$V$5:$V$3004,4)>=2000,INDEX(Agenda!$F$5:$F$3004,MATCH(LARGE(Agenda!$V$5:$V$3004,4),Agenda!$V$5:$V$3004,0)),""),"") | E93: =IFERROR(IF(LARGE(Agenda!$V$5:$V$3004,4)>=2000,INDEX(Agenda!$C$5:$C$3004,MATCH(LARGE(Agenda!$V$5:$V$3004,4),Agenda!$V$5:$V$3004,0)),""),"")
A94: 5 | B94: =IFERROR(IF(LARGE(Agenda!$V$5:$V$3004,5)>=2000,INDEX(Agenda!$E$5:$E$3004,MATCH(LARGE(Agenda!$V$5:$V$3004,5),Agenda!$V$5:$V$3004,0)),""),"") | C94: =IFERROR(IF(LARGE(Agenda!$V$5:$V$3004,5)>=2000,INT(LARGE(Agenda!$V$5:$V$3004,5)/1000),""),"") | D94: =IFERROR(IF(LARGE(Agenda!$V$5:$V$3004,5)>=2000,INDEX(Agenda!$F$5:$F$3004,MATCH(LARGE(Agenda!$V$5:$V$3004,5),Agenda!$V$5:$V$3004,0)),""),"") | E94: =IFERROR(IF(LARGE(Agenda!$V$5:$V$3004,5)>=2000,INDEX(Agenda!$C$5:$C$3004,MATCH(LARGE(Agenda!$V$5:$V$3004,5),Agenda!$V$5:$V$3004,0)),""),"")
A95: 6 | B95: =IFERROR(IF(LARGE(Agenda!$V$5:$V$3004,6)>=2000,INDEX(Agenda!$E$5:$E$3004,MATCH(LARGE(Agenda!$V$5:$V$3004,6),Agenda!$V$5:$V$3004,0)),""),"") | C95: =IFERROR(IF(LARGE(Agenda!$V$5:$V$3004,6)>=2000,INT(LARGE(Agenda!$V$5:$V$3004,6)/1000),""),"") | D95: =IFERROR(IF(LARGE(Agenda!$V$5:$V$3004,6)>=2000,INDEX(Agenda!$F$5:$F$3004,MATCH(LARGE(Agenda!$V$5:$V$3004,6),Agenda!$V$5:$V$3004,0)),""),"") | E95: =IFERROR(IF(LARGE(Agenda!$V$5:$V$3004,6)>=2000,INDEX(Agenda!$C$5:$C$3004,MATCH(LARGE(Agenda!$V$5:$V$3004,6),Agenda!$V$5:$V$3004,0)),""),"")
A96: 7 | B96: =IFERROR(IF(LARGE(Agenda!$V$5:$V$3004,7)>=2000,INDEX(Agenda!$E$5:$E$3004,MATCH(LARGE(Agenda!$V$5:$V$3004,7),Agenda!$V$5:$V$3004,0)),""),"") | C96: =IFERROR(IF(LARGE(Agenda!$V$5:$V$3004,7)>=2000,INT(LARGE(Agenda!$V$5:$V$3004,7)/1000),""),"") | D96: =IFERROR(IF(LARGE(Agenda!$V$5:$V$3004,7)>=2000,INDEX(Agenda!$F$5:$F$3004,MATCH(LARGE(Agenda!$V$5:$V$3004,7),Agenda!$V$5:$V$3004,0)),""),"") | E96: =IFERROR(IF(LARGE(Agenda!$V$5:$V$3004,7)>=2000,INDEX(Agenda!$C$5:$C$3004,MATCH(LARGE(Agenda!$V$5:$V$3004,7),Agenda!$V$5:$V$3004,0)),""),"")
A97: 8 | B97: =IFERROR(IF(LARGE(Agenda!$V$5:$V$3004,8)>=2000,INDEX(Agenda!$E$5:$E$3004,MATCH(LARGE(Agenda!$V$5:$V$3004,8),Agenda!$V$5:$V$3004,0)),""),"") | C97: =IFERROR(IF(LARGE(Agenda!$V$5:$V$3004,8)>=2000,INT(LARGE(Agenda!$V$5:$V$3004,8)/1000),""),"") | D97: =IFERROR(IF(LARGE(Agenda!$V$5:$V$3004,8)>=2000,INDEX(Agenda!$F$5:$F$3004,MATCH(LARGE(Agenda!$V$5:$V$3004,8),Agenda!$V$5:$V$3004,0)),""),"") | E97: =IFERROR(IF(LARGE(Agenda!$V$5:$V$3004,8)>=2000,INDEX(Agenda!$C$5:$C$3004,MATCH(LARGE(Agenda!$V$5:$V$3004,8),Agenda!$V$5:$V$3004,0)),""),"")
A98: 9 | B98: =IFERROR(IF(LARGE(Agenda!$V$5:$V$3004,9)>=2000,INDEX(Agenda!$E$5:$E$3004,MATCH(LARGE(Agenda!$V$5:$V$3004,9),Agenda!$V$5:$V$3004,0)),""),"") | C98: =IFERROR(IF(LARGE(Agenda!$V$5:$V$3004,9)>=2000,INT(LARGE(Agenda!$V$5:$V$3004,9)/1000),""),"") | D98: =IFERROR(IF(LARGE(Agenda!$V$5:$V$3004,9)>=2000,INDEX(Agenda!$F$5:$F$3004,MATCH(LARGE(Agenda!$V$5:$V$3004,9),Agenda!$V$5:$V$3004,0)),""),"") | E98: =IFERROR(IF(LARGE(Agenda!$V$5:$V$3004,9)>=2000,INDEX(Agenda!$C$5:$C$3004,MATCH(LARGE(Agenda!$V$5:$V$3004,9),Agenda!$V$5:$V$3004,0)),""),"")
A99: 10 | B99: =IFERROR(IF(LARGE(Agenda!$V$5:$V$3004,10)>=2000,INDEX(Agenda!$E$5:$E$3004,MATCH(LARGE(Agenda!$V$5:$V$3004,10),Agenda!$V$5:$V$3004,0)),""),"") | C99: =IFERROR(IF(LARGE(Agenda!$V$5:$V$3004,10)>=2000,INT(LARGE(Agenda!$V$5:$V$3004,10)/1000),""),"") | D99: =IFERROR(IF(LARGE(Agenda!$V$5:$V$3004,10)>=2000,INDEX(Agenda!$F$5:$F$3004,MATCH(LARGE(Agenda!$V$5:$V$3004,10),Agenda!$V$5:$V$3004,0)),""),"") | E99: =IFERROR(IF(LARGE(Agenda!$V$5:$V$3004,10)>=2000,INDEX(Agenda!$C$5:$C$3004,MATCH(LARGE(Agenda!$V$5:$V$3004,10),Agenda!$V$5:$V$3004,0)),""),"")
A100: Duas faltas no mesmo mês pedem uma conversa antes do próximo agendamento (confirmação obrigatória, horário de encaixe). Sem cobrança de multa aqui: é decisão da clínica e tem regras próprias.

Sheet Config
A1: Configurações
A2: Células amarelas: você preenche. Listas iguais às da planilha 01; o retorno esperado por procedimento monta a lista de retorno.
A4: Clínica | B4: Clínica Vida Plena (exemplo fictício) | D4: Profissionais (até 8) | F4: Pagadores (até 6) | H4: Procedimentos (até 12) | I4: Retorno em (dias) | L4: Meses
A5: Ano do painel | B5: 2026 | D5: Dra. Carolina Mendes | F5: Particular | H5: Consulta | I5: 30 | L5: Janeiro
A6: Mês do painel | B6: Setembro | D6: Dr. Paulo Andrade | F6: Saúde Total | H6: Retorno | I6: 0 | L6: Fevereiro
A7: Número do mês | B7: =MATCH(B6,$L$5:$L$16,0) -> 9 | D7: Dra. Renata Sousa | F7: MediPlan | H7: ECG | I7: 0 | L7: Março
A8: Data de referência (hoje) | B8: 46279 | F8: Vida Care | H8: MAPA | I8: 0 | L8: Abril
A9: Lista de retorno: incluir quem passou do prazo há mais de (dias) | B9: 0 | C9: 0 = entra na lista no dia em que o retorno previsto passa. 7 = só uma semana depois. | H9: Holter | I9: 0 | L9: Maio
H10: Teste ergométrico | I10: 0 | L10: Junho
H11: Avaliação endócrina | I11: 45 | L11: Julho
L12: Agosto
L13: Setembro
L14: Outubro
L15: Novembro
L16: Dezembro
D18: Copie as listas da planilha 01 (Config). Retorno em (dias): em quantos dias se espera o paciente de volta depois desse procedimento (0 = não gera retorno). Preencha de cima para baixo, sem pular linha.

Sheet Agenda
A1: Agenda (cópia da planilha 01)
A2: Cole aqui as colunas A a K da Agenda da planilha 01 (a 01 é a fonte). As colunas brancas calculam faltas, retorno previsto e a lista de retorno.
A4: Data | B4: Hora | C4: Profissional | D4: Sala | E4: Paciente | F4: Pagador | G4: Procedimento | H4: Situação | I4: Forma de pagamento | J4: Parcelas (cartão) | K4: Observação | L4: Mês | M4: Ano | N4: Dia da semana | O4: Período | P4: Retorno em (dias) | Q4: Retorno previsto | R4: Voltou ou tem horário? | S4: Dias além do previsto | T4: Na lista de retorno?
A5: 46174 | B5: 0.33333333 | C5: Dra. Carolina Mendes | D5: Sala 1 | E5: Isabela Pinto | F5: Saúde Total | G5: Consulta | H5: Realizado | I5: Convênio | L5: =IF(A5="","",MONTH(A5)) -> 6 | M5: =IF(A5="","",YEAR(A5)) -> 2026 | N5: =IF(A5="","",CHOOSE(WEEKDAY(A5,2),"Segunda","Terça","Quarta","Quinta","Sexta","Sábado","Domingo")) -> Segunda | O5: =IF(B5="","",IF(B5<TIME(12,0,0),"Manhã",IF(B5<TIME(18,0,0),"Tarde","Noite"))) -> Manhã | P5: =IF(G5="","",IFERROR(INDEX(Config!$I$5:$I$16,MATCH(G5,Config!$H$5:$H$16,0)),0)) -> 30 | Q5: =IF(OR(H5<>"Realizado",P5="",P5=0),"",A5+P5) -> 46204 | R5: =IF(Q5="","",IF(COUNTIFS($E$5:$E$3004,E5,$A$5:$A$3004,">"&A5,$H$5:$H$3004,"<>Falta",$H$5:$H$3004,"<>Cancelado",$H$5:$H$3004,"<>Remarcado")>0,"Sim","Não")) -> Sim | S5: =IF(R5<>"Não","",IF(Q5+Config!$B$9<=Config!$B$8,Config!$B$8-Q5,"")) | T5: =IF(S5="","","Sim") | U5: =IF(T5="Sim",S5+ROW()/100000,0) -> 0 | V5: =IF(AND(H5="Falta",L5=Config!$B$7,M5=Config!$B$5,COUNTIFS($E$5:E5,E5,$H$5:H5,"Falta",$L$5:L5,Config!$B$7,$M$5:M5,Config!$B$5)=1),COUNTIFS($E$5:$E$3004,E5,$H$5:$H$3004,"Falta",$L$5:$L$3004,Config!$B$7,$M$5:$M$3004,Config!$B$5)*1000-ROW()/100000,0) -> 0
A6: 46174 | B6: 0.375 | C6: Dra. Carolina Mendes | D6: Sala 1 | E6: Tatiana Cunha | F6: Saúde Total | G6: Consulta | H6: Realizado | I6: Convênio | L6: =IF(A6="","",MONTH(A6)) -> 6 | M6: =IF(A6="","",YEAR(A6)) -> 2026 | N6: =IF(A6="","",CHOOSE(WEEKDAY(A6,2),"Segunda","Terça","Quarta","Quinta","Sexta","Sábado","Domingo")) -> Segunda | O6: =IF(B6="","",IF(B6<TIME(12,0,0),"Manhã",IF(B6<TIME(18,0,0),"Tarde","Noite"))) -> Manhã | P6: =IF(G6="","",IFERROR(INDEX(Config!$I$5:$I$16,MATCH(G6,Config!$H$5:$H$16,0)),0)) -> 30 | Q6: =IF(OR(H6<>"Realizado",P6="",P6=0),"",A6+P6) -> 46204 | R6: =IF(Q6="","",IF(COUNTIFS($E$5:$E$3004,E6,$A$5:$A$3004,">"&A6,$H$5:$H$3004,"<>Falta",$H$5:$H$3004,"<>Cancelado",$H$5:$H$3004,"<>Remarcado")>0,"Sim","Não")) -> Sim | S6: =IF(R6<>"Não","",IF(Q6+Config!$B$9<=Config!$B$8,Config!$B$8-Q6,"")) | T6: =IF(S6="","","Sim") | U6: =IF(T6="Sim",S6+ROW()/100000,0) -> 0 | V6: =IF(AND(H6="Falta",L6=Config!$B$7,M6=Config!$B$5,COUNTIFS($E$5:E6,E6,$H$5:H6,"Falta",$L$5:L6,Config!$B$7,$M$5:M6,Config!$B$5)=1),COUNTIFS($E$5:$E$3004,E6,$H$5:$H$3004,"Falta",$L$5:$L$3004,Config!$B$7,$M$5:$M$3004,Config!$B$5)*1000-ROW()/100000,0) -> 0
A7: 46174 | B7: 0.39583333 | C7: Dra. Carolina Mendes | D7: Sala 1 | E7: Débora Machado | F7: Saúde Total | G7: Consulta | H7: Realizado | I7: Convênio | L7: =IF(A7="","",MONTH(A7)) -> 6 | M7: =IF(A7="","",YEAR(A7)) -> 2026 | N7: =IF(A7="","",CHOOSE(WEEKDAY(A7,2),"Segunda","Terça","Quarta","Quinta","Sexta","Sábado","Domingo")) -> Segunda | O7: =IF(B7="","",IF(B7<TIME(12,0,0),"Manhã",IF(B7<TIME(18,0,0),"Tarde","Noite"))) -> Manhã | P7: =IF(G7="","",IFERROR(INDEX(Config!$I$5:$I$16,MATCH(G7,Config!$H$5:$H$16,0)),0)) -> 30 | Q7: =IF(OR(H7<>"Realizado",P7="",P7=0),"",A7+P7) -> 46204 | R7: =IF(Q7="","",IF(COUNTIFS($E$5:$E$3004,E7,$A$5:$A$3004,">"&A7,$H$5:$H$3004,"<>Falta",$H$5:$H$3004,"<>Cancelado",$H$5:$H$3004,"<>Remarcado")>0,"Sim","Não")) -> Sim | S7: =IF(R7<>"Não","",IF(Q7+Config!$B$9<=Config!$B$8,Config!$B$8-Q7,"")) | T7: =IF(S7="","","Sim") | U7: =IF(T7="Sim",S7+ROW()/100000,0) -> 0 | V7: =IF(AND(H7="Falta",L7=Config!$B$7,M7=Config!$B$5,COUNTIFS($E$5:E7,E7,$H$5:H7,"Falta",$L$5:L7,Config!$B$7,$M$5:M7,Config!$B$5)=1),COUNTIFS($E$5:$E$3004,E7,$H$5:$H$3004,"Falta",$L$5:$L$3004,Config!$B$7,$M$5:$M$3004,Config!$B$5)*1000-ROW()/100000,0) -> 0
A8: 46174 | B8: 0.41666667 | C8: Dra. Carolina Mendes | D8: Sala 1 | E8: Gustavo Ferreira | F8: Particular | G8: Retorno | H8: Realizado | I8: Sem cobrança | L8: =IF(A8="","",MONTH(A8)) -> 6 | M8: =IF(A8="","",YEAR(A8)) -> 2026 | N8: =IF(A8="","",CHOOSE(WEEKDAY(A8,2),"Segunda","Terça","Quarta","Quinta","Sexta","Sábado","Domingo")) -> Segunda | O8: =IF(B8="","",IF(B8<TIME(12,0,0),"Manhã",IF(B8<TIME(18,0,0),"Tarde","Noite"))) -> Manhã | P8: =IF(G8="","",IFERROR(INDEX(Config!$I$5:$I$16,MATCH(G8,Config!$H$5:$H$16,0)),0)) -> 0 | Q8: =IF(OR(H8<>"Realizado",P8="",P8=0),"",A8+P8) | R8: =IF(Q8="","",IF(COUNTIFS($E$5:$E$3004,E8,$A$5:$A$3004,">"&A8,$H$5:$H$3004,"<>Falta",$H$5:$H$3004,"<>Cancelado",$H$5:$H$3004,"<>Remarcado")>0,"Sim","Não")) | S8: =IF(R8<>"Não","",IF(Q8+Config!$B$9<=Config!$B$8,Config!$B$8-Q8,"")) | T8: =IF(S8="","","Sim") | U8: =IF(T8="Sim",S8+ROW()/100000,0) -> 0 | V8: =IF(AND(H8="Falta",L8=Config!$B$7,M8=Config!$B$5,COUNTIFS($E$5:E8,E8,$H$5:H8,"Falta",$L$5:L8,Config!$B$7,$M$5:M8,Config!$B$5)=1),COUNTIFS($E$5:$E$3004,E8,$H$5:$H$3004,"Falta",$L$5:$L$3004,Config!$B$7,$M$5:$M$3004,Config!$B$5)*1000-ROW()/100000,0) -> 0
A9: 46174 | B9: 0.45138889 | C9: Dra. Carolina Mendes | D9: Sala 1 | E9: Sérgio Batista | F9: MediPlan | G9: Consulta | H9: Falta | L9: =IF(A9="","",MONTH(A9)) -> 6 | M9: =IF(A9="","",YEAR(A9)) -> 2026 | N9: =IF(A9="","",CHOOSE(WEEKDAY(A9,2),"Segunda","Terça","Quarta","Quinta","Sexta","Sábado","Domingo")) -> Segunda | O9: =IF(B9="","",IF(B9<TIME(12,0,0),"Manhã",IF(B9<TIME(18,0,0),"Tarde","Noite"))) -> Manhã | P9: =IF(G9="","",IFERROR(INDEX(Config!$I$5:$I$16,MATCH(G9,Config!$H$5:$H$16,0)),0)) -> 30 | Q9: =IF(OR(H9<>"Realizado",P9="",P9=0),"",A9+P9) | R9: =IF(Q9="","",IF(COUNTIFS($E$5:$E$3004,E9,$A$5:$A$3004,">"&A9,$H$5:$H$3004,"<>Falta",$H$5:$H$3004,"<>Cancelado",$H$5:$H$3004,"<>Remarcado")>0,"Sim","Não")) | S9: =IF(R9<>"Não","",IF(Q9+Config!$B$9<=Config!$B$8,Config!$B$8-Q9,"")) | T9: =IF(S9="","","Sim") | U9: =IF(T9="Sim",S9+ROW()/100000,0) -> 0 | V9: =IF(AND(H9="Falta",L9=Config!$B$7,M9=Config!$B$5,COUNTIFS($E$5:E9,E9,$H$5:H9,"Falta",$L$5:L9,Config!$B$7,$M$5:M9,Config!$B$5)=1),COUNTIFS($E$5:$E$3004,E9,$H$5:$H$3004,"Falta",$L$5:$L$3004,Config!$B$7,$M$5:$M$3004,Config!$B$5)*1000-ROW()/100000,0) -> 0
A10: 46174 | B10: 0.60416667 | C10: Dr. Paulo Andrade | D10: Sala 2 | E10: Otávio Martins | F10: MediPlan | G10: Consulta | H10: Falta | L10: =IF(A10="","",MONTH(A10)) -> 6 | M10: =IF(A10="","",YEAR(A10)) -> 2026 | N10: =IF(A10="","",CHOOSE(WEEKDAY(A10,2),"Segunda","Terça","Quarta","Quinta","Sexta","Sábado","Domingo")) -> Segunda | O10: =IF(B10="","",IF(B10<TIME(12,0,0),"Manhã",IF(B10<TIME(18,0,0),"Tarde","Noite"))) -> Tarde | P10: =IF(G10="","",IFERROR(INDEX(Config!$I$5:$I$16,MATCH(G10,Config!$H$5:$H$16,0)),0)) -> 30 | Q10: =IF(OR(H10<>"Realizado",P10="",P10=0),"",A10+P10) | R10: =IF(Q10="","",IF(COUNTIFS($E$5:$E$3004,E10,$A$5:$A$3004,">"&A10,$H$5:$H$3004,"<>Falta",$H$5:$H$3004,"<>Cancelado",$H$5:$H$3004,"<>Remarcado")>0,"Sim","Não")) | S10: =IF(R10<>"Não","",IF(Q10+Config!$B$9<=Config!$B$8,Config!$B$8-Q10,"")) | T10: =IF(S10="","","Sim") | U10: =IF(T10="Sim",S10+ROW()/100000,0) -> 0 | V10: =IF(AND(H10="Falta",L10=Config!$B$7,M10=Config!$B$5,COUNTIFS($E$5:E10,E10,$H$5:H10,"Falta",$L$5:L10,Config!$B$7,$M$5:M10,Config!$B$5)=1),COUNTIFS($E$5:$E$3004,E10,$H$5:$H$3004,"Falta",$L$5:$L$3004,Config!$B$7,$M$5:$M$3004,Config!$B$5)*1000-ROW()/100000,0) -> 0
A11: 46174 | B11: 0.625 | C11: Dr. Paulo Andrade | D11: Sala 2 | E11: Natália Martins | F11: Particular | G11: Consulta | H11: Falta | L11: =IF(A11="","",MONTH(A11)) -> 6 | M11: =IF(A11="","",YEAR(A11)) -> 2026 | N11: =IF(A11="","",CHOOSE(WEEKDAY(A11,2),"Segunda","Terça","Quarta","Quinta","Sexta","Sábado","Domingo")) -> Segunda | O11: =IF(B11="","",IF(B11<TIME(12,0,0),"Manhã",IF(B11<TIME(18,0,0),"Tarde","Noite"))) -> Tarde | P11: =IF(G11="","",IFERROR(INDEX(Config!$I$5:$I$16,MATCH(G11,Config!$H$5:$H$16,0)),0)) -> 30 | Q11: =IF(OR(H11<>"Realizado",P11="",P11=0),"",A11+P11) | R11: =IF(Q11="","",IF(COUNTIFS($E$5:$E$3004,E11,$A$5:$A$3004,">"&A11,$H$5:$H$3004,"<>Falta",$H$5:$H$3004,"<>Cancelado",$H$5:$H$3004,"<>Remarcado")>0,"Sim","Não")) | S11: =IF(R11<>"Não","",IF(Q11+Config!$B$9<=Config!$B$8,Config!$B$8-Q11,"")) | T11: =IF(S11="","","Sim") | U11: =IF(T11="Sim",S11+ROW()/100000,0) -> 0 | V11: =IF(AND(H11="Falta",L11=Config!$B$7,M11=Config!$B$5,COUNTIFS($E$5:E11,E11,$H$5:H11,"Falta",$L$5:L11,Config!$B$7,$M$5:M11,Config!$B$5)=1),COUNTIFS($E$5:$E$3004,E11,$H$5:$H$3004,"Falta",$L$5:$L$3004,Config!$B$7,$M$5:$M$3004,Config!$B$5)*1000-ROW()/100000,0) -> 0
A12: 46174 | B12: 0.64583333 | C12: Dr. Paulo Andrade | D12: Sala 2 | E12: Otávio Martins | F12: MediPlan | G12: Consulta | H12: Realizado | I12: Convênio | L12: =IF(A12="","",MONTH(A12)) -> 6 | M12: =IF(A12="","",YEAR(A12)) -> 2026 | N12: =IF(A12="","",CHOOSE(WEEKDAY(A12,2),"Segunda","Terça","Quarta","Quinta","Sexta","Sábado","Domingo")) -> Segunda | O12: =IF(B12="","",IF(B12<TIME(12,0,0),"Manhã",IF(B12<TIME(18,0,0),"Tarde","Noite"))) -> Tarde | P12: =IF(G12="","",IFERROR(INDEX(Config!$I$5:$I$16,MATCH(G12,Config!$H$5:$H$16,0)),0)) -> 30 | Q12: =IF(OR(H12<>"Realizado",P12="",P12=0),"",A12+P12) -> 46204 | R12: =IF(Q12="","",IF(COUNTIFS($E$5:$E$3004,E12,$A$5:$A$3004,">"&A12,$H$5:$H$3004,"<>Falta",$H$5:$H$3004,"<>Cancelado",$H$5:$H$3004,"<>Remarcado")>0,"Sim","Não")) -> Sim | S12: =IF(R12<>"Não","",IF(Q12+Config!$B$9<=Config!$B$8,Config!$B$8-Q12,"")) | T12: =IF(S12="","","Sim") | U12: =IF(T12="Sim",S12+ROW()/100000,0) -> 0 | V12: =IF(AND(H12="Falta",L12=Config!$B$7,M12=Config!$B$5,COUNTIFS($E$5:E12,E12,$H$5:H12,"Falta",$L$5:L12,Config!$B$7,$M$5:M12,Config!$B$5)=1),COUNTIFS($E$5:$E$3004,E12,$H$5:$H$3004,"Falta",$L$5:$L$3004,Config!$B$7,$M$5:$M$3004,Config!$B$5)*1000-ROW()/100000,0) -> 0
A13: 46174 | B13: 0.66666667 | C13: Dr. Paulo Andrade | D13: Sala 2 | E13: Cláudia Santos | F13: Particular | G13: MAPA | H13: Realizado | I13: Pix | L13: =IF(A13="","",MONTH(A13)) -> 6 | M13: =IF(A13="","",YEAR(A13)) -> 2026 | N13: =IF(A13="","",CHOOSE(WEEKDAY(A13,2),"Segunda","Terça","Quarta","Quinta","Sexta","Sábado","Domingo")) -> Segunda | O13: =IF(B13="","",IF(B13<TIME(12,0,0),"Manhã",IF(B13<TIME(18,0,0),"Tarde","Noite"))) -> Tarde | P13: =IF(G13="","",IFERROR(INDEX(Config!$I$5:$I$16,MATCH(G13,Config!$H$5:$H$16,0)),0)) -> 0 | Q13: =IF(OR(H13<>"Realizado",P13="",P13=0),"",A13+P13) | R13: =IF(Q13="","",IF(COUNTIFS($E$5:$E$3004,E13,$A$5:$A$3004,">"&A13,$H$5:$H$3004,"<>Falta",$H$5:$H$3004,"<>Cancelado",$H$5:$H$3004,"<>Remarcado")>0,"Sim","Não")) | S13: =IF(R13<>"Não","",IF(Q13+Config!$B$9<=Config!$B$8,Config!$B$8-Q13,"")) | T13: =IF(S13="","","Sim") | U13: =IF(T13="Sim",S13+ROW()/100000,0) -> 0 | V13: =IF(AND(H13="Falta",L13=Config!$B$7,M13=Config!$B$5,COUNTIFS($E$5:E13,E13,$H$5:H13,"Falta",$L$5:L13,Config!$B$7,$M$5:M13,Config!$B$5)=1),COUNTIFS($E$5:$E$3004,E13,$H$5:$H$3004,"Falta",$L$5:$L$3004,Config!$B$7,$M$5:$M$3004,Config!$B$5)*1000-ROW()/100000,0) -> 0
A14: 46174 | B14: 0.68055556 | C14: Dr. Paulo Andrade | D14: Sala 2 | E14: Mateus Martins | F14: Vida Care | G14: Consulta | H14: Realizado | I14: Convênio | L14: =IF(A14="","",MONTH(A14)) -> 6 | M14: =IF(A14="","",YEAR(A14)) -> 2026 | N14: =IF(A14="","",CHOOSE(WEEKDAY(A14,2),"Segunda","Terça","Quarta","Quinta","Sexta","Sábado","Domingo")) -> Segunda | O14: =IF(B14="","",IF(B14<TIME(12,0,0),"Manhã",IF(B14<TIME(18,0,0),"Tarde","Noite"))) -> Tarde | P14: =IF(G14="","",IFERROR(INDEX(Config!$I$5:$I$16,MATCH(G14,Config!$H$5:$H$16,0)),0)) -> 30 | Q14: =IF(OR(H14<>"Realizado",P14="",P14=0),"",A14+P14) -> 46204 | R14: =IF(Q14="","",IF(COUNTIFS($E$5:$E$3004,E14,$A$5:$A$3004,">"&A14,$H$5:$H$3004,"<>Falta",$H$5:$H$3004,"<>Cancelado",$H$5:$H$3004,"<>Remarcado")>0,"Sim","Não")) -> Sim | S14: =IF(R14<>"Não","",IF(Q14+Config!$B$9<=Config!$B$8,Config!$B$8-Q14,"")) | T14: =IF(S14="","","Sim") | U14: =IF(T14="Sim",S14+ROW()/100000,0) -> 0 | V14: =IF(AND(H14="Falta",L14=Config!$B$7,M14=Config!$B$5,COUNTIFS($E$5:E14,E14,$H$5:H14,"Falta",$L$5:L14,Config!$B$7,$M$5:M14,Config!$B$5)=1),COUNTIFS($E$5:$E$3004,E14,$H$5:$H$3004,"Falta",$L$5:$L$3004,Config!$B$7,$M$5:$M$3004,Config!$B$5)*1000-ROW()/100000,0) -> 0
A15: 46174 | B15: 0.70138889 | C15: Dr. Paulo Andrade | D15: Sala 2 | E15: Wagner Lima | F15: Particular | G15: Retorno | H15: Realizado | I15: Sem cobrança | L15: =IF(A15="","",MONTH(A15)) -> 6 | M15: =IF(A15="","",YEAR(A15)) -> 2026 | N15: =IF(A15="","",CHOOSE(WEEKDAY(A15,2),"Segunda","Terça","Quarta","Quinta","Sexta","Sábado","Domingo")) -> Segunda | O15: =IF(B15="","",IF(B15<TIME(12,0,0),"Manhã",IF(B15<TIME(18,0,0),"Tarde","Noite"))) -> Tarde | P15: =IF(G15="","",IFERROR(INDEX(Config!$I$5:$I$16,MATCH(G15,Config!$H$5:$H$16,0)),0)) -> 0 | Q15: =IF(OR(H15<>"Realizado",P15="",P15=0),"",A15+P15) | R15: =IF(Q15="","",IF(COUNTIFS($E$5:$E$3004,E15,$A$5:$A$3004,">"&A15,$H$5:$H$3004,"<>Falta",$H$5:$H$3004,"<>Cancelado",$H$5:$H$3004,"<>Remarcado")>0,"Sim","Não")) | S15: =IF(R15<>"Não","",IF(Q15+Config!$B$9<=Config!$B$8,Config!$B$8-Q15,"")) | T15: =IF(S15="","","Sim") | U15: =IF(T15="Sim",S15+ROW()/100000,0) -> 0 | V15: =IF(AND(H15="Falta",L15=Config!$B$7,M15=Config!$B$5,COUNTIFS($E$5:E15,E15,$H$5:H15,"Falta",$L$5:L15,Config!$B$7,$M$5:M15,Config!$B$5)=1),COUNTIFS($E$5:$E$3004,E15,$H$5:$H$3004,"Falta",$L$5:$L$3004,Config!$B$7,$M$5:$M$3004,Config!$B$5)*1000-ROW()/100000,0) -> 0
A16: 46174 | B16: 0.71527778 | C16: Dr. Paulo Andrade | D16: Sala 2 | E16: Fábio Martins | F16: MediPlan | G16: Retorno | H16: Realizado | I16: Sem cobrança | L16: =IF(A16="","",MONTH(A16)) -> 6 | M16: =IF(A16="","",YEAR(A16)) -> 2026 | N16: =IF(A16="","",CHOOSE(WEEKDAY(A16,2),"Segunda","Terça","Quarta","Quinta","Sexta","Sábado","Domingo")) -> Segunda | O16: =IF(B16="","",IF(B16<TIME(12,0,0),"Manhã",IF(B16<TIME(18,0,0),"Tarde","Noite"))) -> Tarde | P16: =IF(G16="","",IFERROR(INDEX(Config!$I$5:$I$16,MATCH(G16,Config!$H$5:$H$16,0)),0)) -> 0 | Q16: =IF(OR(H16<>"Realizado",P16="",P16=0),"",A16+P16) | R16: =IF(Q16="","",IF(COUNTIFS($E$5:$E$3004,E16,$A$5:$A$3004,">"&A16,$H$5:$H$3004,"<>Falta",$H$5:$H$3004,"<>Cancelado",$H$5:$H$3004,"<>Remarcado")>0,"Sim","Não")) | S16: =IF(R16<>"Não","",IF(Q16+Config!$B$9<=Config!$B$8,Config!$B$8-Q16,"")) | T16: =IF(S16="","","Sim") | U16: =IF(T16="Sim",S16+ROW()/100000,0) -> 0 | V16: =IF(AND(H16="Falta",L16=Config!$B$7,M16=Config!$B$5,COUNTIFS($E$5:E16,E16,$H$5:H16,"Falta",$L$5:L16,Config!$B$7,$M$5:M16,Config!$B$5)=1),COUNTIFS($E$5:$E$3004,E16,$H$5:$H$3004,"Falta",$L$5:$L$3004,Config!$B$7,$M$5:$M$3004,Config!$B$5)*1000-ROW()/100000,0) -> 0
A17: 46174 | B17: 0.72916667 | C17: Dr. Paulo Andrade | D17: Sala 2 | E17: Leandro Ferreira | F17: Saúde Total | G17: Holter | H17: Realizado | I17: Convênio | L17: =IF(A17="","",MONTH(A17)) -> 6 | M17: =IF(A17="","",YEAR(A17)) -> 2026 | N17: =IF(A17="","",CHOOSE(WEEKDAY(A17,2),"Segunda","Terça","Quarta","Quinta","Sexta","Sábado","Domingo")) -> Segunda | O17: =IF(B17="","",IF(B17<TIME(12,0,0),"Manhã",IF(B17<TIME(18,0,0),"Tarde","Noite"))) -> Tarde | P17: =IF(G17="","",IFERROR(INDEX(Config!$I$5:$I$16,MATCH(G17,Config!$H$5:$H$16,0)),0)) -> 0 | Q17: =IF(OR(H17<>"Realizado",P17="",P17=0),"",A17+P17) | R17: =IF(Q17="","",IF(COUNTIFS($E$5:$E$3004,E17,$A$5:$A$3004,">"&A17,$H$5:$H$3004,"<>Falta",$H$5:$H$3004,"<>Cancelado",$H$5:$H$3004,"<>Remarcado")>0,"Sim","Não")) | S17: =IF(R17<>"Não","",IF(Q17+Config!$B$9<=Config!$B$8,Config!$B$8-Q17,"")) | T17: =IF(S17="","","Sim") | U17: =IF(T17="Sim",S17+ROW()/100000,0) -> 0 | V17: =IF(AND(H17="Falta",L17=Config!$B$7,M17=Config!$B$5,COUNTIFS($E$5:E17,E17,$H$5:H17,"Falta",$L$5:L17,Config!$B$7,$M$5:M17,Config!$B$5)=1),COUNTIFS($E$5:$E$3004,E17,$H$5:$H$3004,"Falta",$L$5:$L$3004,Config!$B$7,$M$5:$M$3004,Config!$B$5)*1000-ROW()/100000,0) -> 0
A18: 46175 | B18: 0.33333333 | C18: Dra. Carolina Mendes | D18: Sala 1 | E18: Ricardo Melo | F18: Saúde Total | G18: Retorno | H18: Realizado | I18: Sem cobrança | L18: =IF(A18="","",MONTH(A18)) -> 6 | M18: =IF(A18="","",YEAR(A18)) -> 2026 | N18: =IF(A18="","",CHOOSE(WEEKDAY(A18,2),"Segunda","Terça","Quarta","Quinta","Sexta","Sábado","Domingo")) -> Terça | O18: =IF(B18="","",IF(B18<TIME(12,0,0),"Manhã",IF(B18<TIME(18,0,0),"Tarde","Noite"))) -> Manhã | P18: =IF(G18="","",IFERROR(INDEX(Config!$I$5:$I$16,MATCH(G18,Config!$H$5:$H$16,0)),0)) -> 0 | Q18: =IF(OR(H18<>"Realizado",P18="",P18=0),"",A18+P18) | R18: =IF(Q18="","",IF(COUNTIFS($E$5:$E$3004,E18,$A$5:$A$3004,">"&A18,$H$5:$H$3004,"<>Falta",$H$5:$H$3004,"<>Cancelado",$H$5:$H$3004,"<>Remarcado")>0,"Sim","Não")) | S18: =IF(R18<>"Não","",IF(Q18+Config!$B$9<=Config!$B$8,Config!$B$8-Q18,"")) | T18: =IF(S18="","","Sim") | U18: =IF(T18="Sim",S18+ROW()/100000,0) -> 0 | V18: =IF(AND(H18="Falta",L18=Config!$B$7,M18=Config!$B$5,COUNTIFS($E$5:E18,E18,$H$5:H18,"Falta",$L$5:L18,Config!$B$7,$M$5:M18,Config!$B$5)=1),COUNTIFS($E$5:$E$3004,E18,$H$5:$H$3004,"Falta",$L$5:$L$3004,Config!$B$7,$M$5:$M$3004,Config!$B$5)*1000-ROW()/100000,0) -> 0
A19: 46175 | B19: 0.34722222 | C19: Dra. Carolina Mendes | D19: Sala 1 | E19: Sérgio Batista | F19: MediPlan | G19: Consulta | H19: Realizado | I19: Convênio | L19: =IF(A19="","",MONTH(A19)) -> 6 | M19: =IF(A19="","",YEAR(A19)) -> 2026 | N19: =IF(A19="","",CHOOSE(WEEKDAY(A19,2),"Segunda","Terça","Quarta","Quinta","Sexta","Sábado","Domingo")) -> Terça | O19: =IF(B19="","",IF(B19<TIME(12,0,0),"Manhã",IF(B19<TIME(18,0,0),"Tarde","Noite"))) -> Manhã | P19: =IF(G19="","",IFERROR(INDEX(Config!$I$5:$I$16,MATCH(G19,Config!$H$5:$H$16,0)),0)) -> 30 | Q19: =IF(OR(H19<>"Realizado",P19="",P19=0),"",A19+P19) -> 46205 | R19: =IF(Q19="","",IF(COUNTIFS($E$5:$E$3004,E19,$A$5:$A$3004,">"&A19,$H$5:$H$3004,"<>Falta",$H$5:$H$3004,"<>Cancelado",$H$5:$H$3004,"<>Remarcado")>0,"Sim","Não")) -> Sim | S19: =IF(R19<>"Não","",IF(Q19+Config!$B$9<=Config!$B$8,Config!$B$8-Q19,"")) | T19: =IF(S19="","","Sim") | U19: =IF(T19="Sim",S19+ROW()/100000,0) -> 0 | V19: =IF(AND(H19="Falta",L19=Config!$B$7,M19=Config!$B$5,COUNTIFS($E$5:E19,E19,$H$5:H19,"Falta",$L$5:L19,Config!$B$7,$M$5:M19,Config!$B$5)=1),COUNTIFS($E$5:$E$3004,E19,$H$5:$H$3004,"Falta",$L$5:$L$3004,Config!$B$7,$M$5:$M$3004,Config!$B$5)*1000-ROW()/100000,0) -> 0
A20: 46175 | B20: 0.36805556 | C20: Dra. Carolina Mendes | D20: Sala 1 | E20: Otávio Nascimento | F20: Particular | G20: Consulta | H20: Realizado | I20: Cartão de crédito | L20: =IF(A20="","",MONTH(A20)) -> 6 | M20: =IF(A20="","",YEAR(A20)) -> 2026 | N20: =IF(A20="","",CHOOSE(WEEKDAY(A20,2),"Segunda","Terça","Quarta","Quinta","Sexta","Sábado","Domingo")) -> Terça | O20: =IF(B20="","",IF(B20<TIME(12,0,0),"Manhã",IF(B20<TIME(18,0,0),"Tarde","Noite"))) -> Manhã | P20: =IF(G20="","",IFERROR(INDEX(Config!$I$5:$I$16,MATCH(G20,Config!$H$5:$H$16,0)),0)) -> 30 | Q20: =IF(OR(H20<>"Realizado",P20="",P20=0),"",A20+P20) -> 46205 | R20: =IF(Q20="","",IF(COUNTIFS($E$5:$E$3004,E20,$A$5:$A$3004,">"&A20,$H$5:$H$3004,"<>Falta",$H$5:$H$3004,"<>Cancelado",$H$5:$H$3004,"<>Remarcado")>0,"Sim","Não")) -> Sim | S20: =IF(R20<>"Não","",IF(Q20+Config!$B$9<=Config!$B$8,Config!$B$8-Q20,"")) | T20: =IF(S20="","","Sim") | U20: =IF(T20="Sim",S20+ROW()/100000,0) -> 0 | V20: =IF(AND(H20="Falta",L20=Config!$B$7,M20=Config!$B$5,COUNTIFS($E$5:E20,E20,$H$5:H20,"Falta",$L$5:L20,Config!$B$7,$M$5:M20,Config!$B$5)=1),COUNTIFS($E$5:$E$3004,E20,$H$5:$H$3004,"Falta",$L$5:$L$3004,Config!$B$7,$M$5:$M$3004,Config!$B$5)*1000-ROW()/100000,0) -> 0
A21: 46175 | B21: 0.38888889 | C21: Dra. Carolina Mendes | D21: Sala 1 | E21: Leandro Oliveira | F21: Particular | G21: Consulta | H21: Cancelado | L21: =IF(A21="","",MONTH(A21)) -> 6 | M21: =IF(A21="","",YEAR(A21)) -> 2026 | N21: =IF(A21="","",CHOOSE(WEEKDAY(A21,2),"Segunda","Terça","Quarta","Quinta","Sexta","Sábado","Domingo")) -> Terça | O21: =IF(B21="","",IF(B21<TIME(12,0,0),"Manhã",IF(B21<TIME(18,0,0),"Tarde","Noite"))) -> Manhã | P21: =IF(G21="","",IFERROR(INDEX(Config!$I$5:$I$16,MATCH(G21,Config!$H$5:$H$16,0)),0)) -> 30 | Q21: =IF(OR(H21<>"Realizado",P21="",P21=0),"",A21+P21) | R21: =IF(Q21="","",IF(COUNTIFS($E$5:$E$3004,E21,$A$5:$A$3004,">"&A21,$H$5:$H$3004,"<>Falta",$H$5:$H$3004,"<>Cancelado",$H$5:$H$3004,"<>Remarcado")>0,"Sim","Não")) | S21: =IF(R21<>"Não","",IF(Q21+Config!$B$9<=Config!$B$8,Config!$B$8-Q21,"")) | T21: =IF(S21="","","Sim") | U21: =IF(T21="Sim",S21+ROW()/100000,0) -> 0 | V21: =IF(AND(H21="Falta",L21=Config!$B$7,M21=Config!$B$5,COUNTIFS($E$5:E21,E21,$H$5:H21,"Falta",$L$5:L21,Config!$B$7,$M$5:M21,Config!$B$5)=1),COUNTIFS($E$5:$E$3004,E21,$H$5:$H$3004,"Falta",$L$5:$L$3004,Config!$B$7,$M$5:$M$3004,Config!$B$5)*1000-ROW()/100000,0) -> 0
A22: 46175 | B22: 0.40972222 | C22: Dra. Carolina Mendes | D22: Sala 1 | E22: Leandro Oliveira | F22: Particular | G22: Consulta | H22: Realizado | I22: Pix | L22: =IF(A22="","",MONTH(A22)) -> 6 | M22: =IF(A22="","",YEAR(A22)) -> 2026 | N22: =IF(A22="","",CHOOSE(WEEKDAY(A22,2),"Segunda","Terça","Quarta","Quinta","Sexta","Sábado","Domingo")) -> Terça | O22: =IF(B22="","",IF(B22<TIME(12,0,0),"Manhã",IF(B22<TIME(18,0,0),"Tarde","Noite"))) -> Manhã | P22: =IF(G22="","",IFERROR(INDEX(Config!$I$5:$I$16,MATCH(G22,Config!$H$5:$H$16,0)),0)) -> 30 | Q22: =IF(OR(H22<>"Realizado",P22="",P22=0),"",A22+P22) -> 46205 | R22: =IF(Q22="","",IF(COUNTIFS($E$5:$E$3004,E22,$A$5:$A$3004,">"&A22,$H$5:$H$3004,"<>Falta",$H$5:$H$3004,"<>Cancelado",$H$5:$H$3004,"<>Remarcado")>0,"Sim","Não")) -> Sim | S22: =IF(R22<>"Não","",IF(Q22+Config!$B$9<=Config!$B$8,Config!$B$8-Q22,"")) | T22: =IF(S22="","","Sim") | U22: =IF(T22="Sim",S22+ROW()/100000,0) -> 0 | V22: =IF(AND(H22="Falta",L22=Config!$B$7,M22=Config!$B$5,COUNTIFS($E$5:E22,E22,$H$5:H22,"Falta",$L$5:L22,Config!$B$7,$M$5:M22,Config!$B$5)=1),COUNTIFS($E$5:$E$3004,E22,$H$5:$H$3004,"Falta",$L$5:$L$3004,Config!$B$7,$M$5:$M$3004,Config!$B$5)*1000-ROW()/100000,0) -> 0
A23: 46175 | B23: 0.43055556 | C23: Dra. Carolina Mendes | D23: Sala 1 | E23: Carlos Castro | F23: Saúde Total | G23: Consulta | H23: Realizado | I23: Convênio | L23: =IF(A23="","",MONTH(A23)) -> 6 | M23: =IF(A23="","",YEAR(A23)) -> 2026 | N23: =IF(A23="","",CHOOSE(WEEKDAY(A23,2),"Segunda","Terça","Quarta","Quinta","Sexta","Sábado","Domingo")) -> Terça | O23: =IF(B23="","",IF(B23<TIME(12,0,0),"Manhã",IF(B23<TIME(18,0,0),"Tarde","Noite"))) -> Manhã | P23: =IF(G23="","",IFERROR(INDEX(Config!$I$5:$I$16,MATCH(G23,Config!$H$5:$H$16,0)),0)) -> 30 | Q23: =IF(OR(H23<>"Realizado",P23="",P23=0),"",A23+P23) -> 46205 | R23: =IF(Q23="","",IF(COUNTIFS($E$5:$E$3004,E23,$A$5:$A$3004,">"&A23,$H$5:$H$3004,"<>Falta",$H$5:$H$3004,"<>Cancelado",$H$5:$H$3004,"<>Remarcado")>0,"Sim","Não")) -> Sim | S23: =IF(R23<>"Não","",IF(Q23+Config!$B$9<=Config!$B$8,Config!$B$8-Q23,"")) | T23: =IF(S23="","","Sim") | U23: =IF(T23="Sim",S23+ROW()/100000,0) -> 0 | V23: =IF(AND(H23="Falta",L23=Config!$B$7,M23=Config!$B$5,COUNTIFS($E$5:E23,E23,$H$5:H23,"Falta",$L$5:L23,Config!$B$7,$M$5:M23,Config!$B$5)=1),COUNTIFS($E$5:$E$3004,E23,$H$5:$H$3004,"Falta",$L$5:$L$3004,Config!$B$7,$M$5:$M$3004,Config!$B$5)*1000-ROW()/100000,0) -> 0
A24: 46175 | B24: 0.45138889 | C24: Dra. Carolina Mendes | D24: Sala 1 | E24: Cláudia Costa | F24: Particular | G24: Consulta | H24: Realizado | I24: Pix | L24: =IF(A24="","",MONTH(A24)) -> 6 | M24: =IF(A24="","",YEAR(A24)) -> 2026 | N24: =IF(A24="","",CHOOSE(WEEKDAY(A24,2),"Segunda","Terça","Quarta","Quinta","Sexta","Sábado","Domingo")) -> Terça | O24: =IF(B24="","",IF(B24<TIME(12,0,0),"Manhã",IF(B24<TIME(18,0,0),"Tarde","Noite"))) -> Manhã | P24: =IF(G24="","",IFERROR(INDEX(Config!$I$5:$I$16,MATCH(G24,Config!$H$5:$H$16,0)),0)) -> 30 | Q24: =IF(OR(H24<>"Realizado",P24="",P24=0),"",A24+P24) -> 46205 | R24: =IF(Q24="","",IF(COUNTIFS($E$5:$E$3004,E24,$A$5:$A$3004,">"&A24,$H$5:$H$3004,"<>Falta",$H$5:$H$3004,"<>Cancelado",$H$5:$H$3004,"<>Remarcado")>0,"Sim","Não")) -> Sim | S24: =IF(R24<>"Não","",IF(Q24+Config!$B$9<=Config!$B$8,Config!$B$8-Q24,"")) | T24: =IF(S24="","","Sim") | U24: =IF(T24="Sim",S24+ROW()/100000,0) -> 0 | V24: =IF(AND(H24="Falta",L24=Config!$B$7,M24=Config!$B$5,COUNTIFS($E$5:E24,E24,$H$5:H24,"Falta",$L$5:L24,Config!$B$7,$M$5:M24,Config!$B$5)=1),COUNTIFS($E$5:$E$3004,E24,$H$5:$H$3004,"Falta",$L$5:$L$3004,Config!$B$7,$M$5:$M$3004,Config!$B$5)*1000-ROW()/100000,0) -> 0
A25: 46175 | B25: 0.47222222 | C25: Dra. Carolina Mendes | D25: Sala 1 | E25: Lucas Xavier | F25: Saúde Total | G25: Consulta | H25: Realizado | I25: Convênio | L25: =IF(A25="","",MONTH(A25)) -> 6 | M25: =IF(A25="","",YEAR(A25)) -> 2026 | N25: =IF(A25="","",CHOOSE(WEEKDAY(A25,2),"Segunda","Terça","Quarta","Quinta","Sexta","Sábado","Domingo")) -> Terça | O25: =IF(B25="","",IF(B25<TIME(12,0,0),"Manhã",IF(B25<TIME(18,0,0),"Tarde","Noite"))) -> Manhã | P25: =IF(G25="","",IFERROR(INDEX(Config!$I$5:$I$16,MATCH(G25,Config!$H$5:$H$16,0)),0)) -> 30 | Q25: =IF(OR(H25<>"Realizado",P25="",P25=0),"",A25+P25) -> 46205 | R25: =IF(Q25="","",IF(COUNTIFS($E$5:$E$3004,E25,$A$5:$A$3004,">"&A25,$H$5:$H$3004,"<>Falta",$H$5:$H$3004,"<>Cancelado",$H$5:$H$3004,"<>Remarcado")>0,"Sim","Não")) -> Sim | S25: =IF(R25<>"Não","",IF(Q25+Config!$B$9<=Config!$B$8,Config!$B$8-Q25,"")) | T25: =IF(S25="","","Sim") | U25: =IF(T25="Sim",S25+ROW()/100000,0) -> 0 | V25: =IF(AND(H25="Falta",L25=Config!$B$7,M25=Config!$B$5,COUNTIFS($E$5:E25,E25,$H$5:H25,"Falta",$L$5:L25,Config!$B$7,$M$5:M25,Config!$B$5)=1),COUNTIFS($E$5:$E$3004,E25,$H$5:$H$3004,"Falta",$L$5:$L$3004,Config!$B$7,$M$5:$M$3004,Config!$B$5)*1000-ROW()/100000,0) -> 0
A26: 46175 | B26: 0.58333333 | C26: Dra. Renata Sousa | D26: Sala 1 | E26: Rafael Nascimento | F26: Saúde Total | G26: Avaliação endócrina | H26: Realizado | I26: Convênio | L26: =IF(A26="","",MONTH(A26)) -> 6 | M26: =IF(A26="","",YEAR(A26)) -> 2026 | N26: =IF(A26="","",CHOOSE(WEEKDAY(A26,2),"Segunda","Terça","Quarta","Quinta","Sexta","Sábado","Domingo")) -> Terça | O26: =IF(B26="","",IF(B26<TIME(12,0,0),"Manhã",IF(B26<TIME(18,0,0),"Tarde","Noite"))) -> Tarde | P26: =IF(G26="","",IFERROR(INDEX(Config!$I$5:$I$16,MATCH(G26,Config!$H$5:$H$16,0)),0)) -> 45 | Q26: =IF(OR(H26<>"Realizado",P26="",P26=0),"",A26+P26) -> 46220 | R26: =IF(Q26="","",IF(COUNTIFS($E$5:$E$3004,E26,$A$5:$A$3004,">"&A26,$H$5:$H$3004,"<>Falta",$H$5:$H$3004,"<>Cancelado",$H$5:$H$3004,"<>Remarcado")>0,"Sim","Não")) -> Sim | S26: =IF(R26<>"Não","",IF(Q26+Config!$B$9<=Config!$B$8,Config!$B$8-Q26,"")) | T26: =IF(S26="","","Sim") | U26: =IF(T26="Sim",S26+ROW()/100000,0) -> 0 | V26: =IF(AND(H26="Falta",L26=Config!$B$7,M26=Config!$B$5,COUNTIFS($E$5:E26,E26,$H$5:H26,"Falta",$L$5:L26,Config!$B$7,$M$5:M26,Config!$B$5)=1),COUNTIFS($E$5:$E$3004,E26,$H$5:$H$3004,"Falta",$L$5:$L$3004,Config!$B$7,$M$5:$M$3004,Config!$B$5)*1000-ROW()/100000,0) -> 0
A27: 46175 | B27: 0.58333333 | C27: Dr. Paulo Andrade | D27: Sala 2 | E27: Sérgio Teixeira | F27: MediPlan | G27: Retorno | H27: Realizado | I27: Sem cobrança | L27: =IF(A27="","",MONTH(A27)) -> 6 | M27: =IF(A27="","",YEAR(A27)) -> 2026 | N27: =IF(A27="","",CHOOSE(WEEKDAY(A27,2),"Segunda","Terça","Quarta","Quinta","Sexta","Sábado","Domingo")) -> Terça | O27: =IF(B27="","",IF(B27<TIME(12,0,0),"Manhã",IF(B27<TIME(18,0,0),"Tarde","Noite"))) -> Tarde | P27: =IF(G27="","",IFERROR(INDEX(Config!$I$5:$I$16,MATCH(G27,Config!$H$5:$H$16,0)),0)) -> 0 | Q27: =IF(OR(H27<>"Realizado",P27="",P27=0),"",A27+P27) | R27: =IF(Q27="","",IF(COUNTIFS($E$5:$E$3004,E27,$A$5:$A$3004,">"&A27,$H$5:$H$3004,"<>Falta",$H$5:$H$3004,"<>Cancelado",$H$5:$H$3004,"<>Remarcado")>0,"Sim","Não")) | S27: =IF(R27<>"Não","",IF(Q27+Config!$B$9<=Config!$B$8,Config!$B$8-Q27,"")) | T27: =IF(S27="","","Sim") | U27: =IF(T27="Sim",S27+ROW()/100000,0) -> 0 | V27: =IF(AND(H27="Falta",L27=Config!$B$7,M27=Config!$B$5,COUNTIFS($E$5:E27,E27,$H$5:H27,"Falta",$L$5:L27,Config!$B$7,$M$5:M27,Config!$B$5)=1),COUNTIFS($E$5:$E$3004,E27,$H$5:$H$3004,"Falta",$L$5:$L$3004,Config!$B$7,$M$5:$M$3004,Config!$B$5)*1000-ROW()/100000,0) -> 0
A28: 46175 | B28: 0.61111111 | C28: Dra. Renata Sousa | D28: Sala 1 | E28: Roberta Lima | F28: Particular | G28: Retorno | H28: Realizado | I28: Sem cobrança | L28: =IF(A28="","",MONTH(A28)) -> 6 | M28: =IF(A28="","",YEAR(A28)) -> 2026 | N28: =IF(A28="","",CHOOSE(WEEKDAY(A28,2),"Segunda","Terça","Quarta","Quinta","Sexta","Sábado","Domingo")) -> Terça | O28: =IF(B28="","",IF(B28<TIME(12,0,0),"Manhã",IF(B28<TIME(18,0,0),"Tarde","Noite"))) -> Tarde | P28: =IF(G28="","",IFERROR(INDEX(Config!$I$5:$I$16,MATCH(G28,Config!$H$5:$H$16,0)),0)) -> 0 | Q28: =IF(OR(H28<>"Realizado",P28="",P28=0),"",A28+P28) | R28: =IF(Q28="","",IF(COUNTIFS($E$5:$E$3004,E28,$A$5:$A$3004,">"&A28,$H$5:$H$3004,"<>Falta",$H$5:$H$3004,"<>Cancelado",$H$5:$H$3004,"<>Remarcado")>0,"Sim","Não")) | S28: =IF(R28<>"Não","",IF(Q28+Config!$B$9<=Config!$B$8,Config!$B$8-Q28,"")) | T28: =IF(S28="","","Sim") | U28: =IF(T28="Sim",S28+ROW()/100000,0) -> 0 | V28: =IF(AND(H28="Falta",L28=Config!$B$7,M28=Config!$B$5,COUNTIFS($E$5:E28,E28,$H$5:H28,"Falta",$L$5:L28,Config!$B$7,$M$5:M28,Config!$B$5)=1),COUNTIFS($E$5:$E$3004,E28,$H$5:$H$3004,"Falta",$L$5:$L$3004,Config!$B$7,$M$5:$M$3004,Config!$B$5)*1000-ROW()/100000,0) -> 0
A29: 46175 | B29: 0.625 | C29: Dra. Renata Sousa | D29: Sala 1 | E29: Beatriz Monteiro | F29: Particular | G29: Retorno | H29: Realizado | I29: Sem cobrança | L29: =IF(A29="","",MONTH(A29)) -> 6 | M29: =IF(A29="","",YEAR(A29)) -> 2026 | N29: =IF(A29="","",CHOOSE(WEEKDAY(A29,2),"Segunda","Terça","Quarta","Quinta","Sexta","Sábado","Domingo")) -> Terça | O29: =IF(B29="","",IF(B29<TIME(12,0,0),"Manhã",IF(B29<TIME(18,0,0),"Tarde","Noite"))) -> Tarde | P29: =IF(G29="","",IFERROR(INDEX(Config!$I$5:$I$16,MATCH(G29,Config!$H$5:$H$16,0)),0)) -> 0 | Q29: =IF(OR(H29<>"Realizado",P29="",P29=0),"",A29+P29) | R29: =IF(Q29="","",IF(COUNTIFS($E$5:$E$3004,E29,$A$5:$A$3004,">"&A29,$H$5:$H$3004,"<>Falta",$H$5:$H$3004,"<>Cancelado",$H$5:$H$3004,"<>Remarcado")>0,"Sim","Não")) | S29: =IF(R29<>"Não","",IF(Q29+Config!$B$9<=Config!$B$8,Config!$B$8-Q29,"")) | T29: =IF(S29="","","Sim") | U29: =IF(T29="Sim",S29+ROW()/100000,0) -> 0 | V29: =IF(AND(H29="Falta",L29=Config!$B$7,M29=Config!$B$5,COUNTIFS($E$5:E29,E29,$H$5:H29,"Falta",$L$5:L29,Config!$B$7,$M$5:M29,Config!$B$5)=1),COUNTIFS($E$5:$E$3004,E29,$H$5:$H$3004,"Falta",$L$5:$L$3004,Config!$B$7,$M$5:$M$3004,Config!$B$5)*1000-ROW()/100000,0) -> 0
A30: 46175 | B30: 0.63888889 | C30: Dra. Renata Sousa | D30: Sala 1 | E30: Eduardo Pereira | F30: Particular | G30: Avaliação endócrina | H30: Realizado | I30: Pix | L30: =IF(A30="","",MONTH(A30)) -> 6 | M30: =IF(A30="","",YEAR(A30)) -> 2026 | N30: =IF(A30="","",CHOOSE(WEEKDAY(A30,2),"Segunda","Terça","Quarta","Quinta","Sexta","Sábado","Domingo")) -> Terça | O30: =IF(B30="","",IF(B30<TIME(12,0,0),"Manhã",IF(B30<TIME(18,0,0),"Tarde","Noite"))) -> Tarde | P30: =IF(G30="","",IFERROR(INDEX(Config!$I$5:$I$16,MATCH(G30,Config!$H$5:$H$16,0)),0)) -> 45 | Q30: =IF(OR(H30<>"Realizado",P30="",P30=0),"",A30+P30) -> 46220 | R30: =IF(Q30="","",IF(COUNTIFS($E$5:$E$3004,E30,$A$5:$A$3004,">"&A30,$H$5:$H$3004,"<>Falta",$H$5:$H$3004,"<>Cancelado",$H$5:$H$3004,"<>Remarcado")>0,"Sim","Não")) -> Sim | S30: =IF(R30<>"Não","",IF(Q30+Config!$B$9<=Config!$B$8,Config!$B$8-Q30,"")) | T30: =IF(S30="","","Sim") | U30: =IF(T30="Sim",S30+ROW()/100000,0) -> 0 | V30: =IF(AND(H30="Falta",L30=Config!$B$7,M30=Config!$B$5,COUNTIFS($E$5:E30,E30,$H$5:H30,"Falta",$L$5:L30,Config!$B$7,$M$5:M30,Config!$B$5)=1),COUNTIFS($E$5:$E$3004,E30,$H$5:$H$3004,"Falta",$L$5:$L$3004,Config!$B$7,$M$5:$M$3004,Config!$B$5)*1000-ROW()/100000,0) -> 0
A31: 46175 | B31: 0.63888889 | C31: Dr. Paulo Andrade | D31: Sala 2 | E31: Wagner Costa | F31: Particular | G31: Consulta | H31: Realizado | I31: A prazo | L31: =IF(A31="","",MONTH(A31)) -> 6 | M31: =IF(A31="","",YEAR(A31)) -> 2026 | N31: =IF(A31="","",CHOOSE(WEEKDAY(A31,2),"Segunda","Terça","Quarta","Quinta","Sexta","Sábado","Domingo")) -> Terça | O31: =IF(B31="","",IF(B31<TIME(12,0,0),"Manhã",IF(B31<TIME(18,0,0),"Tarde","Noite"))) -> Tarde | P31: =IF(G31="","",IFERROR(INDEX(Config!$I$5:$I$16,MATCH(G31,Config!$H$5:$H$16,0)),0)) -> 30 | Q31: =IF(OR(H31<>"Realizado",P31="",P31=0),"",A31+P31) -> 46205 | R31: =IF(Q31="","",IF(COUNTIFS($E$5:$E$3004,E31,$A$5:$A$3004,">"&A31,$H$5:$H$3004,"<>Falta",$H$5:$H$3004,"<>Cancelado",$H$5:$H$3004,"<>Remarcado")>0,"Sim","Não")) -> Sim | S31: =IF(R31<>"Não","",IF(Q31+Config!$B$9<=Config!$B$8,Config!$B$8-Q31,"")) | T31: =IF(S31="","","Sim") | U31: =IF(T31="Sim",S31+ROW()/100000,0) -> 0 | V31: =IF(AND(H31="Falta",L31=Config!$B$7,M31=Config!$B$5,COUNTIFS($E$5:E31,E31,$H$5:H31,"Falta",$L$5:L31,Config!$B$7,$M$5:M31,Config!$B$5)=1),COUNTIFS($E$5:$E$3004,E31,$H$5:$H$3004,"Falta",$L$5:$L$3004,Config!$B$7,$M$5:$M$3004,Config!$B$5)*1000-ROW()/100000,0) -> 0
A32: 46175 | B32: 0.65972222 | C32: Dr. Paulo Andrade | D32: Sala 2 | E32: Fábio Correia | F32: Particular | G32: Retorno | H32: Realizado | I32: Sem cobrança | L32: =IF(A32="","",MONTH(A32)) -> 6 | M32: =IF(A32="","",YEAR(A32)) -> 2026 | N32: =IF(A32="","",CHOOSE(WEEKDAY(A32,2),"Segunda","Terça","Quarta","Quinta","Sexta","Sábado","Domingo")) -> Terça | O32: =IF(B32="","",IF(B32<TIME(12,0,0),"Manhã",IF(B32<TIME(18,0,0),"Tarde","Noite"))) -> Tarde | P32: =IF(G32="","",IFERROR(INDEX(Config!$I$5:$I$16,MATCH(G32,Config!$H$5:$H$16,0)),0)) -> 0 | Q32: =IF(OR(H32<>"Realizado",P32="",P32=0),"",A32+P32) | R32: =IF(Q32="","",IF(COUNTIFS($E$5:$E$3004,E32,$A$5:$A$3004,">"&A32,$H$5:$H$3004,"<>Falta",$H$5:$H$3004,"<>Cancelado",$H$5:$H$3004,"<>Remarcado")>0,"Sim","Não")) | S32: =IF(R32<>"Não","",IF(Q32+Config!$B$9<=Config!$B$8,Config!$B$8-Q32,"")) | T32: =IF(S32="","","Sim") | U32: =IF(T32="Sim",S32+ROW()/100000,0) -> 0 | V32: =IF(AND(H32="Falta",L32=Config!$B$7,M32=Config!$B$5,COUNTIFS($E$5:E32,E32,$H$5:H32,"Falta",$L$5:L32,Config!$B$7,$M$5:M32,Config!$B$5)=1),COUNTIFS($E$5:$E$3004,E32,$H$5:$H$3004,"Falta",$L$5:$L$3004,Config!$B$7,$M$5:$M$3004,Config!$B$5)*1000-ROW()/100000,0) -> 0
A33: 46175 | B33: 0.66666667 | C33: Dra. Renata Sousa | D33: Sala 1 | E33: Rafael Pereira | F33: Particular | G33: Avaliação endócrina | H33: Realizado | I33: Pix | L33: =IF(A33="","",MONTH(A33)) -> 6 | M33: =IF(A33="","",YEAR(A33)) -> 2026 | N33: =IF(A33="","",CHOOSE(WEEKDAY(A33,2),"Segunda","Terça","Quarta","Quinta","Sexta","Sábado","Domingo")) -> Terça | O33: =IF(B33="","",IF(B33<TIME(12,0,0),"Manhã",IF(B33<TIME(18,0,0),"Tarde","Noite"))) -> Tarde | P33: =IF(G33="","",IFERROR(INDEX(Config!$I$5:$I$16,MATCH(G33,Config!$H$5:$H$16,0)),0)) -> 45 | Q33: =IF(OR(H33<>"Realizado",P33="",P33=0),"",A33+P33) -> 46220 | R33: =IF(Q33="","",IF(COUNTIFS($E$5:$E$3004,E33,$A$5:$A$3004,">"&A33,$H$5:$H$3004,"<>Falta",$H$5:$H$3004,"<>Cancelado",$H$5:$H$3004,"<>Remarcado")>0,"Sim","Não")) -> Sim | S33: =IF(R33<>"Não","",IF(Q33+Config!$B$9<=Config!$B$8,Config!$B$8-Q33,"")) | T33: =IF(S33="","","Sim") | U33: =IF(T33="Sim",S33+ROW()/100000,0) -> 0 | V33: =IF(AND(H33="Falta",L33=Config!$B$7,M33=Config!$B$5,COUNTIFS($E$5:E33,E33,$H$5:H33,"Falta",$L$5:L33,Config!$B$7,$M$5:M33,Config!$B$5)=1),COUNTIFS($E$5:$E$3004,E33,$H$5:$H$3004,"Falta",$L$5:$L$3004,Config!$B$7,$M$5:$M$3004,Config!$B$5)*1000-ROW()/100000,0) -> 0
... A35: 46175 | B35: 0.6875 | C35: Dr. Paulo Andrade | D35: Sala 2 | E35: Leandro Cardoso | F35: MediPlan | G35: Consulta | H35: Realizado | I35: Convênio | L35: =IF(A35="","",MONTH(A35)) -> 6 | M35: =IF(A35="","",YEAR(A35)) -> 2026 | N35: =IF(A35="","",CHOOSE(WEEKDAY(A35,2),"Segunda","Terça","Quarta","Quinta","Sexta","Sábado","Domingo")) -> Terça | O35: =IF(B35="","",IF(B35<TIME(12,0,0),"Manhã",IF(B35<TIME(18,0,0),"Tarde","Noite"))) -> Tarde | P35: =IF(G35="","",IFERROR(INDEX(Config!$I$5:$I$16,MATCH(G35,Config!$H$5:$H$16,0)),0)) -> 30 | Q35: =IF(OR(H35<>"Realizado",P35="",P35=0),"",A35+P35) -> 46205 | R35: =IF(Q35="","",IF(COUNTIFS($E$5:$E$3004,E35,$A$5:$A$3004,">"&A35,$H$5:$H$3004,"<>Falta",$H$5:$H$3004,"<>Cancelado",$H$5:$H$3004,"<>Remarcado")>0,"Sim","Não")) -> Sim | S35: =IF(R35<>"Não","",IF(Q35+Config!$B$9<=Config!$B$8,Config!$B$8-Q35,"")) | T35: =IF(S35="","","Sim") | U35: =IF(T35="Sim",S35+ROW()/100000,0) -> 0 | V35: =IF(AND(H35="Falta",L35=Config!$B$7,M35=Config!$B$5,COUNTIFS($E$5:E35,E35,$H$5:H35,"Falta",$L$5:L35,Config!$B$7,$M$5:M35,Config!$B$5)=1),COUNTIFS($E$5:$E$3004,E35,$H$5:$H$3004,"Falta",$L$5:$L$3004,Config!$B$7,$M$5:$M$3004,Config!$B$5)*1000-ROW()/100000,0) -> 0
A36: 46175 | B36: 0.70833333 | C36: Dr. Paulo Andrade | D36: Sala 2 | E36: Elaine Cardoso | F36: Particular | G36: Teste ergométrico | H36: Realizado | I36: Cartão de crédito | J36: 2 | L36: =IF(A36="","",MONTH(A36)) -> 6 | M36: =IF(A36="","",YEAR(A36)) -> 2026 | N36: =IF(A36="","",CHOOSE(WEEKDAY(A36,2),"Segunda","Terça","Quarta","Quinta","Sexta","Sábado","Domingo")) -> Terça | O36: =IF(B36="","",IF(B36<TIME(12,0,0),"Manhã",IF(B36<TIME(18,0,0),"Tarde","Noite"))) -> Tarde | P36: =IF(G36="","",IFERROR(INDEX(Config!$I$5:$I$16,MATCH(G36,Config!$H$5:$H$16,0)),0)) -> 0 | Q36: =IF(OR(H36<>"Realizado",P36="",P36=0),"",A36+P36) | R36: =IF(Q36="","",IF(COUNTIFS($E$5:$E$3004,E36,$A$5:$A$3004,">"&A36,$H$5:$H$3004,"<>Falta",$H$5:$H$3004,"<>Cancelado",$H$5:$H$3004,"<>Remarcado")>0,"Sim","Não")) | S36: =IF(R36<>"Não","",IF(Q36+Config!$B$9<=Config!$B$8,Config!$B$8-Q36,"")) | T36: =IF(S36="","","Sim") | U36: =IF(T36="Sim",S36+ROW()/100000,0) -> 0 | V36: =IF(AND(H36="Falta",L36=Config!$B$7,M36=Config!$B$5,COUNTIFS($E$5:E36,E36,$H$5:H36,"Falta",$L$5:L36,Config!$B$7,$M$5:M36,Config!$B$5)=1),COUNTIFS($E$5:$E$3004,E36,$H$5:$H$3004,"Falta",$L$5:$L$3004,Config!$B$7,$M$5:$M$3004,Config!$B$5)*1000-ROW()/100000,0) -> 0
A37: 46175 | B37: 0.71527778 | C37: Dra. Renata Sousa | D37: Sala 1 | E37: Gisele Lopes | F37: Saúde Total | G37: Avaliação endócrina | H37: Realizado | I37: Convênio | L37: =IF(A37="","",MONTH(A37)) -> 6 | M37: =IF(A37="","",YEAR(A37)) -> 2026 | N37: =IF(A37="","",CHOOSE(WEEKDAY(A37,2),"Segunda","Terça","Quarta","Quinta","Sexta","Sábado","Domingo")) -> Terça | O37: =IF(B37="","",IF(B37<TIME(12,0,0),"Manhã",IF(B37<TIME(18,0,0),"Tarde","Noite"))) -> Tarde | P37: =IF(G37="","",IFERROR(INDEX(Config!$I$5:$I$16,MATCH(G37,Config!$H$5:$H$16,0)),0)) -> 45 | Q37: =IF(OR(H37<>"Realizado",P37="",P37=0),"",A37+P37) -> 46220 | R37: =IF(Q37="","",IF(COUNTIFS($E$5:$E$3004,E37,$A$5:$A$3004,">"&A37,$H$5:$H$3004,"<>Falta",$H$5:$H$3004,"<>Cancelado",$H$5:$H$3004,"<>Remarcado")>0,"Sim","Não")) -> Sim | S37: =IF(R37<>"Não","",IF(Q37+Config!$B$9<=Config!$B$8,Config!$B$8-Q37,"")) | T37: =IF(S37="","","Sim") | U37: =IF(T37="Sim",S37+ROW()/100000,0) -> 0 | V37: =IF(AND(H37="Falta",L37=Config!$B$7,M37=Config!$B$5,COUNTIFS($E$5:E37,E37,$H$5:H37,"Falta",$L$5:L37,Config!$B$7,$M$5:M37,Config!$B$5)=1),COUNTIFS($E$5:$E$3004,E37,$H$5:$H$3004,"Falta",$L$5:$L$3004,Config!$B$7,$M$5:$M$3004,Config!$B$5)*1000-ROW()/100000,0) -> 0
A38: 46175 | B38: 0.73611111 | C38: Dr. Paulo Andrade | D38: Sala 2 | E38: Camila Batista | F38: MediPlan | G38: ECG | H38: Realizado | I38: Convênio | L38: =IF(A38="","",MONTH(A38)) -> 6 | M38: =IF(A38="","",YEAR(A38)) -> 2026 | N38: =IF(A38="","",CHOOSE(WEEKDAY(A38,2),"Segunda","Terça","Quarta","Quinta","Sexta","Sábado","Domingo")) -> Terça | O38: =IF(B38="","",IF(B38<TIME(12,0,0),"Manhã",IF(B38<TIME(18,0,0),"Tarde","Noite"))) -> Tarde | P38: =IF(G38="","",IFERROR(INDEX(Config!$I$5:$I$16,MATCH(G38,Config!$H$5:$H$16,0)),0)) -> 0 | Q38: =IF(OR(H38<>"Realizado",P38="",P38=0),"",A38+P38) | R38: =IF(Q38="","",IF(COUNTIFS($E$5:$E$3004,E38,$A$5:$A$3004,">"&A38,$H$5:$H$3004,"<>Falta",$H$5:$H$3004,"<>Cancelado",$H$5:$H$3004,"<>Remarcado")>0,"Sim","Não")) | S38: =IF(R38<>"Não","",IF(Q38+Config!$B$9<=Config!$B$8,Config!$B$8-Q38,"")) | T38: =IF(S38="","","Sim") | U38: =IF(T38="Sim",S38+ROW()/100000,0) -> 0 | V38: =IF(AND(H38="Falta",L38=Config!$B$7,M38=Config!$B$5,COUNTIFS($E$5:E38,E38,$H$5:H38,"Falta",$L$5:L38,Config!$B$7,$M$5:M38,Config!$B$5)=1),COUNTIFS($E$5:$E$3004,E38,$H$5:$H$3004,"Falta",$L$5:$L$3004,Config!$B$7,$M$5:$M$3004,Config!$B$5)*1000-ROW()/100000,0) -> 0
A39: 46176 | B39: 0.58333333 | C39: Dra. Carolina Mendes | D39: Sala 1 | E39: Leandro Gomes | F39: Saúde Total | G39: Consulta | H39: Falta | L39: =IF(A39="","",MONTH(A39)) -> 6 | M39: =IF(A39="","",YEAR(A39)) -> 2026 | N39: =IF(A39="","",CHOOSE(WEEKDAY(A39,2),"Segunda","Terça","Quarta","Quinta","Sexta","Sábado","Domingo")) -> Quarta | O39: =IF(B39="","",IF(B39<TIME(12,0,0),"Manhã",IF(B39<TIME(18,0,0),"Tarde","Noite"))) -> Tarde | P39: =IF(G39="","",IFERROR(INDEX(Config!$I$5:$I$16,MATCH(G39,Config!$H$5:$H$16,0)),0)) -> 30 | Q39: =IF(OR(H39<>"Realizado",P39="",P39=0),"",A39+P39) | R39: =IF(Q39="","",IF(COUNTIFS($E$5:$E$3004,E39,$A$5:$A$3004,">"&A39,$H$5:$H$3004,"<>Falta",$H$5:$H$3004,"<>Cancelado",$H$5:$H$3004,"<>Remarcado")>0,"Sim","Não")) | S39: =IF(R39<>"Não","",IF(Q39+Config!$B$9<=Config!$B$8,Config!$B$8-Q39,"")) | T39: =IF(S39="","","Sim") | U39: =IF(T39="Sim",S39+ROW()/100000,0) -> 0 | V39: =IF(AND(H39="Falta",L39=Config!$B$7,M39=Config!$B$5,COUNTIFS($E$5:E39,E39,$H$5:H39,"Falta",$L$5:L39,Config!$B$7,$M$5:M39,Config!$B$5)=1),COUNTIFS($E$5:$E$3004,E39,$H$5:$H$3004,"Falta",$L$5:$L$3004,Config!$B$7,$M$5:$M$3004,Config!$B$5)*1000-ROW()/100000,0) -> 0
A40: 46176 | B40: 0.60416667 | C40: Dra. Carolina Mendes | D40: Sala 1 | E40: Fernanda Freitas | F40: Particular | G40: Retorno | H40: Realizado | I40: Sem cobrança | L40: =IF(A40="","",MONTH(A40)) -> 6 | M40: =IF(A40="","",YEAR(A40)) -> 2026 | N40: =IF(A40="","",CHOOSE(WEEKDAY(A40,2),"Segunda","Terça","Quarta","Quinta","Sexta","Sábado","Domingo")) -> Quarta | O40: =IF(B40="","",IF(B40<TIME(12,0,0),"Manhã",IF(B40<TIME(18,0,0),"Tarde","Noite"))) -> Tarde | P40: =IF(G40="","",IFERROR(INDEX(Config!$I$5:$I$16,MATCH(G40,Config!$H$5:$H$16,0)),0)) -> 0 | Q40: =IF(OR(H40<>"Realizado",P40="",P40=0),"",A40+P40) | R40: =IF(Q40="","",IF(COUNTIFS($E$5:$E$3004,E40,$A$5:$A$3004,">"&A40,$H$5:$H$3004,"<>Falta",$H$5:$H$3004,"<>Cancelado",$H$5:$H$3004,"<>Remarcado")>0,"Sim","Não")) | S40: =IF(R40<>"Não","",IF(Q40+Config!$B$9<=Config!$B$8,Config!$B$8-Q40,"")) | T40: =IF(S40="","","Sim") | U40: =IF(T40="Sim",S40+ROW()/100000,0) -> 0 | V40: =IF(AND(H40="Falta",L40=Config!$B$7,M40=Config!$B$5,COUNTIFS($E$5:E40,E40,$H$5:H40,"Falta",$L$5:L40,Config!$B$7,$M$5:M40,Config!$B$5)=1),COUNTIFS($E$5:$E$3004,E40,$H$5:$H$3004,"Falta",$L$5:$L$3004,Config!$B$7,$M$5:$M$3004,Config!$B$5)*1000-ROW()/100000,0) -> 0
A41: 46176 | B41: 0.61805556 | C41: Dra. Carolina Mendes | D41: Sala 1 | E41: Ana Costa | F41: Particular | G41: Consulta | H41: Realizado | I41: A prazo | L41: =IF(A41="","",MONTH(A41)) -> 6 | M41: =IF(A41="","",YEAR(A41)) -> 2026 | N41: =IF(A41="","",CHOOSE(WEEKDAY(A41,2),"Segunda","Terça","Quarta","Quinta","Sexta","Sábado","Domingo")) -> Quarta | O41: =IF(B41="","",IF(B41<TIME(12,0,0),"Manhã",IF(B41<TIME(18,0,0),"Tarde","Noite"))) -> Tarde | P41: =IF(G41="","",IFERROR(INDEX(Config!$I$5:$I$16,MATCH(G41,Config!$H$5:$H$16,0)),0)) -> 30 | Q41: =IF(OR(H41<>"Realizado",P41="",P41=0),"",A41+P41) -> 46206 | R41: =IF(Q41="","",IF(COUNTIFS($E$5:$E$3004,E41,$A$5:$A$3004,">"&A41,$H$5:$H$3004,"<>Falta",$H$5:$H$3004,"<>Cancelado",$H$5:$H$3004,"<>Remarcado")>0,"Sim","Não")) -> Sim | S41: =IF(R41<>"Não","",IF(Q41+Config!$B$9<=Config!$B$8,Config!$B$8-Q41,"")) | T41: =IF(S41="","","Sim") | U41: =IF(T41="Sim",S41+ROW()/100000,0) -> 0 | V41: =IF(AND(H41="Falta",L41=Config!$B$7,M41=Config!$B$5,COUNTIFS($E$5:E41,E41,$H$5:H41,"Falta",$L$5:L41,Config!$B$7,$M$5:M41,Config!$B$5)=1),COUNTIFS($E$5:$E$3004,E41,$H$5:$H$3004,"Falta",$L$5:$L$3004,Config!$B$7,$M$5:$M$3004,Config!$B$5)*1000-ROW()/100000,0) -> 0
A42: 46176 | B42: 0.65972222 | C42: Dra. Carolina Mendes | D42: Sala 1 | E42: Priscila Carvalho | F42: Vida Care | G42: Consulta | H42: Realizado | I42: Convênio | L42: =IF(A42="","",MONTH(A42)) -> 6 | M42: =IF(A42="","",YEAR(A42)) -> 2026 | N42: =IF(A42="","",CHOOSE(WEEKDAY(A42,2),"Segunda","Terça","Quarta","Quinta","Sexta","Sábado","Domingo")) -> Quarta | O42: =IF(B42="","",IF(B42<TIME(12,0,0),"Manhã",IF(B42<TIME(18,0,0),"Tarde","Noite"))) -> Tarde | P42: =IF(G42="","",IFERROR(INDEX(Config!$I$5:$I$16,MATCH(G42,Config!$H$5:$H$16,0)),0)) -> 30 | Q42: =IF(OR(H42<>"Realizado",P42="",P42=0),"",A42+P42) -> 46206 | R42: =IF(Q42="","",IF(COUNTIFS($E$5:$E$3004,E42,$A$5:$A$3004,">"&A42,$H$5:$H$3004,"<>Falta",$H$5:$H$3004,"<>Cancelado",$H$5:$H$3004,"<>Remarcado")>0,"Sim","Não")) -> Sim | S42: =IF(R42<>"Não","",IF(Q42+Config!$B$9<=Config!$B$8,Config!$B$8-Q42,"")) | T42: =IF(S42="","","Sim") | U42: =IF(T42="Sim",S42+ROW()/100000,0) -> 0 | V42: =IF(AND(H42="Falta",L42=Config!$B$7,M42=Config!$B$5,COUNTIFS($E$5:E42,E42,$H$5:H42,"Falta",$L$5:L42,Config!$B$7,$M$5:M42,Config!$B$5)=1),COUNTIFS($E$5:$E$3004,E42,$H$5:$H$3004,"Falta",$L$5:$L$3004,Config!$B$7,$M$5:$M$3004,Config!$B$5)*1000-ROW()/100000,0) -> 0
A43: 46176 | B43: 0.68055556 | C43: Dra. Carolina Mendes | D43: Sala 1 | E43: Lucas Lopes | F43: Particular | G43: Consulta | H43: Realizado | I43: Cartão de crédito | L43: =IF(A43="","",MONTH(A43)) -> 6 | M43: =IF(A43="","",YEAR(A43)) -> 2026 | N43: =IF(A43="","",CHOOSE(WEEKDAY(A43,2),"Segunda","Terça","Quarta","Quinta","Sexta","Sábado","Domingo")) -> Quarta | O43: =IF(B43="","",IF(B43<TIME(12,0,0),"Manhã",IF(B43<TIME(18,0,0),"Tarde","Noite"))) -> Tarde | P43: =IF(G43="","",IFERROR(INDEX(Config!$I$5:$I$16,MATCH(G43,Config!$H$5:$H$16,0)),0)) -> 30 | Q43: =IF(OR(H43<>"Realizado",P43="",P43=0),"",A43+P43) -> 46206 | R43: =IF(Q43="","",IF(COUNTIFS($E$5:$E$3004,E43,$A$5:$A$3004,">"&A43,$H$5:$H$3004,"<>Falta",$H$5:$H$3004,"<>Cancelado",$H$5:$H$3004,"<>Remarcado")>0,"Sim","Não")) -> Sim | S43: =IF(R43<>"Não","",IF(Q43+Config!$B$9<=Config!$B$8,Config!$B$8-Q43,"")) | T43: =IF(S43="","","Sim") | U43: =IF(T43="Sim",S43+ROW()/100000,0) -> 0 | V43: =IF(AND(H43="Falta",L43=Config!$B$7,M43=Config!$B$5,COUNTIFS($E$5:E43,E43,$H$5:H43,"Falta",$L$5:L43,Config!$B$7,$M$5:M43,Config!$B$5)=1),COUNTIFS($E$5:$E$3004,E43,$H$5:$H$3004,"Falta",$L$5:$L$3004,Config!$B$7,$M$5:$M$3004,Config!$B$5)*1000-ROW()/100000,0) -> 0
A44: 46176 | B44: 0.70138889 | C44: Dra. Carolina Mendes | D44: Sala 1 | E44: Helena Moreira | F44: Particular | G44: Consulta | H44: Realizado | I44: Pix | L44: =IF(A44="","",MONTH(A44)) -> 6 | M44: =IF(A44="","",YEAR(A44)) -> 2026 | N44: =IF(A44="","",CHOOSE(WEEKDAY(A44,2),"Segunda","Terça","Quarta","Quinta","Sexta","Sábado","Domingo")) -> Quarta | O44: =IF(B44="","",IF(B44<TIME(12,0,0),"Manhã",IF(B44<TIME(18,0,0),"Tarde","Noite"))) -> Tarde | P44: =IF(G44="","",IFERROR(INDEX(Config!$I$5:$I$16,MATCH(G44,Config!$H$5:$H$16,0)),0)) -> 30 | Q44: =IF(OR(H44<>"Realizado",P44="",P44=0),"",A44+P44) -> 46206 | R44: =IF(Q44="","",IF(COUNTIFS($E$5:$E$3004,E44,$A$5:$A$3004,">"&A44,$H$5:$H$3004,"<>Falta",$H$5:$H$3004,"<>Cancelado",$H$5:$H$3004,"<>Remarcado")>0,"Sim","Não")) -> Sim | S44: =IF(R44<>"Não","",IF(Q44+Config!$B$9<=Config!$B$8,Config!$B$8-Q44,"")) | T44: =IF(S44="","","Sim") | U44: =IF(T44="Sim",S44+ROW()/100000,0) -> 0 | V44: =IF(AND(H44="Falta",L44=Config!$B$7,M44=Config!$B$5,COUNTIFS($E$5:E44,E44,$H$5:H44,"Falta",$L$5:L44,Config!$B$7,$M$5:M44,Config!$B$5)=1),COUNTIFS($E$5:$E$3004,E44,$H$5:$H$3004,"Falta",$L$5:$L$3004,Config!$B$7,$M$5:$M$3004,Config!$B$5)*1000-ROW()/100000,0) -> 0
A45: 46176 | B45: 0.72222222 | C45: Dra. Carolina Mendes | D45: Sala 1 | E45: Mônica Batista | F45: MediPlan | G45: Consulta | H45: Falta | L45: =IF(A45="","",MONTH(A45)) -> 6 | M45: =IF(A45="","",YEAR(A45)) -> 2026 | N45: =IF(A45="","",CHOOSE(WEEKDAY(A45,2),"Segunda","Terça","Quarta","Quinta","Sexta","Sábado","Domingo")) -> Quarta | O45: =IF(B45="","",IF(B45<TIME(12,0,0),"Manhã",IF(B45<TIME(18,0,0),"Tarde","Noite"))) -> Tarde | P45: =IF(G45="","",IFERROR(INDEX(Config!$I$5:$I$16,MATCH(G45,Config!$H$5:$H$16,0)),0)) -> 30 | Q45: =IF(OR(H45<>"Realizado",P45="",P45=0),"",A45+P45) | R45: =IF(Q45="","",IF(COUNTIFS($E$5:$E$3004,E45,$A$5:$A$3004,">"&A45,$H$5:$H$3004,"<>Falta",$H$5:$H$3004,"<>Cancelado",$H$5:$H$3004,"<>Remarcado")>0,"Sim","Não")) | S45: =IF(R45<>"Não","",IF(Q45+Config!$B$9<=Config!$B$8,Config!$B$8-Q45,"")) | T45: =IF(S45="","","Sim") | U45: =IF(T45="Sim",S45+ROW()/100000,0) -> 0 | V45: =IF(AND(H45="Falta",L45=Config!$B$7,M45=Config!$B$5,COUNTIFS($E$5:E45,E45,$H$5:H45,"Falta",$L$5:L45,Config!$B$7,$M$5:M45,Config!$B$5)=1),COUNTIFS($E$5:$E$3004,E45,$H$5:$H$3004,"Falta",$L$5:$L$3004,Config!$B$7,$M$5:$M$3004,Config!$B$5)*1000-ROW()/100000,0) -> 0
A46: 46178 | B46: 0.33333333 | C46: Dr. Paulo Andrade | D46: Sala 2 | E46: Priscila Castro | F46: Saúde Total | G46: ECG | H46: Realizado | I46: Convênio | L46: =IF(A46="","",MONTH(A46)) -> 6 | M46: =IF(A46="","",YEAR(A46)) -> 2026 | N46: =IF(A46="","",CHOOSE(WEEKDAY(A46,2),"Segunda","Terça","Quarta","Quinta","Sexta","Sábado","Domingo")) -> Sexta | O46: =IF(B46="","",IF(B46<TIME(12,0,0),"Manhã",IF(B46<TIME(18,0,0),"Tarde","Noite"))) -> Manhã | P46: =IF(G46="","",IFERROR(INDEX(Config!$I$5:$I$16,MATCH(G46,Config!$H$5:$H$16,0)),0)) -> 0 | Q46: =IF(OR(H46<>"Realizado",P46="",P46=0),"",A46+P46) | R46: =IF(Q46="","",IF(COUNTIFS($E$5:$E$3004,E46,$A$5:$A$3004,">"&A46,$H$5:$H$3004,"<>Falta",$H$5:$H$3004,"<>Cancelado",$H$5:$H$3004,"<>Remarcado")>0,"Sim","Não")) | S46: =IF(R46<>"Não","",IF(Q46+Config!$B$9<=Config!$B$8,Config!$B$8-Q46,"")) | T46: =IF(S46="","","Sim") | U46: =IF(T46="Sim",S46+ROW()/100000,0) -> 0 | V46: =IF(AND(H46="Falta",L46=Config!$B$7,M46=Config!$B$5,COUNTIFS($E$5:E46,E46,$H$5:H46,"Falta",$L$5:L46,Config!$B$7,$M$5:M46,Config!$B$5)=1),COUNTIFS($E$5:$E$3004,E46,$H$5:$H$3004,"Falta",$L$5:$L$3004,Config!$B$7,$M$5:$M$3004,Config!$B$5)*1000-ROW()/100000,0) -> 0
A47: 46178 | B47: 0.34722222 | C47: Dr. Paulo Andrade | D47: Sala 2 | E47: Carlos Fernandes | F47: Particular | G47: ECG | H47: Realizado | I47: Dinheiro | L47: =IF(A47="","",MONTH(A47)) -> 6 | M47: =IF(A47="","",YEAR(A47)) -> 2026 | N47: =IF(A47="","",CHOOSE(WEEKDAY(A47,2),"Segunda","Terça","Quarta","Quinta","Sexta","Sábado","Domingo")) -> Sexta | O47: =IF(B47="","",IF(B47<TIME(12,0,0),"Manhã",IF(B47<TIME(18,0,0),"Tarde","Noite"))) -> Manhã | P47: =IF(G47="","",IFERROR(INDEX(Config!$I$5:$I$16,MATCH(G47,Config!$H$5:$H$16,0)),0)) -> 0 | Q47: =IF(OR(H47<>"Realizado",P47="",P47=0),"",A47+P47) | R47: =IF(Q47="","",IF(COUNTIFS($E$5:$E$3004,E47,$A$5:$A$3004,">"&A47,$H$5:$H$3004,"<>Falta",$H$5:$H$3004,"<>Cancelado",$H$5:$H$3004,"<>Remarcado")>0,"Sim","Não")) | S47: =IF(R47<>"Não","",IF(Q47+Config!$B$9<=Config!$B$8,Config!$B$8-Q47,"")) | T47: =IF(S47="","","Sim") | U47: =IF(T47="Sim",S47+ROW()/100000,0) -> 0 | V47: =IF(AND(H47="Falta",L47=Config!$B$7,M47=Config!$B$5,COUNTIFS($E$5:E47,E47,$H$5:H47,"Falta",$L$5:L47,Config!$B$7,$M$5:M47,Config!$B$5)=1),COUNTIFS($E$5:$E$3004,E47,$H$5:$H$3004,"Falta",$L$5:$L$3004,Config!$B$7,$M$5:$M$3004,Config!$B$5)*1000-ROW()/100000,0) -> 0
A48: 46178 | B48: 0.38194444 | C48: Dr. Paulo Andrade | D48: Sala 2 | E48: Priscila Pinto | F48: Saúde Total | G48: Consulta | H48: Falta | L48: =IF(A48="","",MONTH(A48)) -> 6 | M48: =IF(A48="","",YEAR(A48)) -> 2026 | N48: =IF(A48="","",CHOOSE(WEEKDAY(A48,2),"Segunda","Terça","Quarta","Quinta","Sexta","Sábado","Domingo")) -> Sexta | O48: =IF(B48="","",IF(B48<TIME(12,0,0),"Manhã",IF(B48<TIME(18,0,0),"Tarde","Noite"))) -> Manhã | P48: =IF(G48="","",IFERROR(INDEX(Config!$I$5:$I$16,MATCH(G48,Config!$H$5:$H$16,0)),0)) -> 30 | Q48: =IF(OR(H48<>"Realizado",P48="",P48=0),"",A48+P48) | R48: =IF(Q48="","",IF(COUNTIFS($E$5:$E$3004,E48,$A$5:$A$3004,">"&A48,$H$5:$H$3004,"<>Falta",$H$5:$H$3004,"<>Cancelado",$H$5:$H$3004,"<>Remarcado")>0,"Sim","Não")) | S48: =IF(R48<>"Não","",IF(Q48+Config!$B$9<=Config!$B$8,Config!$B$8-Q48,"")) | T48: =IF(S48="","","Sim") | U48: =IF(T48="Sim",S48+ROW()/100000,0) -> 0 | V48: =IF(AND(H48="Falta",L48=Config!$B$7,M48=Config!$B$5,COUNTIFS($E$5:E48,E48,$H$5:H48,"Falta",$L$5:L48,Config!$B$7,$M$5:M48,Config!$B$5)=1),COUNTIFS($E$5:$E$3004,E48,$H$5:$H$3004,"Falta",$L$5:$L$3004,Config!$B$7,$M$5:$M$3004,Config!$B$5)*1000-ROW()/100000,0) -> 0
A49: 46178 | B49: 0.46527778 | C49: Dr. Paulo Andrade | D49: Sala 2 | E49: Simone Monteiro | F49: Vida Care | G49: Holter | H49: Realizado | I49: Convênio | L49: =IF(A49="","",MONTH(A49)) -> 6 | M49: =IF(A49="","",YEAR(A49)) -> 2026 | N49: =IF(A49="","",CHOOSE(WEEKDAY(A49,2),"Segunda","Terça","Quarta","Quinta","Sexta","Sábado","Domingo")) -> Sexta | O49: =IF(B49="","",IF(B49<TIME(12,0,0),"Manhã",IF(B49<TIME(18,0,0),"Tarde","Noite"))) -> Manhã | P49: =IF(G49="","",IFERROR(INDEX(Config!$I$5:$I$16,MATCH(G49,Config!$H$5:$H$16,0)),0)) -> 0 | Q49: =IF(OR(H49<>"Realizado",P49="",P49=0),"",A49+P49) | R49: =IF(Q49="","",IF(COUNTIFS($E$5:$E$3004,E49,$A$5:$A$3004,">"&A49,$H$5:$H$3004,"<>Falta",$H$5:$H$3004,"<>Cancelado",$H$5:$H$3004,"<>Remarcado")>0,"Sim","Não")) | S49: =IF(R49<>"Não","",IF(Q49+Config!$B$9<=Config!$B$8,Config!$B$8-Q49,"")) | T49: =IF(S49="","","Sim") | U49: =IF(T49="Sim",S49+ROW()/100000,0) -> 0 | V49: =IF(AND(H49="Falta",L49=Config!$B$7,M49=Config!$B$5,COUNTIFS($E$5:E49,E49,$H$5:H49,"Falta",$L$5:L49,Config!$B$7,$M$5:M49,Config!$B$5)=1),COUNTIFS($E$5:$E$3004,E49,$H$5:$H$3004,"Falta",$L$5:$L$3004,Config!$B$7,$M$5:$M$3004,Config!$B$5)*1000-ROW()/100000,0) -> 0
A50: 46178 | B50: 0.47916667 | C50: Dr. Paulo Andrade | D50: Sala 2 | E50: Tatiana Gonçalves | F50: Saúde Total | G50: Consulta | H50: Realizado | I50: Convênio | L50: =IF(A50="","",MONTH(A50)) -> 6 | M50: =IF(A50="","",YEAR(A50)) -> 2026 | N50: =IF(A50="","",CHOOSE(WEEKDAY(A50,2),"Segunda","Terça","Quarta","Quinta","Sexta","Sábado","Domingo")) -> Sexta | O50: =IF(B50="","",IF(B50<TIME(12,0,0),"Manhã",IF(B50<TIME(18,0,0),"Tarde","Noite"))) -> Manhã | P50: =IF(G50="","",IFERROR(INDEX(Config!$I$5:$I$16,MATCH(G50,Config!$H$5:$H$16,0)),0)) -> 30 | Q50: =IF(OR(H50<>"Realizado",P50="",P50=0),"",A50+P50) -> 46208 | R50: =IF(Q50="","",IF(COUNTIFS($E$5:$E$3004,E50,$A$5:$A$3004,">"&A50,$H$5:$H$3004,"<>Falta",$H$5:$H$3004,"<>Cancelado",$H$5:$H$3004,"<>Remarcado")>0,"Sim","Não")) -> Sim | S50: =IF(R50<>"Não","",IF(Q50+Config!$B$9<=Config!$B$8,Config!$B$8-Q50,"")) | T50: =IF(S50="","","Sim") | U50: =IF(T50="Sim",S50+ROW()/100000,0) -> 0 | V50: =IF(AND(H50="Falta",L50=Config!$B$7,M50=Config!$B$5,COUNTIFS($E$5:E50,E50,$H$5:H50,"Falta",$L$5:L50,Config!$B$7,$M$5:M50,Config!$B$5)=1),COUNTIFS($E$5:$E$3004,E50,$H$5:$H$3004,"Falta",$L$5:$L$3004,Config!$B$7,$M$5:$M$3004,Config!$B$5)*1000-ROW()/100000,0) -> 0
A51: 46181 | B51: 0.33333333 | C51: Dra. Carolina Mendes | D51: Sala 1 | E51: Gisele Xavier | F51: Particular | G51: Retorno | H51: Realizado | I51: Sem cobrança | L51: =IF(A51="","",MONTH(A51)) -> 6 | M51: =IF(A51="","",YEAR(A51)) -> 2026 | N51: =IF(A51="","",CHOOSE(WEEKDAY(A51,2),"Segunda","Terça","Quarta","Quinta","Sexta","Sábado","Domingo")) -> Segunda | O51: =IF(B51="","",IF(B51<TIME(12,0,0),"Manhã",IF(B51<TIME(18,0,0),"Tarde","Noite"))) -> Manhã | P51: =IF(G51="","",IFERROR(INDEX(Config!$I$5:$I$16,MATCH(G51,Config!$H$5:$H$16,0)),0)) -> 0 | Q51: =IF(OR(H51<>"Realizado",P51="",P51=0),"",A51+P51) | R51: =IF(Q51="","",IF(COUNTIFS($E$5:$E$3004,E51,$A$5:$A$3004,">"&A51,$H$5:$H$3004,"<>Falta",$H$5:$H$3004,"<>Cancelado",$H$5:$H$3004,"<>Remarcado")>0,"Sim","Não")) | S51: =IF(R51<>"Não","",IF(Q51+Config!$B$9<=Config!$B$8,Config!$B$8-Q51,"")) | T51: =IF(S51="","","Sim") | U51: =IF(T51="Sim",S51+ROW()/100000,0) -> 0 | V51: =IF(AND(H51="Falta",L51=Config!$B$7,M51=Config!$B$5,COUNTIFS($E$5:E51,E51,$H$5:H51,"Falta",$L$5:L51,Config!$B$7,$M$5:M51,Config!$B$5)=1),COUNTIFS($E$5:$E$3004,E51,$H$5:$H$3004,"Falta",$L$5:$L$3004,Config!$B$7,$M$5:$M$3004,Config!$B$5)*1000-ROW()/100000,0) -> 0
A52: 46181 | B52: 0.34722222 | C52: Dra. Carolina Mendes | D52: Sala 1 | E52: Juliana Silva | F52: Vida Care | G52: Retorno | H52: Realizado | I52: Sem cobrança | L52: =IF(A52="","",MONTH(A52)) -> 6 | M52: =IF(A52="","",YEAR(A52)) -> 2026 | N52: =IF(A52="","",CHOOSE(WEEKDAY(A52,2),"Segunda","Terça","Quarta","Quinta","Sexta","Sábado","Domingo")) -> Segunda | O52: =IF(B52="","",IF(B52<TIME(12,0,0),"Manhã",IF(B52<TIME(18,0,0),"Tarde","Noite"))) -> Manhã | P52: =IF(G52="","",IFERROR(INDEX(Config!$I$5:$I$16,MATCH(G52,Config!$H$5:$H$16,0)),0)) -> 0 | Q52: =IF(OR(H52<>"Realizado",P52="",P52=0),"",A52+P52) | R52: =IF(Q52="","",IF(COUNTIFS($E$5:$E$3004,E52,$A$5:$A$3004,">"&A52,$H$5:$H$3004,"<>Falta",$H$5:$H$3004,"<>Cancelado",$H$5:$H$3004,"<>Remarcado")>0,"Sim","Não")) | S52: =IF(R52<>"Não","",IF(Q52+Config!$B$9<=Config!$B$8,Config!$B$8-Q52,"")) | T52: =IF(S52="","","Sim") | U52: =IF(T52="Sim",S52+ROW()/100000,0) -> 0 | V52: =IF(AND(H52="Falta",L52=Config!$B$7,M52=Config!$B$5,COUNTIFS($E$5:E52,E52,$H$5:H52,"Falta",$L$5:L52,Config!$B$7,$M$5:M52,Config!$B$5)=1),COUNTIFS($E$5:$E$3004,E52,$H$5:$H$3004,"Falta",$L$5:$L$3004,Config!$B$7,$M$5:$M$3004,Config!$B$5)*1000-ROW()/100000,0) -> 0
A53: 46181 | B53: 0.38194444 | C53: Dra. Carolina Mendes | D53: Sala 1 | E53: Rodrigo Gomes | F53: Vida Care | G53: Retorno | H53: Realizado | I53: Sem cobrança | L53: =IF(A53="","",MONTH(A53)) -> 6 | M53: =IF(A53="","",YEAR(A53)) -> 2026 | N53: =IF(A53="","",CHOOSE(WEEKDAY(A53,2),"Segunda","Terça","Quarta","Quinta","Sexta","Sábado","Domingo")) -> Segunda | O53: =IF(B53="","",IF(B53<TIME(12,0,0),"Manhã",IF(B53<TIME(18,0,0),"Tarde","Noite"))) -> Manhã | P53: =IF(G53="","",IFERROR(INDEX(Config!$I$5:$I$16,MATCH(G53,Config!$H$5:$H$16,0)),0)) -> 0 | Q53: =IF(OR(H53<>"Realizado",P53="",P53=0),"",A53+P53) | R53: =IF(Q53="","",IF(COUNTIFS($E$5:$E$3004,E53,$A$5:$A$3004,">"&A53,$H$5:$H$3004,"<>Falta",$H$5:$H$3004,"<>Cancelado",$H$5:$H$3004,"<>Remarcado")>0,"Sim","Não")) | S53: =IF(R53<>"Não","",IF(Q53+Config!$B$9<=Config!$B$8,Config!$B$8-Q53,"")) | T53: =IF(S53="","","Sim") | U53: =IF(T53="Sim",S53+ROW()/100000,0) -> 0 | V53: =IF(AND(H53="Falta",L53=Config!$B$7,M53=Config!$B$5,COUNTIFS($E$5:E53,E53,$H$5:H53,"Falta",$L$5:L53,Config!$B$7,$M$5:M53,Config!$B$5)=1),COUNTIFS($E$5:$E$3004,E53,$H$5:$H$3004,"Falta",$L$5:$L$3004,Config!$B$7,$M$5:$M$3004,Config!$B$5)*1000-ROW()/100000,0) -> 0
A54: 46181 | B54: 0.39583333 | C54: Dra. Carolina Mendes | D54: Sala 1 | E54: Mônica Martins | F54: Particular | G54: Consulta | H54: Realizado | I54: Cartão de débito | L54: =IF(A54="","",MONTH(A54)) -> 6 | M54: =IF(A54="","",YEAR(A54)) -> 2026 | N54: =IF(A54="","",CHOOSE(WEEKDAY(A54,2),"Segunda","Terça","Quarta","Quinta","Sexta","Sábado","Domingo")) -> Segunda | O54: =IF(B54="","",IF(B54<TIME(12,0,0),"Manhã",IF(B54<TIME(18,0,0),"Tarde","Noite"))) -> Manhã | P54: =IF(G54="","",IFERROR(INDEX(Config!$I$5:$I$16,MATCH(G54,Config!$H$5:$H$16,0)),0)) -> 30 | Q54: =IF(OR(H54<>"Realizado",P54="",P54=0),"",A54+P54) -> 46211 | R54: =IF(Q54="","",IF(COUNTIFS($E$5:$E$3004,E54,$A$5:$A$3004,">"&A54,$H$5:$H$3004,"<>Falta",$H$5:$H$3004,"<>Cancelado",$H$5:$H$3004,"<>Remarcado")>0,"Sim","Não")) -> Sim | S54: =IF(R54<>"Não","",IF(Q54+Config!$B$9<=Config!$B$8,Config!$B$8-Q54,"")) | T54: =IF(S54="","","Sim") | U54: =IF(T54="Sim",S54+ROW()/100000,0) -> 0 | V54: =IF(AND(H54="Falta",L54=Config!$B$7,M54=Config!$B$5,COUNTIFS($E$5:E54,E54,$H$5:H54,"Falta",$L$5:L54,Config!$B$7,$M$5:M54,Config!$B$5)=1),COUNTIFS($E$5:$E$3004,E54,$H$5:$H$3004,"Falta",$L$5:$L$3004,Config!$B$7,$M$5:$M$3004,Config!$B$5)*1000-ROW()/100000,0) -> 0
A55: 46181 | B55: 0.41666667 | C55: Dra. Carolina Mendes | D55: Sala 1 | E55: Eduardo Nunes | F55: MediPlan | G55: Consulta | H55: Realizado | I55: Convênio | L55: =IF(A55="","",MONTH(A55)) -> 6 | M55: =IF(A55="","",YEAR(A55)) -> 2026 | N55: =IF(A55="","",CHOOSE(WEEKDAY(A55,2),"Segunda","Terça","Quarta","Quinta","Sexta","Sábado","Domingo")) -> Segunda | O55: =IF(B55="","",IF(B55<TIME(12,0,0),"Manhã",IF(B55<TIME(18,0,0),"Tarde","Noite"))) -> Manhã | P55: =IF(G55="","",IFERROR(INDEX(Config!$I$5:$I$16,MATCH(G55,Config!$H$5:$H$16,0)),0)) -> 30 | Q55: =IF(OR(H55<>"Realizado",P55="",P55=0),"",A55+P55) -> 46211 | R55: =IF(Q55="","",IF(COUNTIFS($E$5:$E$3004,E55,$A$5:$A$3004,">"&A55,$H$5:$H$3004,"<>Falta",$H$5:$H$3004,"<>Cancelado",$H$5:$H$3004,"<>Remarcado")>0,"Sim","Não")) -> Sim | S55: =IF(R55<>"Não","",IF(Q55+Config!$B$9<=Config!$B$8,Config!$B$8-Q55,"")) | T55: =IF(S55="","","Sim") | U55: =IF(T55="Sim",S55+ROW()/100000,0) -> 0 | V55: =IF(AND(H55="Falta",L55=Config!$B$7,M55=Config!$B$5,COUNTIFS($E$5:E55,E55,$H$5:H55,"Falta",$L$5:L55,Config!$B$7,$M$5:M55,Config!$B$5)=1),COUNTIFS($E$5:$E$3004,E55,$H$5:$H$3004,"Falta",$L$5:$L$3004,Config!$B$7,$M$5:$M$3004,Config!$B$5)*1000-ROW()/100000,0) -> 0
A56: 46181 | B56: 0.4375 | C56: Dra. Carolina Mendes | D56: Sala 1 | E56: Priscila Castro | F56: Saúde Total | G56: Consulta | H56: Realizado | I56: Convênio | L56: =IF(A56="","",MONTH(A56)) -> 6 | M56: =IF(A56="","",YEAR(A56)) -> 2026 | N56: =IF(A56="","",CHOOSE(WEEKDAY(A56,2),"Segunda","Terça","Quarta","Quinta","Sexta","Sábado","Domingo")) -> Segunda | O56: =IF(B56="","",IF(B56<TIME(12,0,0),"Manhã",IF(B56<TIME(18,0,0),"Tarde","Noite"))) -> Manhã | P56: =IF(G56="","",IFERROR(INDEX(Config!$I$5:$I$16,MATCH(G56,Config!$H$5:$H$16,0)),0)) -> 30 | Q56: =IF(OR(H56<>"Realizado",P56="",P56=0),"",A56+P56) -> 46211 | R56: =IF(Q56="","",IF(COUNTIFS($E$5:$E$3004,E56,$A$5:$A$3004,">"&A56,$H$5:$H$3004,"<>Falta",$H$5:$H$3004,"<>Cancelado",$H$5:$H$3004,"<>Remarcado")>0,"Sim","Não")) -> Sim | S56: =IF(R56<>"Não","",IF(Q56+Config!$B$9<=Config!$B$8,Config!$B$8-Q56,"")) | T56: =IF(S56="","","Sim") | U56: =IF(T56="Sim",S56+ROW()/100000,0) -> 0 | V56: =IF(AND(H56="Falta",L56=Config!$B$7,M56=Config!$B$5,COUNTIFS($E$5:E56,E56,$H$5:H56,"Falta",$L$5:L56,Config!$B$7,$M$5:M56,Config!$B$5)=1),COUNTIFS($E$5:$E$3004,E56,$H$5:$H$3004,"Falta",$L$5:$L$3004,Config!$B$7,$M$5:$M$3004,Config!$B$5)*1000-ROW()/100000,0) -> 0
A57: 46181 | B57: 0.45833333 | C57: Dra. Carolina Mendes | D57: Sala 1 | E57: Tatiana Cunha | F57: Saúde Total | G57: Consulta | H57: Realizado | I57: Convênio | L57: =IF(A57="","",MONTH(A57)) -> 6 | M57: =IF(A57="","",YEAR(A57)) -> 2026 | N57: =IF(A57="","",CHOOSE(WEEKDAY(A57,2),"Segunda","Terça","Quarta","Quinta","Sexta","Sábado","Domingo")) -> Segunda | O57: =IF(B57="","",IF(B57<TIME(12,0,0),"Manhã",IF(B57<TIME(18,0,0),"Tarde","Noite"))) -> Manhã | P57: =IF(G57="","",IFERROR(INDEX(Config!$I$5:$I$16,MATCH(G57,Config!$H$5:$H$16,0)),0)) -> 30 | Q57: =IF(OR(H57<>"Realizado",P57="",P57=0),"",A57+P57) -> 46211 | R57: =IF(Q57="","",IF(COUNTIFS($E$5:$E$3004,E57,$A$5:$A$3004,">"&A57,$H$5:$H$3004,"<>Falta",$H$5:$H$3004,"<>Cancelado",$H$5:$H$3004,"<>Remarcado")>0,"Sim","Não")) -> Sim | S57: =IF(R57<>"Não","",IF(Q57+Config!$B$9<=Config!$B$8,Config!$B$8-Q57,"")) | T57: =IF(S57="","","Sim") | U57: =IF(T57="Sim",S57+ROW()/100000,0) -> 0 | V57: =IF(AND(H57="Falta",L57=Config!$B$7,M57=Config!$B$5,COUNTIFS($E$5:E57,E57,$H$5:H57,"Falta",$L$5:L57,Config!$B$7,$M$5:M57,Config!$B$5)=1),COUNTIFS($E$5:$E$3004,E57,$H$5:$H$3004,"Falta",$L$5:$L$3004,Config!$B$7,$M$5:$M$3004,Config!$B$5)*1000-ROW()/100000,0) -> 0
A58: 46181 | B58: 0.47916667 | C58: Dra. Carolina Mendes | D58: Sala 1 | E58: Mariana Nascimento | F58: Particular | G58: Consulta | H58: Realizado | I58: Pix | L58: =IF(A58="","",MONTH(A58)) -> 6 | M58: =IF(A58="","",YEAR(A58)) -> 2026 | N58: =IF(A58="","",CHOOSE(WEEKDAY(A58,2),"Segunda","Terça","Quarta","Quinta","Sexta","Sábado","Domingo")) -> Segunda | O58: =IF(B58="","",IF(B58<TIME(12,0,0),"Manhã",IF(B58<TIME(18,0,0),"Tarde","Noite"))) -> Manhã | P58: =IF(G58="","",IFERROR(INDEX(Config!$I$5:$I$16,MATCH(G58,Config!$H$5:$H$16,0)),0)) -> 30 | Q58: =IF(OR(H58<>"Realizado",P58="",P58=0),"",A58+P58) -> 46211 | R58: =IF(Q58="","",IF(COUNTIFS($E$5:$E$3004,E58,$A$5:$A$3004,">"&A58,$H$5:$H$3004,"<>Falta",$H$5:$H$3004,"<>Cancelado",$H$5:$H$3004,"<>Remarcado")>0,"Sim","Não")) -> Sim | S58: =IF(R58<>"Não","",IF(Q58+Config!$B$9<=Config!$B$8,Config!$B$8-Q58,"")) | T58: =IF(S58="","","Sim") | U58: =IF(T58="Sim",S58+ROW()/100000,0) -> 0 | V58: =IF(AND(H58="Falta",L58=Config!$B$7,M58=Config!$B$5,COUNTIFS($E$5:E58,E58,$H$5:H58,"Falta",$L$5:L58,Config!$B$7,$M$5:M58,Config!$B$5)=1),COUNTIFS($E$5:$E$3004,E58,$H$5:$H$3004,"Falta",$L$5:$L$3004,Config!$B$7,$M$5:$M$3004,Config!$B$5)*1000-ROW()/100000,0) -> 0
A59: 46181 | B59: 0.58333333 | C59: Dr. Paulo Andrade | D59: Sala 2 | E59: Priscila Nunes | F59: MediPlan | G59: Teste ergométrico | H59: Realizado | I59: Convênio | L59: =IF(A59="","",MONTH(A59)) -> 6 | M59: =IF(A59="","",YEAR(A59)) -> 2026 | N59: =IF(A59="","",CHOOSE(WEEKDAY(A59,2),"Segunda","Terça","Quarta","Quinta","Sexta","Sábado","Domingo")) -> Segunda | O59: =IF(B59="","",IF(B59<TIME(12,0,0),"Manhã",IF(B59<TIME(18,0,0),"Tarde","Noite"))) -> Tarde | P59: =IF(G59="","",IFERROR(INDEX(Config!$I$5:$I$16,MATCH(G59,Config!$H$5:$H$16,0)),0)) -> 0 | Q59: =IF(OR(H59<>"Realizado",P59="",P59=0),"",A59+P59) | R59: =IF(Q59="","",IF(COUNTIFS($E$5:$E$3004,E59,$A$5:$A$3004,">"&A59,$H$5:$H$3004,"<>Falta",$H$5:$H$3004,"<>Cancelado",$H$5:$H$3004,"<>Remarcado")>0,"Sim","Não")) | S59: =IF(R59<>"Não","",IF(Q59+Config!$B$9<=Config!$B$8,Config!$B$8-Q59,"")) | T59: =IF(S59="","","Sim") | U59: =IF(T59="Sim",S59+ROW()/100000,0) -> 0 | V59: =IF(AND(H59="Falta",L59=Config!$B$7,M59=Config!$B$5,COUNTIFS($E$5:E59,E59,$H$5:H59,"Falta",$L$5:L59,Config!$B$7,$M$5:M59,Config!$B$5)=1),COUNTIFS($E$5:$E$3004,E59,$H$5:$H$3004,"Falta",$L$5:$L$3004,Config!$B$7,$M$5:$M$3004,Config!$B$5)*1000-ROW()/100000,0) -> 0
A60: 46181 | B60: 0.61111111 | C60: Dr. Paulo Andrade | D60: Sala 2 | E60: Daniel Melo | F60: Saúde Total | G60: Holter | H60: Realizado | I60: Convênio | L60: =IF(A60="","",MONTH(A60)) -> 6 | M60: =IF(A60="","",YEAR(A60)) -> 2026 | N60: =IF(A60="","",CHOOSE(WEEKDAY(A60,2),"Segunda","Terça","Quarta","Quinta","Sexta","Sábado","Domingo")) -> Segunda | O60: =IF(B60="","",IF(B60<TIME(12,0,0),"Manhã",IF(B60<TIME(18,0,0),"Tarde","Noite"))) -> Tarde | P60: =IF(G60="","",IFERROR(INDEX(Config!$I$5:$I$16,MATCH(G60,Config!$H$5:$H$16,0)),0)) -> 0 | Q60: =IF(OR(H60<>"Realizado",P60="",P60=0),"",A60+P60) | R60: =IF(Q60="","",IF(COUNTIFS($E$5:$E$3004,E60,$A$5:$A$3004,">"&A60,$H$5:$H$3004,"<>Falta",$H$5:$H$3004,"<>Cancelado",$H$5:$H$3004,"<>Remarcado")>0,"Sim","Não")) | S60: =IF(R60<>"Não","",IF(Q60+Config!$B$9<=Config!$B$8,Config!$B$8-Q60,"")) | T60: =IF(S60="","","Sim") | U60: =IF(T60="Sim",S60+ROW()/100000,0) -> 0 | V60: =IF(AND(H60="Falta",L60=Config!$B$7,M60=Config!$B$5,COUNTIFS($E$5:E60,E60,$H$5:H60,"Falta",$L$5:L60,Config!$B$7,$M$5:M60,Config!$B$5)=1),COUNTIFS($E$5:$E$3004,E60,$H$5:$H$3004,"Falta",$L$5:$L$3004,Config!$B$7,$M$5:$M$3004,Config!$B$5)*1000-ROW()/100000,0) -> 0
... A71: 46182 | B71: 0.36805556 | C71: Dra. Carolina Mendes | D71: Sala 1 | E71: Juliana Ribeiro | F71: Saúde Total | G71: Consulta | H71: Realizado | I71: Convênio | L71: =IF(A71="","",MONTH(A71)) -> 6 | M71: =IF(A71="","",YEAR(A71)) -> 2026 | N71: =IF(A71="","",CHOOSE(WEEKDAY(A71,2),"Segunda","Terça","Quarta","Quinta","Sexta","Sábado","Domingo")) -> Terça | O71: =IF(B71="","",IF(B71<TIME(12,0,0),"Manhã",IF(B71<TIME(18,0,0),"Tarde","Noite"))) -> Manhã | P71: =IF(G71="","",IFERROR(INDEX(Config!$I$5:$I$16,MATCH(G71,Config!$H$5:$H$16,0)),0)) -> 30 | Q71: =IF(OR(H71<>"Realizado",P71="",P71=0),"",A71+P71) -> 46212 | R71: =IF(Q71="","",IF(COUNTIFS($E$5:$E$3004,E71,$A$5:$A$3004,">"&A71,$H$5:$H$3004,"<>Falta",$H$5:$H$3004,"<>Cancelado",$H$5:$H$3004,"<>Remarcado")>0,"Sim","Não")) -> Sim | S71: =IF(R71<>"Não","",IF(Q71+Config!$B$9<=Config!$B$8,Config!$B$8-Q71,"")) | T71: =IF(S71="","","Sim") | U71: =IF(T71="Sim",S71+ROW()/100000,0) -> 0 | V71: =IF(AND(H71="Falta",L71=Config!$B$7,M71=Config!$B$5,COUNTIFS($E$5:E71,E71,$H$5:H71,"Falta",$L$5:L71,Config!$B$7,$M$5:M71,Config!$B$5)=1),COUNTIFS($E$5:$E$3004,E71,$H$5:$H$3004,"Falta",$L$5:$L$3004,Config!$B$7,$M$5:$M$3004,Config!$B$5)*1000-ROW()/100000,0) -> 0
A72: 46182 | B72: 0.38888889 | C72: Dra. Carolina Mendes | D72: Sala 1 | E72: Lucas Xavier | F72: Saúde Total | G72: Retorno | H72: Falta | L72: =IF(A72="","",MONTH(A72)) -> 6 | M72: =IF(A72="","",YEAR(A72)) -> 2026 | N72: =IF(A72="","",CHOOSE(WEEKDAY(A72,2),"Segunda","Terça","Quarta","Quinta","Sexta","Sábado","Domingo")) -> Terça | O72: =IF(B72="","",IF(B72<TIME(12,0,0),"Manhã",IF(B72<TIME(18,0,0),"Tarde","Noite"))) -> Manhã | P72: =IF(G72="","",IFERROR(INDEX(Config!$I$5:$I$16,MATCH(G72,Config!$H$5:$H$16,0)),0)) -> 0 | Q72: =IF(OR(H72<>"Realizado",P72="",P72=0),"",A72+P72) | R72: =IF(Q72="","",IF(COUNTIFS($E$5:$E$3004,E72,$A$5:$A$3004,">"&A72,$H$5:$H$3004,"<>Falta",$H$5:$H$3004,"<>Cancelado",$H$5:$H$3004,"<>Remarcado")>0,"Sim","Não")) | S72: =IF(R72<>"Não","",IF(Q72+Config!$B$9<=Config!$B$8,Config!$B$8-Q72,"")) | T72: =IF(S72="","","Sim") | U72: =IF(T72="Sim",S72+ROW()/100000,0) -> 0 | V72: =IF(AND(H72="Falta",L72=Config!$B$7,M72=Config!$B$5,COUNTIFS($E$5:E72,E72,$H$5:H72,"Falta",$L$5:L72,Config!$B$7,$M$5:M72,Config!$B$5)=1),COUNTIFS($E$5:$E$3004,E72,$H$5:$H$3004,"Falta",$L$5:$L$3004,Config!$B$7,$M$5:$M$3004,Config!$B$5)*1000-ROW()/100000,0) -> 0
A73: 46182 | B73: 0.40277778 | C73: Dra. Carolina Mendes | D73: Sala 1 | E73: Regina Macedo | F73: Particular | G73: Consulta | H73: Realizado | I73: Cartão de crédito | L73: =IF(A73="","",MONTH(A73)) -> 6 | M73: =IF(A73="","",YEAR(A73)) -> 2026 | N73: =IF(A73="","",CHOOSE(WEEKDAY(A73,2),"Segunda","Terça","Quarta","Quinta","Sexta","Sábado","Domingo")) -> Terça | O73: =IF(B73="","",IF(B73<TIME(12,0,0),"Manhã",IF(B73<TIME(18,0,0),"Tarde","Noite"))) -> Manhã | P73: =IF(G73="","",IFERROR(INDEX(Config!$I$5:$I$16,MATCH(G73,Config!$H$5:$H$16,0)),0)) -> 30 | Q73: =IF(OR(H73<>"Realizado",P73="",P73=0),"",A73+P73) -> 46212 | R73: =IF(Q73="","",IF(COUNTIFS($E$5:$E$3004,E73,$A$5:$A$3004,">"&A73,$H$5:$H$3004,"<>Falta",$H$5:$H$3004,"<>Cancelado",$H$5:$H$3004,"<>Remarcado")>0,"Sim","Não")) -> Sim | S73: =IF(R73<>"Não","",IF(Q73+Config!$B$9<=Config!$B$8,Config!$B$8-Q73,"")) | T73: =IF(S73="","","Sim") | U73: =IF(T73="Sim",S73+ROW()/100000,0) -> 0 | V73: =IF(AND(H73="Falta",L73=Config!$B$7,M73=Config!$B$5,COUNTIFS($E$5:E73,E73,$H$5:H73,"Falta",$L$5:L73,Config!$B$7,$M$5:M73,Config!$B$5)=1),COUNTIFS($E$5:$E$3004,E73,$H$5:$H$3004,"Falta",$L$5:$L$3004,Config!$B$7,$M$5:$M$3004,Config!$B$5)*1000-ROW()/100000,0) -> 0
A74: 46182 | B74: 0.42361111 | C74: Dra. Carolina Mendes | D74: Sala 1 | E74: Cláudia Santos | F74: Particular | G74: Consulta | H74: Realizado | I74: Cartão de crédito | J74: 2 | L74: =IF(A74="","",MONTH(A74)) -> 6 | M74: =IF(A74="","",YEAR(A74)) -> 2026 | N74: =IF(A74="","",CHOOSE(WEEKDAY(A74,2),"Segunda","Terça","Quarta","Quinta","Sexta","Sábado","Domingo")) -> Terça | O74: =IF(B74="","",IF(B74<TIME(12,0,0),"Manhã",IF(B74<TIME(18,0,0),"Tarde","Noite"))) -> Manhã | P74: =IF(G74="","",IFERROR(INDEX(Config!$I$5:$I$16,MATCH(G74,Config!$H$5:$H$16,0)),0)) -> 30 | Q74: =IF(OR(H74<>"Realizado",P74="",P74=0),"",A74+P74) -> 46212 | R74: =IF(Q74="","",IF(COUNTIFS($E$5:$E$3004,E74,$A$5:$A$3004,">"&A74,$H$5:$H$3004,"<>Falta",$H$5:$H$3004,"<>Cancelado",$H$5:$H$3004,"<>Remarcado")>0,"Sim","Não")) -> Sim | S74: =IF(R74<>"Não","",IF(Q74+Config!$B$9<=Config!$B$8,Config!$B$8-Q74,"")) | T74: =IF(S74="","","Sim") | U74: =IF(T74="Sim",S74+ROW()/100000,0) -> 0 | V74: =IF(AND(H74="Falta",L74=Config!$B$7,M74=Config!$B$5,COUNTIFS($E$5:E74,E74,$H$5:H74,"Falta",$L$5:L74,Config!$B$7,$M$5:M74,Config!$B$5)=1),COUNTIFS($E$5:$E$3004,E74,$H$5:$H$3004,"Falta",$L$5:$L$3004,Config!$B$7,$M$5:$M$3004,Config!$B$5)*1000-ROW()/100000,0) -> 0
A75: 46182 | B75: 0.44444444 | C75: Dra. Carolina Mendes | D75: Sala 1 | E75: Simone Monteiro | F75: Vida Care | G75: Consulta | H75: Realizado | I75: Convênio | L75: =IF(A75="","",MONTH(A75)) -> 6 | M75: =IF(A75="","",YEAR(A75)) -> 2026 | N75: =IF(A75="","",CHOOSE(WEEKDAY(A75,2),"Segunda","Terça","Quarta","Quinta","Sexta","Sábado","Domingo")) -> Terça | O75: =IF(B75="","",IF(B75<TIME(12,0,0),"Manhã",IF(B75<TIME(18,0,0),"Tarde","Noite"))) -> Manhã | P75: =IF(G75="","",IFERROR(INDEX(Config!$I$5:$I$16,MATCH(G75,Config!$H$5:$H$16,0)),0)) -> 30 | Q75: =IF(OR(H75<>"Realizado",P75="",P75=0),"",A75+P75) -> 46212 | R75: =IF(Q75="","",IF(COUNTIFS($E$5:$E$3004,E75,$A$5:$A$3004,">"&A75,$H$5:$H$3004,"<>Falta",$H$5:$H$3004,"<>Cancelado",$H$5:$H$3004,"<>Remarcado")>0,"Sim","Não")) -> Sim | S75: =IF(R75<>"Não","",IF(Q75+Config!$B$9<=Config!$B$8,Config!$B$8-Q75,"")) | T75: =IF(S75="","","Sim") | U75: =IF(T75="Sim",S75+ROW()/100000,0) -> 0 | V75: =IF(AND(H75="Falta",L75=Config!$B$7,M75=Config!$B$5,COUNTIFS($E$5:E75,E75,$H$5:H75,"Falta",$L$5:L75,Config!$B$7,$M$5:M75,Config!$B$5)=1),COUNTIFS($E$5:$E$3004,E75,$H$5:$H$3004,"Falta",$L$5:$L$3004,Config!$B$7,$M$5:$M$3004,Config!$B$5)*1000-ROW()/100000,0) -> 0
A76: 46182 | B76: 0.46527778 | C76: Dra. Carolina Mendes | D76: Sala 1 | E76: Otávio Cardoso | F76: Particular | G76: Retorno | H76: Realizado | I76: Sem cobrança | L76: =IF(A76="","",MONTH(A76)) -> 6 | M76: =IF(A76="","",YEAR(A76)) -> 2026 | N76: =IF(A76="","",CHOOSE(WEEKDAY(A76,2),"Segunda","Terça","Quarta","Quinta","Sexta","Sábado","Domingo")) -> Terça | O76: =IF(B76="","",IF(B76<TIME(12,0,0),"Manhã",IF(B76<TIME(18,0,0),"Tarde","Noite"))) -> Manhã | P76: =IF(G76="","",IFERROR(INDEX(Config!$I$5:$I$16,MATCH(G76,Config!$H$5:$H$16,0)),0)) -> 0 | Q76: =IF(OR(H76<>"Realizado",P76="",P76=0),"",A76+P76) | R76: =IF(Q76="","",IF(COUNTIFS($E$5:$E$3004,E76,$A$5:$A$3004,">"&A76,$H$5:$H$3004,"<>Falta",$H$5:$H$3004,"<>Cancelado",$H$5:$H$3004,"<>Remarcado")>0,"Sim","Não")) | S76: =IF(R76<>"Não","",IF(Q76+Config!$B$9<=Config!$B$8,Config!$B$8-Q76,"")) | T76: =IF(S76="","","Sim") | U76: =IF(T76="Sim",S76+ROW()/100000,0) -> 0 | V76: =IF(AND(H76="Falta",L76=Config!$B$7,M76=Config!$B$5,COUNTIFS($E$5:E76,E76,$H$5:H76,"Falta",$L$5:L76,Config!$B$7,$M$5:M76,Config!$B$5)=1),COUNTIFS($E$5:$E$3004,E76,$H$5:$H$3004,"Falta",$L$5:$L$3004,Config!$B$7,$M$5:$M$3004,Config!$B$5)*1000-ROW()/100000,0) -> 0
A77: 46182 | B77: 0.47916667 | C77: Dra. Carolina Mendes | D77: Sala 1 | E77: Leandro Gomes | F77: Saúde Total | G77: Consulta | H77: Realizado | I77: Convênio | L77: =IF(A77="","",MONTH(A77)) -> 6 | M77: =IF(A77="","",YEAR(A77)) -> 2026 | N77: =IF(A77="","",CHOOSE(WEEKDAY(A77,2),"Segunda","Terça","Quarta","Quinta","Sexta","Sábado","Domingo")) -> Terça | O77: =IF(B77="","",IF(B77<TIME(12,0,0),"Manhã",IF(B77<TIME(18,0,0),"Tarde","Noite"))) -> Manhã | P77: =IF(G77="","",IFERROR(INDEX(Config!$I$5:$I$16,MATCH(G77,Config!$H$5:$H$16,0)),0)) -> 30 | Q77: =IF(OR(H77<>"Realizado",P77="",P77=0),"",A77+P77) -> 46212 | R77: =IF(Q77="","",IF(COUNTIFS($E$5:$E$3004,E77,$A$5:$A$3004,">"&A77,$H$5:$H$3004,"<>Falta",$H$5:$H$3004,"<>Cancelado",$H$5:$H$3004,"<>Remarcado")>0,"Sim","Não")) -> Sim | S77: =IF(R77<>"Não","",IF(Q77+Config!$B$9<=Config!$B$8,Config!$B$8-Q77,"")) | T77: =IF(S77="","","Sim") | U77: =IF(T77="Sim",S77+ROW()/100000,0) -> 0 | V77: =IF(AND(H77="Falta",L77=Config!$B$7,M77=Config!$B$5,COUNTIFS($E$5:E77,E77,$H$5:H77,"Falta",$L$5:L77,Config!$B$7,$M$5:M77,Config!$B$5)=1),COUNTIFS($E$5:$E$3004,E77,$H$5:$H$3004,"Falta",$L$5:$L$3004,Config!$B$7,$M$5:$M$3004,Config!$B$5)*1000-ROW()/100000,0) -> 0
A78: 46182 | B78: 0.58333333 | C78: Dr. Paulo Andrade | D78: Sala 2 | E78: Eduardo Reis | F78: Vida Care | G78: Teste ergométrico | H78: Realizado | I78: Convênio | L78: =IF(A78="","",MONTH(A78)) -> 6 | M78: =IF(A78="","",YEAR(A78)) -> 2026 | N78: =IF(A78="","",CHOOSE(WEEKDAY(A78,2),"Segunda","Terça","Quarta","Quinta","Sexta","Sábado","Domingo")) -> Terça | O78: =IF(B78="","",IF(B78<TIME(12,0,0),"Manhã",IF(B78<TIME(18,0,0),"Tarde","Noite"))) -> Tarde | P78: =IF(G78="","",IFERROR(INDEX(Config!$I$5:$I$16,MATCH(G78,Config!$H$5:$H$16,0)),0)) -> 0 | Q78: =IF(OR(H78<>"Realizado",P78="",P78=0),"",A78+P78) | R78: =IF(Q78="","",IF(COUNTIFS($E$5:$E$3004,E78,$A$5:$A$3004,">"&A78,$H$5:$H$3004,"<>Falta",$H$5:$H$3004,"<>Cancelado",$H$5:$H$3004,"<>Remarcado")>0,"Sim","Não")) | S78: =IF(R78<>"Não","",IF(Q78+Config!$B$9<=Config!$B$8,Config!$B$8-Q78,"")) | T78: =IF(S78="","","Sim") | U78: =IF(T78="Sim",S78+ROW()/100000,0) -> 0 | V78: =IF(AND(H78="Falta",L78=Config!$B$7,M78=Config!$B$5,COUNTIFS($E$5:E78,E78,$H$5:H78,"Falta",$L$5:L78,Config!$B$7,$M$5:M78,Config!$B$5)=1),COUNTIFS($E$5:$E$3004,E78,$H$5:$H$3004,"Falta",$L$5:$L$3004,Config!$B$7,$M$5:$M$3004,Config!$B$5)*1000-ROW()/100000,0) -> 0
A79: 46182 | B79: 0.60416667 | C79: Dra. Renata Sousa | D79: Sala 1 | E79: Camila Dias | F79: Particular | G79: Avaliação endócrina | H79: Realizado | I79: Pix | L79: =IF(A79="","",MONTH(A79)) -> 6 | M79: =IF(A79="","",YEAR(A79)) -> 2026 | N79: =IF(A79="","",CHOOSE(WEEKDAY(A79,2),"Segunda","Terça","Quarta","Quinta","Sexta","Sábado","Domingo")) -> Terça | O79: =IF(B79="","",IF(B79<TIME(12,0,0),"Manhã",IF(B79<TIME(18,0,0),"Tarde","Noite"))) -> Tarde | P79: =IF(G79="","",IFERROR(INDEX(Config!$I$5:$I$16,MATCH(G79,Config!$H$5:$H$16,0)),0)) -> 45 | Q79: =IF(OR(H79<>"Realizado",P79="",P79=0),"",A79+P79) -> 46227 | R79: =IF(Q79="","",IF(COUNTIFS($E$5:$E$3004,E79,$A$5:$A$3004,">"&A79,$H$5:$H$3004,"<>Falta",$H$5:$H$3004,"<>Cancelado",$H$5:$H$3004,"<>Remarcado")>0,"Sim","Não")) -> Sim | S79: =IF(R79<>"Não","",IF(Q79+Config!$B$9<=Config!$B$8,Config!$B$8-Q79,"")) | T79: =IF(S79="","","Sim") | U79: =IF(T79="Sim",S79+ROW()/100000,0) -> 0 | V79: =IF(AND(H79="Falta",L79=Config!$B$7,M79=Config!$B$5,COUNTIFS($E$5:E79,E79,$H$5:H79,"Falta",$L$5:L79,Config!$B$7,$M$5:M79,Config!$B$5)=1),COUNTIFS($E$5:$E$3004,E79,$H$5:$H$3004,"Falta",$L$5:$L$3004,Config!$B$7,$M$5:$M$3004,Config!$B$5)*1000-ROW()/100000,0) -> 0
A80: 46182 | B80: 0.61111111 | C80: Dr. Paulo Andrade | D80: Sala 2 | E80: Vanessa Carvalho | F80: Saúde Total | G80: Consulta | H80: Realizado | I80: Convênio | L80: =IF(A80="","",MONTH(A80)) -> 6 | M80: =IF(A80="","",YEAR(A80)) -> 2026 | N80: =IF(A80="","",CHOOSE(WEEKDAY(A80,2),"Segunda","Terça","Quarta","Quinta","Sexta","Sábado","Domingo")) -> Terça | O80: =IF(B80="","",IF(B80<TIME(12,0,0),"Manhã",IF(B80<TIME(18,0,0),"Tarde","Noite"))) -> Tarde | P80: =IF(G80="","",IFERROR(INDEX(Config!$I$5:$I$16,MATCH(G80,Config!$H$5:$H$16,0)),0)) -> 30 | Q80: =IF(OR(H80<>"Realizado",P80="",P80=0),"",A80+P80) -> 46212 | R80: =IF(Q80="","",IF(COUNTIFS($E$5:$E$3004,E80,$A$5:$A$3004,">"&A80,$H$5:$H$3004,"<>Falta",$H$5:$H$3004,"<>Cancelado",$H$5:$H$3004,"<>Remarcado")>0,"Sim","Não")) -> Sim | S80: =IF(R80<>"Não","",IF(Q80+Config!$B$9<=Config!$B$8,Config!$B$8-Q80,"")) | T80: =IF(S80="","","Sim") | U80: =IF(T80="Sim",S80+ROW()/100000,0) -> 0 | V80: =IF(AND(H80="Falta",L80=Config!$B$7,M80=Config!$B$5,COUNTIFS($E$5:E80,E80,$H$5:H80,"Falta",$L$5:L80,Config!$B$7,$M$5:M80,Config!$B$5)=1),COUNTIFS($E$5:$E$3004,E80,$H$5:$H$3004,"Falta",$L$5:$L$3004,Config!$B$7,$M$5:$M$3004,Config!$B$5)*1000-ROW()/100000,0) -> 0
A81: 46182 | B81: 0.63194444 | C81: Dra. Renata Sousa | D81: Sala 1 | E81: Mariana Gomes | F81: Particular | G81: Avaliação endócrina | H81: Realizado | I81: Cartão de crédito | J81: 2 | L81: =IF(A81="","",MONTH(A81)) -> 6 | M81: =IF(A81="","",YEAR(A81)) -> 2026 | N81: =IF(A81="","",CHOOSE(WEEKDAY(A81,2),"Segunda","Terça","Quarta","Quinta","Sexta","Sábado","Domingo")) -> Terça | O81: =IF(B81="","",IF(B81<TIME(12,0,0),"Manhã",IF(B81<TIME(18,0,0),"Tarde","Noite"))) -> Tarde | P81: =IF(G81="","",IFERROR(INDEX(Config!$I$5:$I$16,MATCH(G81,Config!$H$5:$H$16,0)),0)) -> 45 | Q81: =IF(OR(H81<>"Realizado",P81="",P81=0),"",A81+P81) -> 46227 | R81: =IF(Q81="","",IF(COUNTIFS($E$5:$E$3004,E81,$A$5:$A$3004,">"&A81,$H$5:$H$3004,"<>Falta",$H$5:$H$3004,"<>Cancelado",$H$5:$H$3004,"<>Remarcado")>0,"Sim","Não")) -> Sim | S81: =IF(R81<>"Não","",IF(Q81+Config!$B$9<=Config!$B$8,Config!$B$8-Q81,"")) | T81: =IF(S81="","","Sim") | U81: =IF(T81="Sim",S81+ROW()/100000,0) -> 0 | V81: =IF(AND(H81="Falta",L81=Config!$B$7,M81=Config!$B$5,COUNTIFS($E$5:E81,E81,$H$5:H81,"Falta",$L$5:L81,Config!$B$7,$M$5:M81,Config!$B$5)=1),COUNTIFS($E$5:$E$3004,E81,$H$5:$H$3004,"Falta",$L$5:$L$3004,Config!$B$7,$M$5:$M$3004,Config!$B$5)*1000-ROW()/100000,0) -> 0
A82: 46182 | B82: 0.63194444 | C82: Dr. Paulo Andrade | D82: Sala 2 | E82: Bruno Carvalho | F82: Saúde Total | G82: Consulta | H82: Realizado | I82: Convênio | L82: =IF(A82="","",MONTH(A82)) -> 6 | M82: =IF(A82="","",YEAR(A82)) -> 2026 | N82: =IF(A82="","",CHOOSE(WEEKDAY(A82,2),"Segunda","Terça","Quarta","Quinta","Sexta","Sábado","Domingo")) -> Terça | O82: =IF(B82="","",IF(B82<TIME(12,0,0),"Manhã",IF(B82<TIME(18,0,0),"Tarde","Noite"))) -> Tarde | P82: =IF(G82="","",IFERROR(INDEX(Config!$I$5:$I$16,MATCH(G82,Config!$H$5:$H$16,0)),0)) -> 30 | Q82: =IF(OR(H82<>"Realizado",P82="",P82=0),"",A82+P82) -> 46212 | R82: =IF(Q82="","",IF(COUNTIFS($E$5:$E$3004,E82,$A$5:$A$3004,">"&A82,$H$5:$H$3004,"<>Falta",$H$5:$H$3004,"<>Cancelado",$H$5:$H$3004,"<>Remarcado")>0,"Sim","Não")) -> Sim | S82: =IF(R82<>"Não","",IF(Q82+Config!$B$9<=Config!$B$8,Config!$B$8-Q82,"")) | T82: =IF(S82="","","Sim") | U82: =IF(T82="Sim",S82+ROW()/100000,0) -> 0 | V82: =IF(AND(H82="Falta",L82=Config!$B$7,M82=Config!$B$5,COUNTIFS($E$5:E82,E82,$H$5:H82,"Falta",$L$5:L82,Config!$B$7,$M$5:M82,Config!$B$5)=1),COUNTIFS($E$5:$E$3004,E82,$H$5:$H$3004,"Falta",$L$5:$L$3004,Config!$B$7,$M$5:$M$3004,Config!$B$5)*1000-ROW()/100000,0) -> 0
A83: 46182 | B83: 0.65972222 | C83: Dra. Renata Sousa | D83: Sala 1 | E83: Márcia Duarte | F83: Particular | G83: Retorno | H83: Falta | L83: =IF(A83="","",MONTH(A83)) -> 6 | M83: =IF(A83="","",YEAR(A83)) -> 2026 | N83: =IF(A83="","",CHOOSE(WEEKDAY(A83,2),"Segunda","Terça","Quarta","Quinta","Sexta","Sábado","Domingo")) -> Terça | O83: =IF(B83="","",IF(B83<TIME(12,0,0),"Manhã",IF(B83<TIME(18,0,0),"Tarde","Noite"))) -> Tarde | P83: =IF(G83="","",IFERROR(INDEX(Config!$I$5:$I$16,MATCH(G83,Config!$H$5:$H$16,0)),0)) -> 0 | Q83: =IF(OR(H83<>"Realizado",P83="",P83=0),"",A83+P83) | R83: =IF(Q83="","",IF(COUNTIFS($E$5:$E$3004,E83,$A$5:$A$3004,">"&A83,$H$5:$H$3004,"<>Falta",$H$5:$H$3004,"<>Cancelado",$H$5:$H$3004,"<>Remarcado")>0,"Sim","Não")) | S83: =IF(R83<>"Não","",IF(Q83+Config!$B$9<=Config!$B$8,Config!$B$8-Q83,"")) | T83: =IF(S83="","","Sim") | U83: =IF(T83="Sim",S83+ROW()/100000,0) -> 0 | V83: =IF(AND(H83="Falta",L83=Config!$B$7,M83=Config!$B$5,COUNTIFS($E$5:E83,E83,$H$5:H83,"Falta",$L$5:L83,Config!$B$7,$M$5:M83,Config!$B$5)=1),COUNTIFS($E$5:$E$3004,E83,$H$5:$H$3004,"Falta",$L$5:$L$3004,Config!$B$7,$M$5:$M$3004,Config!$B$5)*1000-ROW()/100000,0) -> 0
A84: 46182 | B84: 0.67361111 | C84: Dra. Renata Sousa | D84: Sala 1 | E84: Cláudia Melo | F84: Particular | G84: Avaliação endócrina | H84: Realizado | I84: Cartão de crédito | L84: =IF(A84="","",MONTH(A84)) -> 6 | M84: =IF(A84="","",YEAR(A84)) -> 2026 | N84: =IF(A84="","",CHOOSE(WEEKDAY(A84,2),"Segunda","Terça","Quarta","Quinta","Sexta","Sábado","Domingo")) -> Terça | O84: =IF(B84="","",IF(B84<TIME(12,0,0),"Manhã",IF(B84<TIME(18,0,0),"Tarde","Noite"))) -> Tarde | P84: =IF(G84="","",IFERROR(INDEX(Config!$I$5:$I$16,MATCH(G84,Config!$H$5:$H$16,0)),0)) -> 45 | Q84: =IF(OR(H84<>"Realizado",P84="",P84=0),"",A84+P84) -> 46227 | R84: =IF(Q84="","",IF(COUNTIFS($E$5:$E$3004,E84,$A$5:$A$3004,">"&A84,$H$5:$H$3004,"<>Falta",$H$5:$H$3004,"<>Cancelado",$H$5:$H$3004,"<>Remarcado")>0,"Sim","Não")) -> Sim | S84: =IF(R84<>"Não","",IF(Q84+Config!$B$9<=Config!$B$8,Config!$B$8-Q84,"")) | T84: =IF(S84="","","Sim") | U84: =IF(T84="Sim",S84+ROW()/100000,0) -> 0 | V84: =IF(AND(H84="Falta",L84=Config!$B$7,M84=Config!$B$5,COUNTIFS($E$5:E84,E84,$H$5:H84,"Falta",$L$5:L84,Config!$B$7,$M$5:M84,Config!$B$5)=1),COUNTIFS($E$5:$E$3004,E84,$H$5:$H$3004,"Falta",$L$5:$L$3004,Config!$B$7,$M$5:$M$3004,Config!$B$5)*1000-ROW()/100000,0) -> 0
A85: 46182 | B85: 0.67361111 | C85: Dr. Paulo Andrade | D85: Sala 2 | E85: Fernanda Nunes | F85: MediPlan | G85: Retorno | H85: Realizado | I85: Sem cobrança | L85: =IF(A85="","",MONTH(A85)) -> 6 | M85: =IF(A85="","",YEAR(A85)) -> 2026 | N85: =IF(A85="","",CHOOSE(WEEKDAY(A85,2),"Segunda","Terça","Quarta","Quinta","Sexta","Sábado","Domingo")) -> Terça | O85: =IF(B85="","",IF(B85<TIME(12,0,0),"Manhã",IF(B85<TIME(18,0,0),"Tarde","Noite"))) -> Tarde | P85: =IF(G85="","",IFERROR(INDEX(Config!$I$5:$I$16,MATCH(G85,Config!$H$5:$H$16,0)),0)) -> 0 | Q85: =IF(OR(H85<>"Realizado",P85="",P85=0),"",A85+P85) | R85: =IF(Q85="","",IF(COUNTIFS($E$5:$E$3004,E85,$A$5:$A$3004,">"&A85,$H$5:$H$3004,"<>Falta",$H$5:$H$3004,"<>Cancelado",$H$5:$H$3004,"<>Remarcado")>0,"Sim","Não")) | S85: =IF(R85<>"Não","",IF(Q85+Config!$B$9<=Config!$B$8,Config!$B$8-Q85,"")) | T85: =IF(S85="","","Sim") | U85: =IF(T85="Sim",S85+ROW()/100000,0) -> 0 | V85: =IF(AND(H85="Falta",L85=Config!$B$7,M85=Config!$B$5,COUNTIFS($E$5:E85,E85,$H$5:H85,"Falta",$L$5:L85,Config!$B$7,$M$5:M85,Config!$B$5)=1),COUNTIFS($E$5:$E$3004,E85,$H$5:$H$3004,"Falta",$L$5:$L$3004,Config!$B$7,$M$5:$M$3004,Config!$B$5)*1000-ROW()/100000,0) -> 0
A86: 46182 | B86: 0.6875 | C86: Dr. Paulo Andrade | D86: Sala 2 | E86: Natália Martins | F86: Particular | G86: Consulta | H86: Realizado | I86: Pix | L86: =IF(A86="","",MONTH(A86)) -> 6 | M86: =IF(A86="","",YEAR(A86)) -> 2026 | N86: =IF(A86="","",CHOOSE(WEEKDAY(A86,2),"Segunda","Terça","Quarta","Quinta","Sexta","Sábado","Domingo")) -> Terça | O86: =IF(B86="","",IF(B86<TIME(12,0,0),"Manhã",IF(B86<TIME(18,0,0),"Tarde","Noite"))) -> Tarde | P86: =IF(G86="","",IFERROR(INDEX(Config!$I$5:$I$16,MATCH(G86,Config!$H$5:$H$16,0)),0)) -> 30 | Q86: =IF(OR(H86<>"Realizado",P86="",P86=0),"",A86+P86) -> 46212 | R86: =IF(Q86="","",IF(COUNTIFS($E$5:$E$3004,E86,$A$5:$A$3004,">"&A86,$H$5:$H$3004,"<>Falta",$H$5:$H$3004,"<>Cancelado",$H$5:$H$3004,"<>Remarcado")>0,"Sim","Não")) -> Sim | S86: =IF(R86<>"Não","",IF(Q86+Config!$B$9<=Config!$B$8,Config!$B$8-Q86,"")) | T86: =IF(S86="","","Sim") | U86: =IF(T86="Sim",S86+ROW()/100000,0) -> 0 | V86: =IF(AND(H86="Falta",L86=Config!$B$7,M86=Config!$B$5,COUNTIFS($E$5:E86,E86,$H$5:H86,"Falta",$L$5:L86,Config!$B$7,$M$5:M86,Config!$B$5)=1),COUNTIFS($E$5:$E$3004,E86,$H$5:$H$3004,"Falta",$L$5:$L$3004,Config!$B$7,$M$5:$M$3004,Config!$B$5)*1000-ROW()/100000,0) -> 0
A87: 46182 | B87: 0.70138889 | C87: Dra. Renata Sousa | D87: Sala 1 | E87: Paulo Freitas | F87: Saúde Total | G87: Retorno | H87: Realizado | I87: Sem cobrança | L87: =IF(A87="","",MONTH(A87)) -> 6 | M87: =IF(A87="","",YEAR(A87)) -> 2026 | N87: =IF(A87="","",CHOOSE(WEEKDAY(A87,2),"Segunda","Terça","Quarta","Quinta","Sexta","Sábado","Domingo")) -> Terça | O87: =IF(B87="","",IF(B87<TIME(12,0,0),"Manhã",IF(B87<TIME(18,0,0),"Tarde","Noite"))) -> Tarde | P87: =IF(G87="","",IFERROR(INDEX(Config!$I$5:$I$16,MATCH(G87,Config!$H$5:$H$16,0)),0)) -> 0 | Q87: =IF(OR(H87<>"Realizado",P87="",P87=0),"",A87+P87) | R87: =IF(Q87="","",IF(COUNTIFS($E$5:$E$3004,E87,$A$5:$A$3004,">"&A87,$H$5:$H$3004,"<>Falta",$H$5:$H$3004,"<>Cancelado",$H$5:$H$3004,"<>Remarcado")>0,"Sim","Não")) | S87: =IF(R87<>"Não","",IF(Q87+Config!$B$9<=Config!$B$8,Config!$B$8-Q87,"")) | T87: =IF(S87="","","Sim") | U87: =IF(T87="Sim",S87+ROW()/100000,0) -> 0 | V87: =IF(AND(H87="Falta",L87=Config!$B$7,M87=Config!$B$5,COUNTIFS($E$5:E87,E87,$H$5:H87,"Falta",$L$5:L87,Config!$B$7,$M$5:M87,Config!$B$5)=1),COUNTIFS($E$5:$E$3004,E87,$H$5:$H$3004,"Falta",$L$5:$L$3004,Config!$B$7,$M$5:$M$3004,Config!$B$5)*1000-ROW()/100000,0) -> 0
A88: 46182 | B88: 0.70833333 | C88: Dr. Paulo Andrade | D88: Sala 2 | E88: Paulo Ribeiro | F88: Saúde Total | G88: Consulta | H88: Realizado | I88: Convênio | L88: =IF(A88="","",MONTH(A88)) -> 6 | M88: =IF(A88="","",YEAR(A88)) -> 2026 | N88: =IF(A88="","",CHOOSE(WEEKDAY(A88,2),"Segunda","Terça","Quarta","Quinta","Sexta","Sábado","Domingo")) -> Terça | O88: =IF(B88="","",IF(B88<TIME(12,0,0),"Manhã",IF(B88<TIME(18,0,0),"Tarde","Noite"))) -> Tarde | P88: =IF(G88="","",IFERROR(INDEX(Config!$I$5:$I$16,MATCH(G88,Config!$H$5:$H$16,0)),0)) -> 30 | Q88: =IF(OR(H88<>"Realizado",P88="",P88=0),"",A88+P88) -> 46212 | R88: =IF(Q88="","",IF(COUNTIFS($E$5:$E$3004,E88,$A$5:$A$3004,">"&A88,$H$5:$H$3004,"<>Falta",$H$5:$H$3004,"<>Cancelado",$H$5:$H$3004,"<>Remarcado")>0,"Sim","Não")) -> Sim | S88: =IF(R88<>"Não","",IF(Q88+Config!$B$9<=Config!$B$8,Config!$B$8-Q88,"")) | T88: =IF(S88="","","Sim") | U88: =IF(T88="Sim",S88+ROW()/100000,0) -> 0 | V88: =IF(AND(H88="Falta",L88=Config!$B$7,M88=Config!$B$5,COUNTIFS($E$5:E88,E88,$H$5:H88,"Falta",$L$5:L88,Config!$B$7,$M$5:M88,Config!$B$5)=1),COUNTIFS($E$5:$E$3004,E88,$H$5:$H$3004,"Falta",$L$5:$L$3004,Config!$B$7,$M$5:$M$3004,Config!$B$5)*1000-ROW()/100000,0) -> 0
A89: 46182 | B89: 0.71527778 | C89: Dra. Renata Sousa | D89: Sala 1 | E89: Carlos Gomes | F89: Saúde Total | G89: Retorno | H89: Realizado | I89: Sem cobrança | L89: =IF(A89="","",MONTH(A89)) -> 6 | M89: =IF(A89="","",YEAR(A89)) -> 2026 | N89: =IF(A89="","",CHOOSE(WEEKDAY(A89,2),"Segunda","Terça","Quarta","Quinta","Sexta","Sábado","Domingo")) -> Terça | O89: =IF(B89="","",IF(B89<TIME(12,0,0),"Manhã",IF(B89<TIME(18,0,0),"Tarde","Noite"))) -> Tarde | P89: =IF(G89="","",IFERROR(INDEX(Config!$I$5:$I$16,MATCH(G89,Config!$H$5:$H$16,0)),0)) -> 0 | Q89: =IF(OR(H89<>"Realizado",P89="",P89=0),"",A89+P89) | R89: =IF(Q89="","",IF(COUNTIFS($E$5:$E$3004,E89,$A$5:$A$3004,">"&A89,$H$5:$H$3004,"<>Falta",$H$5:$H$3004,"<>Cancelado",$H$5:$H$3004,"<>Remarcado")>0,"Sim","Não")) | S89: =IF(R89<>"Não","",IF(Q89+Config!$B$9<=Config!$B$8,Config!$B$8-Q89,"")) | T89: =IF(S89="","","Sim") | U89: =IF(T89="Sim",S89+ROW()/100000,0) -> 0 | V89: =IF(AND(H89="Falta",L89=Config!$B$7,M89=Config!$B$5,COUNTIFS($E$5:E89,E89,$H$5:H89,"Falta",$L$5:L89,Config!$B$7,$M$5:M89,Config!$B$5)=1),COUNTIFS($E$5:$E$3004,E89,$H$5:$H$3004,"Falta",$L$5:$L$3004,Config!$B$7,$M$5:$M$3004,Config!$B$5)*1000-ROW()/100000,0) -> 0
A90: 46182 | B90: 0.72916667 | C90: Dra. Renata Sousa | D90: Sala 1 | E90: Paulo Fernandes | F90: Particular | G90: Retorno | H90: Realizado | I90: Sem cobrança | L90: =IF(A90="","",MONTH(A90)) -> 6 | M90: =IF(A90="","",YEAR(A90)) -> 2026 | N90: =IF(A90="","",CHOOSE(WEEKDAY(A90,2),"Segunda","Terça","Quarta","Quinta","Sexta","Sábado","Domingo")) -> Terça | O90: =IF(B90="","",IF(B90<TIME(12,0,0),"Manhã",IF(B90<TIME(18,0,0),"Tarde","Noite"))) -> Tarde | P90: =IF(G90="","",IFERROR(INDEX(Config!$I$5:$I$16,MATCH(G90,Config!$H$5:$H$16,0)),0)) -> 0 | Q90: =IF(OR(H90<>"Realizado",P90="",P90=0),"",A90+P90) | R90: =IF(Q90="","",IF(COUNTIFS($E$5:$E$3004,E90,$A$5:$A$3004,">"&A90,$H$5:$H$3004,"<>Falta",$H$5:$H$3004,"<>Cancelado",$H$5:$H$3004,"<>Remarcado")>0,"Sim","Não")) | S90: =IF(R90<>"Não","",IF(Q90+Config!$B$9<=Config!$B$8,Config!$B$8-Q90,"")) | T90: =IF(S90="","","Sim") | U90: =IF(T90="Sim",S90+ROW()/100000,0) -> 0 | V90: =IF(AND(H90="Falta",L90=Config!$B$7,M90=Config!$B$5,COUNTIFS($E$5:E90,E90,$H$5:H90,"Falta",$L$5:L90,Config!$B$7,$M$5:M90,Config!$B$5)=1),COUNTIFS($E$5:$E$3004,E90,$H$5:$H$3004,"Falta",$L$5:$L$3004,Config!$B$7,$M$5:$M$3004,Config!$B$5)*1000-ROW()/100000,0) -> 0
A91: 46182 | B91: 0.72916667 | C91: Dr. Paulo Andrade | D91: Sala 2 | E91: Marcelo Santos | F91: Particular | G91: ECG | H91: Realizado | I91: Pix | L91: =IF(A91="","",MONTH(A91)) -> 6 | M91: =IF(A91="","",YEAR(A91)) -> 2026 | N91: =IF(A91="","",CHOOSE(WEEKDAY(A91,2),"Segunda","Terça","Quarta","Quinta","Sexta","Sábado","Domingo")) -> Terça | O91: =IF(B91="","",IF(B91<TIME(12,0,0),"Manhã",IF(B91<TIME(18,0,0),"Tarde","Noite"))) -> Tarde | P91: =IF(G91="","",IFERROR(INDEX(Config!$I$5:$I$16,MATCH(G91,Config!$H$5:$H$16,0)),0)) -> 0 | Q91: =IF(OR(H91<>"Realizado",P91="",P91=0),"",A91+P91) | R91: =IF(Q91="","",IF(COUNTIFS($E$5:$E$3004,E91,$A$5:$A$3004,">"&A91,$H$5:$H$3004,"<>Falta",$H$5:$H$3004,"<>Cancelado",$H$5:$H$3004,"<>Remarcado")>0,"Sim","Não")) | S91: =IF(R91<>"Não","",IF(Q91+Config!$B$9<=Config!$B$8,Config!$B$8-Q91,"")) | T91: =IF(S91="","","Sim") | U91: =IF(T91="Sim",S91+ROW()/100000,0) -> 0 | V91: =IF(AND(H91="Falta",L91=Config!$B$7,M91=Config!$B$5,COUNTIFS($E$5:E91,E91,$H$5:H91,"Falta",$L$5:L91,Config!$B$7,$M$5:M91,Config!$B$5)=1),COUNTIFS($E$5:$E$3004,E91,$H$5:$H$3004,"Falta",$L$5:$L$3004,Config!$B$7,$M$5:$M$3004,Config!$B$5)*1000-ROW()/100000,0) -> 0
A92: 46183 | B92: 0.58333333 | C92: Dra. Carolina Mendes | D92: Sala 1 | E92: Leandro Gomes | F92: Saúde Total | G92: Retorno | H92: Realizado | I92: Sem cobrança | L92: =IF(A92="","",MONTH(A92)) -> 6 | M92: =IF(A92="","",YEAR(A92)) -> 2026 | N92: =IF(A92="","",CHOOSE(WEEKDAY(A92,2),"Segunda","Terça","Quarta","Quinta","Sexta","Sábado","Domingo")) -> Quarta | O92: =IF(B92="","",IF(B92<TIME(12,0,0),"Manhã",IF(B92<TIME(18,0,0),"Tarde","Noite"))) -> Tarde | P92: =IF(G92="","",IFERROR(INDEX(Config!$I$5:$I$16,MATCH(G92,Config!$H$5:$H$16,0)),0)) -> 0 | Q92: =IF(OR(H92<>"Realizado",P92="",P92=0),"",A92+P92) | R92: =IF(Q92="","",IF(COUNTIFS($E$5:$E$3004,E92,$A$5:$A$3004,">"&A92,$H$5:$H$3004,"<>Falta",$H$5:$H$3004,"<>Cancelado",$H$5:$H$3004,"<>Remarcado")>0,"Sim","Não")) | S92: =IF(R92<>"Não","",IF(Q92+Config!$B$9<=Config!$B$8,Config!$B$8-Q92,"")) | T92: =IF(S92="","","Sim") | U92: =IF(T92="Sim",S92+ROW()/100000,0) -> 0 | V92: =IF(AND(H92="Falta",L92=Config!$B$7,M92=Config!$B$5,COUNTIFS($E$5:E92,E92,$H$5:H92,"Falta",$L$5:L92,Config!$B$7,$M$5:M92,Config!$B$5)=1),COUNTIFS($E$5:$E$3004,E92,$H$5:$H$3004,"Falta",$L$5:$L$3004,Config!$B$7,$M$5:$M$3004,Config!$B$5)*1000-ROW()/100000,0) -> 0
A93: 46183 | B93: 0.59722222 | C93: Dra. Carolina Mendes | D93: Sala 1 | E93: Débora Machado | F93: Saúde Total | G93: Consulta | H93: Realizado | I93: Convênio | L93: =IF(A93="","",MONTH(A93)) -> 6 | M93: =IF(A93="","",YEAR(A93)) -> 2026 | N93: =IF(A93="","",CHOOSE(WEEKDAY(A93,2),"Segunda","Terça","Quarta","Quinta","Sexta","Sábado","Domingo")) -> Quarta | O93: =IF(B93="","",IF(B93<TIME(12,0,0),"Manhã",IF(B93<TIME(18,0,0),"Tarde","Noite"))) -> Tarde | P93: =IF(G93="","",IFERROR(INDEX(Config!$I$5:$I$16,MATCH(G93,Config!$H$5:$H$16,0)),0)) -> 30 | Q93: =IF(OR(H93<>"Realizado",P93="",P93=0),"",A93+P93) -> 46213 | R93: =IF(Q93="","",IF(COUNTIFS($E$5:$E$3004,E93,$A$5:$A$3004,">"&A93,$H$5:$H$3004,"<>Falta",$H$5:$H$3004,"<>Cancelado",$H$5:$H$3004,"<>Remarcado")>0,"Sim","Não")) -> Sim | S93: =IF(R93<>"Não","",IF(Q93+Config!$B$9<=Config!$B$8,Config!$B$8-Q93,"")) | T93: =IF(S93="","","Sim") | U93: =IF(T93="Sim",S93+ROW()/100000,0) -> 0 | V93: =IF(AND(H93="Falta",L93=Config!$B$7,M93=Config!$B$5,COUNTIFS($E$5:E93,E93,$H$5:H93,"Falta",$L$5:L93,Config!$B$7,$M$5:M93,Config!$B$5)=1),COUNTIFS($E$5:$E$3004,E93,$H$5:$H$3004,"Falta",$L$5:$L$3004,Config!$B$7,$M$5:$M$3004,Config!$B$5)*1000-ROW()/100000,0) -> 0
A94: 46183 | B94: 0.61805556 | C94: Dra. Carolina Mendes | D94: Sala 1 | E94: Elaine Cardoso | F94: Particular | G94: Consulta | H94: Falta | L94: =IF(A94="","",MONTH(A94)) -> 6 | M94: =IF(A94="","",YEAR(A94)) -> 2026 | N94: =IF(A94="","",CHOOSE(WEEKDAY(A94,2),"Segunda","Terça","Quarta","Quinta","Sexta","Sábado","Domingo")) -> Quarta | O94: =IF(B94="","",IF(B94<TIME(12,0,0),"Manhã",IF(B94<TIME(18,0,0),"Tarde","Noite"))) -> Tarde | P94: =IF(G94="","",IFERROR(INDEX(Config!$I$5:$I$16,MATCH(G94,Config!$H$5:$H$16,0)),0)) -> 30 | Q94: =IF(OR(H94<>"Realizado",P94="",P94=0),"",A94+P94) | R94: =IF(Q94="","",IF(COUNTIFS($E$5:$E$3004,E94,$A$5:$A$3004,">"&A94,$H$5:$H$3004,"<>Falta",$H$5:$H$3004,"<>Cancelado",$H$5:$H$3004,"<>Remarcado")>0,"Sim","Não")) | S94: =IF(R94<>"Não","",IF(Q94+Config!$B$9<=Config!$B$8,Config!$B$8-Q94,"")) | T94: =IF(S94="","","Sim") | U94: =IF(T94="Sim",S94+ROW()/100000,0) -> 0 | V94: =IF(AND(H94="Falta",L94=Config!$B$7,M94=Config!$B$5,COUNTIFS($E$5:E94,E94,$H$5:H94,"Falta",$L$5:L94,Config!$B$7,$M$5:M94,Config!$B$5)=1),COUNTIFS($E$5:$E$3004,E94,$H$5:$H$3004,"Falta",$L$5:$L$3004,Config!$B$7,$M$5:$M$3004,Config!$B$5)*1000-ROW()/100000,0) -> 0
A95: 46183 | B95: 0.65972222 | C95: Dra. Carolina Mendes | D95: Sala 1 | E95: Patrícia Fernandes | F95: Particular | G95: Retorno | H95: Realizado | I95: Sem cobrança | L95: =IF(A95="","",MONTH(A95)) -> 6 | M95: =IF(A95="","",YEAR(A95)) -> 2026 | N95: =IF(A95="","",CHOOSE(WEEKDAY(A95,2),"Segunda","Terça","Quarta","Quinta","Sexta","Sábado","Domingo")) -> Quarta | O95: =IF(B95="","",IF(B95<TIME(12,0,0),"Manhã",IF(B95<TIME(18,0,0),"Tarde","Noite"))) -> Tarde | P95: =IF(G95="","",IFERROR(INDEX(Config!$I$5:$I$16,MATCH(G95,Config!$H$5:$H$16,0)),0)) -> 0 | Q95: =IF(OR(H95<>"Realizado",P95="",P95=0),"",A95+P95) | R95: =IF(Q95="","",IF(COUNTIFS($E$5:$E$3004,E95,$A$5:$A$3004,">"&A95,$H$5:$H$3004,"<>Falta",$H$5:$H$3004,"<>Cancelado",$H$5:$H$3004,"<>Remarcado")>0,"Sim","Não")) | S95: =IF(R95<>"Não","",IF(Q95+Config!$B$9<=Config!$B$8,Config!$B$8-Q95,"")) | T95: =IF(S95="","","Sim") | U95: =IF(T95="Sim",S95+ROW()/100000,0) -> 0 | V95: =IF(AND(H95="Falta",L95=Config!$B$7,M95=Config!$B$5,COUNTIFS($E$5:E95,E95,$H$5:H95,"Falta",$L$5:L95,Config!$B$7,$M$5:M95,Config!$B$5)=1),COUNTIFS($E$5:$E$3004,E95,$H$5:$H$3004,"Falta",$L$5:$L$3004,Config!$B$7,$M$5:$M$3004,Config!$B$5)*1000-ROW()/100000,0) -> 0
A96: 46183 | B96: 0.67361111 | C96: Dra. Carolina Mendes | D96: Sala 1 | E96: Viviane Ribeiro | F96: Particular | G96: Retorno | H96: Realizado | I96: Sem cobrança | L96: =IF(A96="","",MONTH(A96)) -> 6 | M96: =IF(A96="","",YEAR(A96)) -> 2026 | N96: =IF(A96="","",CHOOSE(WEEKDAY(A96,2),"Segunda","Terça","Quarta","Quinta","Sexta","Sábado","Domingo")) -> Quarta | O96: =IF(B96="","",IF(B96<TIME(12,0,0),"Manhã",IF(B96<TIME(18,0,0),"Tarde","Noite"))) -> Tarde | P96: =IF(G96="","",IFERROR(INDEX(Config!$I$5:$I$16,MATCH(G96,Config!$H$5:$H$16,0)),0)) -> 0 | Q96: =IF(OR(H96<>"Realizado",P96="",P96=0),"",A96+P96) | R96: =IF(Q96="","",IF(COUNTIFS($E$5:$E$3004,E96,$A$5:$A$3004,">"&A96,$H$5:$H$3004,"<>Falta",$H$5:$H$3004,"<>Cancelado",$H$5:$H$3004,"<>Remarcado")>0,"Sim","Não")) | S96: =IF(R96<>"Não","",IF(Q96+Config!$B$9<=Config!$B$8,Config!$B$8-Q96,"")) | T96: =IF(S96="","","Sim") | U96: =IF(T96="Sim",S96+ROW()/100000,0) -> 0 | V96: =IF(AND(H96="Falta",L96=Config!$B$7,M96=Config!$B$5,COUNTIFS($E$5:E96,E96,$H$5:H96,"Falta",$L$5:L96,Config!$B$7,$M$5:M96,Config!$B$5)=1),COUNTIFS($E$5:$E$3004,E96,$H$5:$H$3004,"Falta",$L$5:$L$3004,Config!$B$7,$M$5:$M$3004,Config!$B$5)*1000-ROW()/100000,0) -> 0
A97: 46183 | B97: 0.6875 | C97: Dra. Carolina Mendes | D97: Sala 1 | E97: Carlos Castro | F97: Saúde Total | G97: Consulta | H97: Cancelado | L97: =IF(A97="","",MONTH(A97)) -> 6 | M97: =IF(A97="","",YEAR(A97)) -> 2026 | N97: =IF(A97="","",CHOOSE(WEEKDAY(A97,2),"Segunda","Terça","Quarta","Quinta","Sexta","Sábado","Domingo")) -> Quarta | O97: =IF(B97="","",IF(B97<TIME(12,0,0),"Manhã",IF(B97<TIME(18,0,0),"Tarde","Noite"))) -> Tarde | P97: =IF(G97="","",IFERROR(INDEX(Config!$I$5:$I$16,MATCH(G97,Config!$H$5:$H$16,0)),0)) -> 30 | Q97: =IF(OR(H97<>"Realizado",P97="",P97=0),"",A97+P97) | R97: =IF(Q97="","",IF(COUNTIFS($E$5:$E$3004,E97,$A$5:$A$3004,">"&A97,$H$5:$H$3004,"<>Falta",$H$5:$H$3004,"<>Cancelado",$H$5:$H$3004,"<>Remarcado")>0,"Sim","Não")) | S97: =IF(R97<>"Não","",IF(Q97+Config!$B$9<=Config!$B$8,Config!$B$8-Q97,"")) | T97: =IF(S97="","","Sim") | U97: =IF(T97="Sim",S97+ROW()/100000,0) -> 0 | V97: =IF(AND(H97="Falta",L97=Config!$B$7,M97=Config!$B$5,COUNTIFS($E$5:E97,E97,$H$5:H97,"Falta",$L$5:L97,Config!$B$7,$M$5:M97,Config!$B$5)=1),COUNTIFS($E$5:$E$3004,E97,$H$5:$H$3004,"Falta",$L$5:$L$3004,Config!$B$7,$M$5:$M$3004,Config!$B$5)*1000-ROW()/100000,0) -> 0
A98: 46183 | B98: 0.70833333 | C98: Dra. Carolina Mendes | D98: Sala 1 | E98: Lucas Lopes | F98: Particular | G98: Consulta | H98: Realizado | I98: Pix | L98: =IF(A98="","",MONTH(A98)) -> 6 | M98: =IF(A98="","",YEAR(A98)) -> 2026 | N98: =IF(A98="","",CHOOSE(WEEKDAY(A98,2),"Segunda","Terça","Quarta","Quinta","Sexta","Sábado","Domingo")) -> Quarta | O98: =IF(B98="","",IF(B98<TIME(12,0,0),"Manhã",IF(B98<TIME(18,0,0),"Tarde","Noite"))) -> Tarde | P98: =IF(G98="","",IFERROR(INDEX(Config!$I$5:$I$16,MATCH(G98,Config!$H$5:$H$16,0)),0)) -> 30 | Q98: =IF(OR(H98<>"Realizado",P98="",P98=0),"",A98+P98) -> 46213 | R98: =IF(Q98="","",IF(COUNTIFS($E$5:$E$3004,E98,$A$5:$A$3004,">"&A98,$H$5:$H$3004,"<>Falta",$H$5:$H$3004,"<>Cancelado",$H$5:$H$3004,"<>Remarcado")>0,"Sim","Não")) -> Sim | S98: =IF(R98<>"Não","",IF(Q98+Config!$B$9<=Config!$B$8,Config!$B$8-Q98,"")) | T98: =IF(S98="","","Sim") | U98: =IF(T98="Sim",S98+ROW()/100000,0) -> 0 | V98: =IF(AND(H98="Falta",L98=Config!$B$7,M98=Config!$B$5,COUNTIFS($E$5:E98,E98,$H$5:H98,"Falta",$L$5:L98,Config!$B$7,$M$5:M98,Config!$B$5)=1),COUNTIFS($E$5:$E$3004,E98,$H$5:$H$3004,"Falta",$L$5:$L$3004,Config!$B$7,$M$5:$M$3004,Config!$B$5)*1000-ROW()/100000,0) -> 0
A99: 46183 | B99: 0.72916667 | C99: Dra. Carolina Mendes | D99: Sala 1 | E99: Regina Teixeira | F99: Particular | G99: Consulta | H99: Realizado | I99: A prazo | L99: =IF(A99="","",MONTH(A99)) -> 6 | M99: =IF(A99="","",YEAR(A99)) -> 2026 | N99: =IF(A99="","",CHOOSE(WEEKDAY(A99,2),"Segunda","Terça","Quarta","Quinta","Sexta","Sábado","Domingo")) -> Quarta | O99: =IF(B99="","",IF(B99<TIME(12,0,0),"Manhã",IF(B99<TIME(18,0,0),"Tarde","Noite"))) -> Tarde | P99: =IF(G99="","",IFERROR(INDEX(Config!$I$5:$I$16,MATCH(G99,Config!$H$5:$H$16,0)),0)) -> 30 | Q99: =IF(OR(H99<>"Realizado",P99="",P99=0),"",A99+P99) -> 46213 | R99: =IF(Q99="","",IF(COUNTIFS($E$5:$E$3004,E99,$A$5:$A$3004,">"&A99,$H$5:$H$3004,"<>Falta",$H$5:$H$3004,"<>Cancelado",$H$5:$H$3004,"<>Remarcado")>0,"Sim","Não")) -> Sim | S99: =IF(R99<>"Não","",IF(Q99+Config!$B$9<=Config!$B$8,Config!$B$8-Q99,"")) | T99: =IF(S99="","","Sim") | U99: =IF(T99="Sim",S99+ROW()/100000,0) -> 0 | V99: =IF(AND(H99="Falta",L99=Config!$B$7,M99=Config!$B$5,COUNTIFS($E$5:E99,E99,$H$5:H99,"Falta",$L$5:L99,Config!$B$7,$M$5:M99,Config!$B$5)=1),COUNTIFS($E$5:$E$3004,E99,$H$5:$H$3004,"Falta",$L$5:$L$3004,Config!$B$7,$M$5:$M$3004,Config!$B$5)*1000-ROW()/100000,0) -> 0
A100: 46184 | B100: 0.33333333 | C100: Dra. Carolina Mendes | D100: Sala 1 | E100: Daniel Melo | F100: Saúde Total | G100: Retorno | H100: Falta | L100: =IF(A100="","",MONTH(A100)) -> 6 | M100: =IF(A100="","",YEAR(A100)) -> 2026 | N100: =IF(A100="","",CHOOSE(WEEKDAY(A100,2),"Segunda","Terça","Quarta","Quinta","Sexta","Sábado","Domingo")) -> Quinta | O100: =IF(B100="","",IF(B100<TIME(12,0,0),"Manhã",IF(B100<TIME(18,0,0),"Tarde","Noite"))) -> Manhã | P100: =IF(G100="","",IFERROR(INDEX(Config!$I$5:$I$16,MATCH(G100,Config!$H$5:$H$16,0)),0)) -> 0 | Q100: =IF(OR(H100<>"Realizado",P100="",P100=0),"",A100+P100) | R100: =IF(Q100="","",IF(COUNTIFS($E$5:$E$3004,E100,$A$5:$A$3004,">"&A100,$H$5:$H$3004,"<>Falta",$H$5:$H$3004,"<>Cancelado",$H$5:$H$3004,"<>Remarcado")>0,"Sim","Não")) | S100: =IF(R100<>"Não","",IF(Q100+Config!$B$9<=Config!$B$8,Config!$B$8-Q100,"")) | T100: =IF(S100="","","Sim") | U100: =IF(T100="Sim",S100+ROW()/100000,0) -> 0 | V100: =IF(AND(H100="Falta",L100=Config!$B$7,M100=Config!$B$5,COUNTIFS($E$5:E100,E100,$H$5:H100,"Falta",$L$5:L100,Config!$B$7,$M$5:M100,Config!$B$5)=1),COUNTIFS($E$5:$E$3004,E100,$H$5:$H$3004,"Falta",$L$5:$L$3004,Config!$B$7,$M$5:$M$3004,Config!$B$5)*1000-ROW()/100000,0) -> 0
A101: 46184 | B101: 0.36805556 | C101: Dra. Carolina Mendes | D101: Sala 1 | E101: Elaine Cardoso | F101: Particular | G101: Consulta | H101: Realizado | I101: Pix | L101: =IF(A101="","",MONTH(A101)) -> 6 | M101: =IF(A101="","",YEAR(A101)) -> 2026 | N101: =IF(A101="","",CHOOSE(WEEKDAY(A101,2),"Segunda","Terça","Quarta","Quinta","Sexta","Sábado","Domingo")) -> Quinta | O101: =IF(B101="","",IF(B101<TIME(12,0,0),"Manhã",IF(B101<TIME(18,0,0),"Tarde","Noite"))) -> Manhã | P101: =IF(G101="","",IFERROR(INDEX(Config!$I$5:$I$16,MATCH(G101,Config!$H$5:$H$16,0)),0)) -> 30 | Q101: =IF(OR(H101<>"Realizado",P101="",P101=0),"",A101+P101) -> 46214 | R101: =IF(Q101="","",IF(COUNTIFS($E$5:$E$3004,E101,$A$5:$A$3004,">"&A101,$H$5:$H$3004,"<>Falta",$H$5:$H$3004,"<>Cancelado",$H$5:$H$3004,"<>Remarcado")>0,"Sim","Não")) -> Sim | S101: =IF(R101<>"Não","",IF(Q101+Config!$B$9<=Config!$B$8,Config!$B$8-Q101,"")) | T101: =IF(S101="","","Sim") | U101: =IF(T101="Sim",S101+ROW()/100000,0) -> 0 | V101: =IF(AND(H101="Falta",L101=Config!$B$7,M101=Config!$B$5,COUNTIFS($E$5:E101,E101,$H$5:H101,"Falta",$L$5:L101,Config!$B$7,$M$5:M101,Config!$B$5)=1),COUNTIFS($E$5:$E$3004,E101,$H$5:$H$3004,"Falta",$L$5:$L$3004,Config!$B$7,$M$5:$M$3004,Config!$B$5)*1000-ROW()/100000,0) -> 0
A102: 46184 | B102: 0.38888889 | C102: Dra. Carolina Mendes | D102: Sala 1 | E102: Gustavo Ferreira | F102: Particular | G102: Consulta | H102: Realizado | I102: Dinheiro | L102: =IF(A102="","",MONTH(A102)) -> 6 | M102: =IF(A102="","",YEAR(A102)) -> 2026 | N102: =IF(A102="","",CHOOSE(WEEKDAY(A102,2),"Segunda","Terça","Quarta","Quinta","Sexta","Sábado","Domingo")) -> Quinta | O102: =IF(B102="","",IF(B102<TIME(12,0,0),"Manhã",IF(B102<TIME(18,0,0),"Tarde","Noite"))) -> Manhã | P102: =IF(G102="","",IFERROR(INDEX(Config!$I$5:$I$16,MATCH(G102,Config!$H$5:$H$16,0)),0)) -> 30 | Q102: =IF(OR(H102<>"Realizado",P102="",P102=0),"",A102+P102) -> 46214 | R102: =IF(Q102="","",IF(COUNTIFS($E$5:$E$3004,E102,$A$5:$A$3004,">"&A102,$H$5:$H$3004,"<>Falta",$H$5:$H$3004,"<>Cancelado",$H$5:$H$3004,"<>Remarcado")>0,"Sim","Não")) -> Sim | S102: =IF(R102<>"Não","",IF(Q102+Config!$B$9<=Config!$B$8,Config!$B$8-Q102,"")) | T102: =IF(S102="","","Sim") | U102: =IF(T102="Sim",S102+ROW()/100000,0) -> 0 | V102: =IF(AND(H102="Falta",L102=Config!$B$7,M102=Config!$B$5,COUNTIFS($E$5:E102,E102,$H$5:H102,"Falta",$L$5:L102,Config!$B$7,$M$5:M102,Config!$B$5)=1),COUNTIFS($E$5:$E$3004,E102,$H$5:$H$3004,"Falta",$L$5:$L$3004,Config!$B$7,$M$5:$M$3004,Config!$B$5)*1000-ROW()/100000,0) -> 0
A103: 46184 | B103: 0.40972222 | C103: Dra. Carolina Mendes | D103: Sala 1 | E103: Ricardo Melo | F103: Saúde Total | G103: Consulta | H103: Realizado | I103: Convênio | L103: =IF(A103="","",MONTH(A103)) -> 6 | M103: =IF(A103="","",YEAR(A103)) -> 2026 | N103: =IF(A103="","",CHOOSE(WEEKDAY(A103,2),"Segunda","Terça","Quarta","Quinta","Sexta","Sábado","Domingo")) -> Quinta | O103: =IF(B103="","",IF(B103<TIME(12,0,0),"Manhã",IF(B103<TIME(18,0,0),"Tarde","Noite"))) -> Manhã | P103: =IF(G103="","",IFERROR(INDEX(Config!$I$5:$I$16,MATCH(G103,Config!$H$5:$H$16,0)),0)) -> 30 | Q103: =IF(OR(H103<>"Realizado",P103="",P103=0),"",A103+P103) -> 46214 | R103: =IF(Q103="","",IF(COUNTIFS($E$5:$E$3004,E103,$A$5:$A$3004,">"&A103,$H$5:$H$3004,"<>Falta",$H$5:$H$3004,"<>Cancelado",$H$5:$H$3004,"<>Remarcado")>0,"Sim","Não")) -> Sim | S103: =IF(R103<>"Não","",IF(Q103+Config!$B$9<=Config!$B$8,Config!$B$8-Q103,"")) | T103: =IF(S103="","","Sim") | U103: =IF(T103="Sim",S103+ROW()/100000,0) -> 0 | V103: =IF(AND(H103="Falta",L103=Config!$B$7,M103=Config!$B$5,COUNTIFS($E$5:E103,E103,$H$5:H103,"Falta",$L$5:L103,Config!$B$7,$M$5:M103,Config!$B$5)=1),COUNTIFS($E$5:$E$3004,E103,$H$5:$H$3004,"Falta",$L$5:$L$3004,Config!$B$7,$M$5:$M$3004,Config!$B$5)*1000-ROW()/100000,0) -> 0
A104: 46184 | B104: 0.43055556 | C104: Dra. Carolina Mendes | D104: Sala 1 | E104: Daniel Melo | F104: Saúde Total | G104: Consulta | H104: Realizado | I104: Convênio | L104: =IF(A104="","",MONTH(A104)) -> 6 | M104: =IF(A104="","",YEAR(A104)) -> 2026 | N104: =IF(A104="","",CHOOSE(WEEKDAY(A104,2),"Segunda","Terça","Quarta","Quinta","Sexta","Sábado","Domingo")) -> Quinta | O104: =IF(B104="","",IF(B104<TIME(12,0,0),"Manhã",IF(B104<TIME(18,0,0),"Tarde","Noite"))) -> Manhã | P104: =IF(G104="","",IFERROR(INDEX(Config!$I$5:$I$16,MATCH(G104,Config!$H$5:$H$16,0)),0)) -> 30 | Q104: =IF(OR(H104<>"Realizado",P104="",P104=0),"",A104+P104) -> 46214 | R104: =IF(Q104="","",IF(COUNTIFS($E$5:$E$3004,E104,$A$5:$A$3004,">"&A104,$H$5:$H$3004,"<>Falta",$H$5:$H$3004,"<>Cancelado",$H$5:$H$3004,"<>Remarcado")>0,"Sim","Não")) -> Sim | S104: =IF(R104<>"Não","",IF(Q104+Config!$B$9<=Config!$B$8,Config!$B$8-Q104,"")) | T104: =IF(S104="","","Sim") | U104: =IF(T104="Sim",S104+ROW()/100000,0) -> 0 | V104: =IF(AND(H104="Falta",L104=Config!$B$7,M104=Config!$B$5,COUNTIFS($E$5:E104,E104,$H$5:H104,"Falta",$L$5:L104,Config!$B$7,$M$5:M104,Config!$B$5)=1),COUNTIFS($E$5:$E$3004,E104,$H$5:$H$3004,"Falta",$L$5:$L$3004,Config!$B$7,$M$5:$M$3004,Config!$B$5)*1000-ROW()/100000,0) -> 0
A105: 46184 | B105: 0.45138889 | C105: Dra. Carolina Mendes | D105: Sala 1 | E105: Wagner Santos | F105: Particular | G105: Consulta | H105: Realizado | I105: Pix | L105: =IF(A105="","",MONTH(A105)) -> 6 | M105: =IF(A105="","",YEAR(A105)) -> 2026 | N105: =IF(A105="","",CHOOSE(WEEKDAY(A105,2),"Segunda","Terça","Quarta","Quinta","Sexta","Sábado","Domingo")) -> Quinta | O105: =IF(B105="","",IF(B105<TIME(12,0,0),"Manhã",IF(B105<TIME(18,0,0),"Tarde","Noite"))) -> Manhã | P105: =IF(G105="","",IFERROR(INDEX(Config!$I$5:$I$16,MATCH(G105,Config!$H$5:$H$16,0)),0)) -> 30 | Q105: =IF(OR(H105<>"Realizado",P105="",P105=0),"",A105+P105) -> 46214 | R105: =IF(Q105="","",IF(COUNTIFS($E$5:$E$3004,E105,$A$5:$A$3004,">"&A105,$H$5:$H$3004,"<>Falta",$H$5:$H$3004,"<>Cancelado",$H$5:$H$3004,"<>Remarcado")>0,"Sim","Não")) -> Sim | S105: =IF(R105<>"Não","",IF(Q105+Config!$B$9<=Config!$B$8,Config!$B$8-Q105,"")) | T105: =IF(S105="","","Sim") | U105: =IF(T105="Sim",S105+ROW()/100000,0) -> 0 | V105: =IF(AND(H105="Falta",L105=Config!$B$7,M105=Config!$B$5,COUNTIFS($E$5:E105,E105,$H$5:H105,"Falta",$L$5:L105,Config!$B$7,$M$5:M105,Config!$B$5)=1),COUNTIFS($E$5:$E$3004,E105,$H$5:$H$3004,"Falta",$L$5:$L$3004,Config!$B$7,$M$5:$M$3004,Config!$B$5)*1000-ROW()/100000,0) -> 0
A106: 46184 | B106: 0.47222222 | C106: Dra. Carolina Mendes | D106: Sala 1 | E106: Isabela Pinto | F106: Saúde Total | G106: Consulta | H106: Realizado | I106: Convênio | L106: =IF(A106="","",MONTH(A106)) -> 6 | M106: =IF(A106="","",YEAR(A106)) -> 2026 | N106: =IF(A106="","",CHOOSE(WEEKDAY(A106,2),"Segunda","Terça","Quarta","Quinta","Sexta","Sábado","Domingo")) -> Quinta | O106: =IF(B106="","",IF(B106<TIME(12,0,0),"Manhã",IF(B106<TIME(18,0,0),"Tarde","Noite"))) -> Manhã | P106: =IF(G106="","",IFERROR(INDEX(Config!$I$5:$I$16,MATCH(G106,Config!$H$5:$H$16,0)),0)) -> 30 | Q106: =IF(OR(H106<>"Realizado",P106="",P106=0),"",A106+P106) -> 46214 | R106: =IF(Q106="","",IF(COUNTIFS($E$5:$E$3004,E106,$A$5:$A$3004,">"&A106,$H$5:$H$3004,"<>Falta",$H$5:$H$3004,"<>Cancelado",$H$5:$H$3004,"<>Remarcado")>0,"Sim","Não")) -> Sim | S106: =IF(R106<>"Não","",IF(Q106+Config!$B$9<=Config!$B$8,Config!$B$8-Q106,"")) | T106: =IF(S106="","","Sim") | U106: =IF(T106="Sim",S106+ROW()/100000,0) -> 0 | V106: =IF(AND(H106="Falta",L106=Config!$B$7,M106=Config!$B$5,COUNTIFS($E$5:E106,E106,$H$5:H106,"Falta",$L$5:L106,Config!$B$7,$M$5:M106,Config!$B$5)=1),COUNTIFS($E$5:$E$3004,E106,$H$5:$H$3004,"Falta",$L$5:$L$3004,Config!$B$7,$M$5:$M$3004,Config!$B$5)*1000-ROW()/100000,0) -> 0
A107: 46184 | B107: 0.58333333 | C107: Dra. Renata Sousa | D107: Sala 1 | E107: Daniel Moreira | F107: Saúde Total | G107: Avaliação endócrina | H107: Realizado | I107: Convênio | L107: =IF(A107="","",MONTH(A107)) -> 6 | M107: =IF(A107="","",YEAR(A107)) -> 2026 | N107: =IF(A107="","",CHOOSE(WEEKDAY(A107,2),"Segunda","Terça","Quarta","Quinta","Sexta","Sábado","Domingo")) -> Quinta | O107: =IF(B107="","",IF(B107<TIME(12,0,0),"Manhã",IF(B107<TIME(18,0,0),"Tarde","Noite"))) -> Tarde | P107: =IF(G107="","",IFERROR(INDEX(Config!$I$5:$I$16,MATCH(G107,Config!$H$5:$H$16,0)),0)) -> 45 | Q107: =IF(OR(H107<>"Realizado",P107="",P107=0),"",A107+P107) -> 46229 | R107: =IF(Q107="","",IF(COUNTIFS($E$5:$E$3004,E107,$A$5:$A$3004,">"&A107,$H$5:$H$3004,"<>Falta",$H$5:$H$3004,"<>Cancelado",$H$5:$H$3004,"<>Remarcado")>0,"Sim","Não")) -> Sim | S107: =IF(R107<>"Não","",IF(Q107+Config!$B$9<=Config!$B$8,Config!$B$8-Q107,"")) | T107: =IF(S107="","","Sim") | U107: =IF(T107="Sim",S107+ROW()/100000,0) -> 0 | V107: =IF(AND(H107="Falta",L107=Config!$B$7,M107=Config!$B$5,COUNTIFS($E$5:E107,E107,$H$5:H107,"Falta",$L$5:L107,Config!$B$7,$M$5:M107,Config!$B$5)=1),COUNTIFS($E$5:$E$3004,E107,$H$5:$H$3004,"Falta",$L$5:$L$3004,Config!$B$7,$M$5:$M$3004,Config!$B$5)*1000-ROW()/100000,0) -> 0
A108: 46184 | B108: 0.58333333 | C108: Dr. Paulo Andrade | D108: Sala 2 | E108: Fábio Correia | F108: Particular | G108: Consulta | H108: Falta | L108: =IF(A108="","",MONTH(A108)) -> 6 | M108: =IF(A108="","",YEAR(A108)) -> 2026 | N108: =IF(A108="","",CHOOSE(WEEKDAY(A108,2),"Segunda","Terça","Quarta","Quinta","Sexta","Sábado","Domingo")) -> Quinta | O108: =IF(B108="","",IF(B108<TIME(12,0,0),"Manhã",IF(B108<TIME(18,0,0),"Tarde","Noite"))) -> Tarde | P108: =IF(G108="","",IFERROR(INDEX(Config!$I$5:$I$16,MATCH(G108,Config!$H$5:$H$16,0)),0)) -> 30 | Q108: =IF(OR(H108<>"Realizado",P108="",P108=0),"",A108+P108) | R108: =IF(Q108="","",IF(COUNTIFS($E$5:$E$3004,E108,$A$5:$A$3004,">"&A108,$H$5:$H$3004,"<>Falta",$H$5:$H$3004,"<>Cancelado",$H$5:$H$3004,"<>Remarcado")>0,"Sim","Não")) | S108: =IF(R108<>"Não","",IF(Q108+Config!$B$9<=Config!$B$8,Config!$B$8-Q108,"")) | T108: =IF(S108="","","Sim") | U108: =IF(T108="Sim",S108+ROW()/100000,0) -> 0 | V108: =IF(AND(H108="Falta",L108=Config!$B$7,M108=Config!$B$5,COUNTIFS($E$5:E108,E108,$H$5:H108,"Falta",$L$5:L108,Config!$B$7,$M$5:M108,Config!$B$5)=1),COUNTIFS($E$5:$E$3004,E108,$H$5:$H$3004,"Falta",$L$5:$L$3004,Config!$B$7,$M$5:$M$3004,Config!$B$5)*1000-ROW()/100000,0) -> 0
A109: 46184 | B109: 0.60416667 | C109: Dr. Paulo Andrade | D109: Sala 2 | E109: Priscila Pinto | F109: Saúde Total | G109: Consulta | H109: Realizado | I109: Convênio | L109: =IF(A109="","",MONTH(A109)) -> 6 | M109: =IF(A109="","",YEAR(A109)) -> 2026 | N109: =IF(A109="","",CHOOSE(WEEKDAY(A109,2),"Segunda","Terça","Quarta","Quinta","Sexta","Sábado","Domingo")) -> Quinta | O109: =IF(B109="","",IF(B109<TIME(12,0,0),"Manhã",IF(B109<TIME(18,0,0),"Tarde","Noite"))) -> Tarde | P109: =IF(G109="","",IFERROR(INDEX(Config!$I$5:$I$16,MATCH(G109,Config!$H$5:$H$16,0)),0)) -> 30 | Q109: =IF(OR(H109<>"Realizado",P109="",P109=0),"",A109+P109) -> 46214 | R109: =IF(Q109="","",IF(COUNTIFS($E$5:$E$3004,E109,$A$5:$A$3004,">"&A109,$H$5:$H$3004,"<>Falta",$H$5:$H$3004,"<>Cancelado",$H$5:$H$3004,"<>Remarcado")>0,"Sim","Não")) -> Sim | S109: =IF(R109<>"Não","",IF(Q109+Config!$B$9<=Config!$B$8,Config!$B$8-Q109,"")) | T109: =IF(S109="","","Sim") | U109: =IF(T109="Sim",S109+ROW()/100000,0) -> 0 | V109: =IF(AND(H109="Falta",L109=Config!$B$7,M109=Config!$B$5,COUNTIFS($E$5:E109,E109,$H$5:H109,"Falta",$L$5:L109,Config!$B$7,$M$5:M109,Config!$B$5)=1),COUNTIFS($E$5:$E$3004,E109,$H$5:$H$3004,"Falta",$L$5:$L$3004,Config!$B$7,$M$5:$M$3004,Config!$B$5)*1000-ROW()/100000,0) -> 0
A110: 46184 | B110: 0.63194444 | C110: Dra. Renata Sousa | D110: Sala 1 | E110: Roberta Lima | F110: Particular | G110: Avaliação endócrina | H110: Realizado | I110: Pix | L110: =IF(A110="","",MONTH(A110)) -> 6 | M110: =IF(A110="","",YEAR(A110)) -> 2026 | N110: =IF(A110="","",CHOOSE(WEEKDAY(A110,2),"Segunda","Terça","Quarta","Quinta","Sexta","Sábado","Domingo")) -> Quinta | O110: =IF(B110="","",IF(B110<TIME(12,0,0),"Manhã",IF(B110<TIME(18,0,0),"Tarde","Noite"))) -> Tarde | P110: =IF(G110="","",IFERROR(INDEX(Config!$I$5:$I$16,MATCH(G110,Config!$H$5:$H$16,0)),0)) -> 45 | Q110: =IF(OR(H110<>"Realizado",P110="",P110=0),"",A110+P110) -> 46229 | R110: =IF(Q110="","",IF(COUNTIFS($E$5:$E$3004,E110,$A$5:$A$3004,">"&A110,$H$5:$H$3004,"<>Falta",$H$5:$H$3004,"<>Cancelado",$H$5:$H$3004,"<>Remarcado")>0,"Sim","Não")) -> Sim | S110: =IF(R110<>"Não","",IF(Q110+Config!$B$9<=Config!$B$8,Config!$B$8-Q110,"")) | T110: =IF(S110="","","Sim") | U110: =IF(T110="Sim",S110+ROW()/100000,0) -> 0 | V110: =IF(AND(H110="Falta",L110=Config!$B$7,M110=Config!$B$5,COUNTIFS($E$5:E110,E110,$H$5:H110,"Falta",$L$5:L110,Config!$B$7,$M$5:M110,Config!$B$5)=1),COUNTIFS($E$5:$E$3004,E110,$H$5:$H$3004,"Falta",$L$5:$L$3004,Config!$B$7,$M$5:$M$3004,Config!$B$5)*1000-ROW()/100000,0) -> 0
A111: 46184 | B111: 0.64583333 | C111: Dr. Paulo Andrade | D111: Sala 2 | E111: Fábio Martins | F111: MediPlan | G111: ECG | H111: Realizado | I111: Convênio | L111: =IF(A111="","",MONTH(A111)) -> 6 | M111: =IF(A111="","",YEAR(A111)) -> 2026 | N111: =IF(A111="","",CHOOSE(WEEKDAY(A111,2),"Segunda","Terça","Quarta","Quinta","Sexta","Sábado","Domingo")) -> Quinta | O111: =IF(B111="","",IF(B111<TIME(12,0,0),"Manhã",IF(B111<TIME(18,0,0),"Tarde","Noite"))) -> Tarde | P111: =IF(G111="","",IFERROR(INDEX(Config!$I$5:$I$16,MATCH(G111,Config!$H$5:$H$16,0)),0)) -> 0 | Q111: =IF(OR(H111<>"Realizado",P111="",P111=0),"",A111+P111) | R111: =IF(Q111="","",IF(COUNTIFS($E$5:$E$3004,E111,$A$5:$A$3004,">"&A111,$H$5:$H$3004,"<>Falta",$H$5:$H$3004,"<>Cancelado",$H$5:$H$3004,"<>Remarcado")>0,"Sim","Não")) | S111: =IF(R111<>"Não","",IF(Q111+Config!$B$9<=Config!$B$8,Config!$B$8-Q111,"")) | T111: =IF(S111="","","Sim") | U111: =IF(T111="Sim",S111+ROW()/100000,0) -> 0 | V111: =IF(AND(H111="Falta",L111=Config!$B$7,M111=Config!$B$5,COUNTIFS($E$5:E111,E111,$H$5:H111,"Falta",$L$5:L111,Config!$B$7,$M$5:M111,Config!$B$5)=1),COUNTIFS($E$5:$E$3004,E111,$H$5:$H$3004,"Falta",$L$5:$L$3004,Config!$B$7,$M$5:$M$3004,Config!$B$5)*1000-ROW()/100000,0) -> 0
A112: 46184 | B112: 0.65972222 | C112: Dr. Paulo Andrade | D112: Sala 2 | E112: Rafael Araújo | F112: MediPlan | G112: Consulta | H112: Cancelado | L112: =IF(A112="","",MONTH(A112)) -> 6 | M112: =IF(A112="","",YEAR(A112)) -> 2026 | N112: =IF(A112="","",CHOOSE(WEEKDAY(A112,2),"Segunda","Terça","Quarta","Quinta","Sexta","Sábado","Domingo")) -> Quinta | O112: =IF(B112="","",IF(B112<TIME(12,0,0),"Manhã",IF(B112<TIME(18,0,0),"Tarde","Noite"))) -> Tarde | P112: =IF(G112="","",IFERROR(INDEX(Config!$I$5:$I$16,MATCH(G112,Config!$H$5:$H$16,0)),0)) -> 30 | Q112: =IF(OR(H112<>"Realizado",P112="",P112=0),"",A112+P112) | R112: =IF(Q112="","",IF(COUNTIFS($E$5:$E$3004,E112,$A$5:$A$3004,">"&A112,$H$5:$H$3004,"<>Falta",$H$5:$H$3004,"<>Cancelado",$H$5:$H$3004,"<>Remarcado")>0,"Sim","Não")) | S112: =IF(R112<>"Não","",IF(Q112+Config!$B$9<=Config!$B$8,Config!$B$8-Q112,"")) | T112: =IF(S112="","","Sim") | U112: =IF(T112="Sim",S112+ROW()/100000,0) -> 0 | V112: =IF(AND(H112="Falta",L112=Config!$B$7,M112=Config!$B$5,COUNTIFS($E$5:E112,E112,$H$5:H112,"Falta",$L$5:L112,Config!$B$7,$M$5:M112,Config!$B$5)=1),COUNTIFS($E$5:$E$3004,E112,$H$5:$H$3004,"Falta",$L$5:$L$3004,Config!$B$7,$M$5:$M$3004,Config!$B$5)*1000-ROW()/100000,0) -> 0
...
