Workbook

Sheet Como usar
A1: Ata e Pendências
A2: Kit IA no Trabalho · Completo · Seu Sócio Gestor · versão 1.0 (setembro de 2026)
A4: O que esta planilha faz | B4: Registra cada reunião (data, assunto, participantes, decisões) e cada pendência com dono e prazo. Mostra o que cobrar primeiro, a carga por pessoa e monta o resumo pronto para a IA transformar em e-mail ou ata.
A5: Passo 1 | B5: Em Config, preencha o nome da equipe e as pessoas. Troque a data de referência por =HOJE() (no exemplo ela está congelada em 14/09/2026).
A6: Passo 2 | B6: Em Reuniões, uma linha por reunião. Escreva as decisões em frases curtas separadas por ponto e vírgula. O código (R-001, R-002...) é automático.
A7: Passo 3 | B7: Em Pendências, uma linha por tarefa que saiu da reunião: reunião (lista), pendência, dono (lista), prazo, prioridade e status. Ao concluir, mude o status para Feito.
A8: Passo 4 | B8: Em Em aberto, veja o que cobrar primeiro e a carga por pessoa. Em Resumo, escolha a reunião em Config e copie o bloco único.
A9: Rotina | B9: Logo depois da reunião, 5 minutos para registrar. Segunda de manhã, olhe Em aberto e cobre por e-mail com o prompt "Escrever 02".
A10: Com a IA | B10: Bloco único da aba Resumo + prompt "Escrever 07: resumo de reunião para quem não foi". Para cobrar uma pendência atrasada: "Escrever 10: mensagem de cobrança educada".
A11: Legenda | B11: Células amarelas: você preenche. Brancas: calculadas. Não é preciso mexer em nada fora do amarelo.
A12: Proteção | B12: Fórmulas protegidas sem senha. Para editar: Revisar > Desproteger planilha (Excel) ou Dados > Proteger intervalos (Google Sheets).
A13: Requisitos | B13: Excel 2016 ou mais novo, Microsoft 365 ou Google Sheets (só funções do Excel 2007+; nada de MÍNIMOSES, MÁXIMOSES ou UNIRTEXTO). No celular abre nos aplicativos; para preencher, use o computador.
A14: Google Sheets | B14: Faça upload no Google Drive e abra com o Google Sheets. Fórmulas, listas, cores e semáforos funcionam: as regras de cor que dependem do mês escolhido em Config usam INDIRECT, que é a forma que o Sheets aceita para regra condicional apontar para outra aba.
A15: Data de referência | B15: O exemplo está congelado em 14/09/2026, para todos os arquivos do kit mostrarem a mesma foto e os números fecharem entre eles. Ao começar a usar com os SEUS dados, troque em Config: a data de referência por =HOJE(), o ano, o mês do painel, o trimestre (onde houver) e a lista de feriados. Trocar só a data de referência deixa o resto apontando para 2026.
... A17: Suporte | B17: suporte@seusociogestor.com.br · resposta em até 5 dias úteis · reembolso em até 7 dias pelo mesmo canal.

Sheet Em aberto
A1: =Config!B4&" · pendências em "&TEXT(DAY(Config!B5),"00")&"/"&TEXT(MONTH(Config!B5),"00")&"/"&YEAR(Config!B5) -> Prisma Comunicação (exemplo fictício) · pendências em 14/09/2026
A2: Nada para preencher aqui: tudo vem de Reuniões e Pendências.
A4: Abertas | C4: Atrasadas | E4: Para hoje | G4: Feitas no total
A5: =COUNTIFS(Pendências!$B$5:$B$304,"<>",Pendências!$F$5:$F$304,"<>Feito") -> 7 | C5: =COUNTIFS(Pendências!$H$5:$H$304,"Atrasada") -> 3 | E5: =COUNTIFS(Pendências!$H$5:$H$304,"Hoje") -> 0 | G5: =COUNTIFS(Pendências!$F$5:$F$304,"Feito") -> 5
A7: O que cobrar primeiro
A8: Ordem: atrasadas, hoje, esta semana; dentro de cada grupo, prioridade alta primeiro.
A9: # | B9: Pendência | C9: Dono | D9: Prazo | E9: Situação | F9: Prioridade | G9: Reunião | H9: Dias
A10: 1 | B10: =IFERROR(IF(LARGE(Pendências!$J$5:$J$304,1)>0,IF(INDEX(Pendências!$B$5:$B$304,MATCH(LARGE(Pendências!$J$5:$J$304,1),Pendências!$J$5:$J$304,0))="","",INDEX(Pendências!$B$5:$B$304,MATCH(LARGE(Pendências!$J$5:$J$304,1),Pendências!$J$5:$J$304,0))),""),"") -> Escrever os textos das 5 páginas do site | C10: =IFERROR(IF(LARGE(Pendências!$J$5:$J$304,1)>0,IF(INDEX(Pendências!$C$5:$C$304,MATCH(LARGE(Pendências!$J$5:$J$304,1),Pendências!$J$5:$J$304,0))="","",INDEX(Pendências!$C$5:$C$304,MATCH(LARGE(Pendências!$J$5:$J$304,1),Pendências!$J$5:$J$304,0))),""),"") -> Carla | D10: =IFERROR(IF(LARGE(Pendências!$J$5:$J$304,1)>0,IF(INDEX(Pendências!$D$5:$D$304,MATCH(LARGE(Pendências!$J$5:$J$304,1),Pendências!$J$5:$J$304,0))="","",INDEX(Pendências!$D$5:$D$304,MATCH(LARGE(Pendências!$J$5:$J$304,1),Pendências!$J$5:$J$304,0))),""),"") -> 46277 | E10: =IFERROR(IF(LARGE(Pendências!$J$5:$J$304,1)>0,IF(INDEX(Pendências!$H$5:$H$304,MATCH(LARGE(Pendências!$J$5:$J$304,1),Pendências!$J$5:$J$304,0))="","",INDEX(Pendências!$H$5:$H$304,MATCH(LARGE(Pendências!$J$5:$J$304,1),Pendências!$J$5:$J$304,0))),""),"") -> Atrasada | F10: =IFERROR(IF(LARGE(Pendências!$J$5:$J$304,1)>0,IF(INDEX(Pendências!$E$5:$E$304,MATCH(LARGE(Pendências!$J$5:$J$304,1),Pendências!$J$5:$J$304,0))="","",INDEX(Pendências!$E$5:$E$304,MATCH(LARGE(Pendências!$J$5:$J$304,1),Pendências!$J$5:$J$304,0))),""),"") -> Alta | G10: =IFERROR(IF(LARGE(Pendências!$J$5:$J$304,1)>0,IF(INDEX(Pendências!$A$5:$A$304,MATCH(LARGE(Pendências!$J$5:$J$304,1),Pendências!$J$5:$J$304,0))="","",INDEX(Pendências!$A$5:$A$304,MATCH(LARGE(Pendências!$J$5:$J$304,1),Pendências!$J$5:$J$304,0))),""),"") -> R-002 | H10: =IFERROR(IF(LARGE(Pendências!$J$5:$J$304,1)>0,IF(INDEX(Pendências!$I$5:$I$304,MATCH(LARGE(Pendências!$J$5:$J$304,1),Pendências!$J$5:$J$304,0))="","",INDEX(Pendências!$I$5:$I$304,MATCH(LARGE(Pendências!$J$5:$J$304,1),Pendências!$J$5:$J$304,0))),""),"") -> -2
A11: 2 | B11: =IFERROR(IF(LARGE(Pendências!$J$5:$J$304,2)>0,IF(INDEX(Pendências!$B$5:$B$304,MATCH(LARGE(Pendências!$J$5:$J$304,2),Pendências!$J$5:$J$304,0))="","",INDEX(Pendências!$B$5:$B$304,MATCH(LARGE(Pendências!$J$5:$J$304,2),Pendências!$J$5:$J$304,0))),""),"") -> Confirmar a reunião de quarta com o Bistrô | C11: =IFERROR(IF(LARGE(Pendências!$J$5:$J$304,2)>0,IF(INDEX(Pendências!$C$5:$C$304,MATCH(LARGE(Pendências!$J$5:$J$304,2),Pendências!$J$5:$J$304,0))="","",INDEX(Pendências!$C$5:$C$304,MATCH(LARGE(Pendências!$J$5:$J$304,2),Pendências!$J$5:$J$304,0))),""),"") -> Ana | D11: =IFERROR(IF(LARGE(Pendências!$J$5:$J$304,2)>0,IF(INDEX(Pendências!$D$5:$D$304,MATCH(LARGE(Pendências!$J$5:$J$304,2),Pendências!$J$5:$J$304,0))="","",INDEX(Pendências!$D$5:$D$304,MATCH(LARGE(Pendências!$J$5:$J$304,2),Pendências!$J$5:$J$304,0))),""),"") -> 46276 | E11: =IFERROR(IF(LARGE(Pendências!$J$5:$J$304,2)>0,IF(INDEX(Pendências!$H$5:$H$304,MATCH(LARGE(Pendências!$J$5:$J$304,2),Pendências!$J$5:$J$304,0))="","",INDEX(Pendências!$H$5:$H$304,MATCH(LARGE(Pendências!$J$5:$J$304,2),Pendências!$J$5:$J$304,0))),""),"") -> Atrasada | F11: =IFERROR(IF(LARGE(Pendências!$J$5:$J$304,2)>0,IF(INDEX(Pendências!$E$5:$E$304,MATCH(LARGE(Pendências!$J$5:$J$304,2),Pendências!$J$5:$J$304,0))="","",INDEX(Pendências!$E$5:$E$304,MATCH(LARGE(Pendências!$J$5:$J$304,2),Pendências!$J$5:$J$304,0))),""),"") -> Média | G11: =IFERROR(IF(LARGE(Pendências!$J$5:$J$304,2)>0,IF(INDEX(Pendências!$A$5:$A$304,MATCH(LARGE(Pendências!$J$5:$J$304,2),Pendências!$J$5:$J$304,0))="","",INDEX(Pendências!$A$5:$A$304,MATCH(LARGE(Pendências!$J$5:$J$304,2),Pendências!$J$5:$J$304,0))),""),"") -> R-004 | H11: =IFERROR(IF(LARGE(Pendências!$J$5:$J$304,2)>0,IF(INDEX(Pendências!$I$5:$I$304,MATCH(LARGE(Pendências!$J$5:$J$304,2),Pendências!$J$5:$J$304,0))="","",INDEX(Pendências!$I$5:$I$304,MATCH(LARGE(Pendências!$J$5:$J$304,2),Pendências!$J$5:$J$304,0))),""),"") -> -3
A12: 3 | B12: =IFERROR(IF(LARGE(Pendências!$J$5:$J$304,3)>0,IF(INDEX(Pendências!$B$5:$B$304,MATCH(LARGE(Pendências!$J$5:$J$304,3),Pendências!$J$5:$J$304,0))="","",INDEX(Pendências!$B$5:$B$304,MATCH(LARGE(Pendências!$J$5:$J$304,3),Pendências!$J$5:$J$304,0))),""),"") -> Levantar custo do freela de motion | C12: =IFERROR(IF(LARGE(Pendências!$J$5:$J$304,3)>0,IF(INDEX(Pendências!$C$5:$C$304,MATCH(LARGE(Pendências!$J$5:$J$304,3),Pendências!$J$5:$J$304,0))="","",INDEX(Pendências!$C$5:$C$304,MATCH(LARGE(Pendências!$J$5:$J$304,3),Pendências!$J$5:$J$304,0))),""),"") -> Ana | D12: =IFERROR(IF(LARGE(Pendências!$J$5:$J$304,3)>0,IF(INDEX(Pendências!$D$5:$D$304,MATCH(LARGE(Pendências!$J$5:$J$304,3),Pendências!$J$5:$J$304,0))="","",INDEX(Pendências!$D$5:$D$304,MATCH(LARGE(Pendências!$J$5:$J$304,3),Pendências!$J$5:$J$304,0))),""),"") -> 46278 | E12: =IFERROR(IF(LARGE(Pendências!$J$5:$J$304,3)>0,IF(INDEX(Pendências!$H$5:$H$304,MATCH(LARGE(Pendências!$J$5:$J$304,3),Pendências!$J$5:$J$304,0))="","",INDEX(Pendências!$H$5:$H$304,MATCH(LARGE(Pendências!$J$5:$J$304,3),Pendências!$J$5:$J$304,0))),""),"") -> Atrasada | F12: =IFERROR(IF(LARGE(Pendências!$J$5:$J$304,3)>0,IF(INDEX(Pendências!$E$5:$E$304,MATCH(LARGE(Pendências!$J$5:$J$304,3),Pendências!$J$5:$J$304,0))="","",INDEX(Pendências!$E$5:$E$304,MATCH(LARGE(Pendências!$J$5:$J$304,3),Pendências!$J$5:$J$304,0))),""),"") -> Baixa | G12: =IFERROR(IF(LARGE(Pendências!$J$5:$J$304,3)>0,IF(INDEX(Pendências!$A$5:$A$304,MATCH(LARGE(Pendências!$J$5:$J$304,3),Pendências!$J$5:$J$304,0))="","",INDEX(Pendências!$A$5:$A$304,MATCH(LARGE(Pendências!$J$5:$J$304,3),Pendências!$J$5:$J$304,0))),""),"") -> R-004 | H12: =IFERROR(IF(LARGE(Pendências!$J$5:$J$304,3)>0,IF(INDEX(Pendências!$I$5:$I$304,MATCH(LARGE(Pendências!$J$5:$J$304,3),Pendências!$J$5:$J$304,0))="","",INDEX(Pendências!$I$5:$I$304,MATCH(LARGE(Pendências!$J$5:$J$304,3),Pendências!$J$5:$J$304,0))),""),"") -> -1
A13: 4 | B13: =IFERROR(IF(LARGE(Pendências!$J$5:$J$304,4)>0,IF(INDEX(Pendências!$B$5:$B$304,MATCH(LARGE(Pendências!$J$5:$J$304,4),Pendências!$J$5:$J$304,0))="","",INDEX(Pendências!$B$5:$B$304,MATCH(LARGE(Pendências!$J$5:$J$304,4),Pendências!$J$5:$J$304,0))),""),"") -> Fechar o manual da marca da Padaria | C13: =IFERROR(IF(LARGE(Pendências!$J$5:$J$304,4)>0,IF(INDEX(Pendências!$C$5:$C$304,MATCH(LARGE(Pendências!$J$5:$J$304,4),Pendências!$J$5:$J$304,0))="","",INDEX(Pendências!$C$5:$C$304,MATCH(LARGE(Pendências!$J$5:$J$304,4),Pendências!$J$5:$J$304,0))),""),"") -> Carla | D13: =IFERROR(IF(LARGE(Pendências!$J$5:$J$304,4)>0,IF(INDEX(Pendências!$D$5:$D$304,MATCH(LARGE(Pendências!$J$5:$J$304,4),Pendências!$J$5:$J$304,0))="","",INDEX(Pendências!$D$5:$D$304,MATCH(LARGE(Pendências!$J$5:$J$304,4),Pendências!$J$5:$J$304,0))),""),"") -> 46280 | E13: =IFERROR(IF(LARGE(Pendências!$J$5:$J$304,4)>0,IF(INDEX(Pendências!$H$5:$H$304,MATCH(LARGE(Pendências!$J$5:$J$304,4),Pendências!$J$5:$J$304,0))="","",INDEX(Pendências!$H$5:$H$304,MATCH(LARGE(Pendências!$J$5:$J$304,4),Pendências!$J$5:$J$304,0))),""),"") -> Esta semana | F13: =IFERROR(IF(LARGE(Pendências!$J$5:$J$304,4)>0,IF(INDEX(Pendências!$E$5:$E$304,MATCH(LARGE(Pendências!$J$5:$J$304,4),Pendências!$J$5:$J$304,0))="","",INDEX(Pendências!$E$5:$E$304,MATCH(LARGE(Pendências!$J$5:$J$304,4),Pendências!$J$5:$J$304,0))),""),"") -> Alta | G13: =IFERROR(IF(LARGE(Pendências!$J$5:$J$304,4)>0,IF(INDEX(Pendências!$A$5:$A$304,MATCH(LARGE(Pendências!$J$5:$J$304,4),Pendências!$J$5:$J$304,0))="","",INDEX(Pendências!$A$5:$A$304,MATCH(LARGE(Pendências!$J$5:$J$304,4),Pendências!$J$5:$J$304,0))),""),"") -> R-004 | H13: =IFERROR(IF(LARGE(Pendências!$J$5:$J$304,4)>0,IF(INDEX(Pendências!$I$5:$I$304,MATCH(LARGE(Pendências!$J$5:$J$304,4),Pendências!$J$5:$J$304,0))="","",INDEX(Pendências!$I$5:$I$304,MATCH(LARGE(Pendências!$J$5:$J$304,4),Pendências!$J$5:$J$304,0))),""),"") -> 1
A14: 5 | B14: =IFERROR(IF(LARGE(Pendências!$J$5:$J$304,5)>0,IF(INDEX(Pendências!$B$5:$B$304,MATCH(LARGE(Pendências!$J$5:$J$304,5),Pendências!$J$5:$J$304,0))="","",INDEX(Pendências!$B$5:$B$304,MATCH(LARGE(Pendências!$J$5:$J$304,5),Pendências!$J$5:$J$304,0))),""),"") -> Enviar 3 referências de diagramação | C14: =IFERROR(IF(LARGE(Pendências!$J$5:$J$304,5)>0,IF(INDEX(Pendências!$C$5:$C$304,MATCH(LARGE(Pendências!$J$5:$J$304,5),Pendências!$J$5:$J$304,0))="","",INDEX(Pendências!$C$5:$C$304,MATCH(LARGE(Pendências!$J$5:$J$304,5),Pendências!$J$5:$J$304,0))),""),"") -> Bruno | D14: =IFERROR(IF(LARGE(Pendências!$J$5:$J$304,5)>0,IF(INDEX(Pendências!$D$5:$D$304,MATCH(LARGE(Pendências!$J$5:$J$304,5),Pendências!$J$5:$J$304,0))="","",INDEX(Pendências!$D$5:$D$304,MATCH(LARGE(Pendências!$J$5:$J$304,5),Pendências!$J$5:$J$304,0))),""),"") -> 46281 | E14: =IFERROR(IF(LARGE(Pendências!$J$5:$J$304,5)>0,IF(INDEX(Pendências!$H$5:$H$304,MATCH(LARGE(Pendências!$J$5:$J$304,5),Pendências!$J$5:$J$304,0))="","",INDEX(Pendências!$H$5:$H$304,MATCH(LARGE(Pendências!$J$5:$J$304,5),Pendências!$J$5:$J$304,0))),""),"") -> Esta semana | F14: =IFERROR(IF(LARGE(Pendências!$J$5:$J$304,5)>0,IF(INDEX(Pendências!$E$5:$E$304,MATCH(LARGE(Pendências!$J$5:$J$304,5),Pendências!$J$5:$J$304,0))="","",INDEX(Pendências!$E$5:$E$304,MATCH(LARGE(Pendências!$J$5:$J$304,5),Pendências!$J$5:$J$304,0))),""),"") -> Média | G14: =IFERROR(IF(LARGE(Pendências!$J$5:$J$304,5)>0,IF(INDEX(Pendências!$A$5:$A$304,MATCH(LARGE(Pendências!$J$5:$J$304,5),Pendências!$J$5:$J$304,0))="","",INDEX(Pendências!$A$5:$A$304,MATCH(LARGE(Pendências!$J$5:$J$304,5),Pendências!$J$5:$J$304,0))),""),"") -> R-003 | H14: =IFERROR(IF(LARGE(Pendências!$J$5:$J$304,5)>0,IF(INDEX(Pendências!$I$5:$I$304,MATCH(LARGE(Pendências!$J$5:$J$304,5),Pendências!$J$5:$J$304,0))="","",INDEX(Pendências!$I$5:$I$304,MATCH(LARGE(Pendências!$J$5:$J$304,5),Pendências!$J$5:$J$304,0))),""),"") -> 2
A15: 6 | B15: =IFERROR(IF(LARGE(Pendências!$J$5:$J$304,6)>0,IF(INDEX(Pendências!$B$5:$B$304,MATCH(LARGE(Pendências!$J$5:$J$304,6),Pendências!$J$5:$J$304,0))="","",INDEX(Pendências!$B$5:$B$304,MATCH(LARGE(Pendências!$J$5:$J$304,6),Pendências!$J$5:$J$304,0))),""),"") -> Preparar o servidor e o domínio do site | C15: =IFERROR(IF(LARGE(Pendências!$J$5:$J$304,6)>0,IF(INDEX(Pendências!$C$5:$C$304,MATCH(LARGE(Pendências!$J$5:$J$304,6),Pendências!$J$5:$J$304,0))="","",INDEX(Pendências!$C$5:$C$304,MATCH(LARGE(Pendências!$J$5:$J$304,6),Pendências!$J$5:$J$304,0))),""),"") -> Diego | D15: =IFERROR(IF(LARGE(Pendências!$J$5:$J$304,6)>0,IF(INDEX(Pendências!$D$5:$D$304,MATCH(LARGE(Pendências!$J$5:$J$304,6),Pendências!$J$5:$J$304,0))="","",INDEX(Pendências!$D$5:$D$304,MATCH(LARGE(Pendências!$J$5:$J$304,6),Pendências!$J$5:$J$304,0))),""),"") -> 46283 | E15: =IFERROR(IF(LARGE(Pendências!$J$5:$J$304,6)>0,IF(INDEX(Pendências!$H$5:$H$304,MATCH(LARGE(Pendências!$J$5:$J$304,6),Pendências!$J$5:$J$304,0))="","",INDEX(Pendências!$H$5:$H$304,MATCH(LARGE(Pendências!$J$5:$J$304,6),Pendências!$J$5:$J$304,0))),""),"") -> Esta semana | F15: =IFERROR(IF(LARGE(Pendências!$J$5:$J$304,6)>0,IF(INDEX(Pendências!$E$5:$E$304,MATCH(LARGE(Pendências!$J$5:$J$304,6),Pendências!$J$5:$J$304,0))="","",INDEX(Pendências!$E$5:$E$304,MATCH(LARGE(Pendências!$J$5:$J$304,6),Pendências!$J$5:$J$304,0))),""),"") -> Média | G15: =IFERROR(IF(LARGE(Pendências!$J$5:$J$304,6)>0,IF(INDEX(Pendências!$A$5:$A$304,MATCH(LARGE(Pendências!$J$5:$J$304,6),Pendências!$J$5:$J$304,0))="","",INDEX(Pendências!$A$5:$A$304,MATCH(LARGE(Pendências!$J$5:$J$304,6),Pendências!$J$5:$J$304,0))),""),"") -> R-004 | H15: =IFERROR(IF(LARGE(Pendências!$J$5:$J$304,6)>0,IF(INDEX(Pendências!$I$5:$I$304,MATCH(LARGE(Pendências!$J$5:$J$304,6),Pendências!$J$5:$J$304,0))="","",INDEX(Pendências!$I$5:$I$304,MATCH(LARGE(Pendências!$J$5:$J$304,6),Pendências!$J$5:$J$304,0))),""),"") -> 4
A16: 7 | B16: =IFERROR(IF(LARGE(Pendências!$J$5:$J$304,7)>0,IF(INDEX(Pendências!$B$5:$B$304,MATCH(LARGE(Pendências!$J$5:$J$304,7),Pendências!$J$5:$J$304,0))="","",INDEX(Pendências!$B$5:$B$304,MATCH(LARGE(Pendências!$J$5:$J$304,7),Pendências!$J$5:$J$304,0))),""),"") -> Revisar a proposta comercial da Aurora | C16: =IFERROR(IF(LARGE(Pendências!$J$5:$J$304,7)>0,IF(INDEX(Pendências!$C$5:$C$304,MATCH(LARGE(Pendências!$J$5:$J$304,7),Pendências!$J$5:$J$304,0))="","",INDEX(Pendências!$C$5:$C$304,MATCH(LARGE(Pendências!$J$5:$J$304,7),Pendências!$J$5:$J$304,0))),""),"") -> Ana | D16: =IFERROR(IF(LARGE(Pendências!$J$5:$J$304,7)>0,IF(INDEX(Pendências!$D$5:$D$304,MATCH(LARGE(Pendências!$J$5:$J$304,7),Pendências!$J$5:$J$304,0))="","",INDEX(Pendências!$D$5:$D$304,MATCH(LARGE(Pendências!$J$5:$J$304,7),Pendências!$J$5:$J$304,0))),""),"") | E16: =IFERROR(IF(LARGE(Pendências!$J$5:$J$304,7)>0,IF(INDEX(Pendências!$H$5:$H$304,MATCH(LARGE(Pendências!$J$5:$J$304,7),Pendências!$J$5:$J$304,0))="","",INDEX(Pendências!$H$5:$H$304,MATCH(LARGE(Pendências!$J$5:$J$304,7),Pendências!$J$5:$J$304,0))),""),"") -> Sem prazo | F16: =IFERROR(IF(LARGE(Pendências!$J$5:$J$304,7)>0,IF(INDEX(Pendências!$E$5:$E$304,MATCH(LARGE(Pendências!$J$5:$J$304,7),Pendências!$J$5:$J$304,0))="","",INDEX(Pendências!$E$5:$E$304,MATCH(LARGE(Pendências!$J$5:$J$304,7),Pendências!$J$5:$J$304,0))),""),"") -> Média | G16: =IFERROR(IF(LARGE(Pendências!$J$5:$J$304,7)>0,IF(INDEX(Pendências!$A$5:$A$304,MATCH(LARGE(Pendências!$J$5:$J$304,7),Pendências!$J$5:$J$304,0))="","",INDEX(Pendências!$A$5:$A$304,MATCH(LARGE(Pendências!$J$5:$J$304,7),Pendências!$J$5:$J$304,0))),""),"") -> R-004 | H16: =IFERROR(IF(LARGE(Pendências!$J$5:$J$304,7)>0,IF(INDEX(Pendências!$I$5:$I$304,MATCH(LARGE(Pendências!$J$5:$J$304,7),Pendências!$J$5:$J$304,0))="","",INDEX(Pendências!$I$5:$I$304,MATCH(LARGE(Pendências!$J$5:$J$304,7),Pendências!$J$5:$J$304,0))),""),"")
A17: 8 | B17: =IFERROR(IF(LARGE(Pendências!$J$5:$J$304,8)>0,IF(INDEX(Pendências!$B$5:$B$304,MATCH(LARGE(Pendências!$J$5:$J$304,8),Pendências!$J$5:$J$304,0))="","",INDEX(Pendências!$B$5:$B$304,MATCH(LARGE(Pendências!$J$5:$J$304,8),Pendências!$J$5:$J$304,0))),""),"") | C17: =IFERROR(IF(LARGE(Pendências!$J$5:$J$304,8)>0,IF(INDEX(Pendências!$C$5:$C$304,MATCH(LARGE(Pendências!$J$5:$J$304,8),Pendências!$J$5:$J$304,0))="","",INDEX(Pendências!$C$5:$C$304,MATCH(LARGE(Pendências!$J$5:$J$304,8),Pendências!$J$5:$J$304,0))),""),"") | D17: =IFERROR(IF(LARGE(Pendências!$J$5:$J$304,8)>0,IF(INDEX(Pendências!$D$5:$D$304,MATCH(LARGE(Pendências!$J$5:$J$304,8),Pendências!$J$5:$J$304,0))="","",INDEX(Pendências!$D$5:$D$304,MATCH(LARGE(Pendências!$J$5:$J$304,8),Pendências!$J$5:$J$304,0))),""),"") | E17: =IFERROR(IF(LARGE(Pendências!$J$5:$J$304,8)>0,IF(INDEX(Pendências!$H$5:$H$304,MATCH(LARGE(Pendências!$J$5:$J$304,8),Pendências!$J$5:$J$304,0))="","",INDEX(Pendências!$H$5:$H$304,MATCH(LARGE(Pendências!$J$5:$J$304,8),Pendências!$J$5:$J$304,0))),""),"") | F17: =IFERROR(IF(LARGE(Pendências!$J$5:$J$304,8)>0,IF(INDEX(Pendências!$E$5:$E$304,MATCH(LARGE(Pendências!$J$5:$J$304,8),Pendências!$J$5:$J$304,0))="","",INDEX(Pendências!$E$5:$E$304,MATCH(LARGE(Pendências!$J$5:$J$304,8),Pendências!$J$5:$J$304,0))),""),"") | G17: =IFERROR(IF(LARGE(Pendências!$J$5:$J$304,8)>0,IF(INDEX(Pendências!$A$5:$A$304,MATCH(LARGE(Pendências!$J$5:$J$304,8),Pendências!$J$5:$J$304,0))="","",INDEX(Pendências!$A$5:$A$304,MATCH(LARGE(Pendências!$J$5:$J$304,8),Pendências!$J$5:$J$304,0))),""),"") | H17: =IFERROR(IF(LARGE(Pendências!$J$5:$J$304,8)>0,IF(INDEX(Pendências!$I$5:$I$304,MATCH(LARGE(Pendências!$J$5:$J$304,8),Pendências!$J$5:$J$304,0))="","",INDEX(Pendências!$I$5:$I$304,MATCH(LARGE(Pendências!$J$5:$J$304,8),Pendências!$J$5:$J$304,0))),""),"")
A18: 9 | B18: =IFERROR(IF(LARGE(Pendências!$J$5:$J$304,9)>0,IF(INDEX(Pendências!$B$5:$B$304,MATCH(LARGE(Pendências!$J$5:$J$304,9),Pendências!$J$5:$J$304,0))="","",INDEX(Pendências!$B$5:$B$304,MATCH(LARGE(Pendências!$J$5:$J$304,9),Pendências!$J$5:$J$304,0))),""),"") | C18: =IFERROR(IF(LARGE(Pendências!$J$5:$J$304,9)>0,IF(INDEX(Pendências!$C$5:$C$304,MATCH(LARGE(Pendências!$J$5:$J$304,9),Pendências!$J$5:$J$304,0))="","",INDEX(Pendências!$C$5:$C$304,MATCH(LARGE(Pendências!$J$5:$J$304,9),Pendências!$J$5:$J$304,0))),""),"") | D18: =IFERROR(IF(LARGE(Pendências!$J$5:$J$304,9)>0,IF(INDEX(Pendências!$D$5:$D$304,MATCH(LARGE(Pendências!$J$5:$J$304,9),Pendências!$J$5:$J$304,0))="","",INDEX(Pendências!$D$5:$D$304,MATCH(LARGE(Pendências!$J$5:$J$304,9),Pendências!$J$5:$J$304,0))),""),"") | E18: =IFERROR(IF(LARGE(Pendências!$J$5:$J$304,9)>0,IF(INDEX(Pendências!$H$5:$H$304,MATCH(LARGE(Pendências!$J$5:$J$304,9),Pendências!$J$5:$J$304,0))="","",INDEX(Pendências!$H$5:$H$304,MATCH(LARGE(Pendências!$J$5:$J$304,9),Pendências!$J$5:$J$304,0))),""),"") | F18: =IFERROR(IF(LARGE(Pendências!$J$5:$J$304,9)>0,IF(INDEX(Pendências!$E$5:$E$304,MATCH(LARGE(Pendências!$J$5:$J$304,9),Pendências!$J$5:$J$304,0))="","",INDEX(Pendências!$E$5:$E$304,MATCH(LARGE(Pendências!$J$5:$J$304,9),Pendências!$J$5:$J$304,0))),""),"") | G18: =IFERROR(IF(LARGE(Pendências!$J$5:$J$304,9)>0,IF(INDEX(Pendências!$A$5:$A$304,MATCH(LARGE(Pendências!$J$5:$J$304,9),Pendências!$J$5:$J$304,0))="","",INDEX(Pendências!$A$5:$A$304,MATCH(LARGE(Pendências!$J$5:$J$304,9),Pendências!$J$5:$J$304,0))),""),"") | H18: =IFERROR(IF(LARGE(Pendências!$J$5:$J$304,9)>0,IF(INDEX(Pendências!$I$5:$I$304,MATCH(LARGE(Pendências!$J$5:$J$304,9),Pendências!$J$5:$J$304,0))="","",INDEX(Pendências!$I$5:$I$304,MATCH(LARGE(Pendências!$J$5:$J$304,9),Pendências!$J$5:$J$304,0))),""),"")
A19: 10 | B19: =IFERROR(IF(LARGE(Pendências!$J$5:$J$304,10)>0,IF(INDEX(Pendências!$B$5:$B$304,MATCH(LARGE(Pendências!$J$5:$J$304,10),Pendências!$J$5:$J$304,0))="","",INDEX(Pendências!$B$5:$B$304,MATCH(LARGE(Pendências!$J$5:$J$304,10),Pendências!$J$5:$J$304,0))),""),"") | C19: =IFERROR(IF(LARGE(Pendências!$J$5:$J$304,10)>0,IF(INDEX(Pendências!$C$5:$C$304,MATCH(LARGE(Pendências!$J$5:$J$304,10),Pendências!$J$5:$J$304,0))="","",INDEX(Pendências!$C$5:$C$304,MATCH(LARGE(Pendências!$J$5:$J$304,10),Pendências!$J$5:$J$304,0))),""),"") | D19: =IFERROR(IF(LARGE(Pendências!$J$5:$J$304,10)>0,IF(INDEX(Pendências!$D$5:$D$304,MATCH(LARGE(Pendências!$J$5:$J$304,10),Pendências!$J$5:$J$304,0))="","",INDEX(Pendências!$D$5:$D$304,MATCH(LARGE(Pendências!$J$5:$J$304,10),Pendências!$J$5:$J$304,0))),""),"") | E19: =IFERROR(IF(LARGE(Pendências!$J$5:$J$304,10)>0,IF(INDEX(Pendências!$H$5:$H$304,MATCH(LARGE(Pendências!$J$5:$J$304,10),Pendências!$J$5:$J$304,0))="","",INDEX(Pendências!$H$5:$H$304,MATCH(LARGE(Pendências!$J$5:$J$304,10),Pendências!$J$5:$J$304,0))),""),"") | F19: =IFERROR(IF(LARGE(Pendências!$J$5:$J$304,10)>0,IF(INDEX(Pendências!$E$5:$E$304,MATCH(LARGE(Pendências!$J$5:$J$304,10),Pendências!$J$5:$J$304,0))="","",INDEX(Pendências!$E$5:$E$304,MATCH(LARGE(Pendências!$J$5:$J$304,10),Pendências!$J$5:$J$304,0))),""),"") | G19: =IFERROR(IF(LARGE(Pendências!$J$5:$J$304,10)>0,IF(INDEX(Pendências!$A$5:$A$304,MATCH(LARGE(Pendências!$J$5:$J$304,10),Pendências!$J$5:$J$304,0))="","",INDEX(Pendências!$A$5:$A$304,MATCH(LARGE(Pendências!$J$5:$J$304,10),Pendências!$J$5:$J$304,0))),""),"") | H19: =IFERROR(IF(LARGE(Pendências!$J$5:$J$304,10)>0,IF(INDEX(Pendências!$I$5:$I$304,MATCH(LARGE(Pendências!$J$5:$J$304,10),Pendências!$J$5:$J$304,0))="","",INDEX(Pendências!$I$5:$I$304,MATCH(LARGE(Pendências!$J$5:$J$304,10),Pendências!$J$5:$J$304,0))),""),"")
A20: 11 | B20: =IFERROR(IF(LARGE(Pendências!$J$5:$J$304,11)>0,IF(INDEX(Pendências!$B$5:$B$304,MATCH(LARGE(Pendências!$J$5:$J$304,11),Pendências!$J$5:$J$304,0))="","",INDEX(Pendências!$B$5:$B$304,MATCH(LARGE(Pendências!$J$5:$J$304,11),Pendências!$J$5:$J$304,0))),""),"") | C20: =IFERROR(IF(LARGE(Pendências!$J$5:$J$304,11)>0,IF(INDEX(Pendências!$C$5:$C$304,MATCH(LARGE(Pendências!$J$5:$J$304,11),Pendências!$J$5:$J$304,0))="","",INDEX(Pendências!$C$5:$C$304,MATCH(LARGE(Pendências!$J$5:$J$304,11),Pendências!$J$5:$J$304,0))),""),"") | D20: =IFERROR(IF(LARGE(Pendências!$J$5:$J$304,11)>0,IF(INDEX(Pendências!$D$5:$D$304,MATCH(LARGE(Pendências!$J$5:$J$304,11),Pendências!$J$5:$J$304,0))="","",INDEX(Pendências!$D$5:$D$304,MATCH(LARGE(Pendências!$J$5:$J$304,11),Pendências!$J$5:$J$304,0))),""),"") | E20: =IFERROR(IF(LARGE(Pendências!$J$5:$J$304,11)>0,IF(INDEX(Pendências!$H$5:$H$304,MATCH(LARGE(Pendências!$J$5:$J$304,11),Pendências!$J$5:$J$304,0))="","",INDEX(Pendências!$H$5:$H$304,MATCH(LARGE(Pendências!$J$5:$J$304,11),Pendências!$J$5:$J$304,0))),""),"") | F20: =IFERROR(IF(LARGE(Pendências!$J$5:$J$304,11)>0,IF(INDEX(Pendências!$E$5:$E$304,MATCH(LARGE(Pendências!$J$5:$J$304,11),Pendências!$J$5:$J$304,0))="","",INDEX(Pendências!$E$5:$E$304,MATCH(LARGE(Pendências!$J$5:$J$304,11),Pendências!$J$5:$J$304,0))),""),"") | G20: =IFERROR(IF(LARGE(Pendências!$J$5:$J$304,11)>0,IF(INDEX(Pendências!$A$5:$A$304,MATCH(LARGE(Pendências!$J$5:$J$304,11),Pendências!$J$5:$J$304,0))="","",INDEX(Pendências!$A$5:$A$304,MATCH(LARGE(Pendências!$J$5:$J$304,11),Pendências!$J$5:$J$304,0))),""),"") | H20: =IFERROR(IF(LARGE(Pendências!$J$5:$J$304,11)>0,IF(INDEX(Pendências!$I$5:$I$304,MATCH(LARGE(Pendências!$J$5:$J$304,11),Pendências!$J$5:$J$304,0))="","",INDEX(Pendências!$I$5:$I$304,MATCH(LARGE(Pendências!$J$5:$J$304,11),Pendências!$J$5:$J$304,0))),""),"")
A21: 12 | B21: =IFERROR(IF(LARGE(Pendências!$J$5:$J$304,12)>0,IF(INDEX(Pendências!$B$5:$B$304,MATCH(LARGE(Pendências!$J$5:$J$304,12),Pendências!$J$5:$J$304,0))="","",INDEX(Pendências!$B$5:$B$304,MATCH(LARGE(Pendências!$J$5:$J$304,12),Pendências!$J$5:$J$304,0))),""),"") | C21: =IFERROR(IF(LARGE(Pendências!$J$5:$J$304,12)>0,IF(INDEX(Pendências!$C$5:$C$304,MATCH(LARGE(Pendências!$J$5:$J$304,12),Pendências!$J$5:$J$304,0))="","",INDEX(Pendências!$C$5:$C$304,MATCH(LARGE(Pendências!$J$5:$J$304,12),Pendências!$J$5:$J$304,0))),""),"") | D21: =IFERROR(IF(LARGE(Pendências!$J$5:$J$304,12)>0,IF(INDEX(Pendências!$D$5:$D$304,MATCH(LARGE(Pendências!$J$5:$J$304,12),Pendências!$J$5:$J$304,0))="","",INDEX(Pendências!$D$5:$D$304,MATCH(LARGE(Pendências!$J$5:$J$304,12),Pendências!$J$5:$J$304,0))),""),"") | E21: =IFERROR(IF(LARGE(Pendências!$J$5:$J$304,12)>0,IF(INDEX(Pendências!$H$5:$H$304,MATCH(LARGE(Pendências!$J$5:$J$304,12),Pendências!$J$5:$J$304,0))="","",INDEX(Pendências!$H$5:$H$304,MATCH(LARGE(Pendências!$J$5:$J$304,12),Pendências!$J$5:$J$304,0))),""),"") | F21: =IFERROR(IF(LARGE(Pendências!$J$5:$J$304,12)>0,IF(INDEX(Pendências!$E$5:$E$304,MATCH(LARGE(Pendências!$J$5:$J$304,12),Pendências!$J$5:$J$304,0))="","",INDEX(Pendências!$E$5:$E$304,MATCH(LARGE(Pendências!$J$5:$J$304,12),Pendências!$J$5:$J$304,0))),""),"") | G21: =IFERROR(IF(LARGE(Pendências!$J$5:$J$304,12)>0,IF(INDEX(Pendências!$A$5:$A$304,MATCH(LARGE(Pendências!$J$5:$J$304,12),Pendências!$J$5:$J$304,0))="","",INDEX(Pendências!$A$5:$A$304,MATCH(LARGE(Pendências!$J$5:$J$304,12),Pendências!$J$5:$J$304,0))),""),"") | H21: =IFERROR(IF(LARGE(Pendências!$J$5:$J$304,12)>0,IF(INDEX(Pendências!$I$5:$I$304,MATCH(LARGE(Pendências!$J$5:$J$304,12),Pendências!$J$5:$J$304,0))="","",INDEX(Pendências!$I$5:$I$304,MATCH(LARGE(Pendências!$J$5:$J$304,12),Pendências!$J$5:$J$304,0))),""),"")
A22: 13 | B22: =IFERROR(IF(LARGE(Pendências!$J$5:$J$304,13)>0,IF(INDEX(Pendências!$B$5:$B$304,MATCH(LARGE(Pendências!$J$5:$J$304,13),Pendências!$J$5:$J$304,0))="","",INDEX(Pendências!$B$5:$B$304,MATCH(LARGE(Pendências!$J$5:$J$304,13),Pendências!$J$5:$J$304,0))),""),"") | C22: =IFERROR(IF(LARGE(Pendências!$J$5:$J$304,13)>0,IF(INDEX(Pendências!$C$5:$C$304,MATCH(LARGE(Pendências!$J$5:$J$304,13),Pendências!$J$5:$J$304,0))="","",INDEX(Pendências!$C$5:$C$304,MATCH(LARGE(Pendências!$J$5:$J$304,13),Pendências!$J$5:$J$304,0))),""),"") | D22: =IFERROR(IF(LARGE(Pendências!$J$5:$J$304,13)>0,IF(INDEX(Pendências!$D$5:$D$304,MATCH(LARGE(Pendências!$J$5:$J$304,13),Pendências!$J$5:$J$304,0))="","",INDEX(Pendências!$D$5:$D$304,MATCH(LARGE(Pendências!$J$5:$J$304,13),Pendências!$J$5:$J$304,0))),""),"") | E22: =IFERROR(IF(LARGE(Pendências!$J$5:$J$304,13)>0,IF(INDEX(Pendências!$H$5:$H$304,MATCH(LARGE(Pendências!$J$5:$J$304,13),Pendências!$J$5:$J$304,0))="","",INDEX(Pendências!$H$5:$H$304,MATCH(LARGE(Pendências!$J$5:$J$304,13),Pendências!$J$5:$J$304,0))),""),"") | F22: =IFERROR(IF(LARGE(Pendências!$J$5:$J$304,13)>0,IF(INDEX(Pendências!$E$5:$E$304,MATCH(LARGE(Pendências!$J$5:$J$304,13),Pendências!$J$5:$J$304,0))="","",INDEX(Pendências!$E$5:$E$304,MATCH(LARGE(Pendências!$J$5:$J$304,13),Pendências!$J$5:$J$304,0))),""),"") | G22: =IFERROR(IF(LARGE(Pendências!$J$5:$J$304,13)>0,IF(INDEX(Pendências!$A$5:$A$304,MATCH(LARGE(Pendências!$J$5:$J$304,13),Pendências!$J$5:$J$304,0))="","",INDEX(Pendências!$A$5:$A$304,MATCH(LARGE(Pendências!$J$5:$J$304,13),Pendências!$J$5:$J$304,0))),""),"") | H22: =IFERROR(IF(LARGE(Pendências!$J$5:$J$304,13)>0,IF(INDEX(Pendências!$I$5:$I$304,MATCH(LARGE(Pendências!$J$5:$J$304,13),Pendências!$J$5:$J$304,0))="","",INDEX(Pendências!$I$5:$I$304,MATCH(LARGE(Pendências!$J$5:$J$304,13),Pendências!$J$5:$J$304,0))),""),"")
A23: 14 | B23: =IFERROR(IF(LARGE(Pendências!$J$5:$J$304,14)>0,IF(INDEX(Pendências!$B$5:$B$304,MATCH(LARGE(Pendências!$J$5:$J$304,14),Pendências!$J$5:$J$304,0))="","",INDEX(Pendências!$B$5:$B$304,MATCH(LARGE(Pendências!$J$5:$J$304,14),Pendências!$J$5:$J$304,0))),""),"") | C23: =IFERROR(IF(LARGE(Pendências!$J$5:$J$304,14)>0,IF(INDEX(Pendências!$C$5:$C$304,MATCH(LARGE(Pendências!$J$5:$J$304,14),Pendências!$J$5:$J$304,0))="","",INDEX(Pendências!$C$5:$C$304,MATCH(LARGE(Pendências!$J$5:$J$304,14),Pendências!$J$5:$J$304,0))),""),"") | D23: =IFERROR(IF(LARGE(Pendências!$J$5:$J$304,14)>0,IF(INDEX(Pendências!$D$5:$D$304,MATCH(LARGE(Pendências!$J$5:$J$304,14),Pendências!$J$5:$J$304,0))="","",INDEX(Pendências!$D$5:$D$304,MATCH(LARGE(Pendências!$J$5:$J$304,14),Pendências!$J$5:$J$304,0))),""),"") | E23: =IFERROR(IF(LARGE(Pendências!$J$5:$J$304,14)>0,IF(INDEX(Pendências!$H$5:$H$304,MATCH(LARGE(Pendências!$J$5:$J$304,14),Pendências!$J$5:$J$304,0))="","",INDEX(Pendências!$H$5:$H$304,MATCH(LARGE(Pendências!$J$5:$J$304,14),Pendências!$J$5:$J$304,0))),""),"") | F23: =IFERROR(IF(LARGE(Pendências!$J$5:$J$304,14)>0,IF(INDEX(Pendências!$E$5:$E$304,MATCH(LARGE(Pendências!$J$5:$J$304,14),Pendências!$J$5:$J$304,0))="","",INDEX(Pendências!$E$5:$E$304,MATCH(LARGE(Pendências!$J$5:$J$304,14),Pendências!$J$5:$J$304,0))),""),"") | G23: =IFERROR(IF(LARGE(Pendências!$J$5:$J$304,14)>0,IF(INDEX(Pendências!$A$5:$A$304,MATCH(LARGE(Pendências!$J$5:$J$304,14),Pendências!$J$5:$J$304,0))="","",INDEX(Pendências!$A$5:$A$304,MATCH(LARGE(Pendências!$J$5:$J$304,14),Pendências!$J$5:$J$304,0))),""),"") | H23: =IFERROR(IF(LARGE(Pendências!$J$5:$J$304,14)>0,IF(INDEX(Pendências!$I$5:$I$304,MATCH(LARGE(Pendências!$J$5:$J$304,14),Pendências!$J$5:$J$304,0))="","",INDEX(Pendências!$I$5:$I$304,MATCH(LARGE(Pendências!$J$5:$J$304,14),Pendências!$J$5:$J$304,0))),""),"")
A24: 15 | B24: =IFERROR(IF(LARGE(Pendências!$J$5:$J$304,15)>0,IF(INDEX(Pendências!$B$5:$B$304,MATCH(LARGE(Pendências!$J$5:$J$304,15),Pendências!$J$5:$J$304,0))="","",INDEX(Pendências!$B$5:$B$304,MATCH(LARGE(Pendências!$J$5:$J$304,15),Pendências!$J$5:$J$304,0))),""),"") | C24: =IFERROR(IF(LARGE(Pendências!$J$5:$J$304,15)>0,IF(INDEX(Pendências!$C$5:$C$304,MATCH(LARGE(Pendências!$J$5:$J$304,15),Pendências!$J$5:$J$304,0))="","",INDEX(Pendências!$C$5:$C$304,MATCH(LARGE(Pendências!$J$5:$J$304,15),Pendências!$J$5:$J$304,0))),""),"") | D24: =IFERROR(IF(LARGE(Pendências!$J$5:$J$304,15)>0,IF(INDEX(Pendências!$D$5:$D$304,MATCH(LARGE(Pendências!$J$5:$J$304,15),Pendências!$J$5:$J$304,0))="","",INDEX(Pendências!$D$5:$D$304,MATCH(LARGE(Pendências!$J$5:$J$304,15),Pendências!$J$5:$J$304,0))),""),"") | E24: =IFERROR(IF(LARGE(Pendências!$J$5:$J$304,15)>0,IF(INDEX(Pendências!$H$5:$H$304,MATCH(LARGE(Pendências!$J$5:$J$304,15),Pendências!$J$5:$J$304,0))="","",INDEX(Pendências!$H$5:$H$304,MATCH(LARGE(Pendências!$J$5:$J$304,15),Pendências!$J$5:$J$304,0))),""),"") | F24: =IFERROR(IF(LARGE(Pendências!$J$5:$J$304,15)>0,IF(INDEX(Pendências!$E$5:$E$304,MATCH(LARGE(Pendências!$J$5:$J$304,15),Pendências!$J$5:$J$304,0))="","",INDEX(Pendências!$E$5:$E$304,MATCH(LARGE(Pendências!$J$5:$J$304,15),Pendências!$J$5:$J$304,0))),""),"") | G24: =IFERROR(IF(LARGE(Pendências!$J$5:$J$304,15)>0,IF(INDEX(Pendências!$A$5:$A$304,MATCH(LARGE(Pendências!$J$5:$J$304,15),Pendências!$J$5:$J$304,0))="","",INDEX(Pendências!$A$5:$A$304,MATCH(LARGE(Pendências!$J$5:$J$304,15),Pendências!$J$5:$J$304,0))),""),"") | H24: =IFERROR(IF(LARGE(Pendências!$J$5:$J$304,15)>0,IF(INDEX(Pendências!$I$5:$I$304,MATCH(LARGE(Pendências!$J$5:$J$304,15),Pendências!$J$5:$J$304,0))="","",INDEX(Pendências!$I$5:$I$304,MATCH(LARGE(Pendências!$J$5:$J$304,15),Pendências!$J$5:$J$304,0))),""),"")
A26: Por pessoa
A27: Pessoa | B27: Abertas | C27: Atrasadas | D27: Esta semana | E27: Feitas | F27: Próximo prazo
A28: =IF(Config!$A$9="","",Config!$A$9) -> Ana | B28: =IF(Config!$A$9="","",COUNTIFS(Pendências!$C$5:$C$304,Config!$A$9,Pendências!$B$5:$B$304,"<>",Pendências!$F$5:$F$304,"<>Feito")) -> 3 | C28: =IF(Config!$A$9="","",COUNTIFS(Pendências!$C$5:$C$304,Config!$A$9,Pendências!$H$5:$H$304,"Atrasada")) -> 2 | D28: =IF(Config!$A$9="","",COUNTIFS(Pendências!$C$5:$C$304,Config!$A$9,Pendências!$H$5:$H$304,"Esta semana")+COUNTIFS(Pendências!$C$5:$C$304,Config!$A$9,Pendências!$H$5:$H$304,"Hoje")) -> 0 | E28: =IF(Config!$A$9="","",COUNTIFS(Pendências!$C$5:$C$304,Config!$A$9,Pendências!$F$5:$F$304,"Feito")) -> 3 | F28: =IF(Config!$A$9="","",IFERROR(IF(OR(SUMPRODUCT(MIN((Pendências!$C$5:$C$304=Config!$A$9)*(Pendências!$F$5:$F$304<>"Feito")*(Pendências!$B$5:$B$304<>"")*(Pendências!$D$5:$D$304<>"")*Pendências!$D$5:$D$304+(1-(Pendências!$C$5:$C$304=Config!$A$9)*(Pendências!$F$5:$F$304<>"Feito")*(Pendências!$B$5:$B$304<>"")*(Pendências!$D$5:$D$304<>""))*1E+10))=0,SUMPRODUCT(MIN((Pendências!$C$5:$C$304=Config!$A$9)*(Pendências!$F$5:$F$304<>"Feito")*(Pendências!$B$5:$B$304<>"")*(Pendências!$D$5:$D$304<>"")*Pendências!$D$5:$D$304+(1-(Pendências!$C$5:$C$304=Config!$A$9)*(Pendências!$F$5:$F$304<>"Feito")*(Pendências!$B$5:$B$304<>"")*(Pendências!$D$5:$D$304<>""))*1E+10))>=1E+10),"",SUMPRODUCT(MIN((Pendências!$C$5:$C$304=Config!$A$9)*(Pendências!$F$5:$F$304<>"Feito")*(Pendências!$B$5:$B$304<>"")*(Pendências!$D$5:$D$304<>"")*Pendências!$D$5:$D$304+(1-(Pendências!$C$5:$C$304=Config!$A$9)*(Pendências!$F$5:$F$304<>"Feito")*(Pendências!$B$5:$B$304<>"")*(Pendências!$D$5:$D$304<>""))*1E+10))),"")) -> 46276
A29: =IF(Config!$A$10="","",Config!$A$10) -> Bruno | B29: =IF(Config!$A$10="","",COUNTIFS(Pendências!$C$5:$C$304,Config!$A$10,Pendências!$B$5:$B$304,"<>",Pendências!$F$5:$F$304,"<>Feito")) -> 1 | C29: =IF(Config!$A$10="","",COUNTIFS(Pendências!$C$5:$C$304,Config!$A$10,Pendências!$H$5:$H$304,"Atrasada")) -> 0 | D29: =IF(Config!$A$10="","",COUNTIFS(Pendências!$C$5:$C$304,Config!$A$10,Pendências!$H$5:$H$304,"Esta semana")+COUNTIFS(Pendências!$C$5:$C$304,Config!$A$10,Pendências!$H$5:$H$304,"Hoje")) -> 1 | E29: =IF(Config!$A$10="","",COUNTIFS(Pendências!$C$5:$C$304,Config!$A$10,Pendências!$F$5:$F$304,"Feito")) -> 1 | F29: =IF(Config!$A$10="","",IFERROR(IF(OR(SUMPRODUCT(MIN((Pendências!$C$5:$C$304=Config!$A$10)*(Pendências!$F$5:$F$304<>"Feito")*(Pendências!$B$5:$B$304<>"")*(Pendências!$D$5:$D$304<>"")*Pendências!$D$5:$D$304+(1-(Pendências!$C$5:$C$304=Config!$A$10)*(Pendências!$F$5:$F$304<>"Feito")*(Pendências!$B$5:$B$304<>"")*(Pendências!$D$5:$D$304<>""))*1E+10))=0,SUMPRODUCT(MIN((Pendências!$C$5:$C$304=Config!$A$10)*(Pendências!$F$5:$F$304<>"Feito")*(Pendências!$B$5:$B$304<>"")*(Pendências!$D$5:$D$304<>"")*Pendências!$D$5:$D$304+(1-(Pendências!$C$5:$C$304=Config!$A$10)*(Pendências!$F$5:$F$304<>"Feito")*(Pendências!$B$5:$B$304<>"")*(Pendências!$D$5:$D$304<>""))*1E+10))>=1E+10),"",SUMPRODUCT(MIN((Pendências!$C$5:$C$304=Config!$A$10)*(Pendências!$F$5:$F$304<>"Feito")*(Pendências!$B$5:$B$304<>"")*(Pendências!$D$5:$D$304<>"")*Pendências!$D$5:$D$304+(1-(Pendências!$C$5:$C$304=Config!$A$10)*(Pendências!$F$5:$F$304<>"Feito")*(Pendências!$B$5:$B$304<>"")*(Pendências!$D$5:$D$304<>""))*1E+10))),"")) -> 46281
A30: =IF(Config!$A$11="","",Config!$A$11) -> Carla | B30: =IF(Config!$A$11="","",COUNTIFS(Pendências!$C$5:$C$304,Config!$A$11,Pendências!$B$5:$B$304,"<>",Pendências!$F$5:$F$304,"<>Feito")) -> 2 | C30: =IF(Config!$A$11="","",COUNTIFS(Pendências!$C$5:$C$304,Config!$A$11,Pendências!$H$5:$H$304,"Atrasada")) -> 1 | D30: =IF(Config!$A$11="","",COUNTIFS(Pendências!$C$5:$C$304,Config!$A$11,Pendências!$H$5:$H$304,"Esta semana")+COUNTIFS(Pendências!$C$5:$C$304,Config!$A$11,Pendências!$H$5:$H$304,"Hoje")) -> 1 | E30: =IF(Config!$A$11="","",COUNTIFS(Pendências!$C$5:$C$304,Config!$A$11,Pendências!$F$5:$F$304,"Feito")) -> 0 | F30: =IF(Config!$A$11="","",IFERROR(IF(OR(SUMPRODUCT(MIN((Pendências!$C$5:$C$304=Config!$A$11)*(Pendências!$F$5:$F$304<>"Feito")*(Pendências!$B$5:$B$304<>"")*(Pendências!$D$5:$D$304<>"")*Pendências!$D$5:$D$304+(1-(Pendências!$C$5:$C$304=Config!$A$11)*(Pendências!$F$5:$F$304<>"Feito")*(Pendências!$B$5:$B$304<>"")*(Pendências!$D$5:$D$304<>""))*1E+10))=0,SUMPRODUCT(MIN((Pendências!$C$5:$C$304=Config!$A$11)*(Pendências!$F$5:$F$304<>"Feito")*(Pendências!$B$5:$B$304<>"")*(Pendências!$D$5:$D$304<>"")*Pendências!$D$5:$D$304+(1-(Pendências!$C$5:$C$304=Config!$A$11)*(Pendências!$F$5:$F$304<>"Feito")*(Pendências!$B$5:$B$304<>"")*(Pendências!$D$5:$D$304<>""))*1E+10))>=1E+10),"",SUMPRODUCT(MIN((Pendências!$C$5:$C$304=Config!$A$11)*(Pendências!$F$5:$F$304<>"Feito")*(Pendências!$B$5:$B$304<>"")*(Pendências!$D$5:$D$304<>"")*Pendências!$D$5:$D$304+(1-(Pendências!$C$5:$C$304=Config!$A$11)*(Pendências!$F$5:$F$304<>"Feito")*(Pendências!$B$5:$B$304<>"")*(Pendências!$D$5:$D$304<>""))*1E+10))),"")) -> 46277
A31: =IF(Config!$A$12="","",Config!$A$12) -> Diego | B31: =IF(Config!$A$12="","",COUNTIFS(Pendências!$C$5:$C$304,Config!$A$12,Pendências!$B$5:$B$304,"<>",Pendências!$F$5:$F$304,"<>Feito")) -> 1 | C31: =IF(Config!$A$12="","",COUNTIFS(Pendências!$C$5:$C$304,Config!$A$12,Pendências!$H$5:$H$304,"Atrasada")) -> 0 | D31: =IF(Config!$A$12="","",COUNTIFS(Pendências!$C$5:$C$304,Config!$A$12,Pendências!$H$5:$H$304,"Esta semana")+COUNTIFS(Pendências!$C$5:$C$304,Config!$A$12,Pendências!$H$5:$H$304,"Hoje")) -> 1 | E31: =IF(Config!$A$12="","",COUNTIFS(Pendências!$C$5:$C$304,Config!$A$12,Pendências!$F$5:$F$304,"Feito")) -> 0 | F31: =IF(Config!$A$12="","",IFERROR(IF(OR(SUMPRODUCT(MIN((Pendências!$C$5:$C$304=Config!$A$12)*(Pendências!$F$5:$F$304<>"Feito")*(Pendências!$B$5:$B$304<>"")*(Pendências!$D$5:$D$304<>"")*Pendências!$D$5:$D$304+(1-(Pendências!$C$5:$C$304=Config!$A$12)*(Pendências!$F$5:$F$304<>"Feito")*(Pendências!$B$5:$B$304<>"")*(Pendências!$D$5:$D$304<>""))*1E+10))=0,SUMPRODUCT(MIN((Pendências!$C$5:$C$304=Config!$A$12)*(Pendências!$F$5:$F$304<>"Feito")*(Pendências!$B$5:$B$304<>"")*(Pendências!$D$5:$D$304<>"")*Pendências!$D$5:$D$304+(1-(Pendências!$C$5:$C$304=Config!$A$12)*(Pendências!$F$5:$F$304<>"Feito")*(Pendências!$B$5:$B$304<>"")*(Pendências!$D$5:$D$304<>""))*1E+10))>=1E+10),"",SUMPRODUCT(MIN((Pendências!$C$5:$C$304=Config!$A$12)*(Pendências!$F$5:$F$304<>"Feito")*(Pendências!$B$5:$B$304<>"")*(Pendências!$D$5:$D$304<>"")*Pendências!$D$5:$D$304+(1-(Pendências!$C$5:$C$304=Config!$A$12)*(Pendências!$F$5:$F$304<>"Feito")*(Pendências!$B$5:$B$304<>"")*(Pendências!$D$5:$D$304<>""))*1E+10))),"")) -> 46283
A32: =IF(Config!$A$13="","",Config!$A$13) -> Marina (cliente) | B32: =IF(Config!$A$13="","",COUNTIFS(Pendências!$C$5:$C$304,Config!$A$13,Pendências!$B$5:$B$304,"<>",Pendências!$F$5:$F$304,"<>Feito")) -> 0 | C32: =IF(Config!$A$13="","",COUNTIFS(Pendências!$C$5:$C$304,Config!$A$13,Pendências!$H$5:$H$304,"Atrasada")) -> 0 | D32: =IF(Config!$A$13="","",COUNTIFS(Pendências!$C$5:$C$304,Config!$A$13,Pendências!$H$5:$H$304,"Esta semana")+COUNTIFS(Pendências!$C$5:$C$304,Config!$A$13,Pendências!$H$5:$H$304,"Hoje")) -> 0 | E32: =IF(Config!$A$13="","",COUNTIFS(Pendências!$C$5:$C$304,Config!$A$13,Pendências!$F$5:$F$304,"Feito")) -> 1 | F32: =IF(Config!$A$13="","",IFERROR(IF(OR(SUMPRODUCT(MIN((Pendências!$C$5:$C$304=Config!$A$13)*(Pendências!$F$5:$F$304<>"Feito")*(Pendências!$B$5:$B$304<>"")*(Pendências!$D$5:$D$304<>"")*Pendências!$D$5:$D$304+(1-(Pendências!$C$5:$C$304=Config!$A$13)*(Pendências!$F$5:$F$304<>"Feito")*(Pendências!$B$5:$B$304<>"")*(Pendências!$D$5:$D$304<>""))*1E+10))=0,SUMPRODUCT(MIN((Pendências!$C$5:$C$304=Config!$A$13)*(Pendências!$F$5:$F$304<>"Feito")*(Pendências!$B$5:$B$304<>"")*(Pendências!$D$5:$D$304<>"")*Pendências!$D$5:$D$304+(1-(Pendências!$C$5:$C$304=Config!$A$13)*(Pendências!$F$5:$F$304<>"Feito")*(Pendências!$B$5:$B$304<>"")*(Pendências!$D$5:$D$304<>""))*1E+10))>=1E+10),"",SUMPRODUCT(MIN((Pendências!$C$5:$C$304=Config!$A$13)*(Pendências!$F$5:$F$304<>"Feito")*(Pendências!$B$5:$B$304<>"")*(Pendências!$D$5:$D$304<>"")*Pendências!$D$5:$D$304+(1-(Pendências!$C$5:$C$304=Config!$A$13)*(Pendências!$F$5:$F$304<>"Feito")*(Pendências!$B$5:$B$304<>"")*(Pendências!$D$5:$D$304<>""))*1E+10))),""))
A33: =IF(Config!$A$14="","",Config!$A$14) | B33: =IF(Config!$A$14="","",COUNTIFS(Pendências!$C$5:$C$304,Config!$A$14,Pendências!$B$5:$B$304,"<>",Pendências!$F$5:$F$304,"<>Feito")) | C33: =IF(Config!$A$14="","",COUNTIFS(Pendências!$C$5:$C$304,Config!$A$14,Pendências!$H$5:$H$304,"Atrasada")) | D33: =IF(Config!$A$14="","",COUNTIFS(Pendências!$C$5:$C$304,Config!$A$14,Pendências!$H$5:$H$304,"Esta semana")+COUNTIFS(Pendências!$C$5:$C$304,Config!$A$14,Pendências!$H$5:$H$304,"Hoje")) | E33: =IF(Config!$A$14="","",COUNTIFS(Pendências!$C$5:$C$304,Config!$A$14,Pendências!$F$5:$F$304,"Feito")) | F33: =IF(Config!$A$14="","",IFERROR(IF(OR(SUMPRODUCT(MIN((Pendências!$C$5:$C$304=Config!$A$14)*(Pendências!$F$5:$F$304<>"Feito")*(Pendências!$B$5:$B$304<>"")*(Pendências!$D$5:$D$304<>"")*Pendências!$D$5:$D$304+(1-(Pendências!$C$5:$C$304=Config!$A$14)*(Pendências!$F$5:$F$304<>"Feito")*(Pendências!$B$5:$B$304<>"")*(Pendências!$D$5:$D$304<>""))*1E+10))=0,SUMPRODUCT(MIN((Pendências!$C$5:$C$304=Config!$A$14)*(Pendências!$F$5:$F$304<>"Feito")*(Pendências!$B$5:$B$304<>"")*(Pendências!$D$5:$D$304<>"")*Pendências!$D$5:$D$304+(1-(Pendências!$C$5:$C$304=Config!$A$14)*(Pendências!$F$5:$F$304<>"Feito")*(Pendências!$B$5:$B$304<>"")*(Pendências!$D$5:$D$304<>""))*1E+10))>=1E+10),"",SUMPRODUCT(MIN((Pendências!$C$5:$C$304=Config!$A$14)*(Pendências!$F$5:$F$304<>"Feito")*(Pendências!$B$5:$B$304<>"")*(Pendências!$D$5:$D$304<>"")*Pendências!$D$5:$D$304+(1-(Pendências!$C$5:$C$304=Config!$A$14)*(Pendências!$F$5:$F$304<>"Feito")*(Pendências!$B$5:$B$304<>"")*(Pendências!$D$5:$D$304<>""))*1E+10))),""))
A34: =IF(Config!$A$15="","",Config!$A$15) | B34: =IF(Config!$A$15="","",COUNTIFS(Pendências!$C$5:$C$304,Config!$A$15,Pendências!$B$5:$B$304,"<>",Pendências!$F$5:$F$304,"<>Feito")) | C34: =IF(Config!$A$15="","",COUNTIFS(Pendências!$C$5:$C$304,Config!$A$15,Pendências!$H$5:$H$304,"Atrasada")) | D34: =IF(Config!$A$15="","",COUNTIFS(Pendências!$C$5:$C$304,Config!$A$15,Pendências!$H$5:$H$304,"Esta semana")+COUNTIFS(Pendências!$C$5:$C$304,Config!$A$15,Pendências!$H$5:$H$304,"Hoje")) | E34: =IF(Config!$A$15="","",COUNTIFS(Pendências!$C$5:$C$304,Config!$A$15,Pendências!$F$5:$F$304,"Feito")) | F34: =IF(Config!$A$15="","",IFERROR(IF(OR(SUMPRODUCT(MIN((Pendências!$C$5:$C$304=Config!$A$15)*(Pendências!$F$5:$F$304<>"Feito")*(Pendências!$B$5:$B$304<>"")*(Pendências!$D$5:$D$304<>"")*Pendências!$D$5:$D$304+(1-(Pendências!$C$5:$C$304=Config!$A$15)*(Pendências!$F$5:$F$304<>"Feito")*(Pendências!$B$5:$B$304<>"")*(Pendências!$D$5:$D$304<>""))*1E+10))=0,SUMPRODUCT(MIN((Pendências!$C$5:$C$304=Config!$A$15)*(Pendências!$F$5:$F$304<>"Feito")*(Pendências!$B$5:$B$304<>"")*(Pendências!$D$5:$D$304<>"")*Pendências!$D$5:$D$304+(1-(Pendências!$C$5:$C$304=Config!$A$15)*(Pendências!$F$5:$F$304<>"Feito")*(Pendências!$B$5:$B$304<>"")*(Pendências!$D$5:$D$304<>""))*1E+10))>=1E+10),"",SUMPRODUCT(MIN((Pendências!$C$5:$C$304=Config!$A$15)*(Pendências!$F$5:$F$304<>"Feito")*(Pendências!$B$5:$B$304<>"")*(Pendências!$D$5:$D$304<>"")*Pendências!$D$5:$D$304+(1-(Pendências!$C$5:$C$304=Config!$A$15)*(Pendências!$F$5:$F$304<>"Feito")*(Pendências!$B$5:$B$304<>"")*(Pendências!$D$5:$D$304<>""))*1E+10))),""))
A35: =IF(Config!$A$16="","",Config!$A$16) | B35: =IF(Config!$A$16="","",COUNTIFS(Pendências!$C$5:$C$304,Config!$A$16,Pendências!$B$5:$B$304,"<>",Pendências!$F$5:$F$304,"<>Feito")) | C35: =IF(Config!$A$16="","",COUNTIFS(Pendências!$C$5:$C$304,Config!$A$16,Pendências!$H$5:$H$304,"Atrasada")) | D35: =IF(Config!$A$16="","",COUNTIFS(Pendências!$C$5:$C$304,Config!$A$16,Pendências!$H$5:$H$304,"Esta semana")+COUNTIFS(Pendências!$C$5:$C$304,Config!$A$16,Pendências!$H$5:$H$304,"Hoje")) | E35: =IF(Config!$A$16="","",COUNTIFS(Pendências!$C$5:$C$304,Config!$A$16,Pendências!$F$5:$F$304,"Feito")) | F35: =IF(Config!$A$16="","",IFERROR(IF(OR(SUMPRODUCT(MIN((Pendências!$C$5:$C$304=Config!$A$16)*(Pendências!$F$5:$F$304<>"Feito")*(Pendências!$B$5:$B$304<>"")*(Pendências!$D$5:$D$304<>"")*Pendências!$D$5:$D$304+(1-(Pendências!$C$5:$C$304=Config!$A$16)*(Pendências!$F$5:$F$304<>"Feito")*(Pendências!$B$5:$B$304<>"")*(Pendências!$D$5:$D$304<>""))*1E+10))=0,SUMPRODUCT(MIN((Pendências!$C$5:$C$304=Config!$A$16)*(Pendências!$F$5:$F$304<>"Feito")*(Pendências!$B$5:$B$304<>"")*(Pendências!$D$5:$D$304<>"")*Pendências!$D$5:$D$304+(1-(Pendências!$C$5:$C$304=Config!$A$16)*(Pendências!$F$5:$F$304<>"Feito")*(Pendências!$B$5:$B$304<>"")*(Pendências!$D$5:$D$304<>""))*1E+10))>=1E+10),"",SUMPRODUCT(MIN((Pendências!$C$5:$C$304=Config!$A$16)*(Pendências!$F$5:$F$304<>"Feito")*(Pendências!$B$5:$B$304<>"")*(Pendências!$D$5:$D$304<>"")*Pendências!$D$5:$D$304+(1-(Pendências!$C$5:$C$304=Config!$A$16)*(Pendências!$F$5:$F$304<>"Feito")*(Pendências!$B$5:$B$304<>"")*(Pendências!$D$5:$D$304<>""))*1E+10))),""))
A36: =IF(Config!$A$17="","",Config!$A$17) | B36: =IF(Config!$A$17="","",COUNTIFS(Pendências!$C$5:$C$304,Config!$A$17,Pendências!$B$5:$B$304,"<>",Pendências!$F$5:$F$304,"<>Feito")) | C36: =IF(Config!$A$17="","",COUNTIFS(Pendências!$C$5:$C$304,Config!$A$17,Pendências!$H$5:$H$304,"Atrasada")) | D36: =IF(Config!$A$17="","",COUNTIFS(Pendências!$C$5:$C$304,Config!$A$17,Pendências!$H$5:$H$304,"Esta semana")+COUNTIFS(Pendências!$C$5:$C$304,Config!$A$17,Pendências!$H$5:$H$304,"Hoje")) | E36: =IF(Config!$A$17="","",COUNTIFS(Pendências!$C$5:$C$304,Config!$A$17,Pendências!$F$5:$F$304,"Feito")) | F36: =IF(Config!$A$17="","",IFERROR(IF(OR(SUMPRODUCT(MIN((Pendências!$C$5:$C$304=Config!$A$17)*(Pendências!$F$5:$F$304<>"Feito")*(Pendências!$B$5:$B$304<>"")*(Pendências!$D$5:$D$304<>"")*Pendências!$D$5:$D$304+(1-(Pendências!$C$5:$C$304=Config!$A$17)*(Pendências!$F$5:$F$304<>"Feito")*(Pendências!$B$5:$B$304<>"")*(Pendências!$D$5:$D$304<>""))*1E+10))=0,SUMPRODUCT(MIN((Pendências!$C$5:$C$304=Config!$A$17)*(Pendências!$F$5:$F$304<>"Feito")*(Pendências!$B$5:$B$304<>"")*(Pendências!$D$5:$D$304<>"")*Pendências!$D$5:$D$304+(1-(Pendências!$C$5:$C$304=Config!$A$17)*(Pendências!$F$5:$F$304<>"Feito")*(Pendências!$B$5:$B$304<>"")*(Pendências!$D$5:$D$304<>""))*1E+10))>=1E+10),"",SUMPRODUCT(MIN((Pendências!$C$5:$C$304=Config!$A$17)*(Pendências!$F$5:$F$304<>"Feito")*(Pendências!$B$5:$B$304<>"")*(Pendências!$D$5:$D$304<>"")*Pendências!$D$5:$D$304+(1-(Pendências!$C$5:$C$304=Config!$A$17)*(Pendências!$F$5:$F$304<>"Feito")*(Pendências!$B$5:$B$304<>"")*(Pendências!$D$5:$D$304<>""))*1E+10))),""))
A37: =IF(Config!$A$18="","",Config!$A$18) | B37: =IF(Config!$A$18="","",COUNTIFS(Pendências!$C$5:$C$304,Config!$A$18,Pendências!$B$5:$B$304,"<>",Pendências!$F$5:$F$304,"<>Feito")) | C37: =IF(Config!$A$18="","",COUNTIFS(Pendências!$C$5:$C$304,Config!$A$18,Pendências!$H$5:$H$304,"Atrasada")) | D37: =IF(Config!$A$18="","",COUNTIFS(Pendências!$C$5:$C$304,Config!$A$18,Pendências!$H$5:$H$304,"Esta semana")+COUNTIFS(Pendências!$C$5:$C$304,Config!$A$18,Pendências!$H$5:$H$304,"Hoje")) | E37: =IF(Config!$A$18="","",COUNTIFS(Pendências!$C$5:$C$304,Config!$A$18,Pendências!$F$5:$F$304,"Feito")) | F37: =IF(Config!$A$18="","",IFERROR(IF(OR(SUMPRODUCT(MIN((Pendências!$C$5:$C$304=Config!$A$18)*(Pendências!$F$5:$F$304<>"Feito")*(Pendências!$B$5:$B$304<>"")*(Pendências!$D$5:$D$304<>"")*Pendências!$D$5:$D$304+(1-(Pendências!$C$5:$C$304=Config!$A$18)*(Pendências!$F$5:$F$304<>"Feito")*(Pendências!$B$5:$B$304<>"")*(Pendências!$D$5:$D$304<>""))*1E+10))=0,SUMPRODUCT(MIN((Pendências!$C$5:$C$304=Config!$A$18)*(Pendências!$F$5:$F$304<>"Feito")*(Pendências!$B$5:$B$304<>"")*(Pendências!$D$5:$D$304<>"")*Pendências!$D$5:$D$304+(1-(Pendências!$C$5:$C$304=Config!$A$18)*(Pendências!$F$5:$F$304<>"Feito")*(Pendências!$B$5:$B$304<>"")*(Pendências!$D$5:$D$304<>""))*1E+10))>=1E+10),"",SUMPRODUCT(MIN((Pendências!$C$5:$C$304=Config!$A$18)*(Pendências!$F$5:$F$304<>"Feito")*(Pendências!$B$5:$B$304<>"")*(Pendências!$D$5:$D$304<>"")*Pendências!$D$5:$D$304+(1-(Pendências!$C$5:$C$304=Config!$A$18)*(Pendências!$F$5:$F$304<>"Feito")*(Pendências!$B$5:$B$304<>"")*(Pendências!$D$5:$D$304<>""))*1E+10))),""))
A38: =IF(Config!$A$19="","",Config!$A$19) | B38: =IF(Config!$A$19="","",COUNTIFS(Pendências!$C$5:$C$304,Config!$A$19,Pendências!$B$5:$B$304,"<>",Pendências!$F$5:$F$304,"<>Feito")) | C38: =IF(Config!$A$19="","",COUNTIFS(Pendências!$C$5:$C$304,Config!$A$19,Pendências!$H$5:$H$304,"Atrasada")) | D38: =IF(Config!$A$19="","",COUNTIFS(Pendências!$C$5:$C$304,Config!$A$19,Pendências!$H$5:$H$304,"Esta semana")+COUNTIFS(Pendências!$C$5:$C$304,Config!$A$19,Pendências!$H$5:$H$304,"Hoje")) | E38: =IF(Config!$A$19="","",COUNTIFS(Pendências!$C$5:$C$304,Config!$A$19,Pendências!$F$5:$F$304,"Feito")) | F38: =IF(Config!$A$19="","",IFERROR(IF(OR(SUMPRODUCT(MIN((Pendências!$C$5:$C$304=Config!$A$19)*(Pendências!$F$5:$F$304<>"Feito")*(Pendências!$B$5:$B$304<>"")*(Pendências!$D$5:$D$304<>"")*Pendências!$D$5:$D$304+(1-(Pendências!$C$5:$C$304=Config!$A$19)*(Pendências!$F$5:$F$304<>"Feito")*(Pendências!$B$5:$B$304<>"")*(Pendências!$D$5:$D$304<>""))*1E+10))=0,SUMPRODUCT(MIN((Pendências!$C$5:$C$304=Config!$A$19)*(Pendências!$F$5:$F$304<>"Feito")*(Pendências!$B$5:$B$304<>"")*(Pendências!$D$5:$D$304<>"")*Pendências!$D$5:$D$304+(1-(Pendências!$C$5:$C$304=Config!$A$19)*(Pendências!$F$5:$F$304<>"Feito")*(Pendências!$B$5:$B$304<>"")*(Pendências!$D$5:$D$304<>""))*1E+10))>=1E+10),"",SUMPRODUCT(MIN((Pendências!$C$5:$C$304=Config!$A$19)*(Pendências!$F$5:$F$304<>"Feito")*(Pendências!$B$5:$B$304<>"")*(Pendências!$D$5:$D$304<>"")*Pendências!$D$5:$D$304+(1-(Pendências!$C$5:$C$304=Config!$A$19)*(Pendências!$F$5:$F$304<>"Feito")*(Pendências!$B$5:$B$304<>"")*(Pendências!$D$5:$D$304<>""))*1E+10))),""))
A39: =IF(Config!$A$20="","",Config!$A$20) | B39: =IF(Config!$A$20="","",COUNTIFS(Pendências!$C$5:$C$304,Config!$A$20,Pendências!$B$5:$B$304,"<>",Pendências!$F$5:$F$304,"<>Feito")) | C39: =IF(Config!$A$20="","",COUNTIFS(Pendências!$C$5:$C$304,Config!$A$20,Pendências!$H$5:$H$304,"Atrasada")) | D39: =IF(Config!$A$20="","",COUNTIFS(Pendências!$C$5:$C$304,Config!$A$20,Pendências!$H$5:$H$304,"Esta semana")+COUNTIFS(Pendências!$C$5:$C$304,Config!$A$20,Pendências!$H$5:$H$304,"Hoje")) | E39: =IF(Config!$A$20="","",COUNTIFS(Pendências!$C$5:$C$304,Config!$A$20,Pendências!$F$5:$F$304,"Feito")) | F39: =IF(Config!$A$20="","",IFERROR(IF(OR(SUMPRODUCT(MIN((Pendências!$C$5:$C$304=Config!$A$20)*(Pendências!$F$5:$F$304<>"Feito")*(Pendências!$B$5:$B$304<>"")*(Pendências!$D$5:$D$304<>"")*Pendências!$D$5:$D$304+(1-(Pendências!$C$5:$C$304=Config!$A$20)*(Pendências!$F$5:$F$304<>"Feito")*(Pendências!$B$5:$B$304<>"")*(Pendências!$D$5:$D$304<>""))*1E+10))=0,SUMPRODUCT(MIN((Pendências!$C$5:$C$304=Config!$A$20)*(Pendências!$F$5:$F$304<>"Feito")*(Pendências!$B$5:$B$304<>"")*(Pendências!$D$5:$D$304<>"")*Pendências!$D$5:$D$304+(1-(Pendências!$C$5:$C$304=Config!$A$20)*(Pendências!$F$5:$F$304<>"Feito")*(Pendências!$B$5:$B$304<>"")*(Pendências!$D$5:$D$304<>""))*1E+10))>=1E+10),"",SUMPRODUCT(MIN((Pendências!$C$5:$C$304=Config!$A$20)*(Pendências!$F$5:$F$304<>"Feito")*(Pendências!$B$5:$B$304<>"")*(Pendências!$D$5:$D$304<>"")*Pendências!$D$5:$D$304+(1-(Pendências!$C$5:$C$304=Config!$A$20)*(Pendências!$F$5:$F$304<>"Feito")*(Pendências!$B$5:$B$304<>"")*(Pendências!$D$5:$D$304<>""))*1E+10))),""))

Sheet Resumo
A1: ="Resumo da reunião "&Config!B6&" · "&IFERROR(INDEX(Reuniões!$C$5:$C$104,MATCH(Config!B6,Reuniões!$A$5:$A$104,0)),"") -> Resumo da reunião R-004 · Semanal da equipe
A2: Escolha a reunião em Config. Copie o bloco abaixo e cole no prompt "Escrever 07: resumo de reunião para quem não foi" ou "Escrever 02: e-mail curto que pede algo".
A4: Data | B4: =IFERROR(INDEX(Reuniões!$B$5:$B$104,MATCH(Config!$B$6,Reuniões!$A$5:$A$104,0)),"") -> 46275
A5: Assunto | B5: =IFERROR(INDEX(Reuniões!$C$5:$C$104,MATCH(Config!$B$6,Reuniões!$A$5:$A$104,0)),"") -> Semanal da equipe
A6: Participantes | B6: =IFERROR(INDEX(Reuniões!$D$5:$D$104,MATCH(Config!$B$6,Reuniões!$A$5:$A$104,0)),"") -> Ana; Bruno; Carla; Diego
A7: Decisões | B7: =IFERROR(INDEX(Reuniões!$E$5:$E$104,MATCH(Config!$B$6,Reuniões!$A$5:$A$104,0)),"") -> Manual da Padaria atrasou: Carla fecha até 15/09; Diego prepara o servidor do site; reunião com o Bistrô na quarta
A9: Pendências desta reunião
A10: # | B10: Pendência | C10: Dono | D10: Prazo | E10: Status | F10: Situação
A11: 1 | B11: =IFERROR(IF(INDEX(Pendências!$B$5:$B$304,MATCH(1,Pendências!$K$5:$K$304,0))="","",INDEX(Pendências!$B$5:$B$304,MATCH(1,Pendências!$K$5:$K$304,0))),"") -> Fechar o manual da marca da Padaria | C11: =IFERROR(IF(INDEX(Pendências!$C$5:$C$304,MATCH(1,Pendências!$K$5:$K$304,0))="","",INDEX(Pendências!$C$5:$C$304,MATCH(1,Pendências!$K$5:$K$304,0))),"") -> Carla | D11: =IFERROR(IF(INDEX(Pendências!$D$5:$D$304,MATCH(1,Pendências!$K$5:$K$304,0))="","",INDEX(Pendências!$D$5:$D$304,MATCH(1,Pendências!$K$5:$K$304,0))),"") -> 46280 | E11: =IFERROR(IF(INDEX(Pendências!$F$5:$F$304,MATCH(1,Pendências!$K$5:$K$304,0))="","",INDEX(Pendências!$F$5:$F$304,MATCH(1,Pendências!$K$5:$K$304,0))),"") -> Fazendo | F11: =IFERROR(IF(INDEX(Pendências!$H$5:$H$304,MATCH(1,Pendências!$K$5:$K$304,0))="","",INDEX(Pendências!$H$5:$H$304,MATCH(1,Pendências!$K$5:$K$304,0))),"") -> Esta semana | H11: =""&IF(B11="","",B11&" (dono: "&C11&"; prazo: "&IF(D11="","sem prazo",TEXT(DAY(D11),"00")&"/"&TEXT(MONTH(D11),"00"))&IF(F11="Sem prazo","","; "&LOWER(F11))&") | ") -> Fechar o manual da marca da Padaria (dono: Carla; prazo: 15/09; esta semana) |
A12: 2 | B12: =IFERROR(IF(INDEX(Pendências!$B$5:$B$304,MATCH(2,Pendências!$K$5:$K$304,0))="","",INDEX(Pendências!$B$5:$B$304,MATCH(2,Pendências!$K$5:$K$304,0))),"") -> Preparar o servidor e o domínio do site | C12: =IFERROR(IF(INDEX(Pendências!$C$5:$C$304,MATCH(2,Pendências!$K$5:$K$304,0))="","",INDEX(Pendências!$C$5:$C$304,MATCH(2,Pendências!$K$5:$K$304,0))),"") -> Diego | D12: =IFERROR(IF(INDEX(Pendências!$D$5:$D$304,MATCH(2,Pendências!$K$5:$K$304,0))="","",INDEX(Pendências!$D$5:$D$304,MATCH(2,Pendências!$K$5:$K$304,0))),"") -> 46283 | E12: =IFERROR(IF(INDEX(Pendências!$F$5:$F$304,MATCH(2,Pendências!$K$5:$K$304,0))="","",INDEX(Pendências!$F$5:$F$304,MATCH(2,Pendências!$K$5:$K$304,0))),"") -> A fazer | F12: =IFERROR(IF(INDEX(Pendências!$H$5:$H$304,MATCH(2,Pendências!$K$5:$K$304,0))="","",INDEX(Pendências!$H$5:$H$304,MATCH(2,Pendências!$K$5:$K$304,0))),"") -> Esta semana | H12: =H11&IF(B12="","",B12&" (dono: "&C12&"; prazo: "&IF(D12="","sem prazo",TEXT(DAY(D12),"00")&"/"&TEXT(MONTH(D12),"00"))&IF(F12="Sem prazo","","; "&LOWER(F12))&") | ") -> Fechar o manual da marca da Padaria (dono: Carla; prazo: 15/09; esta semana) | Preparar o servidor e o domínio do site (dono: Diego; prazo: 18/09; esta semana) |
A13: 3 | B13: =IFERROR(IF(INDEX(Pendências!$B$5:$B$304,MATCH(3,Pendências!$K$5:$K$304,0))="","",INDEX(Pendências!$B$5:$B$304,MATCH(3,Pendências!$K$5:$K$304,0))),"") -> Confirmar a reunião de quarta com o Bistrô | C13: =IFERROR(IF(INDEX(Pendências!$C$5:$C$304,MATCH(3,Pendências!$K$5:$K$304,0))="","",INDEX(Pendências!$C$5:$C$304,MATCH(3,Pendências!$K$5:$K$304,0))),"") -> Ana | D13: =IFERROR(IF(INDEX(Pendências!$D$5:$D$304,MATCH(3,Pendências!$K$5:$K$304,0))="","",INDEX(Pendências!$D$5:$D$304,MATCH(3,Pendências!$K$5:$K$304,0))),"") -> 46276 | E13: =IFERROR(IF(INDEX(Pendências!$F$5:$F$304,MATCH(3,Pendências!$K$5:$K$304,0))="","",INDEX(Pendências!$F$5:$F$304,MATCH(3,Pendências!$K$5:$K$304,0))),"") -> A fazer | F13: =IFERROR(IF(INDEX(Pendências!$H$5:$H$304,MATCH(3,Pendências!$K$5:$K$304,0))="","",INDEX(Pendências!$H$5:$H$304,MATCH(3,Pendências!$K$5:$K$304,0))),"") -> Atrasada | H13: =H12&IF(B13="","",B13&" (dono: "&C13&"; prazo: "&IF(D13="","sem prazo",TEXT(DAY(D13),"00")&"/"&TEXT(MONTH(D13),"00"))&IF(F13="Sem prazo","","; "&LOWER(F13))&") | ") -> Fechar o manual da marca da Padaria (dono: Carla; prazo: 15/09; esta semana) | Preparar o servidor e o domínio do site (dono: Diego; prazo: 18/09; esta semana) | Confirmar a reunião de quarta com o Bistrô (dono: Ana; prazo: 11/09; atrasada) |
A14: 4 | B14: =IFERROR(IF(INDEX(Pendências!$B$5:$B$304,MATCH(4,Pendências!$K$5:$K$304,0))="","",INDEX(Pendências!$B$5:$B$304,MATCH(4,Pendências!$K$5:$K$304,0))),"") -> Levantar custo do freela de motion | C14: =IFERROR(IF(INDEX(Pendências!$C$5:$C$304,MATCH(4,Pendências!$K$5:$K$304,0))="","",INDEX(Pendências!$C$5:$C$304,MATCH(4,Pendências!$K$5:$K$304,0))),"") -> Ana | D14: =IFERROR(IF(INDEX(Pendências!$D$5:$D$304,MATCH(4,Pendências!$K$5:$K$304,0))="","",INDEX(Pendências!$D$5:$D$304,MATCH(4,Pendências!$K$5:$K$304,0))),"") -> 46278 | E14: =IFERROR(IF(INDEX(Pendências!$F$5:$F$304,MATCH(4,Pendências!$K$5:$K$304,0))="","",INDEX(Pendências!$F$5:$F$304,MATCH(4,Pendências!$K$5:$K$304,0))),"") -> A fazer | F14: =IFERROR(IF(INDEX(Pendências!$H$5:$H$304,MATCH(4,Pendências!$K$5:$K$304,0))="","",INDEX(Pendências!$H$5:$H$304,MATCH(4,Pendências!$K$5:$K$304,0))),"") -> Atrasada | H14: =H13&IF(B14="","",B14&" (dono: "&C14&"; prazo: "&IF(D14="","sem prazo",TEXT(DAY(D14),"00")&"/"&TEXT(MONTH(D14),"00"))&IF(F14="Sem prazo","","; "&LOWER(F14))&") | ") -> Fechar o manual da marca da Padaria (dono: Carla; prazo: 15/09; esta semana) | Preparar o servidor e o domínio do site (dono: Diego; prazo: 18/09; esta semana) | Confirmar a reunião de quarta com o Bistrô (dono: Ana; prazo: 11/09; atrasada) | Levantar custo do freela de motion (dono: Ana; prazo: 13/09; atrasada) |
A15: 5 | B15: =IFERROR(IF(INDEX(Pendências!$B$5:$B$304,MATCH(5,Pendências!$K$5:$K$304,0))="","",INDEX(Pendências!$B$5:$B$304,MATCH(5,Pendências!$K$5:$K$304,0))),"") -> Revisar a proposta comercial da Aurora | C15: =IFERROR(IF(INDEX(Pendências!$C$5:$C$304,MATCH(5,Pendências!$K$5:$K$304,0))="","",INDEX(Pendências!$C$5:$C$304,MATCH(5,Pendências!$K$5:$K$304,0))),"") -> Ana | D15: =IFERROR(IF(INDEX(Pendências!$D$5:$D$304,MATCH(5,Pendências!$K$5:$K$304,0))="","",INDEX(Pendências!$D$5:$D$304,MATCH(5,Pendências!$K$5:$K$304,0))),"") | E15: =IFERROR(IF(INDEX(Pendências!$F$5:$F$304,MATCH(5,Pendências!$K$5:$K$304,0))="","",INDEX(Pendências!$F$5:$F$304,MATCH(5,Pendências!$K$5:$K$304,0))),"") -> A fazer | F15: =IFERROR(IF(INDEX(Pendências!$H$5:$H$304,MATCH(5,Pendências!$K$5:$K$304,0))="","",INDEX(Pendências!$H$5:$H$304,MATCH(5,Pendências!$K$5:$K$304,0))),"") -> Sem prazo | H15: =H14&IF(B15="","",B15&" (dono: "&C15&"; prazo: "&IF(D15="","sem prazo",TEXT(DAY(D15),"00")&"/"&TEXT(MONTH(D15),"00"))&IF(F15="Sem prazo","","; "&LOWER(F15))&") | ") -> Fechar o manual da marca da Padaria (dono: Carla; prazo: 15/09; esta semana) | Preparar o servidor e o domínio do site (dono: Diego; prazo: 18/09; esta semana) | Confirmar a reunião de quarta com o Bistrô (dono: Ana; prazo: 11/09; atrasada) | Levantar custo do freela de motion (dono: Ana; prazo: 13/09; atrasada) | Revisar a proposta comercial da Aurora (dono: Ana; prazo: sem prazo) |
A16: 6 | B16: =IFERROR(IF(INDEX(Pendências!$B$5:$B$304,MATCH(6,Pendências!$K$5:$K$304,0))="","",INDEX(Pendências!$B$5:$B$304,MATCH(6,Pendências!$K$5:$K$304,0))),"") | C16: =IFERROR(IF(INDEX(Pendências!$C$5:$C$304,MATCH(6,Pendências!$K$5:$K$304,0))="","",INDEX(Pendências!$C$5:$C$304,MATCH(6,Pendências!$K$5:$K$304,0))),"") | D16: =IFERROR(IF(INDEX(Pendências!$D$5:$D$304,MATCH(6,Pendências!$K$5:$K$304,0))="","",INDEX(Pendências!$D$5:$D$304,MATCH(6,Pendências!$K$5:$K$304,0))),"") | E16: =IFERROR(IF(INDEX(Pendências!$F$5:$F$304,MATCH(6,Pendências!$K$5:$K$304,0))="","",INDEX(Pendências!$F$5:$F$304,MATCH(6,Pendências!$K$5:$K$304,0))),"") | F16: =IFERROR(IF(INDEX(Pendências!$H$5:$H$304,MATCH(6,Pendências!$K$5:$K$304,0))="","",INDEX(Pendências!$H$5:$H$304,MATCH(6,Pendências!$K$5:$K$304,0))),"") | H16: =H15&IF(B16="","",B16&" (dono: "&C16&"; prazo: "&IF(D16="","sem prazo",TEXT(DAY(D16),"00")&"/"&TEXT(MONTH(D16),"00"))&IF(F16="Sem prazo","","; "&LOWER(F16))&") | ") -> Fechar o manual da marca da Padaria (dono: Carla; prazo: 15/09; esta semana) | Preparar o servidor e o domínio do site (dono: Diego; prazo: 18/09; esta semana) | Confirmar a reunião de quarta com o Bistrô (dono: Ana; prazo: 11/09; atrasada) | Levantar custo do freela de motion (dono: Ana; prazo: 13/09; atrasada) | Revisar a proposta comercial da Aurora (dono: Ana; prazo: sem prazo) |
A17: 7 | B17: =IFERROR(IF(INDEX(Pendências!$B$5:$B$304,MATCH(7,Pendências!$K$5:$K$304,0))="","",INDEX(Pendências!$B$5:$B$304,MATCH(7,Pendências!$K$5:$K$304,0))),"") | C17: =IFERROR(IF(INDEX(Pendências!$C$5:$C$304,MATCH(7,Pendências!$K$5:$K$304,0))="","",INDEX(Pendências!$C$5:$C$304,MATCH(7,Pendências!$K$5:$K$304,0))),"") | D17: =IFERROR(IF(INDEX(Pendências!$D$5:$D$304,MATCH(7,Pendências!$K$5:$K$304,0))="","",INDEX(Pendências!$D$5:$D$304,MATCH(7,Pendências!$K$5:$K$304,0))),"") | E17: =IFERROR(IF(INDEX(Pendências!$F$5:$F$304,MATCH(7,Pendências!$K$5:$K$304,0))="","",INDEX(Pendências!$F$5:$F$304,MATCH(7,Pendências!$K$5:$K$304,0))),"") | F17: =IFERROR(IF(INDEX(Pendências!$H$5:$H$304,MATCH(7,Pendências!$K$5:$K$304,0))="","",INDEX(Pendências!$H$5:$H$304,MATCH(7,Pendências!$K$5:$K$304,0))),"") | H17: =H16&IF(B17="","",B17&" (dono: "&C17&"; prazo: "&IF(D17="","sem prazo",TEXT(DAY(D17),"00")&"/"&TEXT(MONTH(D17),"00"))&IF(F17="Sem prazo","","; "&LOWER(F17))&") | ") -> Fechar o manual da marca da Padaria (dono: Carla; prazo: 15/09; esta semana) | Preparar o servidor e o domínio do site (dono: Diego; prazo: 18/09; esta semana) | Confirmar a reunião de quarta com o Bistrô (dono: Ana; prazo: 11/09; atrasada) | Levantar custo do freela de motion (dono: Ana; prazo: 13/09; atrasada) | Revisar a proposta comercial da Aurora (dono: Ana; prazo: sem prazo) |
A18: 8 | B18: =IFERROR(IF(INDEX(Pendências!$B$5:$B$304,MATCH(8,Pendências!$K$5:$K$304,0))="","",INDEX(Pendências!$B$5:$B$304,MATCH(8,Pendências!$K$5:$K$304,0))),"") | C18: =IFERROR(IF(INDEX(Pendências!$C$5:$C$304,MATCH(8,Pendências!$K$5:$K$304,0))="","",INDEX(Pendências!$C$5:$C$304,MATCH(8,Pendências!$K$5:$K$304,0))),"") | D18: =IFERROR(IF(INDEX(Pendências!$D$5:$D$304,MATCH(8,Pendências!$K$5:$K$304,0))="","",INDEX(Pendências!$D$5:$D$304,MATCH(8,Pendências!$K$5:$K$304,0))),"") | E18: =IFERROR(IF(INDEX(Pendências!$F$5:$F$304,MATCH(8,Pendências!$K$5:$K$304,0))="","",INDEX(Pendências!$F$5:$F$304,MATCH(8,Pendências!$K$5:$K$304,0))),"") | F18: =IFERROR(IF(INDEX(Pendências!$H$5:$H$304,MATCH(8,Pendências!$K$5:$K$304,0))="","",INDEX(Pendências!$H$5:$H$304,MATCH(8,Pendências!$K$5:$K$304,0))),"") | H18: =H17&IF(B18="","",B18&" (dono: "&C18&"; prazo: "&IF(D18="","sem prazo",TEXT(DAY(D18),"00")&"/"&TEXT(MONTH(D18),"00"))&IF(F18="Sem prazo","","; "&LOWER(F18))&") | ") -> Fechar o manual da marca da Padaria (dono: Carla; prazo: 15/09; esta semana) | Preparar o servidor e o domínio do site (dono: Diego; prazo: 18/09; esta semana) | Confirmar a reunião de quarta com o Bistrô (dono: Ana; prazo: 11/09; atrasada) | Levantar custo do freela de motion (dono: Ana; prazo: 13/09; atrasada) | Revisar a proposta comercial da Aurora (dono: Ana; prazo: sem prazo) |
A19: 9 | B19: =IFERROR(IF(INDEX(Pendências!$B$5:$B$304,MATCH(9,Pendências!$K$5:$K$304,0))="","",INDEX(Pendências!$B$5:$B$304,MATCH(9,Pendências!$K$5:$K$304,0))),"") | C19: =IFERROR(IF(INDEX(Pendências!$C$5:$C$304,MATCH(9,Pendências!$K$5:$K$304,0))="","",INDEX(Pendências!$C$5:$C$304,MATCH(9,Pendências!$K$5:$K$304,0))),"") | D19: =IFERROR(IF(INDEX(Pendências!$D$5:$D$304,MATCH(9,Pendências!$K$5:$K$304,0))="","",INDEX(Pendências!$D$5:$D$304,MATCH(9,Pendências!$K$5:$K$304,0))),"") | E19: =IFERROR(IF(INDEX(Pendências!$F$5:$F$304,MATCH(9,Pendências!$K$5:$K$304,0))="","",INDEX(Pendências!$F$5:$F$304,MATCH(9,Pendências!$K$5:$K$304,0))),"") | F19: =IFERROR(IF(INDEX(Pendências!$H$5:$H$304,MATCH(9,Pendências!$K$5:$K$304,0))="","",INDEX(Pendências!$H$5:$H$304,MATCH(9,Pendências!$K$5:$K$304,0))),"") | H19: =H18&IF(B19="","",B19&" (dono: "&C19&"; prazo: "&IF(D19="","sem prazo",TEXT(DAY(D19),"00")&"/"&TEXT(MONTH(D19),"00"))&IF(F19="Sem prazo","","; "&LOWER(F19))&") | ") -> Fechar o manual da marca da Padaria (dono: Carla; prazo: 15/09; esta semana) | Preparar o servidor e o domínio do site (dono: Diego; prazo: 18/09; esta semana) | Confirmar a reunião de quarta com o Bistrô (dono: Ana; prazo: 11/09; atrasada) | Levantar custo do freela de motion (dono: Ana; prazo: 13/09; atrasada) | Revisar a proposta comercial da Aurora (dono: Ana; prazo: sem prazo) |
A20: 10 | B20: =IFERROR(IF(INDEX(Pendências!$B$5:$B$304,MATCH(10,Pendências!$K$5:$K$304,0))="","",INDEX(Pendências!$B$5:$B$304,MATCH(10,Pendências!$K$5:$K$304,0))),"") | C20: =IFERROR(IF(INDEX(Pendências!$C$5:$C$304,MATCH(10,Pendências!$K$5:$K$304,0))="","",INDEX(Pendências!$C$5:$C$304,MATCH(10,Pendências!$K$5:$K$304,0))),"") | D20: =IFERROR(IF(INDEX(Pendências!$D$5:$D$304,MATCH(10,Pendências!$K$5:$K$304,0))="","",INDEX(Pendências!$D$5:$D$304,MATCH(10,Pendências!$K$5:$K$304,0))),"") | E20: =IFERROR(IF(INDEX(Pendências!$F$5:$F$304,MATCH(10,Pendências!$K$5:$K$304,0))="","",INDEX(Pendências!$F$5:$F$304,MATCH(10,Pendências!$K$5:$K$304,0))),"") | F20: =IFERROR(IF(INDEX(Pendências!$H$5:$H$304,MATCH(10,Pendências!$K$5:$K$304,0))="","",INDEX(Pendências!$H$5:$H$304,MATCH(10,Pendências!$K$5:$K$304,0))),"") | H20: =H19&IF(B20="","",B20&" (dono: "&C20&"; prazo: "&IF(D20="","sem prazo",TEXT(DAY(D20),"00")&"/"&TEXT(MONTH(D20),"00"))&IF(F20="Sem prazo","","; "&LOWER(F20))&") | ") -> Fechar o manual da marca da Padaria (dono: Carla; prazo: 15/09; esta semana) | Preparar o servidor e o domínio do site (dono: Diego; prazo: 18/09; esta semana) | Confirmar a reunião de quarta com o Bistrô (dono: Ana; prazo: 11/09; atrasada) | Levantar custo do freela de motion (dono: Ana; prazo: 13/09; atrasada) | Revisar a proposta comercial da Aurora (dono: Ana; prazo: sem prazo) |
A21: 11 | B21: =IFERROR(IF(INDEX(Pendências!$B$5:$B$304,MATCH(11,Pendências!$K$5:$K$304,0))="","",INDEX(Pendências!$B$5:$B$304,MATCH(11,Pendências!$K$5:$K$304,0))),"") | C21: =IFERROR(IF(INDEX(Pendências!$C$5:$C$304,MATCH(11,Pendências!$K$5:$K$304,0))="","",INDEX(Pendências!$C$5:$C$304,MATCH(11,Pendências!$K$5:$K$304,0))),"") | D21: =IFERROR(IF(INDEX(Pendências!$D$5:$D$304,MATCH(11,Pendências!$K$5:$K$304,0))="","",INDEX(Pendências!$D$5:$D$304,MATCH(11,Pendências!$K$5:$K$304,0))),"") | E21: =IFERROR(IF(INDEX(Pendências!$F$5:$F$304,MATCH(11,Pendências!$K$5:$K$304,0))="","",INDEX(Pendências!$F$5:$F$304,MATCH(11,Pendências!$K$5:$K$304,0))),"") | F21: =IFERROR(IF(INDEX(Pendências!$H$5:$H$304,MATCH(11,Pendências!$K$5:$K$304,0))="","",INDEX(Pendências!$H$5:$H$304,MATCH(11,Pendências!$K$5:$K$304,0))),"") | H21: =H20&IF(B21="","",B21&" (dono: "&C21&"; prazo: "&IF(D21="","sem prazo",TEXT(DAY(D21),"00")&"/"&TEXT(MONTH(D21),"00"))&IF(F21="Sem prazo","","; "&LOWER(F21))&") | ") -> Fechar o manual da marca da Padaria (dono: Carla; prazo: 15/09; esta semana) | Preparar o servidor e o domínio do site (dono: Diego; prazo: 18/09; esta semana) | Confirmar a reunião de quarta com o Bistrô (dono: Ana; prazo: 11/09; atrasada) | Levantar custo do freela de motion (dono: Ana; prazo: 13/09; atrasada) | Revisar a proposta comercial da Aurora (dono: Ana; prazo: sem prazo) |
A22: 12 | B22: =IFERROR(IF(INDEX(Pendências!$B$5:$B$304,MATCH(12,Pendências!$K$5:$K$304,0))="","",INDEX(Pendências!$B$5:$B$304,MATCH(12,Pendências!$K$5:$K$304,0))),"") | C22: =IFERROR(IF(INDEX(Pendências!$C$5:$C$304,MATCH(12,Pendências!$K$5:$K$304,0))="","",INDEX(Pendências!$C$5:$C$304,MATCH(12,Pendências!$K$5:$K$304,0))),"") | D22: =IFERROR(IF(INDEX(Pendências!$D$5:$D$304,MATCH(12,Pendências!$K$5:$K$304,0))="","",INDEX(Pendências!$D$5:$D$304,MATCH(12,Pendências!$K$5:$K$304,0))),"") | E22: =IFERROR(IF(INDEX(Pendências!$F$5:$F$304,MATCH(12,Pendências!$K$5:$K$304,0))="","",INDEX(Pendências!$F$5:$F$304,MATCH(12,Pendências!$K$5:$K$304,0))),"") | F22: =IFERROR(IF(INDEX(Pendências!$H$5:$H$304,MATCH(12,Pendências!$K$5:$K$304,0))="","",INDEX(Pendências!$H$5:$H$304,MATCH(12,Pendências!$K$5:$K$304,0))),"") | H22: =H21&IF(B22="","",B22&" (dono: "&C22&"; prazo: "&IF(D22="","sem prazo",TEXT(DAY(D22),"00")&"/"&TEXT(MONTH(D22),"00"))&IF(F22="Sem prazo","","; "&LOWER(F22))&") | ") -> Fechar o manual da marca da Padaria (dono: Carla; prazo: 15/09; esta semana) | Preparar o servidor e o domínio do site (dono: Diego; prazo: 18/09; esta semana) | Confirmar a reunião de quarta com o Bistrô (dono: Ana; prazo: 11/09; atrasada) | Levantar custo do freela de motion (dono: Ana; prazo: 13/09; atrasada) | Revisar a proposta comercial da Aurora (dono: Ana; prazo: sem prazo) |
A23: 13 | B23: =IFERROR(IF(INDEX(Pendências!$B$5:$B$304,MATCH(13,Pendências!$K$5:$K$304,0))="","",INDEX(Pendências!$B$5:$B$304,MATCH(13,Pendências!$K$5:$K$304,0))),"") | C23: =IFERROR(IF(INDEX(Pendências!$C$5:$C$304,MATCH(13,Pendências!$K$5:$K$304,0))="","",INDEX(Pendências!$C$5:$C$304,MATCH(13,Pendências!$K$5:$K$304,0))),"") | D23: =IFERROR(IF(INDEX(Pendências!$D$5:$D$304,MATCH(13,Pendências!$K$5:$K$304,0))="","",INDEX(Pendências!$D$5:$D$304,MATCH(13,Pendências!$K$5:$K$304,0))),"") | E23: =IFERROR(IF(INDEX(Pendências!$F$5:$F$304,MATCH(13,Pendências!$K$5:$K$304,0))="","",INDEX(Pendências!$F$5:$F$304,MATCH(13,Pendências!$K$5:$K$304,0))),"") | F23: =IFERROR(IF(INDEX(Pendências!$H$5:$H$304,MATCH(13,Pendências!$K$5:$K$304,0))="","",INDEX(Pendências!$H$5:$H$304,MATCH(13,Pendências!$K$5:$K$304,0))),"") | H23: =H22&IF(B23="","",B23&" (dono: "&C23&"; prazo: "&IF(D23="","sem prazo",TEXT(DAY(D23),"00")&"/"&TEXT(MONTH(D23),"00"))&IF(F23="Sem prazo","","; "&LOWER(F23))&") | ") -> Fechar o manual da marca da Padaria (dono: Carla; prazo: 15/09; esta semana) | Preparar o servidor e o domínio do site (dono: Diego; prazo: 18/09; esta semana) | Confirmar a reunião de quarta com o Bistrô (dono: Ana; prazo: 11/09; atrasada) | Levantar custo do freela de motion (dono: Ana; prazo: 13/09; atrasada) | Revisar a proposta comercial da Aurora (dono: Ana; prazo: sem prazo) |
A24: 14 | B24: =IFERROR(IF(INDEX(Pendências!$B$5:$B$304,MATCH(14,Pendências!$K$5:$K$304,0))="","",INDEX(Pendências!$B$5:$B$304,MATCH(14,Pendências!$K$5:$K$304,0))),"") | C24: =IFERROR(IF(INDEX(Pendências!$C$5:$C$304,MATCH(14,Pendências!$K$5:$K$304,0))="","",INDEX(Pendências!$C$5:$C$304,MATCH(14,Pendências!$K$5:$K$304,0))),"") | D24: =IFERROR(IF(INDEX(Pendências!$D$5:$D$304,MATCH(14,Pendências!$K$5:$K$304,0))="","",INDEX(Pendências!$D$5:$D$304,MATCH(14,Pendências!$K$5:$K$304,0))),"") | E24: =IFERROR(IF(INDEX(Pendências!$F$5:$F$304,MATCH(14,Pendências!$K$5:$K$304,0))="","",INDEX(Pendências!$F$5:$F$304,MATCH(14,Pendências!$K$5:$K$304,0))),"") | F24: =IFERROR(IF(INDEX(Pendências!$H$5:$H$304,MATCH(14,Pendências!$K$5:$K$304,0))="","",INDEX(Pendências!$H$5:$H$304,MATCH(14,Pendências!$K$5:$K$304,0))),"") | H24: =H23&IF(B24="","",B24&" (dono: "&C24&"; prazo: "&IF(D24="","sem prazo",TEXT(DAY(D24),"00")&"/"&TEXT(MONTH(D24),"00"))&IF(F24="Sem prazo","","; "&LOWER(F24))&") | ") -> Fechar o manual da marca da Padaria (dono: Carla; prazo: 15/09; esta semana) | Preparar o servidor e o domínio do site (dono: Diego; prazo: 18/09; esta semana) | Confirmar a reunião de quarta com o Bistrô (dono: Ana; prazo: 11/09; atrasada) | Levantar custo do freela de motion (dono: Ana; prazo: 13/09; atrasada) | Revisar a proposta comercial da Aurora (dono: Ana; prazo: sem prazo) |
A25: 15 | B25: =IFERROR(IF(INDEX(Pendências!$B$5:$B$304,MATCH(15,Pendências!$K$5:$K$304,0))="","",INDEX(Pendências!$B$5:$B$304,MATCH(15,Pendências!$K$5:$K$304,0))),"") | C25: =IFERROR(IF(INDEX(Pendências!$C$5:$C$304,MATCH(15,Pendências!$K$5:$K$304,0))="","",INDEX(Pendências!$C$5:$C$304,MATCH(15,Pendências!$K$5:$K$304,0))),"") | D25: =IFERROR(IF(INDEX(Pendências!$D$5:$D$304,MATCH(15,Pendências!$K$5:$K$304,0))="","",INDEX(Pendências!$D$5:$D$304,MATCH(15,Pendências!$K$5:$K$304,0))),"") | E25: =IFERROR(IF(INDEX(Pendências!$F$5:$F$304,MATCH(15,Pendências!$K$5:$K$304,0))="","",INDEX(Pendências!$F$5:$F$304,MATCH(15,Pendências!$K$5:$K$304,0))),"") | F25: =IFERROR(IF(INDEX(Pendências!$H$5:$H$304,MATCH(15,Pendências!$K$5:$K$304,0))="","",INDEX(Pendências!$H$5:$H$304,MATCH(15,Pendências!$K$5:$K$304,0))),"") | H25: =H24&IF(B25="","",B25&" (dono: "&C25&"; prazo: "&IF(D25="","sem prazo",TEXT(DAY(D25),"00")&"/"&TEXT(MONTH(D25),"00"))&IF(F25="Sem prazo","","; "&LOWER(F25))&") | ") -> Fechar o manual da marca da Padaria (dono: Carla; prazo: 15/09; esta semana) | Preparar o servidor e o domínio do site (dono: Diego; prazo: 18/09; esta semana) | Confirmar a reunião de quarta com o Bistrô (dono: Ana; prazo: 11/09; atrasada) | Levantar custo do freela de motion (dono: Ana; prazo: 13/09; atrasada) | Revisar a proposta comercial da Aurora (dono: Ana; prazo: sem prazo) |
A26: 16 | B26: =IFERROR(IF(INDEX(Pendências!$B$5:$B$304,MATCH(16,Pendências!$K$5:$K$304,0))="","",INDEX(Pendências!$B$5:$B$304,MATCH(16,Pendências!$K$5:$K$304,0))),"") | C26: =IFERROR(IF(INDEX(Pendências!$C$5:$C$304,MATCH(16,Pendências!$K$5:$K$304,0))="","",INDEX(Pendências!$C$5:$C$304,MATCH(16,Pendências!$K$5:$K$304,0))),"") | D26: =IFERROR(IF(INDEX(Pendências!$D$5:$D$304,MATCH(16,Pendências!$K$5:$K$304,0))="","",INDEX(Pendências!$D$5:$D$304,MATCH(16,Pendências!$K$5:$K$304,0))),"") | E26: =IFERROR(IF(INDEX(Pendências!$F$5:$F$304,MATCH(16,Pendências!$K$5:$K$304,0))="","",INDEX(Pendências!$F$5:$F$304,MATCH(16,Pendências!$K$5:$K$304,0))),"") | F26: =IFERROR(IF(INDEX(Pendências!$H$5:$H$304,MATCH(16,Pendências!$K$5:$K$304,0))="","",INDEX(Pendências!$H$5:$H$304,MATCH(16,Pendências!$K$5:$K$304,0))),"") | H26: =H25&IF(B26="","",B26&" (dono: "&C26&"; prazo: "&IF(D26="","sem prazo",TEXT(DAY(D26),"00")&"/"&TEXT(MONTH(D26),"00"))&IF(F26="Sem prazo","","; "&LOWER(F26))&") | ") -> Fechar o manual da marca da Padaria (dono: Carla; prazo: 15/09; esta semana) | Preparar o servidor e o domínio do site (dono: Diego; prazo: 18/09; esta semana) | Confirmar a reunião de quarta com o Bistrô (dono: Ana; prazo: 11/09; atrasada) | Levantar custo do freela de motion (dono: Ana; prazo: 13/09; atrasada) | Revisar a proposta comercial da Aurora (dono: Ana; prazo: sem prazo) |
A27: 17 | B27: =IFERROR(IF(INDEX(Pendências!$B$5:$B$304,MATCH(17,Pendências!$K$5:$K$304,0))="","",INDEX(Pendências!$B$5:$B$304,MATCH(17,Pendências!$K$5:$K$304,0))),"") | C27: =IFERROR(IF(INDEX(Pendências!$C$5:$C$304,MATCH(17,Pendências!$K$5:$K$304,0))="","",INDEX(Pendências!$C$5:$C$304,MATCH(17,Pendências!$K$5:$K$304,0))),"") | D27: =IFERROR(IF(INDEX(Pendências!$D$5:$D$304,MATCH(17,Pendências!$K$5:$K$304,0))="","",INDEX(Pendências!$D$5:$D$304,MATCH(17,Pendências!$K$5:$K$304,0))),"") | E27: =IFERROR(IF(INDEX(Pendências!$F$5:$F$304,MATCH(17,Pendências!$K$5:$K$304,0))="","",INDEX(Pendências!$F$5:$F$304,MATCH(17,Pendências!$K$5:$K$304,0))),"") | F27: =IFERROR(IF(INDEX(Pendências!$H$5:$H$304,MATCH(17,Pendências!$K$5:$K$304,0))="","",INDEX(Pendências!$H$5:$H$304,MATCH(17,Pendências!$K$5:$K$304,0))),"") | H27: =H26&IF(B27="","",B27&" (dono: "&C27&"; prazo: "&IF(D27="","sem prazo",TEXT(DAY(D27),"00")&"/"&TEXT(MONTH(D27),"00"))&IF(F27="Sem prazo","","; "&LOWER(F27))&") | ") -> Fechar o manual da marca da Padaria (dono: Carla; prazo: 15/09; esta semana) | Preparar o servidor e o domínio do site (dono: Diego; prazo: 18/09; esta semana) | Confirmar a reunião de quarta com o Bistrô (dono: Ana; prazo: 11/09; atrasada) | Levantar custo do freela de motion (dono: Ana; prazo: 13/09; atrasada) | Revisar a proposta comercial da Aurora (dono: Ana; prazo: sem prazo) |
A28: 18 | B28: =IFERROR(IF(INDEX(Pendências!$B$5:$B$304,MATCH(18,Pendências!$K$5:$K$304,0))="","",INDEX(Pendências!$B$5:$B$304,MATCH(18,Pendências!$K$5:$K$304,0))),"") | C28: =IFERROR(IF(INDEX(Pendências!$C$5:$C$304,MATCH(18,Pendências!$K$5:$K$304,0))="","",INDEX(Pendências!$C$5:$C$304,MATCH(18,Pendências!$K$5:$K$304,0))),"") | D28: =IFERROR(IF(INDEX(Pendências!$D$5:$D$304,MATCH(18,Pendências!$K$5:$K$304,0))="","",INDEX(Pendências!$D$5:$D$304,MATCH(18,Pendências!$K$5:$K$304,0))),"") | E28: =IFERROR(IF(INDEX(Pendências!$F$5:$F$304,MATCH(18,Pendências!$K$5:$K$304,0))="","",INDEX(Pendências!$F$5:$F$304,MATCH(18,Pendências!$K$5:$K$304,0))),"") | F28: =IFERROR(IF(INDEX(Pendências!$H$5:$H$304,MATCH(18,Pendências!$K$5:$K$304,0))="","",INDEX(Pendências!$H$5:$H$304,MATCH(18,Pendências!$K$5:$K$304,0))),"") | H28: =H27&IF(B28="","",B28&" (dono: "&C28&"; prazo: "&IF(D28="","sem prazo",TEXT(DAY(D28),"00")&"/"&TEXT(MONTH(D28),"00"))&IF(F28="Sem prazo","","; "&LOWER(F28))&") | ") -> Fechar o manual da marca da Padaria (dono: Carla; prazo: 15/09; esta semana) | Preparar o servidor e o domínio do site (dono: Diego; prazo: 18/09; esta semana) | Confirmar a reunião de quarta com o Bistrô (dono: Ana; prazo: 11/09; atrasada) | Levantar custo do freela de motion (dono: Ana; prazo: 13/09; atrasada) | Revisar a proposta comercial da Aurora (dono: Ana; prazo: sem prazo) |
A29: 19 | B29: =IFERROR(IF(INDEX(Pendências!$B$5:$B$304,MATCH(19,Pendências!$K$5:$K$304,0))="","",INDEX(Pendências!$B$5:$B$304,MATCH(19,Pendências!$K$5:$K$304,0))),"") | C29: =IFERROR(IF(INDEX(Pendências!$C$5:$C$304,MATCH(19,Pendências!$K$5:$K$304,0))="","",INDEX(Pendências!$C$5:$C$304,MATCH(19,Pendências!$K$5:$K$304,0))),"") | D29: =IFERROR(IF(INDEX(Pendências!$D$5:$D$304,MATCH(19,Pendências!$K$5:$K$304,0))="","",INDEX(Pendências!$D$5:$D$304,MATCH(19,Pendências!$K$5:$K$304,0))),"") | E29: =IFERROR(IF(INDEX(Pendências!$F$5:$F$304,MATCH(19,Pendências!$K$5:$K$304,0))="","",INDEX(Pendências!$F$5:$F$304,MATCH(19,Pendências!$K$5:$K$304,0))),"") | F29: =IFERROR(IF(INDEX(Pendências!$H$5:$H$304,MATCH(19,Pendências!$K$5:$K$304,0))="","",INDEX(Pendências!$H$5:$H$304,MATCH(19,Pendências!$K$5:$K$304,0))),"") | H29: =H28&IF(B29="","",B29&" (dono: "&C29&"; prazo: "&IF(D29="","sem prazo",TEXT(DAY(D29),"00")&"/"&TEXT(MONTH(D29),"00"))&IF(F29="Sem prazo","","; "&LOWER(F29))&") | ") -> Fechar o manual da marca da Padaria (dono: Carla; prazo: 15/09; esta semana) | Preparar o servidor e o domínio do site (dono: Diego; prazo: 18/09; esta semana) | Confirmar a reunião de quarta com o Bistrô (dono: Ana; prazo: 11/09; atrasada) | Levantar custo do freela de motion (dono: Ana; prazo: 13/09; atrasada) | Revisar a proposta comercial da Aurora (dono: Ana; prazo: sem prazo) |
A30: 20 | B30: =IFERROR(IF(INDEX(Pendências!$B$5:$B$304,MATCH(20,Pendências!$K$5:$K$304,0))="","",INDEX(Pendências!$B$5:$B$304,MATCH(20,Pendências!$K$5:$K$304,0))),"") | C30: =IFERROR(IF(INDEX(Pendências!$C$5:$C$304,MATCH(20,Pendências!$K$5:$K$304,0))="","",INDEX(Pendências!$C$5:$C$304,MATCH(20,Pendências!$K$5:$K$304,0))),"") | D30: =IFERROR(IF(INDEX(Pendências!$D$5:$D$304,MATCH(20,Pendências!$K$5:$K$304,0))="","",INDEX(Pendências!$D$5:$D$304,MATCH(20,Pendências!$K$5:$K$304,0))),"") | E30: =IFERROR(IF(INDEX(Pendências!$F$5:$F$304,MATCH(20,Pendências!$K$5:$K$304,0))="","",INDEX(Pendências!$F$5:$F$304,MATCH(20,Pendências!$K$5:$K$304,0))),"") | F30: =IFERROR(IF(INDEX(Pendências!$H$5:$H$304,MATCH(20,Pendências!$K$5:$K$304,0))="","",INDEX(Pendências!$H$5:$H$304,MATCH(20,Pendências!$K$5:$K$304,0))),"") | H30: =H29&IF(B30="","",B30&" (dono: "&C30&"; prazo: "&IF(D30="","sem prazo",TEXT(DAY(D30),"00")&"/"&TEXT(MONTH(D30),"00"))&IF(F30="Sem prazo","","; "&LOWER(F30))&") | ") -> Fechar o manual da marca da Padaria (dono: Carla; prazo: 15/09; esta semana) | Preparar o servidor e o domínio do site (dono: Diego; prazo: 18/09; esta semana) | Confirmar a reunião de quarta com o Bistrô (dono: Ana; prazo: 11/09; atrasada) | Levantar custo do freela de motion (dono: Ana; prazo: 13/09; atrasada) | Revisar a proposta comercial da Aurora (dono: Ana; prazo: sem prazo) |
A32: Bloco único para copiar
A33: ="Reunião: "&B5&" · "&TEXT(DAY(B4),"00")&"/"&TEXT(MONTH(B4),"00")&"/"&YEAR(B4)&CHAR(10)&"Participantes: "&B6&CHAR(10)&"Decisões: "&B7&CHAR(10)&"Pendências: "&IF(LEN(H30)>3,LEFT(H30,LEN(H30)-3),"nenhuma") -> Reunião: Semanal da equipe · 10/09/2026 Participantes: Ana; Bruno; Carla; Diego Decisões: Manual da Padaria atrasou: Carla fecha até 15/09; Diego prepara o servidor do site; reunião com o Bistrô na quarta Pendências: Fechar o manual da marca da Padaria (dono: Carla; prazo: 15/09; esta semana) | Preparar o servidor e o domínio do site (dono: Diego; prazo: 18/09; esta semana) | Confirmar a reunião de quarta com o Bistrô (dono: Ana; prazo: 11/09; atrasada) | Levantar custo do freela de motion (dono: Ana; prazo: 13/09; atrasada) | Revisar a proposta comercial da Aurora (dono: Ana; prazo: sem prazo)

Sheet Config
A1: Configurações
A2: Células amarelas: você preenche.
A4: Equipe ou empresa | B4: Prisma Comunicação (exemplo fictício)
A5: Data de referência (hoje) | B5: 46279 | C5: O exemplo está congelado em 14/09/2026, para os arquivos do kit mostrarem a mesma foto. Ao usar com os seus dados, troque por =HOJE().
A6: Reunião selecionada (para o Resumo) | B6: R-004 | C6: Escolha o código da reunião na lista; a aba Resumo monta o texto dela.
A8: Pessoas (até 12)
A9: Ana
A10: Bruno
A11: Carla
A12: Diego
A13: Marina (cliente)

Sheet Reuniões
A1: Reuniões
A2: Uma linha por reunião. O código é automático. Escreva as decisões em frases curtas, separadas por ponto e vírgula.
A4: Código | B4: Data | C4: Assunto | D4: Participantes | E4: Decisões | F4: Pendências abertas | G4: Pendências atrasadas
A5: =IF(C5="","","R-"&TEXT(ROW()-4,"000")) -> R-001 | B5: 46258 | C5: Semanal da equipe | D5: Ana; Bruno; Carla; Diego | E5: Priorizar o site da Loja Verde; Bruno assume o layout; contratar freela de motion só se a campanha do Bistrô for aprovada | F5: =IF(C5="","",COUNTIFS(Pendências!$A$5:$A$304,A5,Pendências!$F$5:$F$304,"<>Feito")) -> 0 | G5: =IF(C5="","",COUNTIFS(Pendências!$A$5:$A$304,A5,Pendências!$H$5:$H$304,"Atrasada")) -> 0
A6: =IF(C6="","","R-"&TEXT(ROW()-4,"000")) -> R-002 | B6: 46265 | C6: Semanal da equipe | D6: Ana; Bruno; Carla | E6: Adiar a newsletter para outubro; Carla escreve os textos do site até 12/09 | F6: =IF(C6="","",COUNTIFS(Pendências!$A$5:$A$304,A6,Pendências!$F$5:$F$304,"<>Feito")) -> 1 | G6: =IF(C6="","",COUNTIFS(Pendências!$A$5:$A$304,A6,Pendências!$H$5:$H$304,"Atrasada")) -> 1
A7: =IF(C7="","","R-"&TEXT(ROW()-4,"000")) -> R-003 | B7: 46268 | C7: Kickoff · Relatório anual Horizonte | D7: Ana; Marina (cliente) | E7: Relatório em PDF de 24 páginas; entrega em 30/09; Marina manda os números até 12/09; uma rodada de revisão | F7: =IF(C7="","",COUNTIFS(Pendências!$A$5:$A$304,A7,Pendências!$F$5:$F$304,"<>Feito")) -> 1 | G7: =IF(C7="","",COUNTIFS(Pendências!$A$5:$A$304,A7,Pendências!$H$5:$H$304,"Atrasada")) -> 0
A8: =IF(C8="","","R-"&TEXT(ROW()-4,"000")) -> R-004 | B8: 46275 | C8: Semanal da equipe | D8: Ana; Bruno; Carla; Diego | E8: Manual da Padaria atrasou: Carla fecha até 15/09; Diego prepara o servidor do site; reunião com o Bistrô na quarta | F8: =IF(C8="","",COUNTIFS(Pendências!$A$5:$A$304,A8,Pendências!$F$5:$F$304,"<>Feito")) -> 5 | G8: =IF(C8="","",COUNTIFS(Pendências!$A$5:$A$304,A8,Pendências!$H$5:$H$304,"Atrasada")) -> 2
A9: =IF(C9="","","R-"&TEXT(ROW()-4,"000")) | F9: =IF(C9="","",COUNTIFS(Pendências!$A$5:$A$304,A9,Pendências!$F$5:$F$304,"<>Feito")) | G9: =IF(C9="","",COUNTIFS(Pendências!$A$5:$A$304,A9,Pendências!$H$5:$H$304,"Atrasada"))
A10: =IF(C10="","","R-"&TEXT(ROW()-4,"000")) | F10: =IF(C10="","",COUNTIFS(Pendências!$A$5:$A$304,A10,Pendências!$F$5:$F$304,"<>Feito")) | G10: =IF(C10="","",COUNTIFS(Pendências!$A$5:$A$304,A10,Pendências!$H$5:$H$304,"Atrasada"))
A11: =IF(C11="","","R-"&TEXT(ROW()-4,"000")) | F11: =IF(C11="","",COUNTIFS(Pendências!$A$5:$A$304,A11,Pendências!$F$5:$F$304,"<>Feito")) | G11: =IF(C11="","",COUNTIFS(Pendências!$A$5:$A$304,A11,Pendências!$H$5:$H$304,"Atrasada"))
A12: =IF(C12="","","R-"&TEXT(ROW()-4,"000")) | F12: =IF(C12="","",COUNTIFS(Pendências!$A$5:$A$304,A12,Pendências!$F$5:$F$304,"<>Feito")) | G12: =IF(C12="","",COUNTIFS(Pendências!$A$5:$A$304,A12,Pendências!$H$5:$H$304,"Atrasada"))
A13: =IF(C13="","","R-"&TEXT(ROW()-4,"000")) | F13: =IF(C13="","",COUNTIFS(Pendências!$A$5:$A$304,A13,Pendências!$F$5:$F$304,"<>Feito")) | G13: =IF(C13="","",COUNTIFS(Pendências!$A$5:$A$304,A13,Pendências!$H$5:$H$304,"Atrasada"))
A14: =IF(C14="","","R-"&TEXT(ROW()-4,"000")) | F14: =IF(C14="","",COUNTIFS(Pendências!$A$5:$A$304,A14,Pendências!$F$5:$F$304,"<>Feito")) | G14: =IF(C14="","",COUNTIFS(Pendências!$A$5:$A$304,A14,Pendências!$H$5:$H$304,"Atrasada"))
A15: =IF(C15="","","R-"&TEXT(ROW()-4,"000")) | F15: =IF(C15="","",COUNTIFS(Pendências!$A$5:$A$304,A15,Pendências!$F$5:$F$304,"<>Feito")) | G15: =IF(C15="","",COUNTIFS(Pendências!$A$5:$A$304,A15,Pendências!$H$5:$H$304,"Atrasada"))
A16: =IF(C16="","","R-"&TEXT(ROW()-4,"000")) | F16: =IF(C16="","",COUNTIFS(Pendências!$A$5:$A$304,A16,Pendências!$F$5:$F$304,"<>Feito")) | G16: =IF(C16="","",COUNTIFS(Pendências!$A$5:$A$304,A16,Pendências!$H$5:$H$304,"Atrasada"))
A17: =IF(C17="","","R-"&TEXT(ROW()-4,"000")) | F17: =IF(C17="","",COUNTIFS(Pendências!$A$5:$A$304,A17,Pendências!$F$5:$F$304,"<>Feito")) | G17: =IF(C17="","",COUNTIFS(Pendências!$A$5:$A$304,A17,Pendências!$H$5:$H$304,"Atrasada"))
A18: =IF(C18="","","R-"&TEXT(ROW()-4,"000")) | F18: =IF(C18="","",COUNTIFS(Pendências!$A$5:$A$304,A18,Pendências!$F$5:$F$304,"<>Feito")) | G18: =IF(C18="","",COUNTIFS(Pendências!$A$5:$A$304,A18,Pendências!$H$5:$H$304,"Atrasada"))
A19: =IF(C19="","","R-"&TEXT(ROW()-4,"000")) | F19: =IF(C19="","",COUNTIFS(Pendências!$A$5:$A$304,A19,Pendências!$F$5:$F$304,"<>Feito")) | G19: =IF(C19="","",COUNTIFS(Pendências!$A$5:$A$304,A19,Pendências!$H$5:$H$304,"Atrasada"))
A20: =IF(C20="","","R-"&TEXT(ROW()-4,"000")) | F20: =IF(C20="","",COUNTIFS(Pendências!$A$5:$A$304,A20,Pendências!$F$5:$F$304,"<>Feito")) | G20: =IF(C20="","",COUNTIFS(Pendências!$A$5:$A$304,A20,Pendências!$H$5:$H$304,"Atrasada"))
... A104: =IF(C104="","","R-"&TEXT(ROW()-4,"000")) | F104: =IF(C104="","",COUNTIFS(Pendências!$A$5:$A$304,A104,Pendências!$F$5:$F$304,"<>Feito")) | G104: =IF(C104="","",COUNTIFS(Pendências!$A$5:$A$304,A104,Pendências!$H$5:$H$304,"Atrasada"))

Sheet Pendências
A1: Pendências
A2: Uma linha por pendência. Reunião e dono vêm de listas; situação e dias são calculados. Ao concluir, mude o status para Feito.
A4: Reunião | B4: Pendência | C4: Dono | D4: Prazo | E4: Prioridade | F4: Status | G4: Concluída em | H4: Situação | I4: Dias | J4: Chave
A5: R-001 | B5: Enviar proposta de motion para o Bistrô | C5: Ana | D5: 46262 | E5: Média | F5: Feito | G5: 46261 | H5: =IF(B5="","",IF(F5="Feito","Feita",IF(D5="","Sem prazo",IF(D5<Config!$B$5,"Atrasada",IF(D5=Config!$B$5,"Hoje",IF(D5-Config!$B$5<=7,"Esta semana","No prazo")))))) -> Feita | I5: =IF(OR(B5="",F5="Feito",D5=""),"",D5-Config!$B$5) | J5: =IF(OR(B5="",F5="Feito"),0,IF(H5="Atrasada",3000+MIN(Config!$B$5-D5,60),IF(H5="Hoje",2500,IF(H5="Esta semana",2000-(D5-Config!$B$5),IF(H5="Sem prazo",500,1000-MIN(D5-Config!$B$5,900)))))+IF(E5="Alta",200,IF(E5="Média",100,0))-ROW()/100000) -> 0 | K5: =IF(AND(B5<>"",A5=Config!$B$6),COUNTIFS($A$5:A5,Config!$B$6,$B$5:B5,"<>"),"")
A6: R-001 | B6: Definir paleta do site da Loja Verde | C6: Bruno | D6: 46263 | E6: Alta | F6: Feito | G6: 46263 | H6: =IF(B6="","",IF(F6="Feito","Feita",IF(D6="","Sem prazo",IF(D6<Config!$B$5,"Atrasada",IF(D6=Config!$B$5,"Hoje",IF(D6-Config!$B$5<=7,"Esta semana","No prazo")))))) -> Feita | I6: =IF(OR(B6="",F6="Feito",D6=""),"",D6-Config!$B$5) | J6: =IF(OR(B6="",F6="Feito"),0,IF(H6="Atrasada",3000+MIN(Config!$B$5-D6,60),IF(H6="Hoje",2500,IF(H6="Esta semana",2000-(D6-Config!$B$5),IF(H6="Sem prazo",500,1000-MIN(D6-Config!$B$5,900)))))+IF(E6="Alta",200,IF(E6="Média",100,0))-ROW()/100000) -> 0 | K6: =IF(AND(B6<>"",A6=Config!$B$6),COUNTIFS($A$5:A6,Config!$B$6,$B$5:B6,"<>"),"")
A7: R-002 | B7: Escrever os textos das 5 páginas do site | C7: Carla | D7: 46277 | E7: Alta | F7: Fazendo | H7: =IF(B7="","",IF(F7="Feito","Feita",IF(D7="","Sem prazo",IF(D7<Config!$B$5,"Atrasada",IF(D7=Config!$B$5,"Hoje",IF(D7-Config!$B$5<=7,"Esta semana","No prazo")))))) -> Atrasada | I7: =IF(OR(B7="",F7="Feito",D7=""),"",D7-Config!$B$5) -> -2 | J7: =IF(OR(B7="",F7="Feito"),0,IF(H7="Atrasada",3000+MIN(Config!$B$5-D7,60),IF(H7="Hoje",2500,IF(H7="Esta semana",2000-(D7-Config!$B$5),IF(H7="Sem prazo",500,1000-MIN(D7-Config!$B$5,900)))))+IF(E7="Alta",200,IF(E7="Média",100,0))-ROW()/100000) -> 3201.9999 | K7: =IF(AND(B7<>"",A7=Config!$B$6),COUNTIFS($A$5:A7,Config!$B$6,$B$5:B7,"<>"),"")
A8: R-002 | B8: Avisar a lista que a newsletter volta em outubro | C8: Ana | D8: 46270 | E8: Baixa | F8: Feito | G8: 46269 | H8: =IF(B8="","",IF(F8="Feito","Feita",IF(D8="","Sem prazo",IF(D8<Config!$B$5,"Atrasada",IF(D8=Config!$B$5,"Hoje",IF(D8-Config!$B$5<=7,"Esta semana","No prazo")))))) -> Feita | I8: =IF(OR(B8="",F8="Feito",D8=""),"",D8-Config!$B$5) | J8: =IF(OR(B8="",F8="Feito"),0,IF(H8="Atrasada",3000+MIN(Config!$B$5-D8,60),IF(H8="Hoje",2500,IF(H8="Esta semana",2000-(D8-Config!$B$5),IF(H8="Sem prazo",500,1000-MIN(D8-Config!$B$5,900)))))+IF(E8="Alta",200,IF(E8="Média",100,0))-ROW()/100000) -> 0 | K8: =IF(AND(B8<>"",A8=Config!$B$6),COUNTIFS($A$5:A8,Config!$B$6,$B$5:B8,"<>"),"")
A9: R-003 | B9: Enviar os números do ano para o relatório | C9: Marina (cliente) | D9: 46277 | E9: Alta | F9: Feito | G9: 46277 | H9: =IF(B9="","",IF(F9="Feito","Feita",IF(D9="","Sem prazo",IF(D9<Config!$B$5,"Atrasada",IF(D9=Config!$B$5,"Hoje",IF(D9-Config!$B$5<=7,"Esta semana","No prazo")))))) -> Feita | I9: =IF(OR(B9="",F9="Feito",D9=""),"",D9-Config!$B$5) | J9: =IF(OR(B9="",F9="Feito"),0,IF(H9="Atrasada",3000+MIN(Config!$B$5-D9,60),IF(H9="Hoje",2500,IF(H9="Esta semana",2000-(D9-Config!$B$5),IF(H9="Sem prazo",500,1000-MIN(D9-Config!$B$5,900)))))+IF(E9="Alta",200,IF(E9="Média",100,0))-ROW()/100000) -> 0 | K9: =IF(AND(B9<>"",A9=Config!$B$6),COUNTIFS($A$5:A9,Config!$B$6,$B$5:B9,"<>"),"")
A10: R-003 | B10: Montar a estrutura do relatório (sumário) | C10: Ana | D10: 46274 | E10: Alta | F10: Feito | G10: 46274 | H10: =IF(B10="","",IF(F10="Feito","Feita",IF(D10="","Sem prazo",IF(D10<Config!$B$5,"Atrasada",IF(D10=Config!$B$5,"Hoje",IF(D10-Config!$B$5<=7,"Esta semana","No prazo")))))) -> Feita | I10: =IF(OR(B10="",F10="Feito",D10=""),"",D10-Config!$B$5) | J10: =IF(OR(B10="",F10="Feito"),0,IF(H10="Atrasada",3000+MIN(Config!$B$5-D10,60),IF(H10="Hoje",2500,IF(H10="Esta semana",2000-(D10-Config!$B$5),IF(H10="Sem prazo",500,1000-MIN(D10-Config!$B$5,900)))))+IF(E10="Alta",200,IF(E10="Média",100,0))-ROW()/100000) -> 0 | K10: =IF(AND(B10<>"",A10=Config!$B$6),COUNTIFS($A$5:A10,Config!$B$6,$B$5:B10,"<>"),"")
A11: R-003 | B11: Enviar 3 referências de diagramação | C11: Bruno | D11: 46281 | E11: Média | F11: A fazer | H11: =IF(B11="","",IF(F11="Feito","Feita",IF(D11="","Sem prazo",IF(D11<Config!$B$5,"Atrasada",IF(D11=Config!$B$5,"Hoje",IF(D11-Config!$B$5<=7,"Esta semana","No prazo")))))) -> Esta semana | I11: =IF(OR(B11="",F11="Feito",D11=""),"",D11-Config!$B$5) -> 2 | J11: =IF(OR(B11="",F11="Feito"),0,IF(H11="Atrasada",3000+MIN(Config!$B$5-D11,60),IF(H11="Hoje",2500,IF(H11="Esta semana",2000-(D11-Config!$B$5),IF(H11="Sem prazo",500,1000-MIN(D11-Config!$B$5,900)))))+IF(E11="Alta",200,IF(E11="Média",100,0))-ROW()/100000) -> 2097.9999 | K11: =IF(AND(B11<>"",A11=Config!$B$6),COUNTIFS($A$5:A11,Config!$B$6,$B$5:B11,"<>"),"")
A12: R-004 | B12: Fechar o manual da marca da Padaria | C12: Carla | D12: 46280 | E12: Alta | F12: Fazendo | H12: =IF(B12="","",IF(F12="Feito","Feita",IF(D12="","Sem prazo",IF(D12<Config!$B$5,"Atrasada",IF(D12=Config!$B$5,"Hoje",IF(D12-Config!$B$5<=7,"Esta semana","No prazo")))))) -> Esta semana | I12: =IF(OR(B12="",F12="Feito",D12=""),"",D12-Config!$B$5) -> 1 | J12: =IF(OR(B12="",F12="Feito"),0,IF(H12="Atrasada",3000+MIN(Config!$B$5-D12,60),IF(H12="Hoje",2500,IF(H12="Esta semana",2000-(D12-Config!$B$5),IF(H12="Sem prazo",500,1000-MIN(D12-Config!$B$5,900)))))+IF(E12="Alta",200,IF(E12="Média",100,0))-ROW()/100000) -> 2198.9999 | K12: =IF(AND(B12<>"",A12=Config!$B$6),COUNTIFS($A$5:A12,Config!$B$6,$B$5:B12,"<>"),"") -> 1
A13: R-004 | B13: Preparar o servidor e o domínio do site | C13: Diego | D13: 46283 | E13: Média | F13: A fazer | H13: =IF(B13="","",IF(F13="Feito","Feita",IF(D13="","Sem prazo",IF(D13<Config!$B$5,"Atrasada",IF(D13=Config!$B$5,"Hoje",IF(D13-Config!$B$5<=7,"Esta semana","No prazo")))))) -> Esta semana | I13: =IF(OR(B13="",F13="Feito",D13=""),"",D13-Config!$B$5) -> 4 | J13: =IF(OR(B13="",F13="Feito"),0,IF(H13="Atrasada",3000+MIN(Config!$B$5-D13,60),IF(H13="Hoje",2500,IF(H13="Esta semana",2000-(D13-Config!$B$5),IF(H13="Sem prazo",500,1000-MIN(D13-Config!$B$5,900)))))+IF(E13="Alta",200,IF(E13="Média",100,0))-ROW()/100000) -> 2095.9999 | K13: =IF(AND(B13<>"",A13=Config!$B$6),COUNTIFS($A$5:A13,Config!$B$6,$B$5:B13,"<>"),"") -> 2
A14: R-004 | B14: Confirmar a reunião de quarta com o Bistrô | C14: Ana | D14: 46276 | E14: Média | F14: A fazer | H14: =IF(B14="","",IF(F14="Feito","Feita",IF(D14="","Sem prazo",IF(D14<Config!$B$5,"Atrasada",IF(D14=Config!$B$5,"Hoje",IF(D14-Config!$B$5<=7,"Esta semana","No prazo")))))) -> Atrasada | I14: =IF(OR(B14="",F14="Feito",D14=""),"",D14-Config!$B$5) -> -3 | J14: =IF(OR(B14="",F14="Feito"),0,IF(H14="Atrasada",3000+MIN(Config!$B$5-D14,60),IF(H14="Hoje",2500,IF(H14="Esta semana",2000-(D14-Config!$B$5),IF(H14="Sem prazo",500,1000-MIN(D14-Config!$B$5,900)))))+IF(E14="Alta",200,IF(E14="Média",100,0))-ROW()/100000) -> 3102.9999 | K14: =IF(AND(B14<>"",A14=Config!$B$6),COUNTIFS($A$5:A14,Config!$B$6,$B$5:B14,"<>"),"") -> 3
A15: R-004 | B15: Levantar custo do freela de motion | C15: Ana | D15: 46278 | E15: Baixa | F15: A fazer | H15: =IF(B15="","",IF(F15="Feito","Feita",IF(D15="","Sem prazo",IF(D15<Config!$B$5,"Atrasada",IF(D15=Config!$B$5,"Hoje",IF(D15-Config!$B$5<=7,"Esta semana","No prazo")))))) -> Atrasada | I15: =IF(OR(B15="",F15="Feito",D15=""),"",D15-Config!$B$5) -> -1 | J15: =IF(OR(B15="",F15="Feito"),0,IF(H15="Atrasada",3000+MIN(Config!$B$5-D15,60),IF(H15="Hoje",2500,IF(H15="Esta semana",2000-(D15-Config!$B$5),IF(H15="Sem prazo",500,1000-MIN(D15-Config!$B$5,900)))))+IF(E15="Alta",200,IF(E15="Média",100,0))-ROW()/100000) -> 3000.9999 | K15: =IF(AND(B15<>"",A15=Config!$B$6),COUNTIFS($A$5:A15,Config!$B$6,$B$5:B15,"<>"),"") -> 4
A16: R-004 | B16: Revisar a proposta comercial da Aurora | C16: Ana | E16: Média | F16: A fazer | H16: =IF(B16="","",IF(F16="Feito","Feita",IF(D16="","Sem prazo",IF(D16<Config!$B$5,"Atrasada",IF(D16=Config!$B$5,"Hoje",IF(D16-Config!$B$5<=7,"Esta semana","No prazo")))))) -> Sem prazo | I16: =IF(OR(B16="",F16="Feito",D16=""),"",D16-Config!$B$5) | J16: =IF(OR(B16="",F16="Feito"),0,IF(H16="Atrasada",3000+MIN(Config!$B$5-D16,60),IF(H16="Hoje",2500,IF(H16="Esta semana",2000-(D16-Config!$B$5),IF(H16="Sem prazo",500,1000-MIN(D16-Config!$B$5,900)))))+IF(E16="Alta",200,IF(E16="Média",100,0))-ROW()/100000) -> 599.99984 | K16: =IF(AND(B16<>"",A16=Config!$B$6),COUNTIFS($A$5:A16,Config!$B$6,$B$5:B16,"<>"),"") -> 5
H17: =IF(B17="","",IF(F17="Feito","Feita",IF(D17="","Sem prazo",IF(D17<Config!$B$5,"Atrasada",IF(D17=Config!$B$5,"Hoje",IF(D17-Config!$B$5<=7,"Esta semana","No prazo")))))) | I17: =IF(OR(B17="",F17="Feito",D17=""),"",D17-Config!$B$5) | J17: =IF(OR(B17="",F17="Feito"),0,IF(H17="Atrasada",3000+MIN(Config!$B$5-D17,60),IF(H17="Hoje",2500,IF(H17="Esta semana",2000-(D17-Config!$B$5),IF(H17="Sem prazo",500,1000-MIN(D17-Config!$B$5,900)))))+IF(E17="Alta",200,IF(E17="Média",100,0))-ROW()/100000) -> 0 | K17: =IF(AND(B17<>"",A17=Config!$B$6),COUNTIFS($A$5:A17,Config!$B$6,$B$5:B17,"<>"),"")
H18: =IF(B18="","",IF(F18="Feito","Feita",IF(D18="","Sem prazo",IF(D18<Config!$B$5,"Atrasada",IF(D18=Config!$B$5,"Hoje",IF(D18-Config!$B$5<=7,"Esta semana","No prazo")))))) | I18: =IF(OR(B18="",F18="Feito",D18=""),"",D18-Config!$B$5) | J18: =IF(OR(B18="",F18="Feito"),0,IF(H18="Atrasada",3000+MIN(Config!$B$5-D18,60),IF(H18="Hoje",2500,IF(H18="Esta semana",2000-(D18-Config!$B$5),IF(H18="Sem prazo",500,1000-MIN(D18-Config!$B$5,900)))))+IF(E18="Alta",200,IF(E18="Média",100,0))-ROW()/100000) -> 0 | K18: =IF(AND(B18<>"",A18=Config!$B$6),COUNTIFS($A$5:A18,Config!$B$6,$B$5:B18,"<>"),"")
H19: =IF(B19="","",IF(F19="Feito","Feita",IF(D19="","Sem prazo",IF(D19<Config!$B$5,"Atrasada",IF(D19=Config!$B$5,"Hoje",IF(D19-Config!$B$5<=7,"Esta semana","No prazo")))))) | I19: =IF(OR(B19="",F19="Feito",D19=""),"",D19-Config!$B$5) | J19: =IF(OR(B19="",F19="Feito"),0,IF(H19="Atrasada",3000+MIN(Config!$B$5-D19,60),IF(H19="Hoje",2500,IF(H19="Esta semana",2000-(D19-Config!$B$5),IF(H19="Sem prazo",500,1000-MIN(D19-Config!$B$5,900)))))+IF(E19="Alta",200,IF(E19="Média",100,0))-ROW()/100000) -> 0 | K19: =IF(AND(B19<>"",A19=Config!$B$6),COUNTIFS($A$5:A19,Config!$B$6,$B$5:B19,"<>"),"")
H20: =IF(B20="","",IF(F20="Feito","Feita",IF(D20="","Sem prazo",IF(D20<Config!$B$5,"Atrasada",IF(D20=Config!$B$5,"Hoje",IF(D20-Config!$B$5<=7,"Esta semana","No prazo")))))) | I20: =IF(OR(B20="",F20="Feito",D20=""),"",D20-Config!$B$5) | J20: =IF(OR(B20="",F20="Feito"),0,IF(H20="Atrasada",3000+MIN(Config!$B$5-D20,60),IF(H20="Hoje",2500,IF(H20="Esta semana",2000-(D20-Config!$B$5),IF(H20="Sem prazo",500,1000-MIN(D20-Config!$B$5,900)))))+IF(E20="Alta",200,IF(E20="Média",100,0))-ROW()/100000) -> 0 | K20: =IF(AND(B20<>"",A20=Config!$B$6),COUNTIFS($A$5:A20,Config!$B$6,$B$5:B20,"<>"),"")
H21: =IF(B21="","",IF(F21="Feito","Feita",IF(D21="","Sem prazo",IF(D21<Config!$B$5,"Atrasada",IF(D21=Config!$B$5,"Hoje",IF(D21-Config!$B$5<=7,"Esta semana","No prazo")))))) | I21: =IF(OR(B21="",F21="Feito",D21=""),"",D21-Config!$B$5) | J21: =IF(OR(B21="",F21="Feito"),0,IF(H21="Atrasada",3000+MIN(Config!$B$5-D21,60),IF(H21="Hoje",2500,IF(H21="Esta semana",2000-(D21-Config!$B$5),IF(H21="Sem prazo",500,1000-MIN(D21-Config!$B$5,900)))))+IF(E21="Alta",200,IF(E21="Média",100,0))-ROW()/100000) -> 0 | K21: =IF(AND(B21<>"",A21=Config!$B$6),COUNTIFS($A$5:A21,Config!$B$6,$B$5:B21,"<>"),"")
H22: =IF(B22="","",IF(F22="Feito","Feita",IF(D22="","Sem prazo",IF(D22<Config!$B$5,"Atrasada",IF(D22=Config!$B$5,"Hoje",IF(D22-Config!$B$5<=7,"Esta semana","No prazo")))))) | I22: =IF(OR(B22="",F22="Feito",D22=""),"",D22-Config!$B$5) | J22: =IF(OR(B22="",F22="Feito"),0,IF(H22="Atrasada",3000+MIN(Config!$B$5-D22,60),IF(H22="Hoje",2500,IF(H22="Esta semana",2000-(D22-Config!$B$5),IF(H22="Sem prazo",500,1000-MIN(D22-Config!$B$5,900)))))+IF(E22="Alta",200,IF(E22="Média",100,0))-ROW()/100000) -> 0 | K22: =IF(AND(B22<>"",A22=Config!$B$6),COUNTIFS($A$5:A22,Config!$B$6,$B$5:B22,"<>"),"")
H23: =IF(B23="","",IF(F23="Feito","Feita",IF(D23="","Sem prazo",IF(D23<Config!$B$5,"Atrasada",IF(D23=Config!$B$5,"Hoje",IF(D23-Config!$B$5<=7,"Esta semana","No prazo")))))) | I23: =IF(OR(B23="",F23="Feito",D23=""),"",D23-Config!$B$5) | J23: =IF(OR(B23="",F23="Feito"),0,IF(H23="Atrasada",3000+MIN(Config!$B$5-D23,60),IF(H23="Hoje",2500,IF(H23="Esta semana",2000-(D23-Config!$B$5),IF(H23="Sem prazo",500,1000-MIN(D23-Config!$B$5,900)))))+IF(E23="Alta",200,IF(E23="Média",100,0))-ROW()/100000) -> 0 | K23: =IF(AND(B23<>"",A23=Config!$B$6),COUNTIFS($A$5:A23,Config!$B$6,$B$5:B23,"<>"),"")
H24: =IF(B24="","",IF(F24="Feito","Feita",IF(D24="","Sem prazo",IF(D24<Config!$B$5,"Atrasada",IF(D24=Config!$B$5,"Hoje",IF(D24-Config!$B$5<=7,"Esta semana","No prazo")))))) | I24: =IF(OR(B24="",F24="Feito",D24=""),"",D24-Config!$B$5) | J24: =IF(OR(B24="",F24="Feito"),0,IF(H24="Atrasada",3000+MIN(Config!$B$5-D24,60),IF(H24="Hoje",2500,IF(H24="Esta semana",2000-(D24-Config!$B$5),IF(H24="Sem prazo",500,1000-MIN(D24-Config!$B$5,900)))))+IF(E24="Alta",200,IF(E24="Média",100,0))-ROW()/100000) -> 0 | K24: =IF(AND(B24<>"",A24=Config!$B$6),COUNTIFS($A$5:A24,Config!$B$6,$B$5:B24,"<>"),"")
H25: =IF(B25="","",IF(F25="Feito","Feita",IF(D25="","Sem prazo",IF(D25<Config!$B$5,"Atrasada",IF(D25=Config!$B$5,"Hoje",IF(D25-Config!$B$5<=7,"Esta semana","No prazo")))))) | I25: =IF(OR(B25="",F25="Feito",D25=""),"",D25-Config!$B$5) | J25: =IF(OR(B25="",F25="Feito"),0,IF(H25="Atrasada",3000+MIN(Config!$B$5-D25,60),IF(H25="Hoje",2500,IF(H25="Esta semana",2000-(D25-Config!$B$5),IF(H25="Sem prazo",500,1000-MIN(D25-Config!$B$5,900)))))+IF(E25="Alta",200,IF(E25="Média",100,0))-ROW()/100000) -> 0 | K25: =IF(AND(B25<>"",A25=Config!$B$6),COUNTIFS($A$5:A25,Config!$B$6,$B$5:B25,"<>"),"")
H26: =IF(B26="","",IF(F26="Feito","Feita",IF(D26="","Sem prazo",IF(D26<Config!$B$5,"Atrasada",IF(D26=Config!$B$5,"Hoje",IF(D26-Config!$B$5<=7,"Esta semana","No prazo")))))) | I26: =IF(OR(B26="",F26="Feito",D26=""),"",D26-Config!$B$5) | J26: =IF(OR(B26="",F26="Feito"),0,IF(H26="Atrasada",3000+MIN(Config!$B$5-D26,60),IF(H26="Hoje",2500,IF(H26="Esta semana",2000-(D26-Config!$B$5),IF(H26="Sem prazo",500,1000-MIN(D26-Config!$B$5,900)))))+IF(E26="Alta",200,IF(E26="Média",100,0))-ROW()/100000) -> 0 | K26: =IF(AND(B26<>"",A26=Config!$B$6),COUNTIFS($A$5:A26,Config!$B$6,$B$5:B26,"<>"),"")
H27: =IF(B27="","",IF(F27="Feito","Feita",IF(D27="","Sem prazo",IF(D27<Config!$B$5,"Atrasada",IF(D27=Config!$B$5,"Hoje",IF(D27-Config!$B$5<=7,"Esta semana","No prazo")))))) | I27: =IF(OR(B27="",F27="Feito",D27=""),"",D27-Config!$B$5) | J27: =IF(OR(B27="",F27="Feito"),0,IF(H27="Atrasada",3000+MIN(Config!$B$5-D27,60),IF(H27="Hoje",2500,IF(H27="Esta semana",2000-(D27-Config!$B$5),IF(H27="Sem prazo",500,1000-MIN(D27-Config!$B$5,900)))))+IF(E27="Alta",200,IF(E27="Média",100,0))-ROW()/100000) -> 0 | K27: =IF(AND(B27<>"",A27=Config!$B$6),COUNTIFS($A$5:A27,Config!$B$6,$B$5:B27,"<>"),"")
H28: =IF(B28="","",IF(F28="Feito","Feita",IF(D28="","Sem prazo",IF(D28<Config!$B$5,"Atrasada",IF(D28=Config!$B$5,"Hoje",IF(D28-Config!$B$5<=7,"Esta semana","No prazo")))))) | I28: =IF(OR(B28="",F28="Feito",D28=""),"",D28-Config!$B$5) | J28: =IF(OR(B28="",F28="Feito"),0,IF(H28="Atrasada",3000+MIN(Config!$B$5-D28,60),IF(H28="Hoje",2500,IF(H28="Esta semana",2000-(D28-Config!$B$5),IF(H28="Sem prazo",500,1000-MIN(D28-Config!$B$5,900)))))+IF(E28="Alta",200,IF(E28="Média",100,0))-ROW()/100000) -> 0 | K28: =IF(AND(B28<>"",A28=Config!$B$6),COUNTIFS($A$5:A28,Config!$B$6,$B$5:B28,"<>"),"")
... H304: =IF(B304="","",IF(F304="Feito","Feita",IF(D304="","Sem prazo",IF(D304<Config!$B$5,"Atrasada",IF(D304=Config!$B$5,"Hoje",IF(D304-Config!$B$5<=7,"Esta semana","No prazo")))))) | I304: =IF(OR(B304="",F304="Feito",D304=""),"",D304-Config!$B$5) | J304: =IF(OR(B304="",F304="Feito"),0,IF(H304="Atrasada",3000+MIN(Config!$B$5-D304,60),IF(H304="Hoje",2500,IF(H304="Esta semana",2000-(D304-Config!$B$5),IF(H304="Sem prazo",500,1000-MIN(D304-Config!$B$5,900)))))+IF(E304="Alta",200,IF(E304="Média",100,0))-ROW()/100000) -> 0 | K304: =IF(AND(B304<>"",A304=Config!$B$6),COUNTIFS($A$5:A304,Config!$B$6,$B$5:B304,"<>"),"")
