Workbook

Sheet Como usar
A1: Relatório Mensal Pronto
A2: Kit IA no Trabalho · Essencial · Seu Sócio Gestor · versão 1.0 (setembro de 2026)
A4: O que esta planilha faz | B4: Você digita até 12 indicadores por mês; ela calcula variação contra o mês anterior, comparação com a meta, acumulado e média, monta o painel e escreve as frases-base do relatório para você colar na IA.
A5: Passo 1 | B5: Em Config, preencha o nome da empresa ou área, o ano e escolha o mês do relatório.
A6: Passo 2 | B6: Em Indicadores, troque os exemplos pelos seus: nome, unidade (R$, %, un, h, pts), casas decimais, meta mensal e se maior é melhor. Depois, o valor de cada mês. Em %, digite 4,5 e não 0,045.
A7: Passo 3 | B7: Abra Painel: cada indicador com mês, mês anterior, variação, meta e situação (verde no alvo, vermelho fora). Escolha um indicador para o gráfico de evolução.
A8: Passo 4 | B8: Abra Resumo: as frases do mês já estão escritas. Copie o bloco único e cole no prompt "Escrever 01" (relatório executivo) ou "Apresentar 01" (roteiro de 8 slides) da biblioteca do kit, junto com os seus comentários sobre o porquê dos números.
A9: Todo mês | B9: Digite os valores do novo mês em Indicadores e troque o mês em Config. O resto se refaz sozinho.
A10: Legenda | B10: Células amarelas: você preenche. Células brancas: calculadas. Verde: no alvo. Vermelho: fora da meta.
A11: Proteção | B11: Fórmulas protegidas sem senha. Para editar: Revisar > Desproteger planilha (Excel) ou Dados > Proteger intervalos (Google Sheets).
A12: Google Sheets | B12: Faça upload no Google Drive e abra com o Google Sheets. Fórmulas, listas, cores e gráfico funcionam.
A13: Exemplos | B13: A Prisma Comunicação é uma empresa fictícia. Os números são inventados. Apague-os antes de começar.
A14: Suporte | B14: suporte@seusociogestor.com.br · resposta em até 5 dias úteis · reembolso em até 7 dias pelo mesmo canal.

Sheet Painel
A1: =Config!B4&" · Relatório de "&Config!B6&" de "&Config!B5 -> Prisma Comunicação (exemplo fictício) · Relatório de Setembro de 2026
A2: Nada para preencher aqui. Escolha o mês em Config; os números vêm de Indicadores.
A4: Indicador | B4: Mês | C4: Mês anterior | D4: Variação | E4: Meta | F4: Vs. meta | G4: Situação | H4: Acumulado | I4: Unidade
A5: =IF(Indicadores!A5="","",Indicadores!A5) -> Receita | B5: =IF(Indicadores!A5="","",IF(INDEX(Indicadores!$F5:$Q5,Config!$B$7)="","",INDEX(Indicadores!$F5:$Q5,Config!$B$7))) -> 131200 | C5: =IF(OR(Indicadores!A5="",Config!$B$7=1),"",IF(INDEX(Indicadores!$F5:$Q5,Config!$B$7-1)="","",INDEX(Indicadores!$F5:$Q5,Config!$B$7-1))) -> 124600 | D5: =IF(OR(B5="",C5="",C5=0),"",(B5-C5)/ABS(C5)) -> 0.052969502 | E5: =IF(OR(Indicadores!A5="",Indicadores!D5=""),"",Indicadores!D5) -> 120000 | F5: =IF(OR(B5="",E5="",E5=0),"",(B5-E5)/ABS(E5)) -> 0.093333333 | G5: =IF(OR(B5="",E5=""),"",IF(Indicadores!E5="Não",IF(B5<=E5,"No alvo","Acima da meta"),IF(B5>=E5,"No alvo","Abaixo da meta"))) -> No alvo | H5: =IF(Indicadores!A5="","",Indicadores!R5) -> 1033600 | I5: =IF(Indicadores!A5="","",Indicadores!B5) -> R$ | J5: =IF(F5="","",ABS(F5)) -> 0.093333333
A6: =IF(Indicadores!A6="","",Indicadores!A6) -> Despesas | B6: =IF(Indicadores!A6="","",IF(INDEX(Indicadores!$F6:$Q6,Config!$B$7)="","",INDEX(Indicadores!$F6:$Q6,Config!$B$7))) -> 89800 | C6: =IF(OR(Indicadores!A6="",Config!$B$7=1),"",IF(INDEX(Indicadores!$F6:$Q6,Config!$B$7-1)="","",INDEX(Indicadores!$F6:$Q6,Config!$B$7-1))) -> 87300 | D6: =IF(OR(B6="",C6="",C6=0),"",(B6-C6)/ABS(C6)) -> 0.028636884 | E6: =IF(OR(Indicadores!A6="",Indicadores!D6=""),"",Indicadores!D6) -> 85000 | F6: =IF(OR(B6="",E6="",E6=0),"",(B6-E6)/ABS(E6)) -> 0.056470588 | G6: =IF(OR(B6="",E6=""),"",IF(Indicadores!E6="Não",IF(B6<=E6,"No alvo","Acima da meta"),IF(B6>=E6,"No alvo","Abaixo da meta"))) -> Acima da meta | H6: =IF(Indicadores!A6="","",Indicadores!R6) -> 766600 | I6: =IF(Indicadores!A6="","",Indicadores!B6) -> R$ | J6: =IF(F6="","",ABS(F6)) -> 0.056470588
A7: =IF(Indicadores!A7="","",Indicadores!A7) -> Resultado (receita - despesas) | B7: =IF(Indicadores!A7="","",IF(INDEX(Indicadores!$F7:$Q7,Config!$B$7)="","",INDEX(Indicadores!$F7:$Q7,Config!$B$7))) -> 41400 | C7: =IF(OR(Indicadores!A7="",Config!$B$7=1),"",IF(INDEX(Indicadores!$F7:$Q7,Config!$B$7-1)="","",INDEX(Indicadores!$F7:$Q7,Config!$B$7-1))) -> 37300 | D7: =IF(OR(B7="",C7="",C7=0),"",(B7-C7)/ABS(C7)) -> 0.10991957 | E7: =IF(OR(Indicadores!A7="",Indicadores!D7=""),"",Indicadores!D7) -> 35000 | F7: =IF(OR(B7="",E7="",E7=0),"",(B7-E7)/ABS(E7)) -> 0.18285714 | G7: =IF(OR(B7="",E7=""),"",IF(Indicadores!E7="Não",IF(B7<=E7,"No alvo","Acima da meta"),IF(B7>=E7,"No alvo","Abaixo da meta"))) -> No alvo | H7: =IF(Indicadores!A7="","",Indicadores!R7) -> 267000 | I7: =IF(Indicadores!A7="","",Indicadores!B7) -> R$ | J7: =IF(F7="","",ABS(F7)) -> 0.18285714
A8: =IF(Indicadores!A8="","",Indicadores!A8) -> Novos clientes | B8: =IF(Indicadores!A8="","",IF(INDEX(Indicadores!$F8:$Q8,Config!$B$7)="","",INDEX(Indicadores!$F8:$Q8,Config!$B$7))) -> 6 | C8: =IF(OR(Indicadores!A8="",Config!$B$7=1),"",IF(INDEX(Indicadores!$F8:$Q8,Config!$B$7-1)="","",INDEX(Indicadores!$F8:$Q8,Config!$B$7-1))) -> 7 | D8: =IF(OR(B8="",C8="",C8=0),"",(B8-C8)/ABS(C8)) -> -0.14285714 | E8: =IF(OR(Indicadores!A8="",Indicadores!D8=""),"",Indicadores!D8) -> 6 | F8: =IF(OR(B8="",E8="",E8=0),"",(B8-E8)/ABS(E8)) -> 0 | G8: =IF(OR(B8="",E8=""),"",IF(Indicadores!E8="Não",IF(B8<=E8,"No alvo","Acima da meta"),IF(B8>=E8,"No alvo","Abaixo da meta"))) -> No alvo | H8: =IF(Indicadores!A8="","",Indicadores!R8) -> 44 | I8: =IF(Indicadores!A8="","",Indicadores!B8) -> un | J8: =IF(F8="","",ABS(F8)) -> 0
A9: =IF(Indicadores!A9="","",Indicadores!A9) -> Leads recebidos | B9: =IF(Indicadores!A9="","",IF(INDEX(Indicadores!$F9:$Q9,Config!$B$7)="","",INDEX(Indicadores!$F9:$Q9,Config!$B$7))) -> 137 | C9: =IF(OR(Indicadores!A9="",Config!$B$7=1),"",IF(INDEX(Indicadores!$F9:$Q9,Config!$B$7-1)="","",INDEX(Indicadores!$F9:$Q9,Config!$B$7-1))) -> 142 | D9: =IF(OR(B9="",C9="",C9=0),"",(B9-C9)/ABS(C9)) -> -0.035211268 | E9: =IF(OR(Indicadores!A9="",Indicadores!D9=""),"",Indicadores!D9) -> 120 | F9: =IF(OR(B9="",E9="",E9=0),"",(B9-E9)/ABS(E9)) -> 0.14166667 | G9: =IF(OR(B9="",E9=""),"",IF(Indicadores!E9="Não",IF(B9<=E9,"No alvo","Acima da meta"),IF(B9>=E9,"No alvo","Abaixo da meta"))) -> No alvo | H9: =IF(Indicadores!A9="","",Indicadores!R9) -> 1032 | I9: =IF(Indicadores!A9="","",Indicadores!B9) -> un | J9: =IF(F9="","",ABS(F9)) -> 0.14166667
A10: =IF(Indicadores!A10="","",Indicadores!A10) -> Taxa de conversão de leads | B10: =IF(Indicadores!A10="","",IF(INDEX(Indicadores!$F10:$Q10,Config!$B$7)="","",INDEX(Indicadores!$F10:$Q10,Config!$B$7))) -> 4.4 | C10: =IF(OR(Indicadores!A10="",Config!$B$7=1),"",IF(INDEX(Indicadores!$F10:$Q10,Config!$B$7-1)="","",INDEX(Indicadores!$F10:$Q10,Config!$B$7-1))) -> 4.9 | D10: =IF(OR(B10="",C10="",C10=0),"",(B10-C10)/ABS(C10)) -> -0.10204082 | E10: =IF(OR(Indicadores!A10="",Indicadores!D10=""),"",Indicadores!D10) -> 5 | F10: =IF(OR(B10="",E10="",E10=0),"",(B10-E10)/ABS(E10)) -> -0.12 | G10: =IF(OR(B10="",E10=""),"",IF(Indicadores!E10="Não",IF(B10<=E10,"No alvo","Acima da meta"),IF(B10>=E10,"No alvo","Abaixo da meta"))) -> Abaixo da meta | H10: =IF(Indicadores!A10="","",Indicadores!R10) -> 37.8 | I10: =IF(Indicadores!A10="","",Indicadores!B10) -> % | J10: =IF(F10="","",ABS(F10)) -> 0.12
A11: =IF(Indicadores!A11="","",Indicadores!A11) -> Ticket médio | B11: =IF(Indicadores!A11="","",IF(INDEX(Indicadores!$F11:$Q11,Config!$B$7)="","",INDEX(Indicadores!$F11:$Q11,Config!$B$7))) -> 9700 | C11: =IF(OR(Indicadores!A11="",Config!$B$7=1),"",IF(INDEX(Indicadores!$F11:$Q11,Config!$B$7-1)="","",INDEX(Indicadores!$F11:$Q11,Config!$B$7-1))) -> 9400 | D11: =IF(OR(B11="",C11="",C11=0),"",(B11-C11)/ABS(C11)) -> 0.031914894 | E11: =IF(OR(Indicadores!A11="",Indicadores!D11=""),"",Indicadores!D11) -> 9000 | F11: =IF(OR(B11="",E11="",E11=0),"",(B11-E11)/ABS(E11)) -> 0.077777778 | G11: =IF(OR(B11="",E11=""),"",IF(Indicadores!E11="Não",IF(B11<=E11,"No alvo","Acima da meta"),IF(B11>=E11,"No alvo","Abaixo da meta"))) -> No alvo | H11: =IF(Indicadores!A11="","",Indicadores!R11) -> 80700 | I11: =IF(Indicadores!A11="","",Indicadores!B11) -> R$ | J11: =IF(F11="","",ABS(F11)) -> 0.077777778
A12: =IF(Indicadores!A12="","",Indicadores!A12) -> Inadimplência | B12: =IF(Indicadores!A12="","",IF(INDEX(Indicadores!$F12:$Q12,Config!$B$7)="","",INDEX(Indicadores!$F12:$Q12,Config!$B$7))) -> 2.4 | C12: =IF(OR(Indicadores!A12="",Config!$B$7=1),"",IF(INDEX(Indicadores!$F12:$Q12,Config!$B$7-1)="","",INDEX(Indicadores!$F12:$Q12,Config!$B$7-1))) -> 2.6 | D12: =IF(OR(B12="",C12="",C12=0),"",(B12-C12)/ABS(C12)) -> -0.076923077 | E12: =IF(OR(Indicadores!A12="",Indicadores!D12=""),"",Indicadores!D12) -> 3 | F12: =IF(OR(B12="",E12="",E12=0),"",(B12-E12)/ABS(E12)) -> -0.2 | G12: =IF(OR(B12="",E12=""),"",IF(Indicadores!E12="Não",IF(B12<=E12,"No alvo","Acima da meta"),IF(B12>=E12,"No alvo","Abaixo da meta"))) -> No alvo | H12: =IF(Indicadores!A12="","",Indicadores!R12) -> 29 | I12: =IF(Indicadores!A12="","",Indicadores!B12) -> % | J12: =IF(F12="","",ABS(F12)) -> 0.2
A13: =IF(Indicadores!A13="","",Indicadores!A13) -> Atendimentos realizados | B13: =IF(Indicadores!A13="","",IF(INDEX(Indicadores!$F13:$Q13,Config!$B$7)="","",INDEX(Indicadores!$F13:$Q13,Config!$B$7))) -> 63 | C13: =IF(OR(Indicadores!A13="",Config!$B$7=1),"",IF(INDEX(Indicadores!$F13:$Q13,Config!$B$7-1)="","",INDEX(Indicadores!$F13:$Q13,Config!$B$7-1))) -> 66 | D13: =IF(OR(B13="",C13="",C13=0),"",(B13-C13)/ABS(C13)) -> -0.045454545 | E13: =IF(OR(Indicadores!A13="",Indicadores!D13=""),"",Indicadores!D13) -> 60 | F13: =IF(OR(B13="",E13="",E13=0),"",(B13-E13)/ABS(E13)) -> 0.05 | G13: =IF(OR(B13="",E13=""),"",IF(Indicadores!E13="Não",IF(B13<=E13,"No alvo","Acima da meta"),IF(B13>=E13,"No alvo","Abaixo da meta"))) -> No alvo | H13: =IF(Indicadores!A13="","",Indicadores!R13) -> 536 | I13: =IF(Indicadores!A13="","",Indicadores!B13) -> un | J13: =IF(F13="","",ABS(F13)) -> 0.05
A14: =IF(Indicadores!A14="","",Indicadores!A14) -> NPS | B14: =IF(Indicadores!A14="","",IF(INDEX(Indicadores!$F14:$Q14,Config!$B$7)="","",INDEX(Indicadores!$F14:$Q14,Config!$B$7))) -> 72 | C14: =IF(OR(Indicadores!A14="",Config!$B$7=1),"",IF(INDEX(Indicadores!$F14:$Q14,Config!$B$7-1)="","",INDEX(Indicadores!$F14:$Q14,Config!$B$7-1))) -> 73 | D14: =IF(OR(B14="",C14="",C14=0),"",(B14-C14)/ABS(C14)) -> -0.01369863 | E14: =IF(OR(Indicadores!A14="",Indicadores!D14=""),"",Indicadores!D14) -> 70 | F14: =IF(OR(B14="",E14="",E14=0),"",(B14-E14)/ABS(E14)) -> 0.028571429 | G14: =IF(OR(B14="",E14=""),"",IF(Indicadores!E14="Não",IF(B14<=E14,"No alvo","Acima da meta"),IF(B14>=E14,"No alvo","Abaixo da meta"))) -> No alvo | H14: =IF(Indicadores!A14="","",Indicadores!R14) -> 620 | I14: =IF(Indicadores!A14="","",Indicadores!B14) -> pts | J14: =IF(F14="","",ABS(F14)) -> 0.028571429
A15: =IF(Indicadores!A15="","",Indicadores!A15) -> Horas extras da equipe | B15: =IF(Indicadores!A15="","",IF(INDEX(Indicadores!$F15:$Q15,Config!$B$7)="","",INDEX(Indicadores!$F15:$Q15,Config!$B$7))) -> 12 | C15: =IF(OR(Indicadores!A15="",Config!$B$7=1),"",IF(INDEX(Indicadores!$F15:$Q15,Config!$B$7-1)="","",INDEX(Indicadores!$F15:$Q15,Config!$B$7-1))) -> 14 | D15: =IF(OR(B15="",C15="",C15=0),"",(B15-C15)/ABS(C15)) -> -0.14285714 | E15: =IF(OR(Indicadores!A15="",Indicadores!D15=""),"",Indicadores!D15) -> 20 | F15: =IF(OR(B15="",E15="",E15=0),"",(B15-E15)/ABS(E15)) -> -0.4 | G15: =IF(OR(B15="",E15=""),"",IF(Indicadores!E15="Não",IF(B15<=E15,"No alvo","Acima da meta"),IF(B15>=E15,"No alvo","Abaixo da meta"))) -> No alvo | H15: =IF(Indicadores!A15="","",Indicadores!R15) -> 173 | I15: =IF(Indicadores!A15="","",Indicadores!B15) -> h | J15: =IF(F15="","",ABS(F15)) -> 0.4
A16: =IF(Indicadores!A16="","",Indicadores!A16) -> Custo por lead | B16: =IF(Indicadores!A16="","",IF(INDEX(Indicadores!$F16:$Q16,Config!$B$7)="","",INDEX(Indicadores!$F16:$Q16,Config!$B$7))) -> 40.7 | C16: =IF(OR(Indicadores!A16="",Config!$B$7=1),"",IF(INDEX(Indicadores!$F16:$Q16,Config!$B$7-1)="","",INDEX(Indicadores!$F16:$Q16,Config!$B$7-1))) -> 39.5 | D16: =IF(OR(B16="",C16="",C16=0),"",(B16-C16)/ABS(C16)) -> 0.030379747 | E16: =IF(OR(Indicadores!A16="",Indicadores!D16=""),"",Indicadores!D16) -> 45 | F16: =IF(OR(B16="",E16="",E16=0),"",(B16-E16)/ABS(E16)) -> -0.095555556 | G16: =IF(OR(B16="",E16=""),"",IF(Indicadores!E16="Não",IF(B16<=E16,"No alvo","Acima da meta"),IF(B16>=E16,"No alvo","Abaixo da meta"))) -> No alvo | H16: =IF(Indicadores!A16="","",Indicadores!R16) -> 405.8 | I16: =IF(Indicadores!A16="","",Indicadores!B16) -> R$ | J16: =IF(F16="","",ABS(F16)) -> 0.095555556
A18: Indicador do gráfico | B18: =Indicadores!A5 -> Receita
A20: Evolução no ano do indicador escolhido (linha cheia) e sua meta (tracejada).
A37: Dados do gráfico (automáticos; meses sem valor aparecem como erro de propósito, para o gráfico deixar a lacuna)
A38: Mês | B38: Jan | C38: Fev | D38: Mar | E38: Abr | F38: Mai | G38: Jun | H38: Jul | I38: Ago | J38: Set | K38: Out | L38: Nov | M38: Dez
A39: Valor | B39: =IFERROR(IF(INDEX(Indicadores!$F$5:$Q$16,MATCH($B$18,Indicadores!$A$5:$A$16,0),1)="",NA(),INDEX(Indicadores!$F$5:$Q$16,MATCH($B$18,Indicadores!$A$5:$A$16,0),1)),NA()) -> 98500 | C39: =IFERROR(IF(INDEX(Indicadores!$F$5:$Q$16,MATCH($B$18,Indicadores!$A$5:$A$16,0),2)="",NA(),INDEX(Indicadores!$F$5:$Q$16,MATCH($B$18,Indicadores!$A$5:$A$16,0),2)),NA()) -> 101200 | D39: =IFERROR(IF(INDEX(Indicadores!$F$5:$Q$16,MATCH($B$18,Indicadores!$A$5:$A$16,0),3)="",NA(),INDEX(Indicadores!$F$5:$Q$16,MATCH($B$18,Indicadores!$A$5:$A$16,0),3)),NA()) -> 112400 | E39: =IFERROR(IF(INDEX(Indicadores!$F$5:$Q$16,MATCH($B$18,Indicadores!$A$5:$A$16,0),4)="",NA(),INDEX(Indicadores!$F$5:$Q$16,MATCH($B$18,Indicadores!$A$5:$A$16,0),4)),NA()) -> 109800 | F39: =IFERROR(IF(INDEX(Indicadores!$F$5:$Q$16,MATCH($B$18,Indicadores!$A$5:$A$16,0),5)="",NA(),INDEX(Indicadores!$F$5:$Q$16,MATCH($B$18,Indicadores!$A$5:$A$16,0),5)),NA()) -> 118300 | G39: =IFERROR(IF(INDEX(Indicadores!$F$5:$Q$16,MATCH($B$18,Indicadores!$A$5:$A$16,0),6)="",NA(),INDEX(Indicadores!$F$5:$Q$16,MATCH($B$18,Indicadores!$A$5:$A$16,0),6)),NA()) -> 121900 | H39: =IFERROR(IF(INDEX(Indicadores!$F$5:$Q$16,MATCH($B$18,Indicadores!$A$5:$A$16,0),7)="",NA(),INDEX(Indicadores!$F$5:$Q$16,MATCH($B$18,Indicadores!$A$5:$A$16,0),7)),NA()) -> 115700 | I39: =IFERROR(IF(INDEX(Indicadores!$F$5:$Q$16,MATCH($B$18,Indicadores!$A$5:$A$16,0),8)="",NA(),INDEX(Indicadores!$F$5:$Q$16,MATCH($B$18,Indicadores!$A$5:$A$16,0),8)),NA()) -> 124600 | J39: =IFERROR(IF(INDEX(Indicadores!$F$5:$Q$16,MATCH($B$18,Indicadores!$A$5:$A$16,0),9)="",NA(),INDEX(Indicadores!$F$5:$Q$16,MATCH($B$18,Indicadores!$A$5:$A$16,0),9)),NA()) -> 131200 | K39: =IFERROR(IF(INDEX(Indicadores!$F$5:$Q$16,MATCH($B$18,Indicadores!$A$5:$A$16,0),10)="",NA(),INDEX(Indicadores!$F$5:$Q$16,MATCH($B$18,Indicadores!$A$5:$A$16,0),10)),NA()) -> #N/A | L39: =IFERROR(IF(INDEX(Indicadores!$F$5:$Q$16,MATCH($B$18,Indicadores!$A$5:$A$16,0),11)="",NA(),INDEX(Indicadores!$F$5:$Q$16,MATCH($B$18,Indicadores!$A$5:$A$16,0),11)),NA()) -> #N/A | M39: =IFERROR(IF(INDEX(Indicadores!$F$5:$Q$16,MATCH($B$18,Indicadores!$A$5:$A$16,0),12)="",NA(),INDEX(Indicadores!$F$5:$Q$16,MATCH($B$18,Indicadores!$A$5:$A$16,0),12)),NA()) -> #N/A
A40: Meta | B40: =IFERROR(INDEX(Indicadores!$D$5:$D$16,MATCH($B$18,Indicadores!$A$5:$A$16,0)),NA()) -> 120000 | C40: =IFERROR(INDEX(Indicadores!$D$5:$D$16,MATCH($B$18,Indicadores!$A$5:$A$16,0)),NA()) -> 120000 | D40: =IFERROR(INDEX(Indicadores!$D$5:$D$16,MATCH($B$18,Indicadores!$A$5:$A$16,0)),NA()) -> 120000 | E40: =IFERROR(INDEX(Indicadores!$D$5:$D$16,MATCH($B$18,Indicadores!$A$5:$A$16,0)),NA()) -> 120000 | F40: =IFERROR(INDEX(Indicadores!$D$5:$D$16,MATCH($B$18,Indicadores!$A$5:$A$16,0)),NA()) -> 120000 | G40: =IFERROR(INDEX(Indicadores!$D$5:$D$16,MATCH($B$18,Indicadores!$A$5:$A$16,0)),NA()) -> 120000 | H40: =IFERROR(INDEX(Indicadores!$D$5:$D$16,MATCH($B$18,Indicadores!$A$5:$A$16,0)),NA()) -> 120000 | I40: =IFERROR(INDEX(Indicadores!$D$5:$D$16,MATCH($B$18,Indicadores!$A$5:$A$16,0)),NA()) -> 120000 | ... M40: =IFERROR(INDEX(Indicadores!$D$5:$D$16,MATCH($B$18,Indicadores!$A$5:$A$16,0)),NA()) -> 120000

Sheet Resumo
A1: Resumo do mês, pronto para a IA
A2: Copie o bloco abaixo e cole no prompt "Escrever 01: relatório executivo" ou "Apresentar 01: roteiro de 8 slides" da biblioteca do kit.
A4: ="Relatório de "&Config!B6&" de "&Config!B5&" · "&Config!B4 -> Relatório de Setembro de 2026 · Prisma Comunicação (exemplo fictício)
A6: =IF(OR(Indicadores!A5="",Painel!B5=""),"","• "&Indicadores!A5&": "&IF(Indicadores!B5="R$","R$ ","")&FIXED(Painel!B5,IF(Indicadores!C5="",0,Indicadores!C5))&IF(OR(Indicadores!B5="R$",Indicadores!B5=""),""," "&Indicadores!B5)&IF(Painel!C5<>"",IF(Painel!D5>=0," (+"," (")&FIXED(Painel!D5*100,0)&"% em relação a "&Config!$B$8&")","")&IF(Painel!E5<>"","; meta "&IF(Indicadores!B5="R$","R$ ","")&FIXED(Painel!E5,IF(Indicadores!C5="",0,Indicadores!C5))&IF(OR(Indicadores!B5="R$",Indicadores!B5=""),""," "&Indicadores!B5)&", "&LOWER(Painel!G5),"")&".") -> • Receita: R$ 131,200 (+5% em relação a Agosto); meta R$ 120,000, no alvo.
A7: =IF(OR(Indicadores!A6="",Painel!B6=""),"","• "&Indicadores!A6&": "&IF(Indicadores!B6="R$","R$ ","")&FIXED(Painel!B6,IF(Indicadores!C6="",0,Indicadores!C6))&IF(OR(Indicadores!B6="R$",Indicadores!B6=""),""," "&Indicadores!B6)&IF(Painel!C6<>"",IF(Painel!D6>=0," (+"," (")&FIXED(Painel!D6*100,0)&"% em relação a "&Config!$B$8&")","")&IF(Painel!E6<>"","; meta "&IF(Indicadores!B6="R$","R$ ","")&FIXED(Painel!E6,IF(Indicadores!C6="",0,Indicadores!C6))&IF(OR(Indicadores!B6="R$",Indicadores!B6=""),""," "&Indicadores!B6)&", "&LOWER(Painel!G6),"")&".") -> • Despesas: R$ 89,800 (+3% em relação a Agosto); meta R$ 85,000, acima da meta.
A8: =IF(OR(Indicadores!A7="",Painel!B7=""),"","• "&Indicadores!A7&": "&IF(Indicadores!B7="R$","R$ ","")&FIXED(Painel!B7,IF(Indicadores!C7="",0,Indicadores!C7))&IF(OR(Indicadores!B7="R$",Indicadores!B7=""),""," "&Indicadores!B7)&IF(Painel!C7<>"",IF(Painel!D7>=0," (+"," (")&FIXED(Painel!D7*100,0)&"% em relação a "&Config!$B$8&")","")&IF(Painel!E7<>"","; meta "&IF(Indicadores!B7="R$","R$ ","")&FIXED(Painel!E7,IF(Indicadores!C7="",0,Indicadores!C7))&IF(OR(Indicadores!B7="R$",Indicadores!B7=""),""," "&Indicadores!B7)&", "&LOWER(Painel!G7),"")&".") -> • Resultado (receita - despesas): R$ 41,400 (+11% em relação a Agosto); meta R$ 35,000, no alvo.
A9: =IF(OR(Indicadores!A8="",Painel!B8=""),"","• "&Indicadores!A8&": "&IF(Indicadores!B8="R$","R$ ","")&FIXED(Painel!B8,IF(Indicadores!C8="",0,Indicadores!C8))&IF(OR(Indicadores!B8="R$",Indicadores!B8=""),""," "&Indicadores!B8)&IF(Painel!C8<>"",IF(Painel!D8>=0," (+"," (")&FIXED(Painel!D8*100,0)&"% em relação a "&Config!$B$8&")","")&IF(Painel!E8<>"","; meta "&IF(Indicadores!B8="R$","R$ ","")&FIXED(Painel!E8,IF(Indicadores!C8="",0,Indicadores!C8))&IF(OR(Indicadores!B8="R$",Indicadores!B8=""),""," "&Indicadores!B8)&", "&LOWER(Painel!G8),"")&".") -> • Novos clientes: 6 un (-14% em relação a Agosto); meta 6 un, no alvo.
A10: =IF(OR(Indicadores!A9="",Painel!B9=""),"","• "&Indicadores!A9&": "&IF(Indicadores!B9="R$","R$ ","")&FIXED(Painel!B9,IF(Indicadores!C9="",0,Indicadores!C9))&IF(OR(Indicadores!B9="R$",Indicadores!B9=""),""," "&Indicadores!B9)&IF(Painel!C9<>"",IF(Painel!D9>=0," (+"," (")&FIXED(Painel!D9*100,0)&"% em relação a "&Config!$B$8&")","")&IF(Painel!E9<>"","; meta "&IF(Indicadores!B9="R$","R$ ","")&FIXED(Painel!E9,IF(Indicadores!C9="",0,Indicadores!C9))&IF(OR(Indicadores!B9="R$",Indicadores!B9=""),""," "&Indicadores!B9)&", "&LOWER(Painel!G9),"")&".") -> • Leads recebidos: 137 un (-4% em relação a Agosto); meta 120 un, no alvo.
A11: =IF(OR(Indicadores!A10="",Painel!B10=""),"","• "&Indicadores!A10&": "&IF(Indicadores!B10="R$","R$ ","")&FIXED(Painel!B10,IF(Indicadores!C10="",0,Indicadores!C10))&IF(OR(Indicadores!B10="R$",Indicadores!B10=""),""," "&Indicadores!B10)&IF(Painel!C10<>"",IF(Painel!D10>=0," (+"," (")&FIXED(Painel!D10*100,0)&"% em relação a "&Config!$B$8&")","")&IF(Painel!E10<>"","; meta "&IF(Indicadores!B10="R$","R$ ","")&FIXED(Painel!E10,IF(Indicadores!C10="",0,Indicadores!C10))&IF(OR(Indicadores!B10="R$",Indicadores!B10=""),""," "&Indicadores!B10)&", "&LOWER(Painel!G10),"")&".") -> • Taxa de conversão de leads: 4.4 % (-10% em relação a Agosto); meta 5.0 %, abaixo da meta.
A12: =IF(OR(Indicadores!A11="",Painel!B11=""),"","• "&Indicadores!A11&": "&IF(Indicadores!B11="R$","R$ ","")&FIXED(Painel!B11,IF(Indicadores!C11="",0,Indicadores!C11))&IF(OR(Indicadores!B11="R$",Indicadores!B11=""),""," "&Indicadores!B11)&IF(Painel!C11<>"",IF(Painel!D11>=0," (+"," (")&FIXED(Painel!D11*100,0)&"% em relação a "&Config!$B$8&")","")&IF(Painel!E11<>"","; meta "&IF(Indicadores!B11="R$","R$ ","")&FIXED(Painel!E11,IF(Indicadores!C11="",0,Indicadores!C11))&IF(OR(Indicadores!B11="R$",Indicadores!B11=""),""," "&Indicadores!B11)&", "&LOWER(Painel!G11),"")&".") -> • Ticket médio: R$ 9,700 (+3% em relação a Agosto); meta R$ 9,000, no alvo.
A13: =IF(OR(Indicadores!A12="",Painel!B12=""),"","• "&Indicadores!A12&": "&IF(Indicadores!B12="R$","R$ ","")&FIXED(Painel!B12,IF(Indicadores!C12="",0,Indicadores!C12))&IF(OR(Indicadores!B12="R$",Indicadores!B12=""),""," "&Indicadores!B12)&IF(Painel!C12<>"",IF(Painel!D12>=0," (+"," (")&FIXED(Painel!D12*100,0)&"% em relação a "&Config!$B$8&")","")&IF(Painel!E12<>"","; meta "&IF(Indicadores!B12="R$","R$ ","")&FIXED(Painel!E12,IF(Indicadores!C12="",0,Indicadores!C12))&IF(OR(Indicadores!B12="R$",Indicadores!B12=""),""," "&Indicadores!B12)&", "&LOWER(Painel!G12),"")&".") -> • Inadimplência: 2.4 % (-8% em relação a Agosto); meta 3.0 %, no alvo.
A14: =IF(OR(Indicadores!A13="",Painel!B13=""),"","• "&Indicadores!A13&": "&IF(Indicadores!B13="R$","R$ ","")&FIXED(Painel!B13,IF(Indicadores!C13="",0,Indicadores!C13))&IF(OR(Indicadores!B13="R$",Indicadores!B13=""),""," "&Indicadores!B13)&IF(Painel!C13<>"",IF(Painel!D13>=0," (+"," (")&FIXED(Painel!D13*100,0)&"% em relação a "&Config!$B$8&")","")&IF(Painel!E13<>"","; meta "&IF(Indicadores!B13="R$","R$ ","")&FIXED(Painel!E13,IF(Indicadores!C13="",0,Indicadores!C13))&IF(OR(Indicadores!B13="R$",Indicadores!B13=""),""," "&Indicadores!B13)&", "&LOWER(Painel!G13),"")&".") -> • Atendimentos realizados: 63 un (-5% em relação a Agosto); meta 60 un, no alvo.
A15: =IF(OR(Indicadores!A14="",Painel!B14=""),"","• "&Indicadores!A14&": "&IF(Indicadores!B14="R$","R$ ","")&FIXED(Painel!B14,IF(Indicadores!C14="",0,Indicadores!C14))&IF(OR(Indicadores!B14="R$",Indicadores!B14=""),""," "&Indicadores!B14)&IF(Painel!C14<>"",IF(Painel!D14>=0," (+"," (")&FIXED(Painel!D14*100,0)&"% em relação a "&Config!$B$8&")","")&IF(Painel!E14<>"","; meta "&IF(Indicadores!B14="R$","R$ ","")&FIXED(Painel!E14,IF(Indicadores!C14="",0,Indicadores!C14))&IF(OR(Indicadores!B14="R$",Indicadores!B14=""),""," "&Indicadores!B14)&", "&LOWER(Painel!G14),"")&".") -> • NPS: 72 pts (-1% em relação a Agosto); meta 70 pts, no alvo.
A16: =IF(OR(Indicadores!A15="",Painel!B15=""),"","• "&Indicadores!A15&": "&IF(Indicadores!B15="R$","R$ ","")&FIXED(Painel!B15,IF(Indicadores!C15="",0,Indicadores!C15))&IF(OR(Indicadores!B15="R$",Indicadores!B15=""),""," "&Indicadores!B15)&IF(Painel!C15<>"",IF(Painel!D15>=0," (+"," (")&FIXED(Painel!D15*100,0)&"% em relação a "&Config!$B$8&")","")&IF(Painel!E15<>"","; meta "&IF(Indicadores!B15="R$","R$ ","")&FIXED(Painel!E15,IF(Indicadores!C15="",0,Indicadores!C15))&IF(OR(Indicadores!B15="R$",Indicadores!B15=""),""," "&Indicadores!B15)&", "&LOWER(Painel!G15),"")&".") -> • Horas extras da equipe: 12 h (-14% em relação a Agosto); meta 20 h, no alvo.
A17: =IF(OR(Indicadores!A16="",Painel!B16=""),"","• "&Indicadores!A16&": "&IF(Indicadores!B16="R$","R$ ","")&FIXED(Painel!B16,IF(Indicadores!C16="",0,Indicadores!C16))&IF(OR(Indicadores!B16="R$",Indicadores!B16=""),""," "&Indicadores!B16)&IF(Painel!C16<>"",IF(Painel!D16>=0," (+"," (")&FIXED(Painel!D16*100,0)&"% em relação a "&Config!$B$8&")","")&IF(Painel!E16<>"","; meta "&IF(Indicadores!B16="R$","R$ ","")&FIXED(Painel!E16,IF(Indicadores!C16="",0,Indicadores!C16))&IF(OR(Indicadores!B16="R$",Indicadores!B16=""),""," "&Indicadores!B16)&", "&LOWER(Painel!G16),"")&".") -> • Custo por lead: R$ 40.70 (+3% em relação a Agosto); meta R$ 45.00, no alvo.
A19: Destaques automáticos
A20: =IFERROR("• Maior alta contra o mês anterior: "&INDEX(Painel!$A$5:$A$16,MATCH(MAX(Painel!$D$5:$D$16),Painel!$D$5:$D$16,0))&" ("&IF(MAX(Painel!$D$5:$D$16)>=0,"+","")&FIXED(MAX(Painel!$D$5:$D$16)*100,0)&"%).","• Maior alta: preencha ao menos dois meses.") -> • Maior alta contra o mês anterior: Resultado (receita - despesas) (+11%).
A21: =IFERROR("• Maior queda contra o mês anterior: "&INDEX(Painel!$A$5:$A$16,MATCH(MIN(Painel!$D$5:$D$16),Painel!$D$5:$D$16,0))&" ("&FIXED(MIN(Painel!$D$5:$D$16)*100,0)&"%).","") -> • Maior queda contra o mês anterior: Novos clientes (-14%).
A22: =IFERROR("• Mais longe da meta: "&INDEX(Painel!$A$5:$A$16,MATCH(MAX(Painel!$J$5:$J$16),Painel!$J$5:$J$16,0))&" ("&IF(INDEX(Painel!$F$5:$F$16,MATCH(MAX(Painel!$J$5:$J$16),Painel!$J$5:$J$16,0))>=0,"+","")&FIXED(INDEX(Painel!$F$5:$F$16,MATCH(MAX(Painel!$J$5:$J$16),Painel!$J$5:$J$16,0))*100,0)&"% da meta).","") -> • Mais longe da meta: Horas extras da equipe (-40% da meta).
A23: =IFERROR("• Indicadores no alvo: "&COUNTIF(Painel!$G$5:$G$16,"No alvo")&" de "&COUNTIF(Painel!$G$5:$G$16,"<>")&".","") -> • Indicadores no alvo: 10 de 12.
A25: Bloco único para copiar
A26: =A4&CHAR(10)&IF(A6="","",A6&CHAR(10)) & IF(A7="","",A7&CHAR(10)) & IF(A8="","",A8&CHAR(10)) & IF(A9="","",A9&CHAR(10)) & IF(A10="","",A10&CHAR(10)) & IF(A11="","",A11&CHAR(10)) & IF(A12="","",A12&CHAR(10)) & IF(A13="","",A13&CHAR(10)) & IF(A14="","",A14&CHAR(10)) & IF(A15="","",A15&CHAR(10)) & IF(A16="","",A16&CHAR(10)) & IF(A17="","",A17&CHAR(10))&CHAR(10)&A20&CHAR(10)&A21&CHAR(10)&A22&CHAR(10)&A23 -> Relatório de Setembro de 2026 · Prisma Comunicação (exemplo fictício) • Receita: R$ 131,200 (+5% em relação a Agosto); meta R$ 120,000, no alvo. • Despesas: R$ 89,800 (+3% em relação a Agosto); meta R$ 85,000, acima da meta. • Resultado (receita - despesas): R$ 41,400 (+11% em relação a Agosto); meta R$ 35,000, no alvo. • Novos clientes: 6 un (-14% em relação a Agosto); meta 6 un, no alvo. • Leads recebidos: 137 un (-4% em relação a Agosto); meta 120 un, no alvo. • Taxa de conversão de leads: 4.4 % (-10% em relação a Agosto); meta 5.0 %, abaixo da meta. • Ticket médio: R$ 9,700 (+3% em relação a Agosto); meta R$ 9,000, no alvo. • Inadimplência: 2.4 % (-8% em relação a Agosto); meta 3.0 %, no alvo. • Atendimentos realizados: 63 un (-5% em relação a Agosto); meta 60 un, no alvo. • NPS: 72 pts (-1% em relação a Agosto); meta 70 pts, no alvo. • Horas extras da equipe: 12 h (-14% em relação a Agosto); meta 20 h, no alvo. • Custo por lead: R$ 40.70 (+3% em relação a Agosto); meta R$ 45.00, no alvo. • Maior alta contra o mês anterior: Resultado (receita - despesas) (+11%). • Maior queda contra o mês anterior: Novos clientes (-14%). • Mais longe da meta: Horas extras da equipe (-40% da meta). • Indicadores no alvo: 10 de 12.
A28: Os textos são gerados por fórmula. Revise antes de enviar; a IA precisa dos seus comentários sobre o porquê dos números.

Sheet Config
A1: Configurações
A2: Células amarelas: você preenche.
A4: Nome da empresa ou área | B4: Prisma Comunicação (exemplo fictício) | D4: Meses
A5: Ano | B5: 2026 | D5: Janeiro
A6: Mês do relatório | B6: Setembro | D6: Fevereiro
A7: Número do mês | B7: =MATCH(B6,Config!$D$5:$D$16,0) -> 9 | D7: Março
A8: Mês anterior | B8: =IF(B7>1,INDEX($D$5:$D$16,B7-1),"") -> Agosto | D8: Abril
D9: Maio
A10: Use a mesma planilha o ano inteiro: só troque o mês do relatório. | D10: Junho
D11: Julho
D12: Agosto
D13: Setembro
D14: Outubro
D15: Novembro
D16: Dezembro

Sheet Indicadores
A1: Indicadores do ano
A2: Preencha o nome, a unidade, a meta mensal, se maior é melhor, e o valor de cada mês. Deixe em branco o que ainda não aconteceu.
A4: Indicador | B4: Unidade | C4: Casas decimais | D4: Meta mensal | E4: Maior é melhor? | F4: Jan | G4: Fev | H4: Mar | I4: Abr | J4: Mai | K4: Jun | L4: Jul | M4: Ago | N4: Set | O4: Out | P4: Nov | Q4: Dez | R4: Acumulado | S4: Média
A5: Receita | B5: R$ | C5: 0 | D5: 120000 | E5: Sim | F5: 98500 | G5: 101200 | H5: 112400 | I5: 109800 | J5: 118300 | K5: 121900 | L5: 115700 | M5: 124600 | N5: 131200 | R5: =IF(COUNT(F5:Q5)=0,"",SUM(F5:Q5)) -> 1033600 | S5: =IF(COUNT(F5:Q5)=0,"",AVERAGE(F5:Q5)) -> 114844.44
A6: Despesas | B6: R$ | C6: 0 | D6: 85000 | E6: Não | F6: 80200 | G6: 81900 | H6: 84100 | I6: 86500 | J6: 83700 | K6: 88200 | L6: 84900 | M6: 87300 | N6: 89800 | R6: =IF(COUNT(F6:Q6)=0,"",SUM(F6:Q6)) -> 766600 | S6: =IF(COUNT(F6:Q6)=0,"",AVERAGE(F6:Q6)) -> 85177.778
A7: Resultado (receita - despesas) | B7: R$ | C7: 0 | D7: 35000 | E7: Sim | F7: 18300 | G7: 19300 | H7: 28300 | I7: 23300 | J7: 34600 | K7: 33700 | L7: 30800 | M7: 37300 | N7: 41400 | R7: =IF(COUNT(F7:Q7)=0,"",SUM(F7:Q7)) -> 267000 | S7: =IF(COUNT(F7:Q7)=0,"",AVERAGE(F7:Q7)) -> 29666.667
A8: Novos clientes | B8: un | C8: 0 | D8: 6 | E8: Sim | F8: 3 | G8: 4 | H8: 5 | I8: 4 | J8: 6 | K8: 5 | L8: 4 | M8: 7 | N8: 6 | R8: =IF(COUNT(F8:Q8)=0,"",SUM(F8:Q8)) -> 44 | S8: =IF(COUNT(F8:Q8)=0,"",AVERAGE(F8:Q8)) -> 4.8888889
A9: Leads recebidos | B9: un | C9: 0 | D9: 120 | E9: Sim | F9: 88 | G9: 95 | H9: 110 | I9: 102 | J9: 131 | K9: 118 | L9: 109 | M9: 142 | N9: 137 | R9: =IF(COUNT(F9:Q9)=0,"",SUM(F9:Q9)) -> 1032 | S9: =IF(COUNT(F9:Q9)=0,"",AVERAGE(F9:Q9)) -> 114.66667
A10: Taxa de conversão de leads | B10: % | C10: 1 | D10: 5 | E10: Sim | F10: 3.4 | G10: 4.2 | H10: 4.5 | I10: 3.9 | J10: 4.6 | K10: 4.2 | L10: 3.7 | M10: 4.9 | N10: 4.4 | R10: =IF(COUNT(F10:Q10)=0,"",SUM(F10:Q10)) -> 37.8 | S10: =IF(COUNT(F10:Q10)=0,"",AVERAGE(F10:Q10)) -> 4.2
A11: Ticket médio | B11: R$ | C11: 0 | D11: 9000 | E11: Sim | F11: 8200 | G11: 8400 | H11: 8900 | I11: 8700 | J11: 9100 | K11: 9300 | L11: 9000 | M11: 9400 | N11: 9700 | R11: =IF(COUNT(F11:Q11)=0,"",SUM(F11:Q11)) -> 80700 | S11: =IF(COUNT(F11:Q11)=0,"",AVERAGE(F11:Q11)) -> 8966.6667
A12: Inadimplência | B12: % | C12: 1 | D12: 3 | E12: Não | F12: 4.1 | G12: 3.8 | H12: 3.2 | I12: 3.5 | J12: 2.9 | K12: 3.1 | L12: 3.4 | M12: 2.6 | N12: 2.4 | R12: =IF(COUNT(F12:Q12)=0,"",SUM(F12:Q12)) -> 29 | S12: =IF(COUNT(F12:Q12)=0,"",AVERAGE(F12:Q12)) -> 3.2222222
A13: Atendimentos realizados | B13: un | C13: 0 | D13: 60 | E13: Sim | F13: 52 | G13: 55 | H13: 61 | I13: 58 | J13: 64 | K13: 60 | L13: 57 | M13: 66 | N13: 63 | R13: =IF(COUNT(F13:Q13)=0,"",SUM(F13:Q13)) -> 536 | S13: =IF(COUNT(F13:Q13)=0,"",AVERAGE(F13:Q13)) -> 59.555556
A14: NPS | B14: pts | C14: 0 | D14: 70 | E14: Sim | F14: 64 | G14: 66 | H14: 69 | I14: 67 | J14: 71 | K14: 70 | L14: 68 | M14: 73 | N14: 72 | R14: =IF(COUNT(F14:Q14)=0,"",SUM(F14:Q14)) -> 620 | S14: =IF(COUNT(F14:Q14)=0,"",AVERAGE(F14:Q14)) -> 68.888889
A15: Horas extras da equipe | B15: h | C15: 0 | D15: 20 | E15: Não | F15: 26 | G15: 24 | H15: 18 | I15: 22 | J15: 15 | K15: 19 | L15: 23 | M15: 14 | N15: 12 | R15: =IF(COUNT(F15:Q15)=0,"",SUM(F15:Q15)) -> 173 | S15: =IF(COUNT(F15:Q15)=0,"",AVERAGE(F15:Q15)) -> 19.222222
A16: Custo por lead | B16: R$ | C16: 2 | D16: 45 | E16: Não | F16: 52.3 | G16: 49.8 | H16: 44.1 | I16: 47.5 | J16: 41.2 | K16: 43.9 | L16: 46.8 | M16: 39.5 | N16: 40.7 | R16: =IF(COUNT(F16:Q16)=0,"",SUM(F16:Q16)) -> 405.8 | S16: =IF(COUNT(F16:Q16)=0,"",AVERAGE(F16:Q16)) -> 45.088889
A18: "Acumulado" soma os meses preenchidos; para taxas e médias, use a coluna "Média". Para indicadores em %, digite 4,5 (não 0,045).
