Workbook

Sheet Como usar
A1: Parcelas e Inadimplência
A2: Kit de Gestão para Advogados · Seu Sócio Gestor · versão 1.0 (setembro de 2026)
A4: O que esta planilha faz | B4: Você lança as parcelas combinadas com cada cliente e marca as pagas; ela mostra o que vence nos próximos dias, o que já venceu por faixa de atraso, a inadimplência e a lista de quem cobrar primeiro, com a ação sugerida da régua de cobrança.
A5: Passo 1 | B5: Em Config, ajuste as janelas (7 e 30 dias) e a régua: a partir de quantos dias de atraso fazer o quê. Escreva as ações do seu jeito, educadas e diretas.
A6: Passo 2 | B6: Em Casos, cole a lista de casos da planilha 13 · Carteira (número, cliente, modalidade, valor contratado); a 13 é a fonte do cadastro. É a lista que alimenta a escolha do caso em Parcelas.
A7: Passo 3 | B7: Em Parcelas, uma linha por parcela: caso, número da parcela, vencimento e valor. Quando receber, marque Pago? = Sim e a data do pagamento, e lance a mesma entrada no caixa (planilha 09). Honorário por hora entra como fatura mensal; êxito, só no fim do caso.
A8: Passo 4 | B8: Em Painel, veja o que vence em 7 e 30 dias, o vencido por faixa, a inadimplência (vencido ÷ (pago + vencido), a mesma conta das planilhas 17, 19 e 20) e a lista "Cobrar primeiro" com o texto da régua para cada parcela.
A9: Rotina | B9: Segunda-feira, 10 minutos: conferir o extrato, marcar as pagas, mandar as mensagens da lista "Cobrar primeiro". Sexta: confirmar as que vencem na semana seguinte.
A10: Com a IA | B10: Copie uma linha de "Cobrar primeiro" (cliente, parcela, valor, dias, ação) e use o prompt "Clientes 03 · Cobrança educada em três versões" da biblioteca (ou "Clientes 02 · Quem cobrar primeiro" para a lista inteira) ou os 15 modelos de mensagem do bônus. Nunca cole dados que o cliente não autorizou compartilhar.
A11: Legenda | B11: Células amarelas: você preenche. Brancas: calculadas. Não é preciso mexer em nada fora do amarelo.
A12: Proteção | B12: Fórmulas protegidas sem senha. Para editar: Revisar > Desproteger planilha (Excel) ou Dados > Proteger intervalos (Google Sheets).
A13: Requisitos | B13: Excel 2016 ou mais novo, Microsoft 365 ou Google Sheets (só funções do Excel 2007+; nada de MÍNIMOSES, MÁXIMOSES ou UNIRTEXTO). No celular abre nos aplicativos; para preencher, use o computador.
A14: Google Sheets | B14: Faça upload no Google Drive e abra com o Google Sheets. Fórmulas, listas, cores, semáforos e gráficos funcionam: as regras de cor que dependem do mês escolhido em Config usam INDIRECT, que é a forma que o Sheets aceita para regra condicional apontar para outra aba.
A15: Exemplos | B15: Ferraz & Lima Advocacia é um escritório fictício. Clientes, processos, nomes e valores são inventados. Apague-os antes de começar.
... A17: Suporte | B17: suporte@seusociogestor.com.br · resposta em até 5 dias úteis · reembolso em até 7 dias pelo mesmo canal.

Sheet Painel
A1: =Config!$B$4&" · Parcelas e inadimplência · "&TEXT(DAY(Config!$B$5),"00")&"/"&TEXT(MONTH(Config!$B$5),"00")&"/"&YEAR(Config!$B$5) -> Ferraz & Lima Advocacia (exemplo fictício) · Parcelas e inadimplência · 14/09/2026
A2: Nada para digitar aqui: tudo vem de Parcelas e da régua em Config.
A4: ="Vence em até "&Config!$B$6&" dias" -> Vence em até 7 dias | C4: ="Vence em até "&Config!$B$7&" dias" -> Vence em até 30 dias | E4: Em aberto (total) | G4: Vencido (R$) | I4: Parcelas vencidas | K4: Inadimplência (vencido ÷ (pago + vencido))
A5: =SUMIFS(Parcelas!$E$5:$E$404,Parcelas!$H$5:$H$404,"A vencer",Parcelas!$J$5:$J$404,"<="&Config!$B$6) -> 2800 | C5: =SUMIFS(Parcelas!$E$5:$E$404,Parcelas!$H$5:$H$404,"A vencer",Parcelas!$J$5:$J$404,"<="&Config!$B$7) -> 15450 | E5: =SUMIFS(Parcelas!$E$5:$E$404,Parcelas!$H$5:$H$404,"A vencer")+SUMIFS(Parcelas!$E$5:$E$404,Parcelas!$H$5:$H$404,"Vencida") -> 55330 | G5: =SUMIFS(Parcelas!$E$5:$E$404,Parcelas!$H$5:$H$404,"Vencida") -> 13080 | I5: =COUNTIFS(Parcelas!$H$5:$H$404,"Vencida") -> 7 | K5: =IFERROR(G5/(G5+SUMIFS(Parcelas!$E$5:$E$404,Parcelas!$H$5:$H$404,"Paga")),0) -> 0.045896347
A7: Inadimplência = vencido ÷ (pago + vencido): de tudo o que já venceu, quanto ainda não entrou. É a definição usada em todo o kit (17, 19, 20). Outra conta possível, vencido ÷ em aberto (vencido + a vencer), mede a carteira futura e dá um número maior; não a use para comparar com estas planilhas.
A9: Vencidas por faixa de atraso
A10: Faixa | B10: Parcelas | C10: Valor (R$) | D10: % do vencido | E10: Ação da régua
A11: =IF(Config!$C$10="","",Config!$C$10) -> 1 a 6 dias | B11: =IF(Config!$C$10="","",COUNTIFS(Parcelas!$K$5:$K$404,Config!$C$10)) -> 1 | C11: =IF(Config!$C$10="","",SUMIFS(Parcelas!$E$5:$E$404,Parcelas!$K$5:$K$404,Config!$C$10)) -> 1980 | D11: =IF(Config!$C$10="","",IFERROR(C11/$G$5,0)) -> 0.15137615 | E11: =IF(Config!$C$10="","",Config!$B$10) -> Lembrete gentil por WhatsApp ou e-mail: confirmar se o boleto ou o link de pagamento chegou e reenviar, se preciso.
A12: =IF(Config!$C$11="","",Config!$C$11) -> 7 a 14 dias | B12: =IF(Config!$C$11="","",COUNTIFS(Parcelas!$K$5:$K$404,Config!$C$11)) -> 0 | C12: =IF(Config!$C$11="","",SUMIFS(Parcelas!$E$5:$E$404,Parcelas!$K$5:$K$404,Config!$C$11)) -> 0 | D12: =IF(Config!$C$11="","",IFERROR(C12/$G$5,0)) -> 0 | E12: =IF(Config!$C$11="","",Config!$B$11) -> Mensagem do responsável pelo caso perguntando se houve algum imprevisto e oferecendo uma nova data para o pagamento.
A13: =IF(Config!$C$12="","",Config!$C$12) -> 15 a 29 dias | B13: =IF(Config!$C$12="","",COUNTIFS(Parcelas!$K$5:$K$404,Config!$C$12)) -> 1 | C13: =IF(Config!$C$12="","",SUMIFS(Parcelas!$E$5:$E$404,Parcelas!$K$5:$K$404,Config!$C$12)) -> 1500 | D13: =IF(Config!$C$12="","",IFERROR(C13/$G$5,0)) -> 0.1146789 | E13: =IF(Config!$C$12="","",Config!$B$12) -> E-mail com o demonstrativo das parcelas em aberto e proposta de renegociação (nova data ou divisão do valor).
A14: =IF(Config!$C$13="","",Config!$C$13) -> 30 dias ou mais | B14: =IF(Config!$C$13="","",COUNTIFS(Parcelas!$K$5:$K$404,Config!$C$13)) -> 5 | C14: =IF(Config!$C$13="","",SUMIFS(Parcelas!$E$5:$E$404,Parcelas!$K$5:$K$404,Config!$C$13)) -> 9600 | D14: =IF(Config!$C$13="","",IFERROR(C14/$G$5,0)) -> 0.73394495 | E14: =IF(Config!$C$13="","",Config!$B$13) -> Ligação ou reunião para combinar um plano de pagamento; registrar por escrito o que foi combinado e a nova data.
A15: Antes da régua | B15: =COUNTIFS(Parcelas!$K$5:$K$404,"Antes da régua") -> 0 | C15: =SUMIFS(Parcelas!$E$5:$E$404,Parcelas!$K$5:$K$404,"Antes da régua") -> 0 | D15: =IFERROR(C15/$G$5,0) -> 0 | E15: Vencidas há menos dias que o primeiro passo da régua.
A17: Cobrar primeiro
A18: Parcelas vencidas em ordem de valor × dias de atraso: as que mais pesam no caixa vêm no topo. O texto da última coluna é a ação da régua para a faixa de cada uma.
A19: # | B19: Cliente | C19: Caso | D19: Parcela | E19: Vencimento | F19: Valor (R$) | G19: Dias de atraso | H19: Faixa | I19: Ação sugerida
A20: 1 | B20: =IFERROR(IF(LARGE(Parcelas!$M$5:$M$404,1)>0,INDEX(Parcelas!$B$5:$B$404,MATCH(LARGE(Parcelas!$M$5:$M$404,1),Parcelas!$M$5:$M$404,0)),""),"") -> Bistrô 42 | C20: =IFERROR(IF(LARGE(Parcelas!$M$5:$M$404,1)>0,INDEX(Parcelas!$A$5:$A$404,MATCH(LARGE(Parcelas!$M$5:$M$404,1),Parcelas!$M$5:$M$404,0)),""),"") -> 8056747-83.2026.8.26.0561 | D20: =IFERROR(IF(LARGE(Parcelas!$M$5:$M$404,1)>0,INDEX(Parcelas!$C$5:$C$404,MATCH(LARGE(Parcelas!$M$5:$M$404,1),Parcelas!$M$5:$M$404,0)),""),"") -> 3 | E20: =IFERROR(IF(LARGE(Parcelas!$M$5:$M$404,1)>0,INDEX(Parcelas!$D$5:$D$404,MATCH(LARGE(Parcelas!$M$5:$M$404,1),Parcelas!$M$5:$M$404,0)),""),"") -> 46099 | F20: =IFERROR(IF(LARGE(Parcelas!$M$5:$M$404,1)>0,INDEX(Parcelas!$E$5:$E$404,MATCH(LARGE(Parcelas!$M$5:$M$404,1),Parcelas!$M$5:$M$404,0)),""),"") -> 2100 | G20: =IFERROR(IF(LARGE(Parcelas!$M$5:$M$404,1)>0,INDEX(Parcelas!$I$5:$I$404,MATCH(LARGE(Parcelas!$M$5:$M$404,1),Parcelas!$M$5:$M$404,0)),""),"") -> 180 | H20: =IFERROR(IF(LARGE(Parcelas!$M$5:$M$404,1)>0,INDEX(Parcelas!$K$5:$K$404,MATCH(LARGE(Parcelas!$M$5:$M$404,1),Parcelas!$M$5:$M$404,0)),""),"") -> 30 dias ou mais | I20: =IFERROR(IF(LARGE(Parcelas!$M$5:$M$404,1)>0,INDEX(Parcelas!$L$5:$L$404,MATCH(LARGE(Parcelas!$M$5:$M$404,1),Parcelas!$M$5:$M$404,0)),""),"") -> Ligação ou reunião para combinar um plano de pagamento; registrar por escrito o que foi combinado e a nova data.
A21: 2 | B21: =IFERROR(IF(LARGE(Parcelas!$M$5:$M$404,2)>0,INDEX(Parcelas!$B$5:$B$404,MATCH(LARGE(Parcelas!$M$5:$M$404,2),Parcelas!$M$5:$M$404,0)),""),"") -> Bistrô 42 | C21: =IFERROR(IF(LARGE(Parcelas!$M$5:$M$404,2)>0,INDEX(Parcelas!$A$5:$A$404,MATCH(LARGE(Parcelas!$M$5:$M$404,2),Parcelas!$M$5:$M$404,0)),""),"") -> 8056747-83.2026.8.26.0561 | D21: =IFERROR(IF(LARGE(Parcelas!$M$5:$M$404,2)>0,INDEX(Parcelas!$C$5:$C$404,MATCH(LARGE(Parcelas!$M$5:$M$404,2),Parcelas!$M$5:$M$404,0)),""),"") -> 4 | E21: =IFERROR(IF(LARGE(Parcelas!$M$5:$M$404,2)>0,INDEX(Parcelas!$D$5:$D$404,MATCH(LARGE(Parcelas!$M$5:$M$404,2),Parcelas!$M$5:$M$404,0)),""),"") -> 46129 | F21: =IFERROR(IF(LARGE(Parcelas!$M$5:$M$404,2)>0,INDEX(Parcelas!$E$5:$E$404,MATCH(LARGE(Parcelas!$M$5:$M$404,2),Parcelas!$M$5:$M$404,0)),""),"") -> 2100 | G21: =IFERROR(IF(LARGE(Parcelas!$M$5:$M$404,2)>0,INDEX(Parcelas!$I$5:$I$404,MATCH(LARGE(Parcelas!$M$5:$M$404,2),Parcelas!$M$5:$M$404,0)),""),"") -> 150 | H21: =IFERROR(IF(LARGE(Parcelas!$M$5:$M$404,2)>0,INDEX(Parcelas!$K$5:$K$404,MATCH(LARGE(Parcelas!$M$5:$M$404,2),Parcelas!$M$5:$M$404,0)),""),"") -> 30 dias ou mais | I21: =IFERROR(IF(LARGE(Parcelas!$M$5:$M$404,2)>0,INDEX(Parcelas!$L$5:$L$404,MATCH(LARGE(Parcelas!$M$5:$M$404,2),Parcelas!$M$5:$M$404,0)),""),"") -> Ligação ou reunião para combinar um plano de pagamento; registrar por escrito o que foi combinado e a nova data.
A22: 3 | B22: =IFERROR(IF(LARGE(Parcelas!$M$5:$M$404,3)>0,INDEX(Parcelas!$B$5:$B$404,MATCH(LARGE(Parcelas!$M$5:$M$404,3),Parcelas!$M$5:$M$404,0)),""),"") -> Oficina Mecânica Central | C22: =IFERROR(IF(LARGE(Parcelas!$M$5:$M$404,3)>0,INDEX(Parcelas!$A$5:$A$404,MATCH(LARGE(Parcelas!$M$5:$M$404,3),Parcelas!$M$5:$M$404,0)),""),"") -> 6184138-13.2026.8.26.0378 | D22: =IFERROR(IF(LARGE(Parcelas!$M$5:$M$404,3)>0,INDEX(Parcelas!$C$5:$C$404,MATCH(LARGE(Parcelas!$M$5:$M$404,3),Parcelas!$M$5:$M$404,0)),""),"") -> 3 | E22: =IFERROR(IF(LARGE(Parcelas!$M$5:$M$404,3)>0,INDEX(Parcelas!$D$5:$D$404,MATCH(LARGE(Parcelas!$M$5:$M$404,3),Parcelas!$M$5:$M$404,0)),""),"") -> 46192 | F22: =IFERROR(IF(LARGE(Parcelas!$M$5:$M$404,3)>0,INDEX(Parcelas!$E$5:$E$404,MATCH(LARGE(Parcelas!$M$5:$M$404,3),Parcelas!$M$5:$M$404,0)),""),"") -> 1500 | G22: =IFERROR(IF(LARGE(Parcelas!$M$5:$M$404,3)>0,INDEX(Parcelas!$I$5:$I$404,MATCH(LARGE(Parcelas!$M$5:$M$404,3),Parcelas!$M$5:$M$404,0)),""),"") -> 87 | H22: =IFERROR(IF(LARGE(Parcelas!$M$5:$M$404,3)>0,INDEX(Parcelas!$K$5:$K$404,MATCH(LARGE(Parcelas!$M$5:$M$404,3),Parcelas!$M$5:$M$404,0)),""),"") -> 30 dias ou mais | I22: =IFERROR(IF(LARGE(Parcelas!$M$5:$M$404,3)>0,INDEX(Parcelas!$L$5:$L$404,MATCH(LARGE(Parcelas!$M$5:$M$404,3),Parcelas!$M$5:$M$404,0)),""),"") -> Ligação ou reunião para combinar um plano de pagamento; registrar por escrito o que foi combinado e a nova data.
A23: 4 | B23: =IFERROR(IF(LARGE(Parcelas!$M$5:$M$404,4)>0,INDEX(Parcelas!$B$5:$B$404,MATCH(LARGE(Parcelas!$M$5:$M$404,4),Parcelas!$M$5:$M$404,0)),""),"") -> Patrícia Gomes | C23: =IFERROR(IF(LARGE(Parcelas!$M$5:$M$404,4)>0,INDEX(Parcelas!$A$5:$A$404,MATCH(LARGE(Parcelas!$M$5:$M$404,4),Parcelas!$M$5:$M$404,0)),""),"") -> 9616569-91.2026.8.26.0079 | D23: =IFERROR(IF(LARGE(Parcelas!$M$5:$M$404,4)>0,INDEX(Parcelas!$C$5:$C$404,MATCH(LARGE(Parcelas!$M$5:$M$404,4),Parcelas!$M$5:$M$404,0)),""),"") -> 3 | E23: =IFERROR(IF(LARGE(Parcelas!$M$5:$M$404,4)>0,INDEX(Parcelas!$D$5:$D$404,MATCH(LARGE(Parcelas!$M$5:$M$404,4),Parcelas!$M$5:$M$404,0)),""),"") -> 46248 | F23: =IFERROR(IF(LARGE(Parcelas!$M$5:$M$404,4)>0,INDEX(Parcelas!$E$5:$E$404,MATCH(LARGE(Parcelas!$M$5:$M$404,4),Parcelas!$M$5:$M$404,0)),""),"") -> 2100 | G23: =IFERROR(IF(LARGE(Parcelas!$M$5:$M$404,4)>0,INDEX(Parcelas!$I$5:$I$404,MATCH(LARGE(Parcelas!$M$5:$M$404,4),Parcelas!$M$5:$M$404,0)),""),"") -> 31 | H23: =IFERROR(IF(LARGE(Parcelas!$M$5:$M$404,4)>0,INDEX(Parcelas!$K$5:$K$404,MATCH(LARGE(Parcelas!$M$5:$M$404,4),Parcelas!$M$5:$M$404,0)),""),"") -> 30 dias ou mais | I23: =IFERROR(IF(LARGE(Parcelas!$M$5:$M$404,4)>0,INDEX(Parcelas!$L$5:$L$404,MATCH(LARGE(Parcelas!$M$5:$M$404,4),Parcelas!$M$5:$M$404,0)),""),"") -> Ligação ou reunião para combinar um plano de pagamento; registrar por escrito o que foi combinado e a nova data.
A24: 5 | B24: =IFERROR(IF(LARGE(Parcelas!$M$5:$M$404,5)>0,INDEX(Parcelas!$B$5:$B$404,MATCH(LARGE(Parcelas!$M$5:$M$404,5),Parcelas!$M$5:$M$404,0)),""),"") -> Agência Prisma | C24: =IFERROR(IF(LARGE(Parcelas!$M$5:$M$404,5)>0,INDEX(Parcelas!$A$5:$A$404,MATCH(LARGE(Parcelas!$M$5:$M$404,5),Parcelas!$M$5:$M$404,0)),""),"") -> 9362688-24.2025.8.26.0436 | D24: =IFERROR(IF(LARGE(Parcelas!$M$5:$M$404,5)>0,INDEX(Parcelas!$C$5:$C$404,MATCH(LARGE(Parcelas!$M$5:$M$404,5),Parcelas!$M$5:$M$404,0)),""),"") -> 8 | E24: =IFERROR(IF(LARGE(Parcelas!$M$5:$M$404,5)>0,INDEX(Parcelas!$D$5:$D$404,MATCH(LARGE(Parcelas!$M$5:$M$404,5),Parcelas!$M$5:$M$404,0)),""),"") -> 46244 | F24: =IFERROR(IF(LARGE(Parcelas!$M$5:$M$404,5)>0,INDEX(Parcelas!$E$5:$E$404,MATCH(LARGE(Parcelas!$M$5:$M$404,5),Parcelas!$M$5:$M$404,0)),""),"") -> 1800 | G24: =IFERROR(IF(LARGE(Parcelas!$M$5:$M$404,5)>0,INDEX(Parcelas!$I$5:$I$404,MATCH(LARGE(Parcelas!$M$5:$M$404,5),Parcelas!$M$5:$M$404,0)),""),"") -> 35 | H24: =IFERROR(IF(LARGE(Parcelas!$M$5:$M$404,5)>0,INDEX(Parcelas!$K$5:$K$404,MATCH(LARGE(Parcelas!$M$5:$M$404,5),Parcelas!$M$5:$M$404,0)),""),"") -> 30 dias ou mais | I24: =IFERROR(IF(LARGE(Parcelas!$M$5:$M$404,5)>0,INDEX(Parcelas!$L$5:$L$404,MATCH(LARGE(Parcelas!$M$5:$M$404,5),Parcelas!$M$5:$M$404,0)),""),"") -> Ligação ou reunião para combinar um plano de pagamento; registrar por escrito o que foi combinado e a nova data.
A25: 6 | B25: =IFERROR(IF(LARGE(Parcelas!$M$5:$M$404,6)>0,INDEX(Parcelas!$B$5:$B$404,MATCH(LARGE(Parcelas!$M$5:$M$404,6),Parcelas!$M$5:$M$404,0)),""),"") -> Helena Duarte | C25: =IFERROR(IF(LARGE(Parcelas!$M$5:$M$404,6)>0,INDEX(Parcelas!$A$5:$A$404,MATCH(LARGE(Parcelas!$M$5:$M$404,6),Parcelas!$M$5:$M$404,0)),""),"") -> 7679821-77.2026.8.26.0265 | D25: =IFERROR(IF(LARGE(Parcelas!$M$5:$M$404,6)>0,INDEX(Parcelas!$C$5:$C$404,MATCH(LARGE(Parcelas!$M$5:$M$404,6),Parcelas!$M$5:$M$404,0)),""),"") -> 3 | E25: =IFERROR(IF(LARGE(Parcelas!$M$5:$M$404,6)>0,INDEX(Parcelas!$D$5:$D$404,MATCH(LARGE(Parcelas!$M$5:$M$404,6),Parcelas!$M$5:$M$404,0)),""),"") -> 46262 | F25: =IFERROR(IF(LARGE(Parcelas!$M$5:$M$404,6)>0,INDEX(Parcelas!$E$5:$E$404,MATCH(LARGE(Parcelas!$M$5:$M$404,6),Parcelas!$M$5:$M$404,0)),""),"") -> 1500 | G25: =IFERROR(IF(LARGE(Parcelas!$M$5:$M$404,6)>0,INDEX(Parcelas!$I$5:$I$404,MATCH(LARGE(Parcelas!$M$5:$M$404,6),Parcelas!$M$5:$M$404,0)),""),"") -> 17 | H25: =IFERROR(IF(LARGE(Parcelas!$M$5:$M$404,6)>0,INDEX(Parcelas!$K$5:$K$404,MATCH(LARGE(Parcelas!$M$5:$M$404,6),Parcelas!$M$5:$M$404,0)),""),"") -> 15 a 29 dias | I25: =IFERROR(IF(LARGE(Parcelas!$M$5:$M$404,6)>0,INDEX(Parcelas!$L$5:$L$404,MATCH(LARGE(Parcelas!$M$5:$M$404,6),Parcelas!$M$5:$M$404,0)),""),"") -> E-mail com o demonstrativo das parcelas em aberto e proposta de renegociação (nova data ou divisão do valor).
A26: 7 | B26: =IFERROR(IF(LARGE(Parcelas!$M$5:$M$404,7)>0,INDEX(Parcelas!$B$5:$B$404,MATCH(LARGE(Parcelas!$M$5:$M$404,7),Parcelas!$M$5:$M$404,0)),""),"") -> Agência Prisma | C26: =IFERROR(IF(LARGE(Parcelas!$M$5:$M$404,7)>0,INDEX(Parcelas!$A$5:$A$404,MATCH(LARGE(Parcelas!$M$5:$M$404,7),Parcelas!$M$5:$M$404,0)),""),"") -> 9362688-24.2025.8.26.0436 | D26: =IFERROR(IF(LARGE(Parcelas!$M$5:$M$404,7)>0,INDEX(Parcelas!$C$5:$C$404,MATCH(LARGE(Parcelas!$M$5:$M$404,7),Parcelas!$M$5:$M$404,0)),""),"") -> 9 | E26: =IFERROR(IF(LARGE(Parcelas!$M$5:$M$404,7)>0,INDEX(Parcelas!$D$5:$D$404,MATCH(LARGE(Parcelas!$M$5:$M$404,7),Parcelas!$M$5:$M$404,0)),""),"") -> 46275 | F26: =IFERROR(IF(LARGE(Parcelas!$M$5:$M$404,7)>0,INDEX(Parcelas!$E$5:$E$404,MATCH(LARGE(Parcelas!$M$5:$M$404,7),Parcelas!$M$5:$M$404,0)),""),"") -> 1980 | G26: =IFERROR(IF(LARGE(Parcelas!$M$5:$M$404,7)>0,INDEX(Parcelas!$I$5:$I$404,MATCH(LARGE(Parcelas!$M$5:$M$404,7),Parcelas!$M$5:$M$404,0)),""),"") -> 4 | H26: =IFERROR(IF(LARGE(Parcelas!$M$5:$M$404,7)>0,INDEX(Parcelas!$K$5:$K$404,MATCH(LARGE(Parcelas!$M$5:$M$404,7),Parcelas!$M$5:$M$404,0)),""),"") -> 1 a 6 dias | I26: =IFERROR(IF(LARGE(Parcelas!$M$5:$M$404,7)>0,INDEX(Parcelas!$L$5:$L$404,MATCH(LARGE(Parcelas!$M$5:$M$404,7),Parcelas!$M$5:$M$404,0)),""),"") -> Lembrete gentil por WhatsApp ou e-mail: confirmar se o boleto ou o link de pagamento chegou e reenviar, se preciso.
A27: 8 | B27: =IFERROR(IF(LARGE(Parcelas!$M$5:$M$404,8)>0,INDEX(Parcelas!$B$5:$B$404,MATCH(LARGE(Parcelas!$M$5:$M$404,8),Parcelas!$M$5:$M$404,0)),""),"") | C27: =IFERROR(IF(LARGE(Parcelas!$M$5:$M$404,8)>0,INDEX(Parcelas!$A$5:$A$404,MATCH(LARGE(Parcelas!$M$5:$M$404,8),Parcelas!$M$5:$M$404,0)),""),"") | D27: =IFERROR(IF(LARGE(Parcelas!$M$5:$M$404,8)>0,INDEX(Parcelas!$C$5:$C$404,MATCH(LARGE(Parcelas!$M$5:$M$404,8),Parcelas!$M$5:$M$404,0)),""),"") | E27: =IFERROR(IF(LARGE(Parcelas!$M$5:$M$404,8)>0,INDEX(Parcelas!$D$5:$D$404,MATCH(LARGE(Parcelas!$M$5:$M$404,8),Parcelas!$M$5:$M$404,0)),""),"") | F27: =IFERROR(IF(LARGE(Parcelas!$M$5:$M$404,8)>0,INDEX(Parcelas!$E$5:$E$404,MATCH(LARGE(Parcelas!$M$5:$M$404,8),Parcelas!$M$5:$M$404,0)),""),"") | G27: =IFERROR(IF(LARGE(Parcelas!$M$5:$M$404,8)>0,INDEX(Parcelas!$I$5:$I$404,MATCH(LARGE(Parcelas!$M$5:$M$404,8),Parcelas!$M$5:$M$404,0)),""),"") | H27: =IFERROR(IF(LARGE(Parcelas!$M$5:$M$404,8)>0,INDEX(Parcelas!$K$5:$K$404,MATCH(LARGE(Parcelas!$M$5:$M$404,8),Parcelas!$M$5:$M$404,0)),""),"") | I27: =IFERROR(IF(LARGE(Parcelas!$M$5:$M$404,8)>0,INDEX(Parcelas!$L$5:$L$404,MATCH(LARGE(Parcelas!$M$5:$M$404,8),Parcelas!$M$5:$M$404,0)),""),"")
A28: 9 | B28: =IFERROR(IF(LARGE(Parcelas!$M$5:$M$404,9)>0,INDEX(Parcelas!$B$5:$B$404,MATCH(LARGE(Parcelas!$M$5:$M$404,9),Parcelas!$M$5:$M$404,0)),""),"") | C28: =IFERROR(IF(LARGE(Parcelas!$M$5:$M$404,9)>0,INDEX(Parcelas!$A$5:$A$404,MATCH(LARGE(Parcelas!$M$5:$M$404,9),Parcelas!$M$5:$M$404,0)),""),"") | D28: =IFERROR(IF(LARGE(Parcelas!$M$5:$M$404,9)>0,INDEX(Parcelas!$C$5:$C$404,MATCH(LARGE(Parcelas!$M$5:$M$404,9),Parcelas!$M$5:$M$404,0)),""),"") | E28: =IFERROR(IF(LARGE(Parcelas!$M$5:$M$404,9)>0,INDEX(Parcelas!$D$5:$D$404,MATCH(LARGE(Parcelas!$M$5:$M$404,9),Parcelas!$M$5:$M$404,0)),""),"") | F28: =IFERROR(IF(LARGE(Parcelas!$M$5:$M$404,9)>0,INDEX(Parcelas!$E$5:$E$404,MATCH(LARGE(Parcelas!$M$5:$M$404,9),Parcelas!$M$5:$M$404,0)),""),"") | G28: =IFERROR(IF(LARGE(Parcelas!$M$5:$M$404,9)>0,INDEX(Parcelas!$I$5:$I$404,MATCH(LARGE(Parcelas!$M$5:$M$404,9),Parcelas!$M$5:$M$404,0)),""),"") | H28: =IFERROR(IF(LARGE(Parcelas!$M$5:$M$404,9)>0,INDEX(Parcelas!$K$5:$K$404,MATCH(LARGE(Parcelas!$M$5:$M$404,9),Parcelas!$M$5:$M$404,0)),""),"") | I28: =IFERROR(IF(LARGE(Parcelas!$M$5:$M$404,9)>0,INDEX(Parcelas!$L$5:$L$404,MATCH(LARGE(Parcelas!$M$5:$M$404,9),Parcelas!$M$5:$M$404,0)),""),"")
A29: 10 | B29: =IFERROR(IF(LARGE(Parcelas!$M$5:$M$404,10)>0,INDEX(Parcelas!$B$5:$B$404,MATCH(LARGE(Parcelas!$M$5:$M$404,10),Parcelas!$M$5:$M$404,0)),""),"") | C29: =IFERROR(IF(LARGE(Parcelas!$M$5:$M$404,10)>0,INDEX(Parcelas!$A$5:$A$404,MATCH(LARGE(Parcelas!$M$5:$M$404,10),Parcelas!$M$5:$M$404,0)),""),"") | D29: =IFERROR(IF(LARGE(Parcelas!$M$5:$M$404,10)>0,INDEX(Parcelas!$C$5:$C$404,MATCH(LARGE(Parcelas!$M$5:$M$404,10),Parcelas!$M$5:$M$404,0)),""),"") | E29: =IFERROR(IF(LARGE(Parcelas!$M$5:$M$404,10)>0,INDEX(Parcelas!$D$5:$D$404,MATCH(LARGE(Parcelas!$M$5:$M$404,10),Parcelas!$M$5:$M$404,0)),""),"") | F29: =IFERROR(IF(LARGE(Parcelas!$M$5:$M$404,10)>0,INDEX(Parcelas!$E$5:$E$404,MATCH(LARGE(Parcelas!$M$5:$M$404,10),Parcelas!$M$5:$M$404,0)),""),"") | G29: =IFERROR(IF(LARGE(Parcelas!$M$5:$M$404,10)>0,INDEX(Parcelas!$I$5:$I$404,MATCH(LARGE(Parcelas!$M$5:$M$404,10),Parcelas!$M$5:$M$404,0)),""),"") | H29: =IFERROR(IF(LARGE(Parcelas!$M$5:$M$404,10)>0,INDEX(Parcelas!$K$5:$K$404,MATCH(LARGE(Parcelas!$M$5:$M$404,10),Parcelas!$M$5:$M$404,0)),""),"") | I29: =IFERROR(IF(LARGE(Parcelas!$M$5:$M$404,10)>0,INDEX(Parcelas!$L$5:$L$404,MATCH(LARGE(Parcelas!$M$5:$M$404,10),Parcelas!$M$5:$M$404,0)),""),"")
A31: Vencem nos próximos dias
A32: ="Parcelas a vencer em até "&Config!$B$7&" dias, a mais próxima primeiro. Bom momento para confirmar o pagamento antes do vencimento." -> Parcelas a vencer em até 30 dias, a mais próxima primeiro. Bom momento para confirmar o pagamento antes do vencimento.
A33: # | B33: Cliente | C33: Caso | D33: Parcela | E33: Vencimento | F33: Valor (R$) | G33: Dias para vencer
A34: 1 | B34: =IFERROR(IF(LARGE(Parcelas!$N$5:$N$404,1)>0,INDEX(Parcelas!$B$5:$B$404,MATCH(LARGE(Parcelas!$N$5:$N$404,1),Parcelas!$N$5:$N$404,0)),""),"") -> Loja Verde Comércio | C34: =IFERROR(IF(LARGE(Parcelas!$N$5:$N$404,1)>0,INDEX(Parcelas!$A$5:$A$404,MATCH(LARGE(Parcelas!$N$5:$N$404,1),Parcelas!$N$5:$N$404,0)),""),"") -> CONS-2026-02 | D34: =IFERROR(IF(LARGE(Parcelas!$N$5:$N$404,1)>0,INDEX(Parcelas!$C$5:$C$404,MATCH(LARGE(Parcelas!$N$5:$N$404,1),Parcelas!$N$5:$N$404,0)),""),"") -> 2 | E34: =IFERROR(IF(LARGE(Parcelas!$N$5:$N$404,1)>0,INDEX(Parcelas!$D$5:$D$404,MATCH(LARGE(Parcelas!$N$5:$N$404,1),Parcelas!$N$5:$N$404,0)),""),"") -> 46282 | F34: =IFERROR(IF(LARGE(Parcelas!$N$5:$N$404,1)>0,INDEX(Parcelas!$E$5:$E$404,MATCH(LARGE(Parcelas!$N$5:$N$404,1),Parcelas!$N$5:$N$404,0)),""),"") -> 2800 | G34: =IFERROR(IF(LARGE(Parcelas!$N$5:$N$404,1)>0,INDEX(Parcelas!$J$5:$J$404,MATCH(LARGE(Parcelas!$N$5:$N$404,1),Parcelas!$N$5:$N$404,0)),""),"") -> 3
A35: 2 | B35: =IFERROR(IF(LARGE(Parcelas!$N$5:$N$404,2)>0,INDEX(Parcelas!$B$5:$B$404,MATCH(LARGE(Parcelas!$N$5:$N$404,2),Parcelas!$N$5:$N$404,0)),""),"") -> Clínica Bem-Estar | C35: =IFERROR(IF(LARGE(Parcelas!$N$5:$N$404,2)>0,INDEX(Parcelas!$A$5:$A$404,MATCH(LARGE(Parcelas!$N$5:$N$404,2),Parcelas!$N$5:$N$404,0)),""),"") -> 2645033-67.2026.8.26.0012 | D35: =IFERROR(IF(LARGE(Parcelas!$N$5:$N$404,2)>0,INDEX(Parcelas!$C$5:$C$404,MATCH(LARGE(Parcelas!$N$5:$N$404,2),Parcelas!$N$5:$N$404,0)),""),"") -> 5 | E35: =IFERROR(IF(LARGE(Parcelas!$N$5:$N$404,2)>0,INDEX(Parcelas!$D$5:$D$404,MATCH(LARGE(Parcelas!$N$5:$N$404,2),Parcelas!$N$5:$N$404,0)),""),"") -> 46289 | F35: =IFERROR(IF(LARGE(Parcelas!$N$5:$N$404,2)>0,INDEX(Parcelas!$E$5:$E$404,MATCH(LARGE(Parcelas!$N$5:$N$404,2),Parcelas!$N$5:$N$404,0)),""),"") -> 2700 | G35: =IFERROR(IF(LARGE(Parcelas!$N$5:$N$404,2)>0,INDEX(Parcelas!$J$5:$J$404,MATCH(LARGE(Parcelas!$N$5:$N$404,2),Parcelas!$N$5:$N$404,0)),""),"") -> 10
A36: 3 | B36: =IFERROR(IF(LARGE(Parcelas!$N$5:$N$404,3)>0,INDEX(Parcelas!$B$5:$B$404,MATCH(LARGE(Parcelas!$N$5:$N$404,3),Parcelas!$N$5:$N$404,0)),""),"") -> Marcos Vinícius Teles | C36: =IFERROR(IF(LARGE(Parcelas!$N$5:$N$404,3)>0,INDEX(Parcelas!$A$5:$A$404,MATCH(LARGE(Parcelas!$N$5:$N$404,3),Parcelas!$N$5:$N$404,0)),""),"") -> CONS-2026-03 | D36: =IFERROR(IF(LARGE(Parcelas!$N$5:$N$404,3)>0,INDEX(Parcelas!$C$5:$C$404,MATCH(LARGE(Parcelas!$N$5:$N$404,3),Parcelas!$N$5:$N$404,0)),""),"") -> 2 | E36: =IFERROR(IF(LARGE(Parcelas!$N$5:$N$404,3)>0,INDEX(Parcelas!$D$5:$D$404,MATCH(LARGE(Parcelas!$N$5:$N$404,3),Parcelas!$N$5:$N$404,0)),""),"") -> 46290 | F36: =IFERROR(IF(LARGE(Parcelas!$N$5:$N$404,3)>0,INDEX(Parcelas!$E$5:$E$404,MATCH(LARGE(Parcelas!$N$5:$N$404,3),Parcelas!$N$5:$N$404,0)),""),"") -> 2250 | G36: =IFERROR(IF(LARGE(Parcelas!$N$5:$N$404,3)>0,INDEX(Parcelas!$J$5:$J$404,MATCH(LARGE(Parcelas!$N$5:$N$404,3),Parcelas!$N$5:$N$404,0)),""),"") -> 11
A37: 4 | B37: =IFERROR(IF(LARGE(Parcelas!$N$5:$N$404,4)>0,INDEX(Parcelas!$B$5:$B$404,MATCH(LARGE(Parcelas!$N$5:$N$404,4),Parcelas!$N$5:$N$404,0)),""),"") -> Construtora Horizonte | C37: =IFERROR(IF(LARGE(Parcelas!$N$5:$N$404,4)>0,INDEX(Parcelas!$A$5:$A$404,MATCH(LARGE(Parcelas!$N$5:$N$404,4),Parcelas!$N$5:$N$404,0)),""),"") -> 9586960-92.2026.8.26.0106 | D37: =IFERROR(IF(LARGE(Parcelas!$N$5:$N$404,4)>0,INDEX(Parcelas!$C$5:$C$404,MATCH(LARGE(Parcelas!$N$5:$N$404,4),Parcelas!$N$5:$N$404,0)),""),"") -> 3 | E37: =IFERROR(IF(LARGE(Parcelas!$N$5:$N$404,4)>0,INDEX(Parcelas!$D$5:$D$404,MATCH(LARGE(Parcelas!$N$5:$N$404,4),Parcelas!$N$5:$N$404,0)),""),"") -> 46293 | F37: =IFERROR(IF(LARGE(Parcelas!$N$5:$N$404,4)>0,INDEX(Parcelas!$E$5:$E$404,MATCH(LARGE(Parcelas!$N$5:$N$404,4),Parcelas!$N$5:$N$404,0)),""),"") -> 2100 | G37: =IFERROR(IF(LARGE(Parcelas!$N$5:$N$404,4)>0,INDEX(Parcelas!$J$5:$J$404,MATCH(LARGE(Parcelas!$N$5:$N$404,4),Parcelas!$N$5:$N$404,0)),""),"") -> 14
A38: 5 | B38: =IFERROR(IF(LARGE(Parcelas!$N$5:$N$404,5)>0,INDEX(Parcelas!$B$5:$B$404,MATCH(LARGE(Parcelas!$N$5:$N$404,5),Parcelas!$N$5:$N$404,0)),""),"") -> Helena Duarte | C38: =IFERROR(IF(LARGE(Parcelas!$N$5:$N$404,5)>0,INDEX(Parcelas!$A$5:$A$404,MATCH(LARGE(Parcelas!$N$5:$N$404,5),Parcelas!$N$5:$N$404,0)),""),"") -> 7679821-77.2026.8.26.0265 | D38: =IFERROR(IF(LARGE(Parcelas!$N$5:$N$404,5)>0,INDEX(Parcelas!$C$5:$C$404,MATCH(LARGE(Parcelas!$N$5:$N$404,5),Parcelas!$N$5:$N$404,0)),""),"") -> 4 | E38: =IFERROR(IF(LARGE(Parcelas!$N$5:$N$404,5)>0,INDEX(Parcelas!$D$5:$D$404,MATCH(LARGE(Parcelas!$N$5:$N$404,5),Parcelas!$N$5:$N$404,0)),""),"") -> 46293 | F38: =IFERROR(IF(LARGE(Parcelas!$N$5:$N$404,5)>0,INDEX(Parcelas!$E$5:$E$404,MATCH(LARGE(Parcelas!$N$5:$N$404,5),Parcelas!$N$5:$N$404,0)),""),"") -> 1500 | G38: =IFERROR(IF(LARGE(Parcelas!$N$5:$N$404,5)>0,INDEX(Parcelas!$J$5:$J$404,MATCH(LARGE(Parcelas!$N$5:$N$404,5),Parcelas!$N$5:$N$404,0)),""),"") -> 14
A39: 6 | B39: =IFERROR(IF(LARGE(Parcelas!$N$5:$N$404,6)>0,INDEX(Parcelas!$B$5:$B$404,MATCH(LARGE(Parcelas!$N$5:$N$404,6),Parcelas!$N$5:$N$404,0)),""),"") -> Carlos Eduardo Nunes | C39: =IFERROR(IF(LARGE(Parcelas!$N$5:$N$404,6)>0,INDEX(Parcelas!$A$5:$A$404,MATCH(LARGE(Parcelas!$N$5:$N$404,6),Parcelas!$N$5:$N$404,0)),""),"") -> 4746093-86.2026.8.26.0637 | D39: =IFERROR(IF(LARGE(Parcelas!$N$5:$N$404,6)>0,INDEX(Parcelas!$C$5:$C$404,MATCH(LARGE(Parcelas!$N$5:$N$404,6),Parcelas!$N$5:$N$404,0)),""),"") -> 3 | E39: =IFERROR(IF(LARGE(Parcelas!$N$5:$N$404,6)>0,INDEX(Parcelas!$D$5:$D$404,MATCH(LARGE(Parcelas!$N$5:$N$404,6),Parcelas!$N$5:$N$404,0)),""),"") -> 46295 | F39: =IFERROR(IF(LARGE(Parcelas!$N$5:$N$404,6)>0,INDEX(Parcelas!$E$5:$E$404,MATCH(LARGE(Parcelas!$N$5:$N$404,6),Parcelas!$N$5:$N$404,0)),""),"") -> 1500 | G39: =IFERROR(IF(LARGE(Parcelas!$N$5:$N$404,6)>0,INDEX(Parcelas!$J$5:$J$404,MATCH(LARGE(Parcelas!$N$5:$N$404,6),Parcelas!$N$5:$N$404,0)),""),"") -> 16
A40: 7 | B40: =IFERROR(IF(LARGE(Parcelas!$N$5:$N$404,7)>0,INDEX(Parcelas!$B$5:$B$404,MATCH(LARGE(Parcelas!$N$5:$N$404,7),Parcelas!$N$5:$N$404,0)),""),"") -> Padaria do Sol Ltda | C40: =IFERROR(IF(LARGE(Parcelas!$N$5:$N$404,7)>0,INDEX(Parcelas!$A$5:$A$404,MATCH(LARGE(Parcelas!$N$5:$N$404,7),Parcelas!$N$5:$N$404,0)),""),"") -> CONS-2026-01 | D40: =IFERROR(IF(LARGE(Parcelas!$N$5:$N$404,7)>0,INDEX(Parcelas!$C$5:$C$404,MATCH(LARGE(Parcelas!$N$5:$N$404,7),Parcelas!$N$5:$N$404,0)),""),"") -> 4 | E40: =IFERROR(IF(LARGE(Parcelas!$N$5:$N$404,7)>0,INDEX(Parcelas!$D$5:$D$404,MATCH(LARGE(Parcelas!$N$5:$N$404,7),Parcelas!$N$5:$N$404,0)),""),"") -> 46300 | F40: =IFERROR(IF(LARGE(Parcelas!$N$5:$N$404,7)>0,INDEX(Parcelas!$E$5:$E$404,MATCH(LARGE(Parcelas!$N$5:$N$404,7),Parcelas!$N$5:$N$404,0)),""),"") -> 1500 | G40: =IFERROR(IF(LARGE(Parcelas!$N$5:$N$404,7)>0,INDEX(Parcelas!$J$5:$J$404,MATCH(LARGE(Parcelas!$N$5:$N$404,7),Parcelas!$N$5:$N$404,0)),""),"") -> 21
A41: 8 | B41: =IFERROR(IF(LARGE(Parcelas!$N$5:$N$404,8)>0,INDEX(Parcelas!$B$5:$B$404,MATCH(LARGE(Parcelas!$N$5:$N$404,8),Parcelas!$N$5:$N$404,0)),""),"") -> Escola Aurora | C41: =IFERROR(IF(LARGE(Parcelas!$N$5:$N$404,8)>0,INDEX(Parcelas!$A$5:$A$404,MATCH(LARGE(Parcelas!$N$5:$N$404,8),Parcelas!$N$5:$N$404,0)),""),"") -> CONS-2026-04 | D41: =IFERROR(IF(LARGE(Parcelas!$N$5:$N$404,8)>0,INDEX(Parcelas!$C$5:$C$404,MATCH(LARGE(Parcelas!$N$5:$N$404,8),Parcelas!$N$5:$N$404,0)),""),"") -> 3 | E41: =IFERROR(IF(LARGE(Parcelas!$N$5:$N$404,8)>0,INDEX(Parcelas!$D$5:$D$404,MATCH(LARGE(Parcelas!$N$5:$N$404,8),Parcelas!$N$5:$N$404,0)),""),"") -> 46305 | F41: =IFERROR(IF(LARGE(Parcelas!$N$5:$N$404,8)>0,INDEX(Parcelas!$E$5:$E$404,MATCH(LARGE(Parcelas!$N$5:$N$404,8),Parcelas!$N$5:$N$404,0)),""),"") -> 1100 | G41: =IFERROR(IF(LARGE(Parcelas!$N$5:$N$404,8)>0,INDEX(Parcelas!$J$5:$J$404,MATCH(LARGE(Parcelas!$N$5:$N$404,8),Parcelas!$N$5:$N$404,0)),""),"") -> 26
A43: Fonte: aba Parcelas. A planilha avisa e sugere; a conversa com o cliente é sua.

Sheet Config
A1: Configurações e régua de cobrança
A2: Células amarelas: você preenche. A régua diz o que fazer em cada faixa de atraso; o texto aparece no Painel, parcela por parcela.
A4: Escritório | B4: Ferraz & Lima Advocacia (exemplo fictício)
A5: Data de referência (hoje) | B5: 46279
A6: Janela curta: vence em até (dias) | B6: 7
A7: Janela longa: vence em até (dias) | B7: 30
A9: A partir de (dias de atraso) | B9: Ação sugerida | C9: Faixa (calculada)
A10: 1 | B10: Lembrete gentil por WhatsApp ou e-mail: confirmar se o boleto ou o link de pagamento chegou e reenviar, se preciso. | C10: =IF(A10="","",IF(A11-1=A10,A10&" dia"&IF(A10>1,"s",""),A10&" a "&(A11-1)&" dias")) -> 1 a 6 dias
A11: 7 | B11: Mensagem do responsável pelo caso perguntando se houve algum imprevisto e oferecendo uma nova data para o pagamento. | C11: =IF(A11="","",IF(A12-1=A11,A11&" dia"&IF(A11>1,"s",""),A11&" a "&(A12-1)&" dias")) -> 7 a 14 dias
A12: 15 | B12: E-mail com o demonstrativo das parcelas em aberto e proposta de renegociação (nova data ou divisão do valor). | C12: =IF(A12="","",IF(A13-1=A12,A12&" dia"&IF(A12>1,"s",""),A12&" a "&(A13-1)&" dias")) -> 15 a 29 dias
A13: 30 | B13: Ligação ou reunião para combinar um plano de pagamento; registrar por escrito o que foi combinado e a nova data. | C13: =IF(A13="","",A13&" dias ou mais") -> 30 dias ou mais
A15: Os dias precisam estar em ordem crescente (ex.: 1, 7, 15, 30). Cada parcela vencida recebe a ação da maior faixa que ela já alcançou. Escreva as ações como você fala com o cliente: educado, direto e sem ameaça.
A16: Os modelos de mensagem do bônus "15 modelos de cobrança e confirmação" seguem esta mesma régua.

Sheet Casos
A1: Casos (entrada)
A2: Copie da planilha 13 · Carteira (aba Casos; a 13 é a fonte): número, cliente, modalidade e valor. As colunas brancas somam as parcelas de cada caso.
A4: Número do processo ou referência | B4: Cliente | C4: Modalidade | D4: Valor contratado (R$) | E4: Parcelas | F4: Valor em parcelas (R$) | G4: Pago (R$) | H4: Em aberto (R$) | I4: Vencido (R$) | J4: Diferença contratado − parcelas
A5: CONS-2026-01 | B5: Padaria do Sol Ltda | C5: Fixo | D5: 18000 | E5: =IF(A5="","",COUNTIFS(Parcelas!$A$5:$A$404,A5)) -> 12 | F5: =IF(A5="","",SUMIFS(Parcelas!$E$5:$E$404,Parcelas!$A$5:$A$404,A5)) -> 18000 | G5: =IF(A5="","",SUMIFS(Parcelas!$E$5:$E$404,Parcelas!$A$5:$A$404,A5,Parcelas!$H$5:$H$404,"Paga")) -> 4500 | H5: =IF(A5="","",F5-G5) -> 13500 | I5: =IF(A5="","",SUMIFS(Parcelas!$E$5:$E$404,Parcelas!$A$5:$A$404,A5,Parcelas!$H$5:$H$404,"Vencida")) -> 0 | J5: =IF(OR(A5="",E5=0),"",D5-F5) -> 0
A6: 2998500-50.2026.8.26.0515 | B6: Ana Beatriz Moreira | C6: Êxito | D6: 6000 | E6: =IF(A6="","",COUNTIFS(Parcelas!$A$5:$A$404,A6)) -> 0 | F6: =IF(A6="","",SUMIFS(Parcelas!$E$5:$E$404,Parcelas!$A$5:$A$404,A6)) -> 0 | G6: =IF(A6="","",SUMIFS(Parcelas!$E$5:$E$404,Parcelas!$A$5:$A$404,A6,Parcelas!$H$5:$H$404,"Paga")) -> 0 | H6: =IF(A6="","",F6-G6) -> 0 | I6: =IF(A6="","",SUMIFS(Parcelas!$E$5:$E$404,Parcelas!$A$5:$A$404,A6,Parcelas!$H$5:$H$404,"Vencida")) -> 0 | J6: =IF(OR(A6="",E6=0),"",D6-F6)
A7: 9586960-92.2026.8.26.0106 | B7: Construtora Horizonte | C7: Misto | D7: 15500 | E7: =IF(A7="","",COUNTIFS(Parcelas!$A$5:$A$404,A7)) -> 4 | F7: =IF(A7="","",SUMIFS(Parcelas!$E$5:$E$404,Parcelas!$A$5:$A$404,A7)) -> 10500 | G7: =IF(A7="","",SUMIFS(Parcelas!$E$5:$E$404,Parcelas!$A$5:$A$404,A7,Parcelas!$H$5:$H$404,"Paga")) -> 6300 | H7: =IF(A7="","",F7-G7) -> 4200 | I7: =IF(A7="","",SUMIFS(Parcelas!$E$5:$E$404,Parcelas!$A$5:$A$404,A7,Parcelas!$H$5:$H$404,"Vencida")) -> 0 | J7: =IF(OR(A7="",E7=0),"",D7-F7) -> 5000
A8: 4746093-86.2026.8.26.0637 | B8: Carlos Eduardo Nunes | C8: Fixo | D8: 5400 | E8: =IF(A8="","",COUNTIFS(Parcelas!$A$5:$A$404,A8)) -> 3 | F8: =IF(A8="","",SUMIFS(Parcelas!$E$5:$E$404,Parcelas!$A$5:$A$404,A8)) -> 5400 | G8: =IF(A8="","",SUMIFS(Parcelas!$E$5:$E$404,Parcelas!$A$5:$A$404,A8,Parcelas!$H$5:$H$404,"Paga")) -> 3900 | H8: =IF(A8="","",F8-G8) -> 1500 | I8: =IF(A8="","",SUMIFS(Parcelas!$E$5:$E$404,Parcelas!$A$5:$A$404,A8,Parcelas!$H$5:$H$404,"Vencida")) -> 0 | J8: =IF(OR(A8="",E8=0),"",D8-F8) -> 0
A9: CONS-2026-02 | B9: Loja Verde Comércio | C9: Fixo | D9: 8400 | E9: =IF(A9="","",COUNTIFS(Parcelas!$A$5:$A$404,A9)) -> 3 | F9: =IF(A9="","",SUMIFS(Parcelas!$E$5:$E$404,Parcelas!$A$5:$A$404,A9)) -> 8400 | G9: =IF(A9="","",SUMIFS(Parcelas!$E$5:$E$404,Parcelas!$A$5:$A$404,A9,Parcelas!$H$5:$H$404,"Paga")) -> 2800 | H9: =IF(A9="","",F9-G9) -> 5600 | I9: =IF(A9="","",SUMIFS(Parcelas!$E$5:$E$404,Parcelas!$A$5:$A$404,A9,Parcelas!$H$5:$H$404,"Vencida")) -> 0 | J9: =IF(OR(A9="",E9=0),"",D9-F9) -> 0
A10: CONS-2026-03 | B10: Marcos Vinícius Teles | C10: Fixo | D10: 4500 | E10: =IF(A10="","",COUNTIFS(Parcelas!$A$5:$A$404,A10)) -> 2 | F10: =IF(A10="","",SUMIFS(Parcelas!$E$5:$E$404,Parcelas!$A$5:$A$404,A10)) -> 4500 | G10: =IF(A10="","",SUMIFS(Parcelas!$E$5:$E$404,Parcelas!$A$5:$A$404,A10,Parcelas!$H$5:$H$404,"Paga")) -> 2250 | H10: =IF(A10="","",F10-G10) -> 2250 | I10: =IF(A10="","",SUMIFS(Parcelas!$E$5:$E$404,Parcelas!$A$5:$A$404,A10,Parcelas!$H$5:$H$404,"Vencida")) -> 0 | J10: =IF(OR(A10="",E10=0),"",D10-F10) -> 0
A11: CONS-2026-04 | B11: Escola Aurora | C11: Fixo | D11: 13200 | E11: =IF(A11="","",COUNTIFS(Parcelas!$A$5:$A$404,A11)) -> 12 | F11: =IF(A11="","",SUMIFS(Parcelas!$E$5:$E$404,Parcelas!$A$5:$A$404,A11)) -> 13200 | G11: =IF(A11="","",SUMIFS(Parcelas!$E$5:$E$404,Parcelas!$A$5:$A$404,A11,Parcelas!$H$5:$H$404,"Paga")) -> 2200 | H11: =IF(A11="","",F11-G11) -> 11000 | I11: =IF(A11="","",SUMIFS(Parcelas!$E$5:$E$404,Parcelas!$A$5:$A$404,A11,Parcelas!$H$5:$H$404,"Vencida")) -> 0 | J11: =IF(OR(A11="",E11=0),"",D11-F11) -> 0
A12: 8056747-83.2026.8.26.0561 | B12: Bistrô 42 | C12: Fixo | D12: 9500 | E12: =IF(A12="","",COUNTIFS(Parcelas!$A$5:$A$404,A12)) -> 4 | F12: =IF(A12="","",SUMIFS(Parcelas!$E$5:$E$404,Parcelas!$A$5:$A$404,A12)) -> 9500 | G12: =IF(A12="","",SUMIFS(Parcelas!$E$5:$E$404,Parcelas!$A$5:$A$404,A12,Parcelas!$H$5:$H$404,"Paga")) -> 5300 | H12: =IF(A12="","",F12-G12) -> 4200 | I12: =IF(A12="","",SUMIFS(Parcelas!$E$5:$E$404,Parcelas!$A$5:$A$404,A12,Parcelas!$H$5:$H$404,"Vencida")) -> 4200 | J12: =IF(OR(A12="",E12=0),"",D12-F12) -> 0
A13: 9236009-85.2025.8.26.0452 | B13: Bistrô 42 | C13: Êxito | D13: 4000 | E13: =IF(A13="","",COUNTIFS(Parcelas!$A$5:$A$404,A13)) -> 0 | F13: =IF(A13="","",SUMIFS(Parcelas!$E$5:$E$404,Parcelas!$A$5:$A$404,A13)) -> 0 | G13: =IF(A13="","",SUMIFS(Parcelas!$E$5:$E$404,Parcelas!$A$5:$A$404,A13,Parcelas!$H$5:$H$404,"Paga")) -> 0 | H13: =IF(A13="","",F13-G13) -> 0 | I13: =IF(A13="","",SUMIFS(Parcelas!$E$5:$E$404,Parcelas!$A$5:$A$404,A13,Parcelas!$H$5:$H$404,"Vencida")) -> 0 | J13: =IF(OR(A13="",E13=0),"",D13-F13)
A14: 5025425-10.2025.8.26.0629 | B14: Roberto Almeida | C14: Fixo | D14: 15000 | E14: =IF(A14="","",COUNTIFS(Parcelas!$A$5:$A$404,A14)) -> 4 | F14: =IF(A14="","",SUMIFS(Parcelas!$E$5:$E$404,Parcelas!$A$5:$A$404,A14)) -> 15000 | G14: =IF(A14="","",SUMIFS(Parcelas!$E$5:$E$404,Parcelas!$A$5:$A$404,A14,Parcelas!$H$5:$H$404,"Paga")) -> 15000 | H14: =IF(A14="","",F14-G14) -> 0 | I14: =IF(A14="","",SUMIFS(Parcelas!$E$5:$E$404,Parcelas!$A$5:$A$404,A14,Parcelas!$H$5:$H$404,"Vencida")) -> 0 | J14: =IF(OR(A14="",E14=0),"",D14-F14) -> 0
A15: 2354318-24.2026.8.26.0295 | B15: Roberto Almeida | C15: Misto | D15: 10200 | E15: =IF(A15="","",COUNTIFS(Parcelas!$A$5:$A$404,A15)) -> 3 | F15: =IF(A15="","",SUMIFS(Parcelas!$E$5:$E$404,Parcelas!$A$5:$A$404,A15)) -> 7200 | G15: =IF(A15="","",SUMIFS(Parcelas!$E$5:$E$404,Parcelas!$A$5:$A$404,A15,Parcelas!$H$5:$H$404,"Paga")) -> 7200 | H15: =IF(A15="","",F15-G15) -> 0 | I15: =IF(A15="","",SUMIFS(Parcelas!$E$5:$E$404,Parcelas!$A$5:$A$404,A15,Parcelas!$H$5:$H$404,"Vencida")) -> 0 | J15: =IF(OR(A15="",E15=0),"",D15-F15) -> 3000
A16: CONS-2025-05 | B16: Clínica Bem-Estar | C16: Hora | D16: 21600 | E16: =IF(A16="","",COUNTIFS(Parcelas!$A$5:$A$404,A16)) -> 10 | F16: =IF(A16="","",SUMIFS(Parcelas!$E$5:$E$404,Parcelas!$A$5:$A$404,A16)) -> 19260 | G16: =IF(A16="","",SUMIFS(Parcelas!$E$5:$E$404,Parcelas!$A$5:$A$404,A16,Parcelas!$H$5:$H$404,"Paga")) -> 19260 | H16: =IF(A16="","",F16-G16) -> 0 | I16: =IF(A16="","",SUMIFS(Parcelas!$E$5:$E$404,Parcelas!$A$5:$A$404,A16,Parcelas!$H$5:$H$404,"Vencida")) -> 0 | J16: =IF(OR(A16="",E16=0),"",D16-F16) -> 2340
... A42: 9420478-99.2025.8.26.0491 | B42: Ana Beatriz Moreira | C42: Misto | D42: 8500 | E42: =IF(A42="","",COUNTIFS(Parcelas!$A$5:$A$404,A42)) -> 2 | F42: =IF(A42="","",SUMIFS(Parcelas!$E$5:$E$404,Parcelas!$A$5:$A$404,A42)) -> 8500 | G42: =IF(A42="","",SUMIFS(Parcelas!$E$5:$E$404,Parcelas!$A$5:$A$404,A42,Parcelas!$H$5:$H$404,"Paga")) -> 8500 | H42: =IF(A42="","",F42-G42) -> 0 | I42: =IF(A42="","",SUMIFS(Parcelas!$E$5:$E$404,Parcelas!$A$5:$A$404,A42,Parcelas!$H$5:$H$404,"Vencida")) -> 0 | J42: =IF(OR(A42="",E42=0),"",D42-F42) -> 0
E43: =IF(A43="","",COUNTIFS(Parcelas!$A$5:$A$404,A43)) | F43: =IF(A43="","",SUMIFS(Parcelas!$E$5:$E$404,Parcelas!$A$5:$A$404,A43)) | G43: =IF(A43="","",SUMIFS(Parcelas!$E$5:$E$404,Parcelas!$A$5:$A$404,A43,Parcelas!$H$5:$H$404,"Paga")) | H43: =IF(A43="","",F43-G43) | I43: =IF(A43="","",SUMIFS(Parcelas!$E$5:$E$404,Parcelas!$A$5:$A$404,A43,Parcelas!$H$5:$H$404,"Vencida")) | J43: =IF(OR(A43="",E43=0),"",D43-F43)
E44: =IF(A44="","",COUNTIFS(Parcelas!$A$5:$A$404,A44)) | F44: =IF(A44="","",SUMIFS(Parcelas!$E$5:$E$404,Parcelas!$A$5:$A$404,A44)) | G44: =IF(A44="","",SUMIFS(Parcelas!$E$5:$E$404,Parcelas!$A$5:$A$404,A44,Parcelas!$H$5:$H$404,"Paga")) | H44: =IF(A44="","",F44-G44) | I44: =IF(A44="","",SUMIFS(Parcelas!$E$5:$E$404,Parcelas!$A$5:$A$404,A44,Parcelas!$H$5:$H$404,"Vencida")) | J44: =IF(OR(A44="",E44=0),"",D44-F44)
E45: =IF(A45="","",COUNTIFS(Parcelas!$A$5:$A$404,A45)) | F45: =IF(A45="","",SUMIFS(Parcelas!$E$5:$E$404,Parcelas!$A$5:$A$404,A45)) | G45: =IF(A45="","",SUMIFS(Parcelas!$E$5:$E$404,Parcelas!$A$5:$A$404,A45,Parcelas!$H$5:$H$404,"Paga")) | H45: =IF(A45="","",F45-G45) | I45: =IF(A45="","",SUMIFS(Parcelas!$E$5:$E$404,Parcelas!$A$5:$A$404,A45,Parcelas!$H$5:$H$404,"Vencida")) | J45: =IF(OR(A45="",E45=0),"",D45-F45)
E46: =IF(A46="","",COUNTIFS(Parcelas!$A$5:$A$404,A46)) | F46: =IF(A46="","",SUMIFS(Parcelas!$E$5:$E$404,Parcelas!$A$5:$A$404,A46)) | G46: =IF(A46="","",SUMIFS(Parcelas!$E$5:$E$404,Parcelas!$A$5:$A$404,A46,Parcelas!$H$5:$H$404,"Paga")) | H46: =IF(A46="","",F46-G46) | I46: =IF(A46="","",SUMIFS(Parcelas!$E$5:$E$404,Parcelas!$A$5:$A$404,A46,Parcelas!$H$5:$H$404,"Vencida")) | J46: =IF(OR(A46="",E46=0),"",D46-F46)
E47: =IF(A47="","",COUNTIFS(Parcelas!$A$5:$A$404,A47)) | F47: =IF(A47="","",SUMIFS(Parcelas!$E$5:$E$404,Parcelas!$A$5:$A$404,A47)) | G47: =IF(A47="","",SUMIFS(Parcelas!$E$5:$E$404,Parcelas!$A$5:$A$404,A47,Parcelas!$H$5:$H$404,"Paga")) | H47: =IF(A47="","",F47-G47) | I47: =IF(A47="","",SUMIFS(Parcelas!$E$5:$E$404,Parcelas!$A$5:$A$404,A47,Parcelas!$H$5:$H$404,"Vencida")) | J47: =IF(OR(A47="",E47=0),"",D47-F47)
E48: =IF(A48="","",COUNTIFS(Parcelas!$A$5:$A$404,A48)) | F48: =IF(A48="","",SUMIFS(Parcelas!$E$5:$E$404,Parcelas!$A$5:$A$404,A48)) | G48: =IF(A48="","",SUMIFS(Parcelas!$E$5:$E$404,Parcelas!$A$5:$A$404,A48,Parcelas!$H$5:$H$404,"Paga")) | H48: =IF(A48="","",F48-G48) | I48: =IF(A48="","",SUMIFS(Parcelas!$E$5:$E$404,Parcelas!$A$5:$A$404,A48,Parcelas!$H$5:$H$404,"Vencida")) | J48: =IF(OR(A48="",E48=0),"",D48-F48)
E49: =IF(A49="","",COUNTIFS(Parcelas!$A$5:$A$404,A49)) | F49: =IF(A49="","",SUMIFS(Parcelas!$E$5:$E$404,Parcelas!$A$5:$A$404,A49)) | G49: =IF(A49="","",SUMIFS(Parcelas!$E$5:$E$404,Parcelas!$A$5:$A$404,A49,Parcelas!$H$5:$H$404,"Paga")) | H49: =IF(A49="","",F49-G49) | I49: =IF(A49="","",SUMIFS(Parcelas!$E$5:$E$404,Parcelas!$A$5:$A$404,A49,Parcelas!$H$5:$H$404,"Vencida")) | J49: =IF(OR(A49="",E49=0),"",D49-F49)
E50: =IF(A50="","",COUNTIFS(Parcelas!$A$5:$A$404,A50)) | F50: =IF(A50="","",SUMIFS(Parcelas!$E$5:$E$404,Parcelas!$A$5:$A$404,A50)) | G50: =IF(A50="","",SUMIFS(Parcelas!$E$5:$E$404,Parcelas!$A$5:$A$404,A50,Parcelas!$H$5:$H$404,"Paga")) | H50: =IF(A50="","",F50-G50) | I50: =IF(A50="","",SUMIFS(Parcelas!$E$5:$E$404,Parcelas!$A$5:$A$404,A50,Parcelas!$H$5:$H$404,"Vencida")) | J50: =IF(OR(A50="",E50=0),"",D50-F50)
E51: =IF(A51="","",COUNTIFS(Parcelas!$A$5:$A$404,A51)) | F51: =IF(A51="","",SUMIFS(Parcelas!$E$5:$E$404,Parcelas!$A$5:$A$404,A51)) | G51: =IF(A51="","",SUMIFS(Parcelas!$E$5:$E$404,Parcelas!$A$5:$A$404,A51,Parcelas!$H$5:$H$404,"Paga")) | H51: =IF(A51="","",F51-G51) | I51: =IF(A51="","",SUMIFS(Parcelas!$E$5:$E$404,Parcelas!$A$5:$A$404,A51,Parcelas!$H$5:$H$404,"Vencida")) | J51: =IF(OR(A51="",E51=0),"",D51-F51)
E52: =IF(A52="","",COUNTIFS(Parcelas!$A$5:$A$404,A52)) | F52: =IF(A52="","",SUMIFS(Parcelas!$E$5:$E$404,Parcelas!$A$5:$A$404,A52)) | G52: =IF(A52="","",SUMIFS(Parcelas!$E$5:$E$404,Parcelas!$A$5:$A$404,A52,Parcelas!$H$5:$H$404,"Paga")) | H52: =IF(A52="","",F52-G52) | I52: =IF(A52="","",SUMIFS(Parcelas!$E$5:$E$404,Parcelas!$A$5:$A$404,A52,Parcelas!$H$5:$H$404,"Vencida")) | J52: =IF(OR(A52="",E52=0),"",D52-F52)
E53: =IF(A53="","",COUNTIFS(Parcelas!$A$5:$A$404,A53)) | F53: =IF(A53="","",SUMIFS(Parcelas!$E$5:$E$404,Parcelas!$A$5:$A$404,A53)) | G53: =IF(A53="","",SUMIFS(Parcelas!$E$5:$E$404,Parcelas!$A$5:$A$404,A53,Parcelas!$H$5:$H$404,"Paga")) | H53: =IF(A53="","",F53-G53) | I53: =IF(A53="","",SUMIFS(Parcelas!$E$5:$E$404,Parcelas!$A$5:$A$404,A53,Parcelas!$H$5:$H$404,"Vencida")) | J53: =IF(OR(A53="",E53=0),"",D53-F53)
E54: =IF(A54="","",COUNTIFS(Parcelas!$A$5:$A$404,A54)) | F54: =IF(A54="","",SUMIFS(Parcelas!$E$5:$E$404,Parcelas!$A$5:$A$404,A54)) | G54: =IF(A54="","",SUMIFS(Parcelas!$E$5:$E$404,Parcelas!$A$5:$A$404,A54,Parcelas!$H$5:$H$404,"Paga")) | H54: =IF(A54="","",F54-G54) | I54: =IF(A54="","",SUMIFS(Parcelas!$E$5:$E$404,Parcelas!$A$5:$A$404,A54,Parcelas!$H$5:$H$404,"Vencida")) | J54: =IF(OR(A54="",E54=0),"",D54-F54)
... E204: =IF(A204="","",COUNTIFS(Parcelas!$A$5:$A$404,A204)) | F204: =IF(A204="","",SUMIFS(Parcelas!$E$5:$E$404,Parcelas!$A$5:$A$404,A204)) | G204: =IF(A204="","",SUMIFS(Parcelas!$E$5:$E$404,Parcelas!$A$5:$A$404,A204,Parcelas!$H$5:$H$404,"Paga")) | H204: =IF(A204="","",F204-G204) | I204: =IF(A204="","",SUMIFS(Parcelas!$E$5:$E$404,Parcelas!$A$5:$A$404,A204,Parcelas!$H$5:$H$404,"Vencida")) | J204: =IF(OR(A204="",E204=0),"",D204-F204)
A206: Casos por hora: lance uma parcela por fatura mensal (a diferença em amarelo é o que ainda não foi faturado). Êxito e a parte de êxito do misto só viram parcela no fim do caso: até lá a diferença é o êxito esperado. Cadastre todos os casos, mesmo sem parcela, para a lista ficar completa.

Sheet Parcelas
A1: Parcelas
A2: Uma linha por parcela. Escolha o caso na lista; cliente, situação, dias e ação da régua são calculados.
A4: Caso | B4: Cliente | C4: Nº da parcela | D4: Vencimento | E4: Valor (R$) | F4: Pago? | G4: Data do pagamento | H4: Situação | I4: Dias de atraso | J4: Dias para vencer | K4: Faixa de atraso | L4: Ação sugerida (régua)
A5: CONS-2026-01 | B5: =IF(A5="","",IFERROR(INDEX(Casos!$B$5:$B$204,MATCH(A5,Casos!$A$5:$A$204,0)),"")) -> Padaria do Sol Ltda | C5: 1 | D5: 46208 | E5: 1500 | F5: Sim | G5: 46209 | H5: =IF(A5="","",IF(F5="Sim","Paga",IF(D5="","Sem vencimento",IF(D5<Config!$B$5,"Vencida","A vencer")))) -> Paga | I5: =IF(H5="Vencida",Config!$B$5-D5,"") | J5: =IF(H5="A vencer",D5-Config!$B$5,"") | K5: =IF(H5<>"Vencida","",IF(COUNTIF(Config!$A$10:$A$13,"<="&I5)=0,"Antes da régua",INDEX(Config!$C$10:$C$13,COUNTIF(Config!$A$10:$A$13,"<="&I5)))) | L5: =IF(H5<>"Vencida","",IF(COUNTIF(Config!$A$10:$A$13,"<="&I5)=0,"Aguardar: ainda não chegou ao primeiro passo da régua.",INDEX(Config!$B$10:$B$13,COUNTIF(Config!$A$10:$A$13,"<="&I5)))) | M5: =IF(H5="Vencida",E5*I5+ROW()/100000,0) -> 0 | N5: =IF(AND(H5="A vencer",J5<=Config!$B$7),100000-J5-ROW()/100000,0) -> 0
A6: CONS-2026-01 | B6: =IF(A6="","",IFERROR(INDEX(Casos!$B$5:$B$204,MATCH(A6,Casos!$A$5:$A$204,0)),"")) -> Padaria do Sol Ltda | C6: 2 | D6: 46239 | E6: 1500 | F6: Sim | G6: 46239 | H6: =IF(A6="","",IF(F6="Sim","Paga",IF(D6="","Sem vencimento",IF(D6<Config!$B$5,"Vencida","A vencer")))) -> Paga | I6: =IF(H6="Vencida",Config!$B$5-D6,"") | J6: =IF(H6="A vencer",D6-Config!$B$5,"") | K6: =IF(H6<>"Vencida","",IF(COUNTIF(Config!$A$10:$A$13,"<="&I6)=0,"Antes da régua",INDEX(Config!$C$10:$C$13,COUNTIF(Config!$A$10:$A$13,"<="&I6)))) | L6: =IF(H6<>"Vencida","",IF(COUNTIF(Config!$A$10:$A$13,"<="&I6)=0,"Aguardar: ainda não chegou ao primeiro passo da régua.",INDEX(Config!$B$10:$B$13,COUNTIF(Config!$A$10:$A$13,"<="&I6)))) | M6: =IF(H6="Vencida",E6*I6+ROW()/100000,0) -> 0 | N6: =IF(AND(H6="A vencer",J6<=Config!$B$7),100000-J6-ROW()/100000,0) -> 0
A7: CONS-2026-01 | B7: =IF(A7="","",IFERROR(INDEX(Casos!$B$5:$B$204,MATCH(A7,Casos!$A$5:$A$204,0)),"")) -> Padaria do Sol Ltda | C7: 3 | D7: 46270 | E7: 1500 | F7: Sim | G7: 46273 | H7: =IF(A7="","",IF(F7="Sim","Paga",IF(D7="","Sem vencimento",IF(D7<Config!$B$5,"Vencida","A vencer")))) -> Paga | I7: =IF(H7="Vencida",Config!$B$5-D7,"") | J7: =IF(H7="A vencer",D7-Config!$B$5,"") | K7: =IF(H7<>"Vencida","",IF(COUNTIF(Config!$A$10:$A$13,"<="&I7)=0,"Antes da régua",INDEX(Config!$C$10:$C$13,COUNTIF(Config!$A$10:$A$13,"<="&I7)))) | L7: =IF(H7<>"Vencida","",IF(COUNTIF(Config!$A$10:$A$13,"<="&I7)=0,"Aguardar: ainda não chegou ao primeiro passo da régua.",INDEX(Config!$B$10:$B$13,COUNTIF(Config!$A$10:$A$13,"<="&I7)))) | M7: =IF(H7="Vencida",E7*I7+ROW()/100000,0) -> 0 | N7: =IF(AND(H7="A vencer",J7<=Config!$B$7),100000-J7-ROW()/100000,0) -> 0
A8: CONS-2026-01 | B8: =IF(A8="","",IFERROR(INDEX(Casos!$B$5:$B$204,MATCH(A8,Casos!$A$5:$A$204,0)),"")) -> Padaria do Sol Ltda | C8: 4 | D8: 46300 | E8: 1500 | F8: Não | H8: =IF(A8="","",IF(F8="Sim","Paga",IF(D8="","Sem vencimento",IF(D8<Config!$B$5,"Vencida","A vencer")))) -> A vencer | I8: =IF(H8="Vencida",Config!$B$5-D8,"") | J8: =IF(H8="A vencer",D8-Config!$B$5,"") -> 21 | K8: =IF(H8<>"Vencida","",IF(COUNTIF(Config!$A$10:$A$13,"<="&I8)=0,"Antes da régua",INDEX(Config!$C$10:$C$13,COUNTIF(Config!$A$10:$A$13,"<="&I8)))) | L8: =IF(H8<>"Vencida","",IF(COUNTIF(Config!$A$10:$A$13,"<="&I8)=0,"Aguardar: ainda não chegou ao primeiro passo da régua.",INDEX(Config!$B$10:$B$13,COUNTIF(Config!$A$10:$A$13,"<="&I8)))) | M8: =IF(H8="Vencida",E8*I8+ROW()/100000,0) -> 0 | N8: =IF(AND(H8="A vencer",J8<=Config!$B$7),100000-J8-ROW()/100000,0) -> 99979
A9: CONS-2026-01 | B9: =IF(A9="","",IFERROR(INDEX(Casos!$B$5:$B$204,MATCH(A9,Casos!$A$5:$A$204,0)),"")) -> Padaria do Sol Ltda | C9: 5 | D9: 46331 | E9: 1500 | F9: Não | H9: =IF(A9="","",IF(F9="Sim","Paga",IF(D9="","Sem vencimento",IF(D9<Config!$B$5,"Vencida","A vencer")))) -> A vencer | I9: =IF(H9="Vencida",Config!$B$5-D9,"") | J9: =IF(H9="A vencer",D9-Config!$B$5,"") -> 52 | K9: =IF(H9<>"Vencida","",IF(COUNTIF(Config!$A$10:$A$13,"<="&I9)=0,"Antes da régua",INDEX(Config!$C$10:$C$13,COUNTIF(Config!$A$10:$A$13,"<="&I9)))) | L9: =IF(H9<>"Vencida","",IF(COUNTIF(Config!$A$10:$A$13,"<="&I9)=0,"Aguardar: ainda não chegou ao primeiro passo da régua.",INDEX(Config!$B$10:$B$13,COUNTIF(Config!$A$10:$A$13,"<="&I9)))) | M9: =IF(H9="Vencida",E9*I9+ROW()/100000,0) -> 0 | N9: =IF(AND(H9="A vencer",J9<=Config!$B$7),100000-J9-ROW()/100000,0) -> 0
A10: CONS-2026-01 | B10: =IF(A10="","",IFERROR(INDEX(Casos!$B$5:$B$204,MATCH(A10,Casos!$A$5:$A$204,0)),"")) -> Padaria do Sol Ltda | C10: 6 | D10: 46361 | E10: 1500 | F10: Não | H10: =IF(A10="","",IF(F10="Sim","Paga",IF(D10="","Sem vencimento",IF(D10<Config!$B$5,"Vencida","A vencer")))) -> A vencer | I10: =IF(H10="Vencida",Config!$B$5-D10,"") | J10: =IF(H10="A vencer",D10-Config!$B$5,"") -> 82 | K10: =IF(H10<>"Vencida","",IF(COUNTIF(Config!$A$10:$A$13,"<="&I10)=0,"Antes da régua",INDEX(Config!$C$10:$C$13,COUNTIF(Config!$A$10:$A$13,"<="&I10)))) | L10: =IF(H10<>"Vencida","",IF(COUNTIF(Config!$A$10:$A$13,"<="&I10)=0,"Aguardar: ainda não chegou ao primeiro passo da régua.",INDEX(Config!$B$10:$B$13,COUNTIF(Config!$A$10:$A$13,"<="&I10)))) | M10: =IF(H10="Vencida",E10*I10+ROW()/100000,0) -> 0 | N10: =IF(AND(H10="A vencer",J10<=Config!$B$7),100000-J10-ROW()/100000,0) -> 0
A11: CONS-2026-01 | B11: =IF(A11="","",IFERROR(INDEX(Casos!$B$5:$B$204,MATCH(A11,Casos!$A$5:$A$204,0)),"")) -> Padaria do Sol Ltda | C11: 7 | D11: 46392 | E11: 1500 | F11: Não | H11: =IF(A11="","",IF(F11="Sim","Paga",IF(D11="","Sem vencimento",IF(D11<Config!$B$5,"Vencida","A vencer")))) -> A vencer | I11: =IF(H11="Vencida",Config!$B$5-D11,"") | J11: =IF(H11="A vencer",D11-Config!$B$5,"") -> 113 | K11: =IF(H11<>"Vencida","",IF(COUNTIF(Config!$A$10:$A$13,"<="&I11)=0,"Antes da régua",INDEX(Config!$C$10:$C$13,COUNTIF(Config!$A$10:$A$13,"<="&I11)))) | L11: =IF(H11<>"Vencida","",IF(COUNTIF(Config!$A$10:$A$13,"<="&I11)=0,"Aguardar: ainda não chegou ao primeiro passo da régua.",INDEX(Config!$B$10:$B$13,COUNTIF(Config!$A$10:$A$13,"<="&I11)))) | M11: =IF(H11="Vencida",E11*I11+ROW()/100000,0) -> 0 | N11: =IF(AND(H11="A vencer",J11<=Config!$B$7),100000-J11-ROW()/100000,0) -> 0
A12: CONS-2026-01 | B12: =IF(A12="","",IFERROR(INDEX(Casos!$B$5:$B$204,MATCH(A12,Casos!$A$5:$A$204,0)),"")) -> Padaria do Sol Ltda | C12: 8 | D12: 46423 | E12: 1500 | F12: Não | H12: =IF(A12="","",IF(F12="Sim","Paga",IF(D12="","Sem vencimento",IF(D12<Config!$B$5,"Vencida","A vencer")))) -> A vencer | I12: =IF(H12="Vencida",Config!$B$5-D12,"") | J12: =IF(H12="A vencer",D12-Config!$B$5,"") -> 144 | K12: =IF(H12<>"Vencida","",IF(COUNTIF(Config!$A$10:$A$13,"<="&I12)=0,"Antes da régua",INDEX(Config!$C$10:$C$13,COUNTIF(Config!$A$10:$A$13,"<="&I12)))) | L12: =IF(H12<>"Vencida","",IF(COUNTIF(Config!$A$10:$A$13,"<="&I12)=0,"Aguardar: ainda não chegou ao primeiro passo da régua.",INDEX(Config!$B$10:$B$13,COUNTIF(Config!$A$10:$A$13,"<="&I12)))) | M12: =IF(H12="Vencida",E12*I12+ROW()/100000,0) -> 0 | N12: =IF(AND(H12="A vencer",J12<=Config!$B$7),100000-J12-ROW()/100000,0) -> 0
A13: CONS-2026-01 | B13: =IF(A13="","",IFERROR(INDEX(Casos!$B$5:$B$204,MATCH(A13,Casos!$A$5:$A$204,0)),"")) -> Padaria do Sol Ltda | C13: 9 | D13: 46451 | E13: 1500 | F13: Não | H13: =IF(A13="","",IF(F13="Sim","Paga",IF(D13="","Sem vencimento",IF(D13<Config!$B$5,"Vencida","A vencer")))) -> A vencer | I13: =IF(H13="Vencida",Config!$B$5-D13,"") | J13: =IF(H13="A vencer",D13-Config!$B$5,"") -> 172 | K13: =IF(H13<>"Vencida","",IF(COUNTIF(Config!$A$10:$A$13,"<="&I13)=0,"Antes da régua",INDEX(Config!$C$10:$C$13,COUNTIF(Config!$A$10:$A$13,"<="&I13)))) | L13: =IF(H13<>"Vencida","",IF(COUNTIF(Config!$A$10:$A$13,"<="&I13)=0,"Aguardar: ainda não chegou ao primeiro passo da régua.",INDEX(Config!$B$10:$B$13,COUNTIF(Config!$A$10:$A$13,"<="&I13)))) | M13: =IF(H13="Vencida",E13*I13+ROW()/100000,0) -> 0 | N13: =IF(AND(H13="A vencer",J13<=Config!$B$7),100000-J13-ROW()/100000,0) -> 0
A14: CONS-2026-01 | B14: =IF(A14="","",IFERROR(INDEX(Casos!$B$5:$B$204,MATCH(A14,Casos!$A$5:$A$204,0)),"")) -> Padaria do Sol Ltda | C14: 10 | D14: 46482 | E14: 1500 | F14: Não | H14: =IF(A14="","",IF(F14="Sim","Paga",IF(D14="","Sem vencimento",IF(D14<Config!$B$5,"Vencida","A vencer")))) -> A vencer | I14: =IF(H14="Vencida",Config!$B$5-D14,"") | J14: =IF(H14="A vencer",D14-Config!$B$5,"") -> 203 | K14: =IF(H14<>"Vencida","",IF(COUNTIF(Config!$A$10:$A$13,"<="&I14)=0,"Antes da régua",INDEX(Config!$C$10:$C$13,COUNTIF(Config!$A$10:$A$13,"<="&I14)))) | L14: =IF(H14<>"Vencida","",IF(COUNTIF(Config!$A$10:$A$13,"<="&I14)=0,"Aguardar: ainda não chegou ao primeiro passo da régua.",INDEX(Config!$B$10:$B$13,COUNTIF(Config!$A$10:$A$13,"<="&I14)))) | M14: =IF(H14="Vencida",E14*I14+ROW()/100000,0) -> 0 | N14: =IF(AND(H14="A vencer",J14<=Config!$B$7),100000-J14-ROW()/100000,0) -> 0
A15: CONS-2026-01 | B15: =IF(A15="","",IFERROR(INDEX(Casos!$B$5:$B$204,MATCH(A15,Casos!$A$5:$A$204,0)),"")) -> Padaria do Sol Ltda | C15: 11 | D15: 46512 | E15: 1500 | F15: Não | H15: =IF(A15="","",IF(F15="Sim","Paga",IF(D15="","Sem vencimento",IF(D15<Config!$B$5,"Vencida","A vencer")))) -> A vencer | I15: =IF(H15="Vencida",Config!$B$5-D15,"") | J15: =IF(H15="A vencer",D15-Config!$B$5,"") -> 233 | K15: =IF(H15<>"Vencida","",IF(COUNTIF(Config!$A$10:$A$13,"<="&I15)=0,"Antes da régua",INDEX(Config!$C$10:$C$13,COUNTIF(Config!$A$10:$A$13,"<="&I15)))) | L15: =IF(H15<>"Vencida","",IF(COUNTIF(Config!$A$10:$A$13,"<="&I15)=0,"Aguardar: ainda não chegou ao primeiro passo da régua.",INDEX(Config!$B$10:$B$13,COUNTIF(Config!$A$10:$A$13,"<="&I15)))) | M15: =IF(H15="Vencida",E15*I15+ROW()/100000,0) -> 0 | N15: =IF(AND(H15="A vencer",J15<=Config!$B$7),100000-J15-ROW()/100000,0) -> 0
A16: CONS-2026-01 | B16: =IF(A16="","",IFERROR(INDEX(Casos!$B$5:$B$204,MATCH(A16,Casos!$A$5:$A$204,0)),"")) -> Padaria do Sol Ltda | C16: 12 | D16: 46543 | E16: 1500 | F16: Não | H16: =IF(A16="","",IF(F16="Sim","Paga",IF(D16="","Sem vencimento",IF(D16<Config!$B$5,"Vencida","A vencer")))) -> A vencer | I16: =IF(H16="Vencida",Config!$B$5-D16,"") | J16: =IF(H16="A vencer",D16-Config!$B$5,"") -> 264 | K16: =IF(H16<>"Vencida","",IF(COUNTIF(Config!$A$10:$A$13,"<="&I16)=0,"Antes da régua",INDEX(Config!$C$10:$C$13,COUNTIF(Config!$A$10:$A$13,"<="&I16)))) | L16: =IF(H16<>"Vencida","",IF(COUNTIF(Config!$A$10:$A$13,"<="&I16)=0,"Aguardar: ainda não chegou ao primeiro passo da régua.",INDEX(Config!$B$10:$B$13,COUNTIF(Config!$A$10:$A$13,"<="&I16)))) | M16: =IF(H16="Vencida",E16*I16+ROW()/100000,0) -> 0 | N16: =IF(AND(H16="A vencer",J16<=Config!$B$7),100000-J16-ROW()/100000,0) -> 0
A17: 9586960-92.2026.8.26.0106 | B17: =IF(A17="","",IFERROR(INDEX(Casos!$B$5:$B$204,MATCH(A17,Casos!$A$5:$A$204,0)),"")) -> Construtora Horizonte | C17: 1 | D17: 46232 | E17: 4200 | F17: Sim | G17: 46232 | H17: =IF(A17="","",IF(F17="Sim","Paga",IF(D17="","Sem vencimento",IF(D17<Config!$B$5,"Vencida","A vencer")))) -> Paga | I17: =IF(H17="Vencida",Config!$B$5-D17,"") | J17: =IF(H17="A vencer",D17-Config!$B$5,"") | K17: =IF(H17<>"Vencida","",IF(COUNTIF(Config!$A$10:$A$13,"<="&I17)=0,"Antes da régua",INDEX(Config!$C$10:$C$13,COUNTIF(Config!$A$10:$A$13,"<="&I17)))) | L17: =IF(H17<>"Vencida","",IF(COUNTIF(Config!$A$10:$A$13,"<="&I17)=0,"Aguardar: ainda não chegou ao primeiro passo da régua.",INDEX(Config!$B$10:$B$13,COUNTIF(Config!$A$10:$A$13,"<="&I17)))) | M17: =IF(H17="Vencida",E17*I17+ROW()/100000,0) -> 0 | N17: =IF(AND(H17="A vencer",J17<=Config!$B$7),100000-J17-ROW()/100000,0) -> 0
A18: 9586960-92.2026.8.26.0106 | B18: =IF(A18="","",IFERROR(INDEX(Casos!$B$5:$B$204,MATCH(A18,Casos!$A$5:$A$204,0)),"")) -> Construtora Horizonte | C18: 2 | D18: 46262 | E18: 2100 | F18: Sim | G18: 46262 | H18: =IF(A18="","",IF(F18="Sim","Paga",IF(D18="","Sem vencimento",IF(D18<Config!$B$5,"Vencida","A vencer")))) -> Paga | I18: =IF(H18="Vencida",Config!$B$5-D18,"") | J18: =IF(H18="A vencer",D18-Config!$B$5,"") | K18: =IF(H18<>"Vencida","",IF(COUNTIF(Config!$A$10:$A$13,"<="&I18)=0,"Antes da régua",INDEX(Config!$C$10:$C$13,COUNTIF(Config!$A$10:$A$13,"<="&I18)))) | L18: =IF(H18<>"Vencida","",IF(COUNTIF(Config!$A$10:$A$13,"<="&I18)=0,"Aguardar: ainda não chegou ao primeiro passo da régua.",INDEX(Config!$B$10:$B$13,COUNTIF(Config!$A$10:$A$13,"<="&I18)))) | M18: =IF(H18="Vencida",E18*I18+ROW()/100000,0) -> 0 | N18: =IF(AND(H18="A vencer",J18<=Config!$B$7),100000-J18-ROW()/100000,0) -> 0
A19: 9586960-92.2026.8.26.0106 | B19: =IF(A19="","",IFERROR(INDEX(Casos!$B$5:$B$204,MATCH(A19,Casos!$A$5:$A$204,0)),"")) -> Construtora Horizonte | C19: 3 | D19: 46293 | E19: 2100 | F19: Não | H19: =IF(A19="","",IF(F19="Sim","Paga",IF(D19="","Sem vencimento",IF(D19<Config!$B$5,"Vencida","A vencer")))) -> A vencer | I19: =IF(H19="Vencida",Config!$B$5-D19,"") | J19: =IF(H19="A vencer",D19-Config!$B$5,"") -> 14 | K19: =IF(H19<>"Vencida","",IF(COUNTIF(Config!$A$10:$A$13,"<="&I19)=0,"Antes da régua",INDEX(Config!$C$10:$C$13,COUNTIF(Config!$A$10:$A$13,"<="&I19)))) | L19: =IF(H19<>"Vencida","",IF(COUNTIF(Config!$A$10:$A$13,"<="&I19)=0,"Aguardar: ainda não chegou ao primeiro passo da régua.",INDEX(Config!$B$10:$B$13,COUNTIF(Config!$A$10:$A$13,"<="&I19)))) | M19: =IF(H19="Vencida",E19*I19+ROW()/100000,0) -> 0 | N19: =IF(AND(H19="A vencer",J19<=Config!$B$7),100000-J19-ROW()/100000,0) -> 99986
A20: 9586960-92.2026.8.26.0106 | B20: =IF(A20="","",IFERROR(INDEX(Casos!$B$5:$B$204,MATCH(A20,Casos!$A$5:$A$204,0)),"")) -> Construtora Horizonte | C20: 4 | D20: 46323 | E20: 2100 | F20: Não | H20: =IF(A20="","",IF(F20="Sim","Paga",IF(D20="","Sem vencimento",IF(D20<Config!$B$5,"Vencida","A vencer")))) -> A vencer | I20: =IF(H20="Vencida",Config!$B$5-D20,"") | J20: =IF(H20="A vencer",D20-Config!$B$5,"") -> 44 | K20: =IF(H20<>"Vencida","",IF(COUNTIF(Config!$A$10:$A$13,"<="&I20)=0,"Antes da régua",INDEX(Config!$C$10:$C$13,COUNTIF(Config!$A$10:$A$13,"<="&I20)))) | L20: =IF(H20<>"Vencida","",IF(COUNTIF(Config!$A$10:$A$13,"<="&I20)=0,"Aguardar: ainda não chegou ao primeiro passo da régua.",INDEX(Config!$B$10:$B$13,COUNTIF(Config!$A$10:$A$13,"<="&I20)))) | M20: =IF(H20="Vencida",E20*I20+ROW()/100000,0) -> 0 | N20: =IF(AND(H20="A vencer",J20<=Config!$B$7),100000-J20-ROW()/100000,0) -> 0
A21: 4746093-86.2026.8.26.0637 | B21: =IF(A21="","",IFERROR(INDEX(Casos!$B$5:$B$204,MATCH(A21,Casos!$A$5:$A$204,0)),"")) -> Carlos Eduardo Nunes | C21: 1 | D21: 46238 | E21: 2400 | F21: Sim | G21: 46234 | H21: =IF(A21="","",IF(F21="Sim","Paga",IF(D21="","Sem vencimento",IF(D21<Config!$B$5,"Vencida","A vencer")))) -> Paga | I21: =IF(H21="Vencida",Config!$B$5-D21,"") | J21: =IF(H21="A vencer",D21-Config!$B$5,"") | K21: =IF(H21<>"Vencida","",IF(COUNTIF(Config!$A$10:$A$13,"<="&I21)=0,"Antes da régua",INDEX(Config!$C$10:$C$13,COUNTIF(Config!$A$10:$A$13,"<="&I21)))) | L21: =IF(H21<>"Vencida","",IF(COUNTIF(Config!$A$10:$A$13,"<="&I21)=0,"Aguardar: ainda não chegou ao primeiro passo da régua.",INDEX(Config!$B$10:$B$13,COUNTIF(Config!$A$10:$A$13,"<="&I21)))) | M21: =IF(H21="Vencida",E21*I21+ROW()/100000,0) -> 0 | N21: =IF(AND(H21="A vencer",J21<=Config!$B$7),100000-J21-ROW()/100000,0) -> 0
A22: 4746093-86.2026.8.26.0637 | B22: =IF(A22="","",IFERROR(INDEX(Casos!$B$5:$B$204,MATCH(A22,Casos!$A$5:$A$204,0)),"")) -> Carlos Eduardo Nunes | C22: 2 | D22: 46265 | E22: 1500 | F22: Sim | G22: 46265 | H22: =IF(A22="","",IF(F22="Sim","Paga",IF(D22="","Sem vencimento",IF(D22<Config!$B$5,"Vencida","A vencer")))) -> Paga | I22: =IF(H22="Vencida",Config!$B$5-D22,"") | J22: =IF(H22="A vencer",D22-Config!$B$5,"") | K22: =IF(H22<>"Vencida","",IF(COUNTIF(Config!$A$10:$A$13,"<="&I22)=0,"Antes da régua",INDEX(Config!$C$10:$C$13,COUNTIF(Config!$A$10:$A$13,"<="&I22)))) | L22: =IF(H22<>"Vencida","",IF(COUNTIF(Config!$A$10:$A$13,"<="&I22)=0,"Aguardar: ainda não chegou ao primeiro passo da régua.",INDEX(Config!$B$10:$B$13,COUNTIF(Config!$A$10:$A$13,"<="&I22)))) | M22: =IF(H22="Vencida",E22*I22+ROW()/100000,0) -> 0 | N22: =IF(AND(H22="A vencer",J22<=Config!$B$7),100000-J22-ROW()/100000,0) -> 0
A23: 4746093-86.2026.8.26.0637 | B23: =IF(A23="","",IFERROR(INDEX(Casos!$B$5:$B$204,MATCH(A23,Casos!$A$5:$A$204,0)),"")) -> Carlos Eduardo Nunes | C23: 3 | D23: 46295 | E23: 1500 | F23: Não | H23: =IF(A23="","",IF(F23="Sim","Paga",IF(D23="","Sem vencimento",IF(D23<Config!$B$5,"Vencida","A vencer")))) -> A vencer | I23: =IF(H23="Vencida",Config!$B$5-D23,"") | J23: =IF(H23="A vencer",D23-Config!$B$5,"") -> 16 | K23: =IF(H23<>"Vencida","",IF(COUNTIF(Config!$A$10:$A$13,"<="&I23)=0,"Antes da régua",INDEX(Config!$C$10:$C$13,COUNTIF(Config!$A$10:$A$13,"<="&I23)))) | L23: =IF(H23<>"Vencida","",IF(COUNTIF(Config!$A$10:$A$13,"<="&I23)=0,"Aguardar: ainda não chegou ao primeiro passo da régua.",INDEX(Config!$B$10:$B$13,COUNTIF(Config!$A$10:$A$13,"<="&I23)))) | M23: =IF(H23="Vencida",E23*I23+ROW()/100000,0) -> 0 | N23: =IF(AND(H23="A vencer",J23<=Config!$B$7),100000-J23-ROW()/100000,0) -> 99984
A24: CONS-2026-02 | B24: =IF(A24="","",IFERROR(INDEX(Casos!$B$5:$B$204,MATCH(A24,Casos!$A$5:$A$204,0)),"")) -> Loja Verde Comércio | C24: 1 | D24: 46252 | E24: 2800 | F24: Sim | G24: 46252 | H24: =IF(A24="","",IF(F24="Sim","Paga",IF(D24="","Sem vencimento",IF(D24<Config!$B$5,"Vencida","A vencer")))) -> Paga | I24: =IF(H24="Vencida",Config!$B$5-D24,"") | J24: =IF(H24="A vencer",D24-Config!$B$5,"") | K24: =IF(H24<>"Vencida","",IF(COUNTIF(Config!$A$10:$A$13,"<="&I24)=0,"Antes da régua",INDEX(Config!$C$10:$C$13,COUNTIF(Config!$A$10:$A$13,"<="&I24)))) | L24: =IF(H24<>"Vencida","",IF(COUNTIF(Config!$A$10:$A$13,"<="&I24)=0,"Aguardar: ainda não chegou ao primeiro passo da régua.",INDEX(Config!$B$10:$B$13,COUNTIF(Config!$A$10:$A$13,"<="&I24)))) | M24: =IF(H24="Vencida",E24*I24+ROW()/100000,0) -> 0 | N24: =IF(AND(H24="A vencer",J24<=Config!$B$7),100000-J24-ROW()/100000,0) -> 0
A25: CONS-2026-02 | B25: =IF(A25="","",IFERROR(INDEX(Casos!$B$5:$B$204,MATCH(A25,Casos!$A$5:$A$204,0)),"")) -> Loja Verde Comércio | C25: 2 | D25: 46282 | E25: 2800 | F25: Não | H25: =IF(A25="","",IF(F25="Sim","Paga",IF(D25="","Sem vencimento",IF(D25<Config!$B$5,"Vencida","A vencer")))) -> A vencer | I25: =IF(H25="Vencida",Config!$B$5-D25,"") | J25: =IF(H25="A vencer",D25-Config!$B$5,"") -> 3 | K25: =IF(H25<>"Vencida","",IF(COUNTIF(Config!$A$10:$A$13,"<="&I25)=0,"Antes da régua",INDEX(Config!$C$10:$C$13,COUNTIF(Config!$A$10:$A$13,"<="&I25)))) | L25: =IF(H25<>"Vencida","",IF(COUNTIF(Config!$A$10:$A$13,"<="&I25)=0,"Aguardar: ainda não chegou ao primeiro passo da régua.",INDEX(Config!$B$10:$B$13,COUNTIF(Config!$A$10:$A$13,"<="&I25)))) | M25: =IF(H25="Vencida",E25*I25+ROW()/100000,0) -> 0 | N25: =IF(AND(H25="A vencer",J25<=Config!$B$7),100000-J25-ROW()/100000,0) -> 99997
A26: CONS-2026-02 | B26: =IF(A26="","",IFERROR(INDEX(Casos!$B$5:$B$204,MATCH(A26,Casos!$A$5:$A$204,0)),"")) -> Loja Verde Comércio | C26: 3 | D26: 46314 | E26: 2800 | F26: Não | H26: =IF(A26="","",IF(F26="Sim","Paga",IF(D26="","Sem vencimento",IF(D26<Config!$B$5,"Vencida","A vencer")))) -> A vencer | I26: =IF(H26="Vencida",Config!$B$5-D26,"") | J26: =IF(H26="A vencer",D26-Config!$B$5,"") -> 35 | K26: =IF(H26<>"Vencida","",IF(COUNTIF(Config!$A$10:$A$13,"<="&I26)=0,"Antes da régua",INDEX(Config!$C$10:$C$13,COUNTIF(Config!$A$10:$A$13,"<="&I26)))) | L26: =IF(H26<>"Vencida","",IF(COUNTIF(Config!$A$10:$A$13,"<="&I26)=0,"Aguardar: ainda não chegou ao primeiro passo da régua.",INDEX(Config!$B$10:$B$13,COUNTIF(Config!$A$10:$A$13,"<="&I26)))) | M26: =IF(H26="Vencida",E26*I26+ROW()/100000,0) -> 0 | N26: =IF(AND(H26="A vencer",J26<=Config!$B$7),100000-J26-ROW()/100000,0) -> 0
A27: CONS-2026-03 | B27: =IF(A27="","",IFERROR(INDEX(Casos!$B$5:$B$204,MATCH(A27,Casos!$A$5:$A$204,0)),"")) -> Marcos Vinícius Teles | C27: 1 | D27: 46260 | E27: 2250 | F27: Sim | G27: 46261 | H27: =IF(A27="","",IF(F27="Sim","Paga",IF(D27="","Sem vencimento",IF(D27<Config!$B$5,"Vencida","A vencer")))) -> Paga | I27: =IF(H27="Vencida",Config!$B$5-D27,"") | J27: =IF(H27="A vencer",D27-Config!$B$5,"") | K27: =IF(H27<>"Vencida","",IF(COUNTIF(Config!$A$10:$A$13,"<="&I27)=0,"Antes da régua",INDEX(Config!$C$10:$C$13,COUNTIF(Config!$A$10:$A$13,"<="&I27)))) | L27: =IF(H27<>"Vencida","",IF(COUNTIF(Config!$A$10:$A$13,"<="&I27)=0,"Aguardar: ainda não chegou ao primeiro passo da régua.",INDEX(Config!$B$10:$B$13,COUNTIF(Config!$A$10:$A$13,"<="&I27)))) | M27: =IF(H27="Vencida",E27*I27+ROW()/100000,0) -> 0 | N27: =IF(AND(H27="A vencer",J27<=Config!$B$7),100000-J27-ROW()/100000,0) -> 0
A28: CONS-2026-03 | B28: =IF(A28="","",IFERROR(INDEX(Casos!$B$5:$B$204,MATCH(A28,Casos!$A$5:$A$204,0)),"")) -> Marcos Vinícius Teles | C28: 2 | D28: 46290 | E28: 2250 | F28: Não | H28: =IF(A28="","",IF(F28="Sim","Paga",IF(D28="","Sem vencimento",IF(D28<Config!$B$5,"Vencida","A vencer")))) -> A vencer | I28: =IF(H28="Vencida",Config!$B$5-D28,"") | J28: =IF(H28="A vencer",D28-Config!$B$5,"") -> 11 | K28: =IF(H28<>"Vencida","",IF(COUNTIF(Config!$A$10:$A$13,"<="&I28)=0,"Antes da régua",INDEX(Config!$C$10:$C$13,COUNTIF(Config!$A$10:$A$13,"<="&I28)))) | L28: =IF(H28<>"Vencida","",IF(COUNTIF(Config!$A$10:$A$13,"<="&I28)=0,"Aguardar: ainda não chegou ao primeiro passo da régua.",INDEX(Config!$B$10:$B$13,COUNTIF(Config!$A$10:$A$13,"<="&I28)))) | M28: =IF(H28="Vencida",E28*I28+ROW()/100000,0) -> 0 | N28: =IF(AND(H28="A vencer",J28<=Config!$B$7),100000-J28-ROW()/100000,0) -> 99989
A29: CONS-2026-04 | B29: =IF(A29="","",IFERROR(INDEX(Casos!$B$5:$B$204,MATCH(A29,Casos!$A$5:$A$204,0)),"")) -> Escola Aurora | C29: 1 | D29: 46244 | E29: 1100 | F29: Sim | G29: 46244 | H29: =IF(A29="","",IF(F29="Sim","Paga",IF(D29="","Sem vencimento",IF(D29<Config!$B$5,"Vencida","A vencer")))) -> Paga | I29: =IF(H29="Vencida",Config!$B$5-D29,"") | J29: =IF(H29="A vencer",D29-Config!$B$5,"") | K29: =IF(H29<>"Vencida","",IF(COUNTIF(Config!$A$10:$A$13,"<="&I29)=0,"Antes da régua",INDEX(Config!$C$10:$C$13,COUNTIF(Config!$A$10:$A$13,"<="&I29)))) | L29: =IF(H29<>"Vencida","",IF(COUNTIF(Config!$A$10:$A$13,"<="&I29)=0,"Aguardar: ainda não chegou ao primeiro passo da régua.",INDEX(Config!$B$10:$B$13,COUNTIF(Config!$A$10:$A$13,"<="&I29)))) | M29: =IF(H29="Vencida",E29*I29+ROW()/100000,0) -> 0 | N29: =IF(AND(H29="A vencer",J29<=Config!$B$7),100000-J29-ROW()/100000,0) -> 0
A30: CONS-2026-04 | B30: =IF(A30="","",IFERROR(INDEX(Casos!$B$5:$B$204,MATCH(A30,Casos!$A$5:$A$204,0)),"")) -> Escola Aurora | C30: 2 | D30: 46275 | E30: 1100 | F30: Sim | G30: 46275 | H30: =IF(A30="","",IF(F30="Sim","Paga",IF(D30="","Sem vencimento",IF(D30<Config!$B$5,"Vencida","A vencer")))) -> Paga | I30: =IF(H30="Vencida",Config!$B$5-D30,"") | J30: =IF(H30="A vencer",D30-Config!$B$5,"") | K30: =IF(H30<>"Vencida","",IF(COUNTIF(Config!$A$10:$A$13,"<="&I30)=0,"Antes da régua",INDEX(Config!$C$10:$C$13,COUNTIF(Config!$A$10:$A$13,"<="&I30)))) | L30: =IF(H30<>"Vencida","",IF(COUNTIF(Config!$A$10:$A$13,"<="&I30)=0,"Aguardar: ainda não chegou ao primeiro passo da régua.",INDEX(Config!$B$10:$B$13,COUNTIF(Config!$A$10:$A$13,"<="&I30)))) | M30: =IF(H30="Vencida",E30*I30+ROW()/100000,0) -> 0 | N30: =IF(AND(H30="A vencer",J30<=Config!$B$7),100000-J30-ROW()/100000,0) -> 0
A31: CONS-2026-04 | B31: =IF(A31="","",IFERROR(INDEX(Casos!$B$5:$B$204,MATCH(A31,Casos!$A$5:$A$204,0)),"")) -> Escola Aurora | C31: 3 | D31: 46305 | E31: 1100 | F31: Não | H31: =IF(A31="","",IF(F31="Sim","Paga",IF(D31="","Sem vencimento",IF(D31<Config!$B$5,"Vencida","A vencer")))) -> A vencer | I31: =IF(H31="Vencida",Config!$B$5-D31,"") | J31: =IF(H31="A vencer",D31-Config!$B$5,"") -> 26 | K31: =IF(H31<>"Vencida","",IF(COUNTIF(Config!$A$10:$A$13,"<="&I31)=0,"Antes da régua",INDEX(Config!$C$10:$C$13,COUNTIF(Config!$A$10:$A$13,"<="&I31)))) | L31: =IF(H31<>"Vencida","",IF(COUNTIF(Config!$A$10:$A$13,"<="&I31)=0,"Aguardar: ainda não chegou ao primeiro passo da régua.",INDEX(Config!$B$10:$B$13,COUNTIF(Config!$A$10:$A$13,"<="&I31)))) | M31: =IF(H31="Vencida",E31*I31+ROW()/100000,0) -> 0 | N31: =IF(AND(H31="A vencer",J31<=Config!$B$7),100000-J31-ROW()/100000,0) -> 99974
A32: CONS-2026-04 | B32: =IF(A32="","",IFERROR(INDEX(Casos!$B$5:$B$204,MATCH(A32,Casos!$A$5:$A$204,0)),"")) -> Escola Aurora | C32: 4 | D32: 46336 | E32: 1100 | F32: Não | H32: =IF(A32="","",IF(F32="Sim","Paga",IF(D32="","Sem vencimento",IF(D32<Config!$B$5,"Vencida","A vencer")))) -> A vencer | I32: =IF(H32="Vencida",Config!$B$5-D32,"") | J32: =IF(H32="A vencer",D32-Config!$B$5,"") -> 57 | K32: =IF(H32<>"Vencida","",IF(COUNTIF(Config!$A$10:$A$13,"<="&I32)=0,"Antes da régua",INDEX(Config!$C$10:$C$13,COUNTIF(Config!$A$10:$A$13,"<="&I32)))) | L32: =IF(H32<>"Vencida","",IF(COUNTIF(Config!$A$10:$A$13,"<="&I32)=0,"Aguardar: ainda não chegou ao primeiro passo da régua.",INDEX(Config!$B$10:$B$13,COUNTIF(Config!$A$10:$A$13,"<="&I32)))) | M32: =IF(H32="Vencida",E32*I32+ROW()/100000,0) -> 0 | N32: =IF(AND(H32="A vencer",J32<=Config!$B$7),100000-J32-ROW()/100000,0) -> 0
A33: CONS-2026-04 | B33: =IF(A33="","",IFERROR(INDEX(Casos!$B$5:$B$204,MATCH(A33,Casos!$A$5:$A$204,0)),"")) -> Escola Aurora | C33: 5 | D33: 46366 | E33: 1100 | F33: Não | H33: =IF(A33="","",IF(F33="Sim","Paga",IF(D33="","Sem vencimento",IF(D33<Config!$B$5,"Vencida","A vencer")))) -> A vencer | I33: =IF(H33="Vencida",Config!$B$5-D33,"") | J33: =IF(H33="A vencer",D33-Config!$B$5,"") -> 87 | K33: =IF(H33<>"Vencida","",IF(COUNTIF(Config!$A$10:$A$13,"<="&I33)=0,"Antes da régua",INDEX(Config!$C$10:$C$13,COUNTIF(Config!$A$10:$A$13,"<="&I33)))) | L33: =IF(H33<>"Vencida","",IF(COUNTIF(Config!$A$10:$A$13,"<="&I33)=0,"Aguardar: ainda não chegou ao primeiro passo da régua.",INDEX(Config!$B$10:$B$13,COUNTIF(Config!$A$10:$A$13,"<="&I33)))) | M33: =IF(H33="Vencida",E33*I33+ROW()/100000,0) -> 0 | N33: =IF(AND(H33="A vencer",J33<=Config!$B$7),100000-J33-ROW()/100000,0) -> 0
A34: CONS-2026-04 | B34: =IF(A34="","",IFERROR(INDEX(Casos!$B$5:$B$204,MATCH(A34,Casos!$A$5:$A$204,0)),"")) -> Escola Aurora | C34: 6 | D34: 46397 | E34: 1100 | F34: Não | H34: =IF(A34="","",IF(F34="Sim","Paga",IF(D34="","Sem vencimento",IF(D34<Config!$B$5,"Vencida","A vencer")))) -> A vencer | I34: =IF(H34="Vencida",Config!$B$5-D34,"") | J34: =IF(H34="A vencer",D34-Config!$B$5,"") -> 118 | K34: =IF(H34<>"Vencida","",IF(COUNTIF(Config!$A$10:$A$13,"<="&I34)=0,"Antes da régua",INDEX(Config!$C$10:$C$13,COUNTIF(Config!$A$10:$A$13,"<="&I34)))) | L34: =IF(H34<>"Vencida","",IF(COUNTIF(Config!$A$10:$A$13,"<="&I34)=0,"Aguardar: ainda não chegou ao primeiro passo da régua.",INDEX(Config!$B$10:$B$13,COUNTIF(Config!$A$10:$A$13,"<="&I34)))) | M34: =IF(H34="Vencida",E34*I34+ROW()/100000,0) -> 0 | N34: =IF(AND(H34="A vencer",J34<=Config!$B$7),100000-J34-ROW()/100000,0) -> 0
A35: CONS-2026-04 | B35: =IF(A35="","",IFERROR(INDEX(Casos!$B$5:$B$204,MATCH(A35,Casos!$A$5:$A$204,0)),"")) -> Escola Aurora | C35: 7 | D35: 46428 | E35: 1100 | F35: Não | H35: =IF(A35="","",IF(F35="Sim","Paga",IF(D35="","Sem vencimento",IF(D35<Config!$B$5,"Vencida","A vencer")))) -> A vencer | I35: =IF(H35="Vencida",Config!$B$5-D35,"") | J35: =IF(H35="A vencer",D35-Config!$B$5,"") -> 149 | K35: =IF(H35<>"Vencida","",IF(COUNTIF(Config!$A$10:$A$13,"<="&I35)=0,"Antes da régua",INDEX(Config!$C$10:$C$13,COUNTIF(Config!$A$10:$A$13,"<="&I35)))) | L35: =IF(H35<>"Vencida","",IF(COUNTIF(Config!$A$10:$A$13,"<="&I35)=0,"Aguardar: ainda não chegou ao primeiro passo da régua.",INDEX(Config!$B$10:$B$13,COUNTIF(Config!$A$10:$A$13,"<="&I35)))) | M35: =IF(H35="Vencida",E35*I35+ROW()/100000,0) -> 0 | N35: =IF(AND(H35="A vencer",J35<=Config!$B$7),100000-J35-ROW()/100000,0) -> 0
A36: CONS-2026-04 | B36: =IF(A36="","",IFERROR(INDEX(Casos!$B$5:$B$204,MATCH(A36,Casos!$A$5:$A$204,0)),"")) -> Escola Aurora | C36: 8 | D36: 46456 | E36: 1100 | F36: Não | H36: =IF(A36="","",IF(F36="Sim","Paga",IF(D36="","Sem vencimento",IF(D36<Config!$B$5,"Vencida","A vencer")))) -> A vencer | I36: =IF(H36="Vencida",Config!$B$5-D36,"") | J36: =IF(H36="A vencer",D36-Config!$B$5,"") -> 177 | K36: =IF(H36<>"Vencida","",IF(COUNTIF(Config!$A$10:$A$13,"<="&I36)=0,"Antes da régua",INDEX(Config!$C$10:$C$13,COUNTIF(Config!$A$10:$A$13,"<="&I36)))) | L36: =IF(H36<>"Vencida","",IF(COUNTIF(Config!$A$10:$A$13,"<="&I36)=0,"Aguardar: ainda não chegou ao primeiro passo da régua.",INDEX(Config!$B$10:$B$13,COUNTIF(Config!$A$10:$A$13,"<="&I36)))) | M36: =IF(H36="Vencida",E36*I36+ROW()/100000,0) -> 0 | N36: =IF(AND(H36="A vencer",J36<=Config!$B$7),100000-J36-ROW()/100000,0) -> 0
A37: CONS-2026-04 | B37: =IF(A37="","",IFERROR(INDEX(Casos!$B$5:$B$204,MATCH(A37,Casos!$A$5:$A$204,0)),"")) -> Escola Aurora | C37: 9 | D37: 46487 | E37: 1100 | F37: Não | H37: =IF(A37="","",IF(F37="Sim","Paga",IF(D37="","Sem vencimento",IF(D37<Config!$B$5,"Vencida","A vencer")))) -> A vencer | I37: =IF(H37="Vencida",Config!$B$5-D37,"") | J37: =IF(H37="A vencer",D37-Config!$B$5,"") -> 208 | K37: =IF(H37<>"Vencida","",IF(COUNTIF(Config!$A$10:$A$13,"<="&I37)=0,"Antes da régua",INDEX(Config!$C$10:$C$13,COUNTIF(Config!$A$10:$A$13,"<="&I37)))) | L37: =IF(H37<>"Vencida","",IF(COUNTIF(Config!$A$10:$A$13,"<="&I37)=0,"Aguardar: ainda não chegou ao primeiro passo da régua.",INDEX(Config!$B$10:$B$13,COUNTIF(Config!$A$10:$A$13,"<="&I37)))) | M37: =IF(H37="Vencida",E37*I37+ROW()/100000,0) -> 0 | N37: =IF(AND(H37="A vencer",J37<=Config!$B$7),100000-J37-ROW()/100000,0) -> 0
A38: CONS-2026-04 | B38: =IF(A38="","",IFERROR(INDEX(Casos!$B$5:$B$204,MATCH(A38,Casos!$A$5:$A$204,0)),"")) -> Escola Aurora | C38: 10 | D38: 46517 | E38: 1100 | F38: Não | H38: =IF(A38="","",IF(F38="Sim","Paga",IF(D38="","Sem vencimento",IF(D38<Config!$B$5,"Vencida","A vencer")))) -> A vencer | I38: =IF(H38="Vencida",Config!$B$5-D38,"") | J38: =IF(H38="A vencer",D38-Config!$B$5,"") -> 238 | K38: =IF(H38<>"Vencida","",IF(COUNTIF(Config!$A$10:$A$13,"<="&I38)=0,"Antes da régua",INDEX(Config!$C$10:$C$13,COUNTIF(Config!$A$10:$A$13,"<="&I38)))) | L38: =IF(H38<>"Vencida","",IF(COUNTIF(Config!$A$10:$A$13,"<="&I38)=0,"Aguardar: ainda não chegou ao primeiro passo da régua.",INDEX(Config!$B$10:$B$13,COUNTIF(Config!$A$10:$A$13,"<="&I38)))) | M38: =IF(H38="Vencida",E38*I38+ROW()/100000,0) -> 0 | N38: =IF(AND(H38="A vencer",J38<=Config!$B$7),100000-J38-ROW()/100000,0) -> 0
A39: CONS-2026-04 | B39: =IF(A39="","",IFERROR(INDEX(Casos!$B$5:$B$204,MATCH(A39,Casos!$A$5:$A$204,0)),"")) -> Escola Aurora | C39: 11 | D39: 46548 | E39: 1100 | F39: Não | H39: =IF(A39="","",IF(F39="Sim","Paga",IF(D39="","Sem vencimento",IF(D39<Config!$B$5,"Vencida","A vencer")))) -> A vencer | I39: =IF(H39="Vencida",Config!$B$5-D39,"") | J39: =IF(H39="A vencer",D39-Config!$B$5,"") -> 269 | K39: =IF(H39<>"Vencida","",IF(COUNTIF(Config!$A$10:$A$13,"<="&I39)=0,"Antes da régua",INDEX(Config!$C$10:$C$13,COUNTIF(Config!$A$10:$A$13,"<="&I39)))) | L39: =IF(H39<>"Vencida","",IF(COUNTIF(Config!$A$10:$A$13,"<="&I39)=0,"Aguardar: ainda não chegou ao primeiro passo da régua.",INDEX(Config!$B$10:$B$13,COUNTIF(Config!$A$10:$A$13,"<="&I39)))) | M39: =IF(H39="Vencida",E39*I39+ROW()/100000,0) -> 0 | N39: =IF(AND(H39="A vencer",J39<=Config!$B$7),100000-J39-ROW()/100000,0) -> 0
A40: CONS-2026-04 | B40: =IF(A40="","",IFERROR(INDEX(Casos!$B$5:$B$204,MATCH(A40,Casos!$A$5:$A$204,0)),"")) -> Escola Aurora | C40: 12 | D40: 46578 | E40: 1100 | F40: Não | H40: =IF(A40="","",IF(F40="Sim","Paga",IF(D40="","Sem vencimento",IF(D40<Config!$B$5,"Vencida","A vencer")))) -> A vencer | I40: =IF(H40="Vencida",Config!$B$5-D40,"") | J40: =IF(H40="A vencer",D40-Config!$B$5,"") -> 299 | K40: =IF(H40<>"Vencida","",IF(COUNTIF(Config!$A$10:$A$13,"<="&I40)=0,"Antes da régua",INDEX(Config!$C$10:$C$13,COUNTIF(Config!$A$10:$A$13,"<="&I40)))) | L40: =IF(H40<>"Vencida","",IF(COUNTIF(Config!$A$10:$A$13,"<="&I40)=0,"Aguardar: ainda não chegou ao primeiro passo da régua.",INDEX(Config!$B$10:$B$13,COUNTIF(Config!$A$10:$A$13,"<="&I40)))) | M40: =IF(H40="Vencida",E40*I40+ROW()/100000,0) -> 0 | N40: =IF(AND(H40="A vencer",J40<=Config!$B$7),100000-J40-ROW()/100000,0) -> 0
A41: 8056747-83.2026.8.26.0561 | B41: =IF(A41="","",IFERROR(INDEX(Casos!$B$5:$B$204,MATCH(A41,Casos!$A$5:$A$204,0)),"")) -> Bistrô 42 | C41: 1 | D41: 46041 | E41: 3200 | F41: Sim | G41: 46041 | H41: =IF(A41="","",IF(F41="Sim","Paga",IF(D41="","Sem vencimento",IF(D41<Config!$B$5,"Vencida","A vencer")))) -> Paga | I41: =IF(H41="Vencida",Config!$B$5-D41,"") | J41: =IF(H41="A vencer",D41-Config!$B$5,"") | K41: =IF(H41<>"Vencida","",IF(COUNTIF(Config!$A$10:$A$13,"<="&I41)=0,"Antes da régua",INDEX(Config!$C$10:$C$13,COUNTIF(Config!$A$10:$A$13,"<="&I41)))) | L41: =IF(H41<>"Vencida","",IF(COUNTIF(Config!$A$10:$A$13,"<="&I41)=0,"Aguardar: ainda não chegou ao primeiro passo da régua.",INDEX(Config!$B$10:$B$13,COUNTIF(Config!$A$10:$A$13,"<="&I41)))) | M41: =IF(H41="Vencida",E41*I41+ROW()/100000,0) -> 0 | N41: =IF(AND(H41="A vencer",J41<=Config!$B$7),100000-J41-ROW()/100000,0) -> 0
A42: 8056747-83.2026.8.26.0561 | B42: =IF(A42="","",IFERROR(INDEX(Casos!$B$5:$B$204,MATCH(A42,Casos!$A$5:$A$204,0)),"")) -> Bistrô 42 | C42: 2 | D42: 46071 | E42: 2100 | F42: Sim | G42: 46073 | H42: =IF(A42="","",IF(F42="Sim","Paga",IF(D42="","Sem vencimento",IF(D42<Config!$B$5,"Vencida","A vencer")))) -> Paga | I42: =IF(H42="Vencida",Config!$B$5-D42,"") | J42: =IF(H42="A vencer",D42-Config!$B$5,"") | K42: =IF(H42<>"Vencida","",IF(COUNTIF(Config!$A$10:$A$13,"<="&I42)=0,"Antes da régua",INDEX(Config!$C$10:$C$13,COUNTIF(Config!$A$10:$A$13,"<="&I42)))) | L42: =IF(H42<>"Vencida","",IF(COUNTIF(Config!$A$10:$A$13,"<="&I42)=0,"Aguardar: ainda não chegou ao primeiro passo da régua.",INDEX(Config!$B$10:$B$13,COUNTIF(Config!$A$10:$A$13,"<="&I42)))) | M42: =IF(H42="Vencida",E42*I42+ROW()/100000,0) -> 0 | N42: =IF(AND(H42="A vencer",J42<=Config!$B$7),100000-J42-ROW()/100000,0) -> 0
A43: 8056747-83.2026.8.26.0561 | B43: =IF(A43="","",IFERROR(INDEX(Casos!$B$5:$B$204,MATCH(A43,Casos!$A$5:$A$204,0)),"")) -> Bistrô 42 | C43: 3 | D43: 46099 | E43: 2100 | F43: Não | H43: =IF(A43="","",IF(F43="Sim","Paga",IF(D43="","Sem vencimento",IF(D43<Config!$B$5,"Vencida","A vencer")))) -> Vencida | I43: =IF(H43="Vencida",Config!$B$5-D43,"") -> 180 | J43: =IF(H43="A vencer",D43-Config!$B$5,"") | K43: =IF(H43<>"Vencida","",IF(COUNTIF(Config!$A$10:$A$13,"<="&I43)=0,"Antes da régua",INDEX(Config!$C$10:$C$13,COUNTIF(Config!$A$10:$A$13,"<="&I43)))) -> 30 dias ou mais | L43: =IF(H43<>"Vencida","",IF(COUNTIF(Config!$A$10:$A$13,"<="&I43)=0,"Aguardar: ainda não chegou ao primeiro passo da régua.",INDEX(Config!$B$10:$B$13,COUNTIF(Config!$A$10:$A$13,"<="&I43)))) -> Ligação ou reunião para combinar um plano de pagamento; registrar por escrito o que foi combinado e a nova data. | M43: =IF(H43="Vencida",E43*I43+ROW()/100000,0) -> 378000 | N43: =IF(AND(H43="A vencer",J43<=Config!$B$7),100000-J43-ROW()/100000,0) -> 0
A44: 8056747-83.2026.8.26.0561 | B44: =IF(A44="","",IFERROR(INDEX(Casos!$B$5:$B$204,MATCH(A44,Casos!$A$5:$A$204,0)),"")) -> Bistrô 42 | C44: 4 | D44: 46129 | E44: 2100 | F44: Não | H44: =IF(A44="","",IF(F44="Sim","Paga",IF(D44="","Sem vencimento",IF(D44<Config!$B$5,"Vencida","A vencer")))) -> Vencida | I44: =IF(H44="Vencida",Config!$B$5-D44,"") -> 150 | J44: =IF(H44="A vencer",D44-Config!$B$5,"") | K44: =IF(H44<>"Vencida","",IF(COUNTIF(Config!$A$10:$A$13,"<="&I44)=0,"Antes da régua",INDEX(Config!$C$10:$C$13,COUNTIF(Config!$A$10:$A$13,"<="&I44)))) -> 30 dias ou mais | L44: =IF(H44<>"Vencida","",IF(COUNTIF(Config!$A$10:$A$13,"<="&I44)=0,"Aguardar: ainda não chegou ao primeiro passo da régua.",INDEX(Config!$B$10:$B$13,COUNTIF(Config!$A$10:$A$13,"<="&I44)))) -> Ligação ou reunião para combinar um plano de pagamento; registrar por escrito o que foi combinado e a nova data. | M44: =IF(H44="Vencida",E44*I44+ROW()/100000,0) -> 315000 | N44: =IF(AND(H44="A vencer",J44<=Config!$B$7),100000-J44-ROW()/100000,0) -> 0
A45: 5025425-10.2025.8.26.0629 | B45: =IF(A45="","",IFERROR(INDEX(Casos!$B$5:$B$204,MATCH(A45,Casos!$A$5:$A$204,0)),"")) -> Roberto Almeida | C45: 1 | D45: 45999 | E45: 6000 | F45: Sim | G45: 45999 | H45: =IF(A45="","",IF(F45="Sim","Paga",IF(D45="","Sem vencimento",IF(D45<Config!$B$5,"Vencida","A vencer")))) -> Paga | I45: =IF(H45="Vencida",Config!$B$5-D45,"") | J45: =IF(H45="A vencer",D45-Config!$B$5,"") | K45: =IF(H45<>"Vencida","",IF(COUNTIF(Config!$A$10:$A$13,"<="&I45)=0,"Antes da régua",INDEX(Config!$C$10:$C$13,COUNTIF(Config!$A$10:$A$13,"<="&I45)))) | L45: =IF(H45<>"Vencida","",IF(COUNTIF(Config!$A$10:$A$13,"<="&I45)=0,"Aguardar: ainda não chegou ao primeiro passo da régua.",INDEX(Config!$B$10:$B$13,COUNTIF(Config!$A$10:$A$13,"<="&I45)))) | M45: =IF(H45="Vencida",E45*I45+ROW()/100000,0) -> 0 | N45: =IF(AND(H45="A vencer",J45<=Config!$B$7),100000-J45-ROW()/100000,0) -> 0
A46: 5025425-10.2025.8.26.0629 | B46: =IF(A46="","",IFERROR(INDEX(Casos!$B$5:$B$204,MATCH(A46,Casos!$A$5:$A$204,0)),"")) -> Roberto Almeida | C46: 2 | D46: 46029 | E46: 3000 | F46: Sim | G46: 46034 | H46: =IF(A46="","",IF(F46="Sim","Paga",IF(D46="","Sem vencimento",IF(D46<Config!$B$5,"Vencida","A vencer")))) -> Paga | I46: =IF(H46="Vencida",Config!$B$5-D46,"") | J46: =IF(H46="A vencer",D46-Config!$B$5,"") | K46: =IF(H46<>"Vencida","",IF(COUNTIF(Config!$A$10:$A$13,"<="&I46)=0,"Antes da régua",INDEX(Config!$C$10:$C$13,COUNTIF(Config!$A$10:$A$13,"<="&I46)))) | L46: =IF(H46<>"Vencida","",IF(COUNTIF(Config!$A$10:$A$13,"<="&I46)=0,"Aguardar: ainda não chegou ao primeiro passo da régua.",INDEX(Config!$B$10:$B$13,COUNTIF(Config!$A$10:$A$13,"<="&I46)))) | M46: =IF(H46="Vencida",E46*I46+ROW()/100000,0) -> 0 | N46: =IF(AND(H46="A vencer",J46<=Config!$B$7),100000-J46-ROW()/100000,0) -> 0
A47: 5025425-10.2025.8.26.0629 | B47: =IF(A47="","",IFERROR(INDEX(Casos!$B$5:$B$204,MATCH(A47,Casos!$A$5:$A$204,0)),"")) -> Roberto Almeida | C47: 3 | D47: 46059 | E47: 3000 | F47: Sim | G47: 46062 | H47: =IF(A47="","",IF(F47="Sim","Paga",IF(D47="","Sem vencimento",IF(D47<Config!$B$5,"Vencida","A vencer")))) -> Paga | I47: =IF(H47="Vencida",Config!$B$5-D47,"") | J47: =IF(H47="A vencer",D47-Config!$B$5,"") | K47: =IF(H47<>"Vencida","",IF(COUNTIF(Config!$A$10:$A$13,"<="&I47)=0,"Antes da régua",INDEX(Config!$C$10:$C$13,COUNTIF(Config!$A$10:$A$13,"<="&I47)))) | L47: =IF(H47<>"Vencida","",IF(COUNTIF(Config!$A$10:$A$13,"<="&I47)=0,"Aguardar: ainda não chegou ao primeiro passo da régua.",INDEX(Config!$B$10:$B$13,COUNTIF(Config!$A$10:$A$13,"<="&I47)))) | M47: =IF(H47="Vencida",E47*I47+ROW()/100000,0) -> 0 | N47: =IF(AND(H47="A vencer",J47<=Config!$B$7),100000-J47-ROW()/100000,0) -> 0
A48: 5025425-10.2025.8.26.0629 | B48: =IF(A48="","",IFERROR(INDEX(Casos!$B$5:$B$204,MATCH(A48,Casos!$A$5:$A$204,0)),"")) -> Roberto Almeida | C48: 4 | D48: 46090 | E48: 3000 | F48: Sim | G48: 46090 | H48: =IF(A48="","",IF(F48="Sim","Paga",IF(D48="","Sem vencimento",IF(D48<Config!$B$5,"Vencida","A vencer")))) -> Paga | I48: =IF(H48="Vencida",Config!$B$5-D48,"") | J48: =IF(H48="A vencer",D48-Config!$B$5,"") | K48: =IF(H48<>"Vencida","",IF(COUNTIF(Config!$A$10:$A$13,"<="&I48)=0,"Antes da régua",INDEX(Config!$C$10:$C$13,COUNTIF(Config!$A$10:$A$13,"<="&I48)))) | L48: =IF(H48<>"Vencida","",IF(COUNTIF(Config!$A$10:$A$13,"<="&I48)=0,"Aguardar: ainda não chegou ao primeiro passo da régua.",INDEX(Config!$B$10:$B$13,COUNTIF(Config!$A$10:$A$13,"<="&I48)))) | M48: =IF(H48="Vencida",E48*I48+ROW()/100000,0) -> 0 | N48: =IF(AND(H48="A vencer",J48<=Config!$B$7),100000-J48-ROW()/100000,0) -> 0
A49: 2354318-24.2026.8.26.0295 | B49: =IF(A49="","",IFERROR(INDEX(Casos!$B$5:$B$204,MATCH(A49,Casos!$A$5:$A$204,0)),"")) -> Roberto Almeida | C49: 1 | D49: 46153 | E49: 3000 | F49: Sim | G49: 46153 | H49: =IF(A49="","",IF(F49="Sim","Paga",IF(D49="","Sem vencimento",IF(D49<Config!$B$5,"Vencida","A vencer")))) -> Paga | I49: =IF(H49="Vencida",Config!$B$5-D49,"") | J49: =IF(H49="A vencer",D49-Config!$B$5,"") | K49: =IF(H49<>"Vencida","",IF(COUNTIF(Config!$A$10:$A$13,"<="&I49)=0,"Antes da régua",INDEX(Config!$C$10:$C$13,COUNTIF(Config!$A$10:$A$13,"<="&I49)))) | L49: =IF(H49<>"Vencida","",IF(COUNTIF(Config!$A$10:$A$13,"<="&I49)=0,"Aguardar: ainda não chegou ao primeiro passo da régua.",INDEX(Config!$B$10:$B$13,COUNTIF(Config!$A$10:$A$13,"<="&I49)))) | M49: =IF(H49="Vencida",E49*I49+ROW()/100000,0) -> 0 | N49: =IF(AND(H49="A vencer",J49<=Config!$B$7),100000-J49-ROW()/100000,0) -> 0
A50: 2354318-24.2026.8.26.0295 | B50: =IF(A50="","",IFERROR(INDEX(Casos!$B$5:$B$204,MATCH(A50,Casos!$A$5:$A$204,0)),"")) -> Roberto Almeida | C50: 2 | D50: 46183 | E50: 2100 | F50: Sim | G50: 46183 | H50: =IF(A50="","",IF(F50="Sim","Paga",IF(D50="","Sem vencimento",IF(D50<Config!$B$5,"Vencida","A vencer")))) -> Paga | I50: =IF(H50="Vencida",Config!$B$5-D50,"") | J50: =IF(H50="A vencer",D50-Config!$B$5,"") | K50: =IF(H50<>"Vencida","",IF(COUNTIF(Config!$A$10:$A$13,"<="&I50)=0,"Antes da régua",INDEX(Config!$C$10:$C$13,COUNTIF(Config!$A$10:$A$13,"<="&I50)))) | L50: =IF(H50<>"Vencida","",IF(COUNTIF(Config!$A$10:$A$13,"<="&I50)=0,"Aguardar: ainda não chegou ao primeiro passo da régua.",INDEX(Config!$B$10:$B$13,COUNTIF(Config!$A$10:$A$13,"<="&I50)))) | M50: =IF(H50="Vencida",E50*I50+ROW()/100000,0) -> 0 | N50: =IF(AND(H50="A vencer",J50<=Config!$B$7),100000-J50-ROW()/100000,0) -> 0
A51: 2354318-24.2026.8.26.0295 | B51: =IF(A51="","",IFERROR(INDEX(Casos!$B$5:$B$204,MATCH(A51,Casos!$A$5:$A$204,0)),"")) -> Roberto Almeida | C51: 3 | D51: 46213 | E51: 2100 | F51: Sim | G51: 46220 | H51: =IF(A51="","",IF(F51="Sim","Paga",IF(D51="","Sem vencimento",IF(D51<Config!$B$5,"Vencida","A vencer")))) -> Paga | I51: =IF(H51="Vencida",Config!$B$5-D51,"") | J51: =IF(H51="A vencer",D51-Config!$B$5,"") | K51: =IF(H51<>"Vencida","",IF(COUNTIF(Config!$A$10:$A$13,"<="&I51)=0,"Antes da régua",INDEX(Config!$C$10:$C$13,COUNTIF(Config!$A$10:$A$13,"<="&I51)))) | L51: =IF(H51<>"Vencida","",IF(COUNTIF(Config!$A$10:$A$13,"<="&I51)=0,"Aguardar: ainda não chegou ao primeiro passo da régua.",INDEX(Config!$B$10:$B$13,COUNTIF(Config!$A$10:$A$13,"<="&I51)))) | M51: =IF(H51="Vencida",E51*I51+ROW()/100000,0) -> 0 | N51: =IF(AND(H51="A vencer",J51<=Config!$B$7),100000-J51-ROW()/100000,0) -> 0
A52: CONS-2025-05 | B52: =IF(A52="","",IFERROR(INDEX(Casos!$B$5:$B$204,MATCH(A52,Casos!$A$5:$A$204,0)),"")) -> Clínica Bem-Estar | C52: 1 | D52: 46001 | E52: 1800 | F52: Sim | G52: 46001 | H52: =IF(A52="","",IF(F52="Sim","Paga",IF(D52="","Sem vencimento",IF(D52<Config!$B$5,"Vencida","A vencer")))) -> Paga | I52: =IF(H52="Vencida",Config!$B$5-D52,"") | J52: =IF(H52="A vencer",D52-Config!$B$5,"") | K52: =IF(H52<>"Vencida","",IF(COUNTIF(Config!$A$10:$A$13,"<="&I52)=0,"Antes da régua",INDEX(Config!$C$10:$C$13,COUNTIF(Config!$A$10:$A$13,"<="&I52)))) | L52: =IF(H52<>"Vencida","",IF(COUNTIF(Config!$A$10:$A$13,"<="&I52)=0,"Aguardar: ainda não chegou ao primeiro passo da régua.",INDEX(Config!$B$10:$B$13,COUNTIF(Config!$A$10:$A$13,"<="&I52)))) | M52: =IF(H52="Vencida",E52*I52+ROW()/100000,0) -> 0 | N52: =IF(AND(H52="A vencer",J52<=Config!$B$7),100000-J52-ROW()/100000,0) -> 0
A53: CONS-2025-05 | B53: =IF(A53="","",IFERROR(INDEX(Casos!$B$5:$B$204,MATCH(A53,Casos!$A$5:$A$204,0)),"")) -> Clínica Bem-Estar | C53: 2 | D53: 46034 | E53: 2520 | F53: Sim | G53: 46034 | H53: =IF(A53="","",IF(F53="Sim","Paga",IF(D53="","Sem vencimento",IF(D53<Config!$B$5,"Vencida","A vencer")))) -> Paga | I53: =IF(H53="Vencida",Config!$B$5-D53,"") | J53: =IF(H53="A vencer",D53-Config!$B$5,"") | K53: =IF(H53<>"Vencida","",IF(COUNTIF(Config!$A$10:$A$13,"<="&I53)=0,"Antes da régua",INDEX(Config!$C$10:$C$13,COUNTIF(Config!$A$10:$A$13,"<="&I53)))) | L53: =IF(H53<>"Vencida","",IF(COUNTIF(Config!$A$10:$A$13,"<="&I53)=0,"Aguardar: ainda não chegou ao primeiro passo da régua.",INDEX(Config!$B$10:$B$13,COUNTIF(Config!$A$10:$A$13,"<="&I53)))) | M53: =IF(H53="Vencida",E53*I53+ROW()/100000,0) -> 0 | N53: =IF(AND(H53="A vencer",J53<=Config!$B$7),100000-J53-ROW()/100000,0) -> 0
A54: CONS-2025-05 | B54: =IF(A54="","",IFERROR(INDEX(Casos!$B$5:$B$204,MATCH(A54,Casos!$A$5:$A$204,0)),"")) -> Clínica Bem-Estar | C54: 3 | D54: 46063 | E54: 1980 | F54: Sim | G54: 46063 | H54: =IF(A54="","",IF(F54="Sim","Paga",IF(D54="","Sem vencimento",IF(D54<Config!$B$5,"Vencida","A vencer")))) -> Paga | I54: =IF(H54="Vencida",Config!$B$5-D54,"") | J54: =IF(H54="A vencer",D54-Config!$B$5,"") | K54: =IF(H54<>"Vencida","",IF(COUNTIF(Config!$A$10:$A$13,"<="&I54)=0,"Antes da régua",INDEX(Config!$C$10:$C$13,COUNTIF(Config!$A$10:$A$13,"<="&I54)))) | L54: =IF(H54<>"Vencida","",IF(COUNTIF(Config!$A$10:$A$13,"<="&I54)=0,"Aguardar: ainda não chegou ao primeiro passo da régua.",INDEX(Config!$B$10:$B$13,COUNTIF(Config!$A$10:$A$13,"<="&I54)))) | M54: =IF(H54="Vencida",E54*I54+ROW()/100000,0) -> 0 | N54: =IF(AND(H54="A vencer",J54<=Config!$B$7),100000-J54-ROW()/100000,0) -> 0
A55: CONS-2025-05 | B55: =IF(A55="","",IFERROR(INDEX(Casos!$B$5:$B$204,MATCH(A55,Casos!$A$5:$A$204,0)),"")) -> Clínica Bem-Estar | C55: 4 | D55: 46091 | E55: 2340 | F55: Sim | G55: 46091 | H55: =IF(A55="","",IF(F55="Sim","Paga",IF(D55="","Sem vencimento",IF(D55<Config!$B$5,"Vencida","A vencer")))) -> Paga | I55: =IF(H55="Vencida",Config!$B$5-D55,"") | J55: =IF(H55="A vencer",D55-Config!$B$5,"") | K55: =IF(H55<>"Vencida","",IF(COUNTIF(Config!$A$10:$A$13,"<="&I55)=0,"Antes da régua",INDEX(Config!$C$10:$C$13,COUNTIF(Config!$A$10:$A$13,"<="&I55)))) | L55: =IF(H55<>"Vencida","",IF(COUNTIF(Config!$A$10:$A$13,"<="&I55)=0,"Aguardar: ainda não chegou ao primeiro passo da régua.",INDEX(Config!$B$10:$B$13,COUNTIF(Config!$A$10:$A$13,"<="&I55)))) | M55: =IF(H55="Vencida",E55*I55+ROW()/100000,0) -> 0 | N55: =IF(AND(H55="A vencer",J55<=Config!$B$7),100000-J55-ROW()/100000,0) -> 0
A56: CONS-2025-05 | B56: =IF(A56="","",IFERROR(INDEX(Casos!$B$5:$B$204,MATCH(A56,Casos!$A$5:$A$204,0)),"")) -> Clínica Bem-Estar | C56: 5 | D56: 46122 | E56: 1800 | F56: Sim | G56: 46122 | H56: =IF(A56="","",IF(F56="Sim","Paga",IF(D56="","Sem vencimento",IF(D56<Config!$B$5,"Vencida","A vencer")))) -> Paga | I56: =IF(H56="Vencida",Config!$B$5-D56,"") | J56: =IF(H56="A vencer",D56-Config!$B$5,"") | K56: =IF(H56<>"Vencida","",IF(COUNTIF(Config!$A$10:$A$13,"<="&I56)=0,"Antes da régua",INDEX(Config!$C$10:$C$13,COUNTIF(Config!$A$10:$A$13,"<="&I56)))) | L56: =IF(H56<>"Vencida","",IF(COUNTIF(Config!$A$10:$A$13,"<="&I56)=0,"Aguardar: ainda não chegou ao primeiro passo da régua.",INDEX(Config!$B$10:$B$13,COUNTIF(Config!$A$10:$A$13,"<="&I56)))) | M56: =IF(H56="Vencida",E56*I56+ROW()/100000,0) -> 0 | N56: =IF(AND(H56="A vencer",J56<=Config!$B$7),100000-J56-ROW()/100000,0) -> 0
... A65: 2645033-67.2026.8.26.0012 | B65: =IF(A65="","",IFERROR(INDEX(Casos!$B$5:$B$204,MATCH(A65,Casos!$A$5:$A$204,0)),"")) -> Clínica Bem-Estar | C65: 4 | D65: 46258 | E65: 2700 | F65: Sim | G65: 46262 | H65: =IF(A65="","",IF(F65="Sim","Paga",IF(D65="","Sem vencimento",IF(D65<Config!$B$5,"Vencida","A vencer")))) -> Paga | I65: =IF(H65="Vencida",Config!$B$5-D65,"") | J65: =IF(H65="A vencer",D65-Config!$B$5,"") | K65: =IF(H65<>"Vencida","",IF(COUNTIF(Config!$A$10:$A$13,"<="&I65)=0,"Antes da régua",INDEX(Config!$C$10:$C$13,COUNTIF(Config!$A$10:$A$13,"<="&I65)))) | L65: =IF(H65<>"Vencida","",IF(COUNTIF(Config!$A$10:$A$13,"<="&I65)=0,"Aguardar: ainda não chegou ao primeiro passo da régua.",INDEX(Config!$B$10:$B$13,COUNTIF(Config!$A$10:$A$13,"<="&I65)))) | M65: =IF(H65="Vencida",E65*I65+ROW()/100000,0) -> 0 | N65: =IF(AND(H65="A vencer",J65<=Config!$B$7),100000-J65-ROW()/100000,0) -> 0
A66: 2645033-67.2026.8.26.0012 | B66: =IF(A66="","",IFERROR(INDEX(Casos!$B$5:$B$204,MATCH(A66,Casos!$A$5:$A$204,0)),"")) -> Clínica Bem-Estar | C66: 5 | D66: 46289 | E66: 2700 | F66: Não | H66: =IF(A66="","",IF(F66="Sim","Paga",IF(D66="","Sem vencimento",IF(D66<Config!$B$5,"Vencida","A vencer")))) -> A vencer | I66: =IF(H66="Vencida",Config!$B$5-D66,"") | J66: =IF(H66="A vencer",D66-Config!$B$5,"") -> 10 | K66: =IF(H66<>"Vencida","",IF(COUNTIF(Config!$A$10:$A$13,"<="&I66)=0,"Antes da régua",INDEX(Config!$C$10:$C$13,COUNTIF(Config!$A$10:$A$13,"<="&I66)))) | L66: =IF(H66<>"Vencida","",IF(COUNTIF(Config!$A$10:$A$13,"<="&I66)=0,"Aguardar: ainda não chegou ao primeiro passo da régua.",INDEX(Config!$B$10:$B$13,COUNTIF(Config!$A$10:$A$13,"<="&I66)))) | M66: =IF(H66="Vencida",E66*I66+ROW()/100000,0) -> 0 | N66: =IF(AND(H66="A vencer",J66<=Config!$B$7),100000-J66-ROW()/100000,0) -> 99989.999
A67: 9225646-96.2025.8.26.0322 | B67: =IF(A67="","",IFERROR(INDEX(Casos!$B$5:$B$204,MATCH(A67,Casos!$A$5:$A$204,0)),"")) -> Transportadora Rota Sul | C67: 1 | D67: 45999 | E67: 5500 | F67: Sim | G67: 45999 | H67: =IF(A67="","",IF(F67="Sim","Paga",IF(D67="","Sem vencimento",IF(D67<Config!$B$5,"Vencida","A vencer")))) -> Paga | I67: =IF(H67="Vencida",Config!$B$5-D67,"") | J67: =IF(H67="A vencer",D67-Config!$B$5,"") | K67: =IF(H67<>"Vencida","",IF(COUNTIF(Config!$A$10:$A$13,"<="&I67)=0,"Antes da régua",INDEX(Config!$C$10:$C$13,COUNTIF(Config!$A$10:$A$13,"<="&I67)))) | L67: =IF(H67<>"Vencida","",IF(COUNTIF(Config!$A$10:$A$13,"<="&I67)=0,"Aguardar: ainda não chegou ao primeiro passo da régua.",INDEX(Config!$B$10:$B$13,COUNTIF(Config!$A$10:$A$13,"<="&I67)))) | M67: =IF(H67="Vencida",E67*I67+ROW()/100000,0) -> 0 | N67: =IF(AND(H67="A vencer",J67<=Config!$B$7),100000-J67-ROW()/100000,0) -> 0
A68: 9225646-96.2025.8.26.0322 | B68: =IF(A68="","",IFERROR(INDEX(Casos!$B$5:$B$204,MATCH(A68,Casos!$A$5:$A$204,0)),"")) -> Transportadora Rota Sul | C68: 2 | D68: 46029 | E68: 2000 | F68: Sim | G68: 46029 | H68: =IF(A68="","",IF(F68="Sim","Paga",IF(D68="","Sem vencimento",IF(D68<Config!$B$5,"Vencida","A vencer")))) -> Paga | I68: =IF(H68="Vencida",Config!$B$5-D68,"") | J68: =IF(H68="A vencer",D68-Config!$B$5,"") | K68: =IF(H68<>"Vencida","",IF(COUNTIF(Config!$A$10:$A$13,"<="&I68)=0,"Antes da régua",INDEX(Config!$C$10:$C$13,COUNTIF(Config!$A$10:$A$13,"<="&I68)))) | L68: =IF(H68<>"Vencida","",IF(COUNTIF(Config!$A$10:$A$13,"<="&I68)=0,"Aguardar: ainda não chegou ao primeiro passo da régua.",INDEX(Config!$B$10:$B$13,COUNTIF(Config!$A$10:$A$13,"<="&I68)))) | M68: =IF(H68="Vencida",E68*I68+ROW()/100000,0) -> 0 | N68: =IF(AND(H68="A vencer",J68<=Config!$B$7),100000-J68-ROW()/100000,0) -> 0
A69: 9225646-96.2025.8.26.0322 | B69: =IF(A69="","",IFERROR(INDEX(Casos!$B$5:$B$204,MATCH(A69,Casos!$A$5:$A$204,0)),"")) -> Transportadora Rota Sul | C69: 3 | D69: 46059 | E69: 2000 | F69: Sim | G69: 46059 | H69: =IF(A69="","",IF(F69="Sim","Paga",IF(D69="","Sem vencimento",IF(D69<Config!$B$5,"Vencida","A vencer")))) -> Paga | I69: =IF(H69="Vencida",Config!$B$5-D69,"") | J69: =IF(H69="A vencer",D69-Config!$B$5,"") | K69: =IF(H69<>"Vencida","",IF(COUNTIF(Config!$A$10:$A$13,"<="&I69)=0,"Antes da régua",INDEX(Config!$C$10:$C$13,COUNTIF(Config!$A$10:$A$13,"<="&I69)))) | L69: =IF(H69<>"Vencida","",IF(COUNTIF(Config!$A$10:$A$13,"<="&I69)=0,"Aguardar: ainda não chegou ao primeiro passo da régua.",INDEX(Config!$B$10:$B$13,COUNTIF(Config!$A$10:$A$13,"<="&I69)))) | M69: =IF(H69="Vencida",E69*I69+ROW()/100000,0) -> 0 | N69: =IF(AND(H69="A vencer",J69<=Config!$B$7),100000-J69-ROW()/100000,0) -> 0
A70: 9225646-96.2025.8.26.0322 | B70: =IF(A70="","",IFERROR(INDEX(Casos!$B$5:$B$204,MATCH(A70,Casos!$A$5:$A$204,0)),"")) -> Transportadora Rota Sul | C70: 4 | D70: 46090 | E70: 2000 | F70: Sim | G70: 46101 | H70: =IF(A70="","",IF(F70="Sim","Paga",IF(D70="","Sem vencimento",IF(D70<Config!$B$5,"Vencida","A vencer")))) -> Paga | I70: =IF(H70="Vencida",Config!$B$5-D70,"") | J70: =IF(H70="A vencer",D70-Config!$B$5,"") | K70: =IF(H70<>"Vencida","",IF(COUNTIF(Config!$A$10:$A$13,"<="&I70)=0,"Antes da régua",INDEX(Config!$C$10:$C$13,COUNTIF(Config!$A$10:$A$13,"<="&I70)))) | L70: =IF(H70<>"Vencida","",IF(COUNTIF(Config!$A$10:$A$13,"<="&I70)=0,"Aguardar: ainda não chegou ao primeiro passo da régua.",INDEX(Config!$B$10:$B$13,COUNTIF(Config!$A$10:$A$13,"<="&I70)))) | M70: =IF(H70="Vencida",E70*I70+ROW()/100000,0) -> 0 | N70: =IF(AND(H70="A vencer",J70<=Config!$B$7),100000-J70-ROW()/100000,0) -> 0
A71: 9225646-96.2025.8.26.0322 | B71: =IF(A71="","",IFERROR(INDEX(Casos!$B$5:$B$204,MATCH(A71,Casos!$A$5:$A$204,0)),"")) -> Transportadora Rota Sul | C71: 5 | D71: 46120 | E71: 2000 | F71: Sim | G71: 46120 | H71: =IF(A71="","",IF(F71="Sim","Paga",IF(D71="","Sem vencimento",IF(D71<Config!$B$5,"Vencida","A vencer")))) -> Paga | I71: =IF(H71="Vencida",Config!$B$5-D71,"") | J71: =IF(H71="A vencer",D71-Config!$B$5,"") | K71: =IF(H71<>"Vencida","",IF(COUNTIF(Config!$A$10:$A$13,"<="&I71)=0,"Antes da régua",INDEX(Config!$C$10:$C$13,COUNTIF(Config!$A$10:$A$13,"<="&I71)))) | L71: =IF(H71<>"Vencida","",IF(COUNTIF(Config!$A$10:$A$13,"<="&I71)=0,"Aguardar: ainda não chegou ao primeiro passo da régua.",INDEX(Config!$B$10:$B$13,COUNTIF(Config!$A$10:$A$13,"<="&I71)))) | M71: =IF(H71="Vencida",E71*I71+ROW()/100000,0) -> 0 | N71: =IF(AND(H71="A vencer",J71<=Config!$B$7),100000-J71-ROW()/100000,0) -> 0
A72: CONS-2026-06 | B72: =IF(A72="","",IFERROR(INDEX(Casos!$B$5:$B$204,MATCH(A72,Casos!$A$5:$A$204,0)),"")) -> Transportadora Rota Sul | C72: 1 | D72: 46223 | E72: 2200 | F72: Sim | G72: 46223 | H72: =IF(A72="","",IF(F72="Sim","Paga",IF(D72="","Sem vencimento",IF(D72<Config!$B$5,"Vencida","A vencer")))) -> Paga | I72: =IF(H72="Vencida",Config!$B$5-D72,"") | J72: =IF(H72="A vencer",D72-Config!$B$5,"") | K72: =IF(H72<>"Vencida","",IF(COUNTIF(Config!$A$10:$A$13,"<="&I72)=0,"Antes da régua",INDEX(Config!$C$10:$C$13,COUNTIF(Config!$A$10:$A$13,"<="&I72)))) | L72: =IF(H72<>"Vencida","",IF(COUNTIF(Config!$A$10:$A$13,"<="&I72)=0,"Aguardar: ainda não chegou ao primeiro passo da régua.",INDEX(Config!$B$10:$B$13,COUNTIF(Config!$A$10:$A$13,"<="&I72)))) | M72: =IF(H72="Vencida",E72*I72+ROW()/100000,0) -> 0 | N72: =IF(AND(H72="A vencer",J72<=Config!$B$7),100000-J72-ROW()/100000,0) -> 0
A73: CONS-2026-06 | B73: =IF(A73="","",IFERROR(INDEX(Casos!$B$5:$B$204,MATCH(A73,Casos!$A$5:$A$204,0)),"")) -> Transportadora Rota Sul | C73: 2 | D73: 46253 | E73: 2200 | F73: Sim | G73: 46253 | H73: =IF(A73="","",IF(F73="Sim","Paga",IF(D73="","Sem vencimento",IF(D73<Config!$B$5,"Vencida","A vencer")))) -> Paga | I73: =IF(H73="Vencida",Config!$B$5-D73,"") | J73: =IF(H73="A vencer",D73-Config!$B$5,"") | K73: =IF(H73<>"Vencida","",IF(COUNTIF(Config!$A$10:$A$13,"<="&I73)=0,"Antes da régua",INDEX(Config!$C$10:$C$13,COUNTIF(Config!$A$10:$A$13,"<="&I73)))) | L73: =IF(H73<>"Vencida","",IF(COUNTIF(Config!$A$10:$A$13,"<="&I73)=0,"Aguardar: ainda não chegou ao primeiro passo da régua.",INDEX(Config!$B$10:$B$13,COUNTIF(Config!$A$10:$A$13,"<="&I73)))) | M73: =IF(H73="Vencida",E73*I73+ROW()/100000,0) -> 0 | N73: =IF(AND(H73="A vencer",J73<=Config!$B$7),100000-J73-ROW()/100000,0) -> 0
A74: 6832730-55.2026.8.26.0386 | B74: =IF(A74="","",IFERROR(INDEX(Casos!$B$5:$B$204,MATCH(A74,Casos!$A$5:$A$204,0)),"")) -> Patrícia Gomes | C74: 1 | D74: 46104 | E74: 3600 | F74: Sim | G74: 46104 | H74: =IF(A74="","",IF(F74="Sim","Paga",IF(D74="","Sem vencimento",IF(D74<Config!$B$5,"Vencida","A vencer")))) -> Paga | I74: =IF(H74="Vencida",Config!$B$5-D74,"") | J74: =IF(H74="A vencer",D74-Config!$B$5,"") | K74: =IF(H74<>"Vencida","",IF(COUNTIF(Config!$A$10:$A$13,"<="&I74)=0,"Antes da régua",INDEX(Config!$C$10:$C$13,COUNTIF(Config!$A$10:$A$13,"<="&I74)))) | L74: =IF(H74<>"Vencida","",IF(COUNTIF(Config!$A$10:$A$13,"<="&I74)=0,"Aguardar: ainda não chegou ao primeiro passo da régua.",INDEX(Config!$B$10:$B$13,COUNTIF(Config!$A$10:$A$13,"<="&I74)))) | M74: =IF(H74="Vencida",E74*I74+ROW()/100000,0) -> 0 | N74: =IF(AND(H74="A vencer",J74<=Config!$B$7),100000-J74-ROW()/100000,0) -> 0
A75: 6832730-55.2026.8.26.0386 | B75: =IF(A75="","",IFERROR(INDEX(Casos!$B$5:$B$204,MATCH(A75,Casos!$A$5:$A$204,0)),"")) -> Patrícia Gomes | C75: 2 | D75: 46134 | E75: 1800 | F75: Sim | G75: 46134 | H75: =IF(A75="","",IF(F75="Sim","Paga",IF(D75="","Sem vencimento",IF(D75<Config!$B$5,"Vencida","A vencer")))) -> Paga | I75: =IF(H75="Vencida",Config!$B$5-D75,"") | J75: =IF(H75="A vencer",D75-Config!$B$5,"") | K75: =IF(H75<>"Vencida","",IF(COUNTIF(Config!$A$10:$A$13,"<="&I75)=0,"Antes da régua",INDEX(Config!$C$10:$C$13,COUNTIF(Config!$A$10:$A$13,"<="&I75)))) | L75: =IF(H75<>"Vencida","",IF(COUNTIF(Config!$A$10:$A$13,"<="&I75)=0,"Aguardar: ainda não chegou ao primeiro passo da régua.",INDEX(Config!$B$10:$B$13,COUNTIF(Config!$A$10:$A$13,"<="&I75)))) | M75: =IF(H75="Vencida",E75*I75+ROW()/100000,0) -> 0 | N75: =IF(AND(H75="A vencer",J75<=Config!$B$7),100000-J75-ROW()/100000,0) -> 0
A76: 6832730-55.2026.8.26.0386 | B76: =IF(A76="","",IFERROR(INDEX(Casos!$B$5:$B$204,MATCH(A76,Casos!$A$5:$A$204,0)),"")) -> Patrícia Gomes | C76: 3 | D76: 46164 | E76: 1800 | F76: Sim | G76: 46164 | H76: =IF(A76="","",IF(F76="Sim","Paga",IF(D76="","Sem vencimento",IF(D76<Config!$B$5,"Vencida","A vencer")))) -> Paga | I76: =IF(H76="Vencida",Config!$B$5-D76,"") | J76: =IF(H76="A vencer",D76-Config!$B$5,"") | K76: =IF(H76<>"Vencida","",IF(COUNTIF(Config!$A$10:$A$13,"<="&I76)=0,"Antes da régua",INDEX(Config!$C$10:$C$13,COUNTIF(Config!$A$10:$A$13,"<="&I76)))) | L76: =IF(H76<>"Vencida","",IF(COUNTIF(Config!$A$10:$A$13,"<="&I76)=0,"Aguardar: ainda não chegou ao primeiro passo da régua.",INDEX(Config!$B$10:$B$13,COUNTIF(Config!$A$10:$A$13,"<="&I76)))) | M76: =IF(H76="Vencida",E76*I76+ROW()/100000,0) -> 0 | N76: =IF(AND(H76="A vencer",J76<=Config!$B$7),100000-J76-ROW()/100000,0) -> 0
A77: 6832730-55.2026.8.26.0386 | B77: =IF(A77="","",IFERROR(INDEX(Casos!$B$5:$B$204,MATCH(A77,Casos!$A$5:$A$204,0)),"")) -> Patrícia Gomes | C77: 4 | D77: 46195 | E77: 1800 | F77: Sim | G77: 46244 | H77: =IF(A77="","",IF(F77="Sim","Paga",IF(D77="","Sem vencimento",IF(D77<Config!$B$5,"Vencida","A vencer")))) -> Paga | I77: =IF(H77="Vencida",Config!$B$5-D77,"") | J77: =IF(H77="A vencer",D77-Config!$B$5,"") | K77: =IF(H77<>"Vencida","",IF(COUNTIF(Config!$A$10:$A$13,"<="&I77)=0,"Antes da régua",INDEX(Config!$C$10:$C$13,COUNTIF(Config!$A$10:$A$13,"<="&I77)))) | L77: =IF(H77<>"Vencida","",IF(COUNTIF(Config!$A$10:$A$13,"<="&I77)=0,"Aguardar: ainda não chegou ao primeiro passo da régua.",INDEX(Config!$B$10:$B$13,COUNTIF(Config!$A$10:$A$13,"<="&I77)))) | M77: =IF(H77="Vencida",E77*I77+ROW()/100000,0) -> 0 | N77: =IF(AND(H77="A vencer",J77<=Config!$B$7),100000-J77-ROW()/100000,0) -> 0
A78: 9616569-91.2026.8.26.0079 | B78: =IF(A78="","",IFERROR(INDEX(Casos!$B$5:$B$204,MATCH(A78,Casos!$A$5:$A$204,0)),"")) -> Patrícia Gomes | C78: 1 | D78: 46188 | E78: 2400 | F78: Sim | G78: 46188 | H78: =IF(A78="","",IF(F78="Sim","Paga",IF(D78="","Sem vencimento",IF(D78<Config!$B$5,"Vencida","A vencer")))) -> Paga | I78: =IF(H78="Vencida",Config!$B$5-D78,"") | J78: =IF(H78="A vencer",D78-Config!$B$5,"") | K78: =IF(H78<>"Vencida","",IF(COUNTIF(Config!$A$10:$A$13,"<="&I78)=0,"Antes da régua",INDEX(Config!$C$10:$C$13,COUNTIF(Config!$A$10:$A$13,"<="&I78)))) | L78: =IF(H78<>"Vencida","",IF(COUNTIF(Config!$A$10:$A$13,"<="&I78)=0,"Aguardar: ainda não chegou ao primeiro passo da régua.",INDEX(Config!$B$10:$B$13,COUNTIF(Config!$A$10:$A$13,"<="&I78)))) | M78: =IF(H78="Vencida",E78*I78+ROW()/100000,0) -> 0 | N78: =IF(AND(H78="A vencer",J78<=Config!$B$7),100000-J78-ROW()/100000,0) -> 0
A79: 9616569-91.2026.8.26.0079 | B79: =IF(A79="","",IFERROR(INDEX(Casos!$B$5:$B$204,MATCH(A79,Casos!$A$5:$A$204,0)),"")) -> Patrícia Gomes | C79: 2 | D79: 46218 | E79: 2100 | F79: Sim | G79: 46223 | H79: =IF(A79="","",IF(F79="Sim","Paga",IF(D79="","Sem vencimento",IF(D79<Config!$B$5,"Vencida","A vencer")))) -> Paga | I79: =IF(H79="Vencida",Config!$B$5-D79,"") | J79: =IF(H79="A vencer",D79-Config!$B$5,"") | K79: =IF(H79<>"Vencida","",IF(COUNTIF(Config!$A$10:$A$13,"<="&I79)=0,"Antes da régua",INDEX(Config!$C$10:$C$13,COUNTIF(Config!$A$10:$A$13,"<="&I79)))) | L79: =IF(H79<>"Vencida","",IF(COUNTIF(Config!$A$10:$A$13,"<="&I79)=0,"Aguardar: ainda não chegou ao primeiro passo da régua.",INDEX(Config!$B$10:$B$13,COUNTIF(Config!$A$10:$A$13,"<="&I79)))) | M79: =IF(H79="Vencida",E79*I79+ROW()/100000,0) -> 0 | N79: =IF(AND(H79="A vencer",J79<=Config!$B$7),100000-J79-ROW()/100000,0) -> 0
A80: 9616569-91.2026.8.26.0079 | B80: =IF(A80="","",IFERROR(INDEX(Casos!$B$5:$B$204,MATCH(A80,Casos!$A$5:$A$204,0)),"")) -> Patrícia Gomes | C80: 3 | D80: 46248 | E80: 2100 | F80: Não | H80: =IF(A80="","",IF(F80="Sim","Paga",IF(D80="","Sem vencimento",IF(D80<Config!$B$5,"Vencida","A vencer")))) -> Vencida | I80: =IF(H80="Vencida",Config!$B$5-D80,"") -> 31 | J80: =IF(H80="A vencer",D80-Config!$B$5,"") | K80: =IF(H80<>"Vencida","",IF(COUNTIF(Config!$A$10:$A$13,"<="&I80)=0,"Antes da régua",INDEX(Config!$C$10:$C$13,COUNTIF(Config!$A$10:$A$13,"<="&I80)))) -> 30 dias ou mais | L80: =IF(H80<>"Vencida","",IF(COUNTIF(Config!$A$10:$A$13,"<="&I80)=0,"Aguardar: ainda não chegou ao primeiro passo da régua.",INDEX(Config!$B$10:$B$13,COUNTIF(Config!$A$10:$A$13,"<="&I80)))) -> Ligação ou reunião para combinar um plano de pagamento; registrar por escrito o que foi combinado e a nova data. | M80: =IF(H80="Vencida",E80*I80+ROW()/100000,0) -> 65100.001 | N80: =IF(AND(H80="A vencer",J80<=Config!$B$7),100000-J80-ROW()/100000,0) -> 0
A81: 6710873-21.2025.8.26.0571 | B81: =IF(A81="","",IFERROR(INDEX(Casos!$B$5:$B$204,MATCH(A81,Casos!$A$5:$A$204,0)),"")) -> Escola Aurora | C81: 1 | D81: 45957 | E81: 2400 | F81: Sim | G81: 45957 | H81: =IF(A81="","",IF(F81="Sim","Paga",IF(D81="","Sem vencimento",IF(D81<Config!$B$5,"Vencida","A vencer")))) -> Paga | I81: =IF(H81="Vencida",Config!$B$5-D81,"") | J81: =IF(H81="A vencer",D81-Config!$B$5,"") | K81: =IF(H81<>"Vencida","",IF(COUNTIF(Config!$A$10:$A$13,"<="&I81)=0,"Antes da régua",INDEX(Config!$C$10:$C$13,COUNTIF(Config!$A$10:$A$13,"<="&I81)))) | L81: =IF(H81<>"Vencida","",IF(COUNTIF(Config!$A$10:$A$13,"<="&I81)=0,"Aguardar: ainda não chegou ao primeiro passo da régua.",INDEX(Config!$B$10:$B$13,COUNTIF(Config!$A$10:$A$13,"<="&I81)))) | M81: =IF(H81="Vencida",E81*I81+ROW()/100000,0) -> 0 | N81: =IF(AND(H81="A vencer",J81<=Config!$B$7),100000-J81-ROW()/100000,0) -> 0
A82: 6710873-21.2025.8.26.0571 | B82: =IF(A82="","",IFERROR(INDEX(Casos!$B$5:$B$204,MATCH(A82,Casos!$A$5:$A$204,0)),"")) -> Escola Aurora | C82: 2 | D82: 45987 | E82: 1200 | F82: Sim | G82: 45987 | H82: =IF(A82="","",IF(F82="Sim","Paga",IF(D82="","Sem vencimento",IF(D82<Config!$B$5,"Vencida","A vencer")))) -> Paga | I82: =IF(H82="Vencida",Config!$B$5-D82,"") | J82: =IF(H82="A vencer",D82-Config!$B$5,"") | K82: =IF(H82<>"Vencida","",IF(COUNTIF(Config!$A$10:$A$13,"<="&I82)=0,"Antes da régua",INDEX(Config!$C$10:$C$13,COUNTIF(Config!$A$10:$A$13,"<="&I82)))) | L82: =IF(H82<>"Vencida","",IF(COUNTIF(Config!$A$10:$A$13,"<="&I82)=0,"Aguardar: ainda não chegou ao primeiro passo da régua.",INDEX(Config!$B$10:$B$13,COUNTIF(Config!$A$10:$A$13,"<="&I82)))) | M82: =IF(H82="Vencida",E82*I82+ROW()/100000,0) -> 0 | N82: =IF(AND(H82="A vencer",J82<=Config!$B$7),100000-J82-ROW()/100000,0) -> 0
A83: 6710873-21.2025.8.26.0571 | B83: =IF(A83="","",IFERROR(INDEX(Casos!$B$5:$B$204,MATCH(A83,Casos!$A$5:$A$204,0)),"")) -> Escola Aurora | C83: 3 | D83: 46017 | E83: 1200 | F83: Sim | G83: 46020 | H83: =IF(A83="","",IF(F83="Sim","Paga",IF(D83="","Sem vencimento",IF(D83<Config!$B$5,"Vencida","A vencer")))) -> Paga | I83: =IF(H83="Vencida",Config!$B$5-D83,"") | J83: =IF(H83="A vencer",D83-Config!$B$5,"") | K83: =IF(H83<>"Vencida","",IF(COUNTIF(Config!$A$10:$A$13,"<="&I83)=0,"Antes da régua",INDEX(Config!$C$10:$C$13,COUNTIF(Config!$A$10:$A$13,"<="&I83)))) | L83: =IF(H83<>"Vencida","",IF(COUNTIF(Config!$A$10:$A$13,"<="&I83)=0,"Aguardar: ainda não chegou ao primeiro passo da régua.",INDEX(Config!$B$10:$B$13,COUNTIF(Config!$A$10:$A$13,"<="&I83)))) | M83: =IF(H83="Vencida",E83*I83+ROW()/100000,0) -> 0 | N83: =IF(AND(H83="A vencer",J83<=Config!$B$7),100000-J83-ROW()/100000,0) -> 0
A84: 6710873-21.2025.8.26.0571 | B84: =IF(A84="","",IFERROR(INDEX(Casos!$B$5:$B$204,MATCH(A84,Casos!$A$5:$A$204,0)),"")) -> Escola Aurora | C84: 4 | D84: 46048 | E84: 1200 | F84: Sim | G84: 46055 | H84: =IF(A84="","",IF(F84="Sim","Paga",IF(D84="","Sem vencimento",IF(D84<Config!$B$5,"Vencida","A vencer")))) -> Paga | I84: =IF(H84="Vencida",Config!$B$5-D84,"") | J84: =IF(H84="A vencer",D84-Config!$B$5,"") | K84: =IF(H84<>"Vencida","",IF(COUNTIF(Config!$A$10:$A$13,"<="&I84)=0,"Antes da régua",INDEX(Config!$C$10:$C$13,COUNTIF(Config!$A$10:$A$13,"<="&I84)))) | L84: =IF(H84<>"Vencida","",IF(COUNTIF(Config!$A$10:$A$13,"<="&I84)=0,"Aguardar: ainda não chegou ao primeiro passo da régua.",INDEX(Config!$B$10:$B$13,COUNTIF(Config!$A$10:$A$13,"<="&I84)))) | M84: =IF(H84="Vencida",E84*I84+ROW()/100000,0) -> 0 | N84: =IF(AND(H84="A vencer",J84<=Config!$B$7),100000-J84-ROW()/100000,0) -> 0
A85: 3363714-92.2025.8.26.0592 | B85: =IF(A85="","",IFERROR(INDEX(Casos!$B$5:$B$204,MATCH(A85,Casos!$A$5:$A$204,0)),"")) -> Oficina Mecânica Central | C85: 1 | D85: 45985 | E85: 5000 | F85: Sim | G85: 45985 | H85: =IF(A85="","",IF(F85="Sim","Paga",IF(D85="","Sem vencimento",IF(D85<Config!$B$5,"Vencida","A vencer")))) -> Paga | I85: =IF(H85="Vencida",Config!$B$5-D85,"") | J85: =IF(H85="A vencer",D85-Config!$B$5,"") | K85: =IF(H85<>"Vencida","",IF(COUNTIF(Config!$A$10:$A$13,"<="&I85)=0,"Antes da régua",INDEX(Config!$C$10:$C$13,COUNTIF(Config!$A$10:$A$13,"<="&I85)))) | L85: =IF(H85<>"Vencida","",IF(COUNTIF(Config!$A$10:$A$13,"<="&I85)=0,"Aguardar: ainda não chegou ao primeiro passo da régua.",INDEX(Config!$B$10:$B$13,COUNTIF(Config!$A$10:$A$13,"<="&I85)))) | M85: =IF(H85="Vencida",E85*I85+ROW()/100000,0) -> 0 | N85: =IF(AND(H85="A vencer",J85<=Config!$B$7),100000-J85-ROW()/100000,0) -> 0
A86: 3363714-92.2025.8.26.0592 | B86: =IF(A86="","",IFERROR(INDEX(Casos!$B$5:$B$204,MATCH(A86,Casos!$A$5:$A$204,0)),"")) -> Oficina Mecânica Central | C86: 2 | D86: 46014 | E86: 2000 | F86: Sim | G86: 46014 | H86: =IF(A86="","",IF(F86="Sim","Paga",IF(D86="","Sem vencimento",IF(D86<Config!$B$5,"Vencida","A vencer")))) -> Paga | I86: =IF(H86="Vencida",Config!$B$5-D86,"") | J86: =IF(H86="A vencer",D86-Config!$B$5,"") | K86: =IF(H86<>"Vencida","",IF(COUNTIF(Config!$A$10:$A$13,"<="&I86)=0,"Antes da régua",INDEX(Config!$C$10:$C$13,COUNTIF(Config!$A$10:$A$13,"<="&I86)))) | L86: =IF(H86<>"Vencida","",IF(COUNTIF(Config!$A$10:$A$13,"<="&I86)=0,"Aguardar: ainda não chegou ao primeiro passo da régua.",INDEX(Config!$B$10:$B$13,COUNTIF(Config!$A$10:$A$13,"<="&I86)))) | M86: =IF(H86="Vencida",E86*I86+ROW()/100000,0) -> 0 | N86: =IF(AND(H86="A vencer",J86<=Config!$B$7),100000-J86-ROW()/100000,0) -> 0
A87: 3363714-92.2025.8.26.0592 | B87: =IF(A87="","",IFERROR(INDEX(Casos!$B$5:$B$204,MATCH(A87,Casos!$A$5:$A$204,0)),"")) -> Oficina Mecânica Central | C87: 3 | D87: 46045 | E87: 2000 | F87: Sim | G87: 46045 | H87: =IF(A87="","",IF(F87="Sim","Paga",IF(D87="","Sem vencimento",IF(D87<Config!$B$5,"Vencida","A vencer")))) -> Paga | I87: =IF(H87="Vencida",Config!$B$5-D87,"") | J87: =IF(H87="A vencer",D87-Config!$B$5,"") | K87: =IF(H87<>"Vencida","",IF(COUNTIF(Config!$A$10:$A$13,"<="&I87)=0,"Antes da régua",INDEX(Config!$C$10:$C$13,COUNTIF(Config!$A$10:$A$13,"<="&I87)))) | L87: =IF(H87<>"Vencida","",IF(COUNTIF(Config!$A$10:$A$13,"<="&I87)=0,"Aguardar: ainda não chegou ao primeiro passo da régua.",INDEX(Config!$B$10:$B$13,COUNTIF(Config!$A$10:$A$13,"<="&I87)))) | M87: =IF(H87="Vencida",E87*I87+ROW()/100000,0) -> 0 | N87: =IF(AND(H87="A vencer",J87<=Config!$B$7),100000-J87-ROW()/100000,0) -> 0
A88: 3363714-92.2025.8.26.0592 | B88: =IF(A88="","",IFERROR(INDEX(Casos!$B$5:$B$204,MATCH(A88,Casos!$A$5:$A$204,0)),"")) -> Oficina Mecânica Central | C88: 4 | D88: 46076 | E88: 2000 | F88: Sim | G88: 46083 | H88: =IF(A88="","",IF(F88="Sim","Paga",IF(D88="","Sem vencimento",IF(D88<Config!$B$5,"Vencida","A vencer")))) -> Paga | I88: =IF(H88="Vencida",Config!$B$5-D88,"") | J88: =IF(H88="A vencer",D88-Config!$B$5,"") | K88: =IF(H88<>"Vencida","",IF(COUNTIF(Config!$A$10:$A$13,"<="&I88)=0,"Antes da régua",INDEX(Config!$C$10:$C$13,COUNTIF(Config!$A$10:$A$13,"<="&I88)))) | L88: =IF(H88<>"Vencida","",IF(COUNTIF(Config!$A$10:$A$13,"<="&I88)=0,"Aguardar: ainda não chegou ao primeiro passo da régua.",INDEX(Config!$B$10:$B$13,COUNTIF(Config!$A$10:$A$13,"<="&I88)))) | M88: =IF(H88="Vencida",E88*I88+ROW()/100000,0) -> 0 | N88: =IF(AND(H88="A vencer",J88<=Config!$B$7),100000-J88-ROW()/100000,0) -> 0
A89: 3363714-92.2025.8.26.0592 | B89: =IF(A89="","",IFERROR(INDEX(Casos!$B$5:$B$204,MATCH(A89,Casos!$A$5:$A$204,0)),"")) -> Oficina Mecânica Central | C89: 5 | D89: 46104 | E89: 2000 | F89: Sim | G89: 46104 | H89: =IF(A89="","",IF(F89="Sim","Paga",IF(D89="","Sem vencimento",IF(D89<Config!$B$5,"Vencida","A vencer")))) -> Paga | I89: =IF(H89="Vencida",Config!$B$5-D89,"") | J89: =IF(H89="A vencer",D89-Config!$B$5,"") | K89: =IF(H89<>"Vencida","",IF(COUNTIF(Config!$A$10:$A$13,"<="&I89)=0,"Antes da régua",INDEX(Config!$C$10:$C$13,COUNTIF(Config!$A$10:$A$13,"<="&I89)))) | L89: =IF(H89<>"Vencida","",IF(COUNTIF(Config!$A$10:$A$13,"<="&I89)=0,"Aguardar: ainda não chegou ao primeiro passo da régua.",INDEX(Config!$B$10:$B$13,COUNTIF(Config!$A$10:$A$13,"<="&I89)))) | M89: =IF(H89="Vencida",E89*I89+ROW()/100000,0) -> 0 | N89: =IF(AND(H89="A vencer",J89<=Config!$B$7),100000-J89-ROW()/100000,0) -> 0
A90: 3363714-92.2025.8.26.0592 | B90: =IF(A90="","",IFERROR(INDEX(Casos!$B$5:$B$204,MATCH(A90,Casos!$A$5:$A$204,0)),"")) -> Oficina Mecânica Central | C90: 6 | D90: 46135 | E90: 2000 | F90: Sim | G90: 46135 | H90: =IF(A90="","",IF(F90="Sim","Paga",IF(D90="","Sem vencimento",IF(D90<Config!$B$5,"Vencida","A vencer")))) -> Paga | I90: =IF(H90="Vencida",Config!$B$5-D90,"") | J90: =IF(H90="A vencer",D90-Config!$B$5,"") | K90: =IF(H90<>"Vencida","",IF(COUNTIF(Config!$A$10:$A$13,"<="&I90)=0,"Antes da régua",INDEX(Config!$C$10:$C$13,COUNTIF(Config!$A$10:$A$13,"<="&I90)))) | L90: =IF(H90<>"Vencida","",IF(COUNTIF(Config!$A$10:$A$13,"<="&I90)=0,"Aguardar: ainda não chegou ao primeiro passo da régua.",INDEX(Config!$B$10:$B$13,COUNTIF(Config!$A$10:$A$13,"<="&I90)))) | M90: =IF(H90="Vencida",E90*I90+ROW()/100000,0) -> 0 | N90: =IF(AND(H90="A vencer",J90<=Config!$B$7),100000-J90-ROW()/100000,0) -> 0
A91: 6184138-13.2026.8.26.0378 | B91: =IF(A91="","",IFERROR(INDEX(Casos!$B$5:$B$204,MATCH(A91,Casos!$A$5:$A$204,0)),"")) -> Oficina Mecânica Central | C91: 1 | D91: 46132 | E91: 3000 | F91: Sim | G91: 46132 | H91: =IF(A91="","",IF(F91="Sim","Paga",IF(D91="","Sem vencimento",IF(D91<Config!$B$5,"Vencida","A vencer")))) -> Paga | I91: =IF(H91="Vencida",Config!$B$5-D91,"") | J91: =IF(H91="A vencer",D91-Config!$B$5,"") | K91: =IF(H91<>"Vencida","",IF(COUNTIF(Config!$A$10:$A$13,"<="&I91)=0,"Antes da régua",INDEX(Config!$C$10:$C$13,COUNTIF(Config!$A$10:$A$13,"<="&I91)))) | L91: =IF(H91<>"Vencida","",IF(COUNTIF(Config!$A$10:$A$13,"<="&I91)=0,"Aguardar: ainda não chegou ao primeiro passo da régua.",INDEX(Config!$B$10:$B$13,COUNTIF(Config!$A$10:$A$13,"<="&I91)))) | M91: =IF(H91="Vencida",E91*I91+ROW()/100000,0) -> 0 | N91: =IF(AND(H91="A vencer",J91<=Config!$B$7),100000-J91-ROW()/100000,0) -> 0
A92: 6184138-13.2026.8.26.0378 | B92: =IF(A92="","",IFERROR(INDEX(Casos!$B$5:$B$204,MATCH(A92,Casos!$A$5:$A$204,0)),"")) -> Oficina Mecânica Central | C92: 2 | D92: 46162 | E92: 1500 | F92: Sim | G92: 46169 | H92: =IF(A92="","",IF(F92="Sim","Paga",IF(D92="","Sem vencimento",IF(D92<Config!$B$5,"Vencida","A vencer")))) -> Paga | I92: =IF(H92="Vencida",Config!$B$5-D92,"") | J92: =IF(H92="A vencer",D92-Config!$B$5,"") | K92: =IF(H92<>"Vencida","",IF(COUNTIF(Config!$A$10:$A$13,"<="&I92)=0,"Antes da régua",INDEX(Config!$C$10:$C$13,COUNTIF(Config!$A$10:$A$13,"<="&I92)))) | L92: =IF(H92<>"Vencida","",IF(COUNTIF(Config!$A$10:$A$13,"<="&I92)=0,"Aguardar: ainda não chegou ao primeiro passo da régua.",INDEX(Config!$B$10:$B$13,COUNTIF(Config!$A$10:$A$13,"<="&I92)))) | M92: =IF(H92="Vencida",E92*I92+ROW()/100000,0) -> 0 | N92: =IF(AND(H92="A vencer",J92<=Config!$B$7),100000-J92-ROW()/100000,0) -> 0
A93: 6184138-13.2026.8.26.0378 | B93: =IF(A93="","",IFERROR(INDEX(Casos!$B$5:$B$204,MATCH(A93,Casos!$A$5:$A$204,0)),"")) -> Oficina Mecânica Central | C93: 3 | D93: 46192 | E93: 1500 | F93: Não | H93: =IF(A93="","",IF(F93="Sim","Paga",IF(D93="","Sem vencimento",IF(D93<Config!$B$5,"Vencida","A vencer")))) -> Vencida | I93: =IF(H93="Vencida",Config!$B$5-D93,"") -> 87 | J93: =IF(H93="A vencer",D93-Config!$B$5,"") | K93: =IF(H93<>"Vencida","",IF(COUNTIF(Config!$A$10:$A$13,"<="&I93)=0,"Antes da régua",INDEX(Config!$C$10:$C$13,COUNTIF(Config!$A$10:$A$13,"<="&I93)))) -> 30 dias ou mais | L93: =IF(H93<>"Vencida","",IF(COUNTIF(Config!$A$10:$A$13,"<="&I93)=0,"Aguardar: ainda não chegou ao primeiro passo da régua.",INDEX(Config!$B$10:$B$13,COUNTIF(Config!$A$10:$A$13,"<="&I93)))) -> Ligação ou reunião para combinar um plano de pagamento; registrar por escrito o que foi combinado e a nova data. | M93: =IF(H93="Vencida",E93*I93+ROW()/100000,0) -> 130500 | N93: =IF(AND(H93="A vencer",J93<=Config!$B$7),100000-J93-ROW()/100000,0) -> 0
A94: 7099226-69.2026.8.26.0433 | B94: =IF(A94="","",IFERROR(INDEX(Casos!$B$5:$B$204,MATCH(A94,Casos!$A$5:$A$204,0)),"")) -> Luciana Farias | C94: 1 | D94: 46174 | E94: 4500 | F94: Sim | G94: 46174 | H94: =IF(A94="","",IF(F94="Sim","Paga",IF(D94="","Sem vencimento",IF(D94<Config!$B$5,"Vencida","A vencer")))) -> Paga | I94: =IF(H94="Vencida",Config!$B$5-D94,"") | J94: =IF(H94="A vencer",D94-Config!$B$5,"") | K94: =IF(H94<>"Vencida","",IF(COUNTIF(Config!$A$10:$A$13,"<="&I94)=0,"Antes da régua",INDEX(Config!$C$10:$C$13,COUNTIF(Config!$A$10:$A$13,"<="&I94)))) | L94: =IF(H94<>"Vencida","",IF(COUNTIF(Config!$A$10:$A$13,"<="&I94)=0,"Aguardar: ainda não chegou ao primeiro passo da régua.",INDEX(Config!$B$10:$B$13,COUNTIF(Config!$A$10:$A$13,"<="&I94)))) | M94: =IF(H94="Vencida",E94*I94+ROW()/100000,0) -> 0 | N94: =IF(AND(H94="A vencer",J94<=Config!$B$7),100000-J94-ROW()/100000,0) -> 0
A95: 7099226-69.2026.8.26.0433 | B95: =IF(A95="","",IFERROR(INDEX(Casos!$B$5:$B$204,MATCH(A95,Casos!$A$5:$A$204,0)),"")) -> Luciana Farias | C95: 2 | D95: 46204 | E95: 2500 | F95: Sim | G95: 46204 | H95: =IF(A95="","",IF(F95="Sim","Paga",IF(D95="","Sem vencimento",IF(D95<Config!$B$5,"Vencida","A vencer")))) -> Paga | I95: =IF(H95="Vencida",Config!$B$5-D95,"") | J95: =IF(H95="A vencer",D95-Config!$B$5,"") | K95: =IF(H95<>"Vencida","",IF(COUNTIF(Config!$A$10:$A$13,"<="&I95)=0,"Antes da régua",INDEX(Config!$C$10:$C$13,COUNTIF(Config!$A$10:$A$13,"<="&I95)))) | L95: =IF(H95<>"Vencida","",IF(COUNTIF(Config!$A$10:$A$13,"<="&I95)=0,"Aguardar: ainda não chegou ao primeiro passo da régua.",INDEX(Config!$B$10:$B$13,COUNTIF(Config!$A$10:$A$13,"<="&I95)))) | M95: =IF(H95="Vencida",E95*I95+ROW()/100000,0) -> 0 | N95: =IF(AND(H95="A vencer",J95<=Config!$B$7),100000-J95-ROW()/100000,0) -> 0
A96: 7099226-69.2026.8.26.0433 | B96: =IF(A96="","",IFERROR(INDEX(Casos!$B$5:$B$204,MATCH(A96,Casos!$A$5:$A$204,0)),"")) -> Luciana Farias | C96: 3 | D96: 46234 | E96: 2500 | F96: Sim | G96: 46241 | H96: =IF(A96="","",IF(F96="Sim","Paga",IF(D96="","Sem vencimento",IF(D96<Config!$B$5,"Vencida","A vencer")))) -> Paga | I96: =IF(H96="Vencida",Config!$B$5-D96,"") | J96: =IF(H96="A vencer",D96-Config!$B$5,"") | K96: =IF(H96<>"Vencida","",IF(COUNTIF(Config!$A$10:$A$13,"<="&I96)=0,"Antes da régua",INDEX(Config!$C$10:$C$13,COUNTIF(Config!$A$10:$A$13,"<="&I96)))) | L96: =IF(H96<>"Vencida","",IF(COUNTIF(Config!$A$10:$A$13,"<="&I96)=0,"Aguardar: ainda não chegou ao primeiro passo da régua.",INDEX(Config!$B$10:$B$13,COUNTIF(Config!$A$10:$A$13,"<="&I96)))) | M96: =IF(H96="Vencida",E96*I96+ROW()/100000,0) -> 0 | N96: =IF(AND(H96="A vencer",J96<=Config!$B$7),100000-J96-ROW()/100000,0) -> 0
A97: 7099226-69.2026.8.26.0433 | B97: =IF(A97="","",IFERROR(INDEX(Casos!$B$5:$B$204,MATCH(A97,Casos!$A$5:$A$204,0)),"")) -> Luciana Farias | C97: 4 | D97: 46265 | E97: 2500 | F97: Sim | G97: 46265 | H97: =IF(A97="","",IF(F97="Sim","Paga",IF(D97="","Sem vencimento",IF(D97<Config!$B$5,"Vencida","A vencer")))) -> Paga | I97: =IF(H97="Vencida",Config!$B$5-D97,"") | J97: =IF(H97="A vencer",D97-Config!$B$5,"") | K97: =IF(H97<>"Vencida","",IF(COUNTIF(Config!$A$10:$A$13,"<="&I97)=0,"Antes da régua",INDEX(Config!$C$10:$C$13,COUNTIF(Config!$A$10:$A$13,"<="&I97)))) | L97: =IF(H97<>"Vencida","",IF(COUNTIF(Config!$A$10:$A$13,"<="&I97)=0,"Aguardar: ainda não chegou ao primeiro passo da régua.",INDEX(Config!$B$10:$B$13,COUNTIF(Config!$A$10:$A$13,"<="&I97)))) | M97: =IF(H97="Vencida",E97*I97+ROW()/100000,0) -> 0 | N97: =IF(AND(H97="A vencer",J97<=Config!$B$7),100000-J97-ROW()/100000,0) -> 0
A98: 2521428-61.2026.8.26.0600 | B98: =IF(A98="","",IFERROR(INDEX(Casos!$B$5:$B$204,MATCH(A98,Casos!$A$5:$A$204,0)),"")) -> Luciana Farias | C98: 1 | D98: 46209 | E98: 2400 | F98: Sim | G98: 46209 | H98: =IF(A98="","",IF(F98="Sim","Paga",IF(D98="","Sem vencimento",IF(D98<Config!$B$5,"Vencida","A vencer")))) -> Paga | I98: =IF(H98="Vencida",Config!$B$5-D98,"") | J98: =IF(H98="A vencer",D98-Config!$B$5,"") | K98: =IF(H98<>"Vencida","",IF(COUNTIF(Config!$A$10:$A$13,"<="&I98)=0,"Antes da régua",INDEX(Config!$C$10:$C$13,COUNTIF(Config!$A$10:$A$13,"<="&I98)))) | L98: =IF(H98<>"Vencida","",IF(COUNTIF(Config!$A$10:$A$13,"<="&I98)=0,"Aguardar: ainda não chegou ao primeiro passo da régua.",INDEX(Config!$B$10:$B$13,COUNTIF(Config!$A$10:$A$13,"<="&I98)))) | M98: =IF(H98="Vencida",E98*I98+ROW()/100000,0) -> 0 | N98: =IF(AND(H98="A vencer",J98<=Config!$B$7),100000-J98-ROW()/100000,0) -> 0
A99: 2521428-61.2026.8.26.0600 | B99: =IF(A99="","",IFERROR(INDEX(Casos!$B$5:$B$204,MATCH(A99,Casos!$A$5:$A$204,0)),"")) -> Luciana Farias | C99: 2 | D99: 46239 | E99: 1200 | F99: Sim | G99: 46239 | H99: =IF(A99="","",IF(F99="Sim","Paga",IF(D99="","Sem vencimento",IF(D99<Config!$B$5,"Vencida","A vencer")))) -> Paga | I99: =IF(H99="Vencida",Config!$B$5-D99,"") | J99: =IF(H99="A vencer",D99-Config!$B$5,"") | K99: =IF(H99<>"Vencida","",IF(COUNTIF(Config!$A$10:$A$13,"<="&I99)=0,"Antes da régua",INDEX(Config!$C$10:$C$13,COUNTIF(Config!$A$10:$A$13,"<="&I99)))) | L99: =IF(H99<>"Vencida","",IF(COUNTIF(Config!$A$10:$A$13,"<="&I99)=0,"Aguardar: ainda não chegou ao primeiro passo da régua.",INDEX(Config!$B$10:$B$13,COUNTIF(Config!$A$10:$A$13,"<="&I99)))) | M99: =IF(H99="Vencida",E99*I99+ROW()/100000,0) -> 0 | N99: =IF(AND(H99="A vencer",J99<=Config!$B$7),100000-J99-ROW()/100000,0) -> 0
A100: 9362688-24.2025.8.26.0436 | B100: =IF(A100="","",IFERROR(INDEX(Casos!$B$5:$B$204,MATCH(A100,Casos!$A$5:$A$204,0)),"")) -> Agência Prisma | C100: 1 | D100: 46034 | E100: 2880 | F100: Sim | G100: 46034 | H100: =IF(A100="","",IF(F100="Sim","Paga",IF(D100="","Sem vencimento",IF(D100<Config!$B$5,"Vencida","A vencer")))) -> Paga | I100: =IF(H100="Vencida",Config!$B$5-D100,"") | J100: =IF(H100="A vencer",D100-Config!$B$5,"") | K100: =IF(H100<>"Vencida","",IF(COUNTIF(Config!$A$10:$A$13,"<="&I100)=0,"Antes da régua",INDEX(Config!$C$10:$C$13,COUNTIF(Config!$A$10:$A$13,"<="&I100)))) | L100: =IF(H100<>"Vencida","",IF(COUNTIF(Config!$A$10:$A$13,"<="&I100)=0,"Aguardar: ainda não chegou ao primeiro passo da régua.",INDEX(Config!$B$10:$B$13,COUNTIF(Config!$A$10:$A$13,"<="&I100)))) | M100: =IF(H100="Vencida",E100*I100+ROW()/100000,0) -> 0 | N100: =IF(AND(H100="A vencer",J100<=Config!$B$7),100000-J100-ROW()/100000,0) -> 0
A101: 9362688-24.2025.8.26.0436 | B101: =IF(A101="","",IFERROR(INDEX(Casos!$B$5:$B$204,MATCH(A101,Casos!$A$5:$A$204,0)),"")) -> Agência Prisma | C101: 2 | D101: 46063 | E101: 3240 | F101: Sim | G101: 46063 | H101: =IF(A101="","",IF(F101="Sim","Paga",IF(D101="","Sem vencimento",IF(D101<Config!$B$5,"Vencida","A vencer")))) -> Paga | I101: =IF(H101="Vencida",Config!$B$5-D101,"") | J101: =IF(H101="A vencer",D101-Config!$B$5,"") | K101: =IF(H101<>"Vencida","",IF(COUNTIF(Config!$A$10:$A$13,"<="&I101)=0,"Antes da régua",INDEX(Config!$C$10:$C$13,COUNTIF(Config!$A$10:$A$13,"<="&I101)))) | L101: =IF(H101<>"Vencida","",IF(COUNTIF(Config!$A$10:$A$13,"<="&I101)=0,"Aguardar: ainda não chegou ao primeiro passo da régua.",INDEX(Config!$B$10:$B$13,COUNTIF(Config!$A$10:$A$13,"<="&I101)))) | M101: =IF(H101="Vencida",E101*I101+ROW()/100000,0) -> 0 | N101: =IF(AND(H101="A vencer",J101<=Config!$B$7),100000-J101-ROW()/100000,0) -> 0
A102: 9362688-24.2025.8.26.0436 | B102: =IF(A102="","",IFERROR(INDEX(Casos!$B$5:$B$204,MATCH(A102,Casos!$A$5:$A$204,0)),"")) -> Agência Prisma | C102: 3 | D102: 46091 | E102: 2520 | F102: Sim | G102: 46091 | H102: =IF(A102="","",IF(F102="Sim","Paga",IF(D102="","Sem vencimento",IF(D102<Config!$B$5,"Vencida","A vencer")))) -> Paga | I102: =IF(H102="Vencida",Config!$B$5-D102,"") | J102: =IF(H102="A vencer",D102-Config!$B$5,"") | K102: =IF(H102<>"Vencida","",IF(COUNTIF(Config!$A$10:$A$13,"<="&I102)=0,"Antes da régua",INDEX(Config!$C$10:$C$13,COUNTIF(Config!$A$10:$A$13,"<="&I102)))) | L102: =IF(H102<>"Vencida","",IF(COUNTIF(Config!$A$10:$A$13,"<="&I102)=0,"Aguardar: ainda não chegou ao primeiro passo da régua.",INDEX(Config!$B$10:$B$13,COUNTIF(Config!$A$10:$A$13,"<="&I102)))) | M102: =IF(H102="Vencida",E102*I102+ROW()/100000,0) -> 0 | N102: =IF(AND(H102="A vencer",J102<=Config!$B$7),100000-J102-ROW()/100000,0) -> 0
A103: 9362688-24.2025.8.26.0436 | B103: =IF(A103="","",IFERROR(INDEX(Casos!$B$5:$B$204,MATCH(A103,Casos!$A$5:$A$204,0)),"")) -> Agência Prisma | C103: 4 | D103: 46122 | E103: 3060 | F103: Sim | G103: 46122 | H103: =IF(A103="","",IF(F103="Sim","Paga",IF(D103="","Sem vencimento",IF(D103<Config!$B$5,"Vencida","A vencer")))) -> Paga | I103: =IF(H103="Vencida",Config!$B$5-D103,"") | J103: =IF(H103="A vencer",D103-Config!$B$5,"") | K103: =IF(H103<>"Vencida","",IF(COUNTIF(Config!$A$10:$A$13,"<="&I103)=0,"Antes da régua",INDEX(Config!$C$10:$C$13,COUNTIF(Config!$A$10:$A$13,"<="&I103)))) | L103: =IF(H103<>"Vencida","",IF(COUNTIF(Config!$A$10:$A$13,"<="&I103)=0,"Aguardar: ainda não chegou ao primeiro passo da régua.",INDEX(Config!$B$10:$B$13,COUNTIF(Config!$A$10:$A$13,"<="&I103)))) | M103: =IF(H103="Vencida",E103*I103+ROW()/100000,0) -> 0 | N103: =IF(AND(H103="A vencer",J103<=Config!$B$7),100000-J103-ROW()/100000,0) -> 0
A104: 9362688-24.2025.8.26.0436 | B104: =IF(A104="","",IFERROR(INDEX(Casos!$B$5:$B$204,MATCH(A104,Casos!$A$5:$A$204,0)),"")) -> Agência Prisma | C104: 5 | D104: 46153 | E104: 2160 | F104: Sim | G104: 46153 | H104: =IF(A104="","",IF(F104="Sim","Paga",IF(D104="","Sem vencimento",IF(D104<Config!$B$5,"Vencida","A vencer")))) -> Paga | I104: =IF(H104="Vencida",Config!$B$5-D104,"") | J104: =IF(H104="A vencer",D104-Config!$B$5,"") | K104: =IF(H104<>"Vencida","",IF(COUNTIF(Config!$A$10:$A$13,"<="&I104)=0,"Antes da régua",INDEX(Config!$C$10:$C$13,COUNTIF(Config!$A$10:$A$13,"<="&I104)))) | L104: =IF(H104<>"Vencida","",IF(COUNTIF(Config!$A$10:$A$13,"<="&I104)=0,"Aguardar: ainda não chegou ao primeiro passo da régua.",INDEX(Config!$B$10:$B$13,COUNTIF(Config!$A$10:$A$13,"<="&I104)))) | M104: =IF(H104="Vencida",E104*I104+ROW()/100000,0) -> 0 | N104: =IF(AND(H104="A vencer",J104<=Config!$B$7),100000-J104-ROW()/100000,0) -> 0
A105: 9362688-24.2025.8.26.0436 | B105: =IF(A105="","",IFERROR(INDEX(Casos!$B$5:$B$204,MATCH(A105,Casos!$A$5:$A$204,0)),"")) -> Agência Prisma | C105: 6 | D105: 46183 | E105: 2700 | F105: Sim | G105: 46183 | H105: =IF(A105="","",IF(F105="Sim","Paga",IF(D105="","Sem vencimento",IF(D105<Config!$B$5,"Vencida","A vencer")))) -> Paga | I105: =IF(H105="Vencida",Config!$B$5-D105,"") | J105: =IF(H105="A vencer",D105-Config!$B$5,"") | K105: =IF(H105<>"Vencida","",IF(COUNTIF(Config!$A$10:$A$13,"<="&I105)=0,"Antes da régua",INDEX(Config!$C$10:$C$13,COUNTIF(Config!$A$10:$A$13,"<="&I105)))) | L105: =IF(H105<>"Vencida","",IF(COUNTIF(Config!$A$10:$A$13,"<="&I105)=0,"Aguardar: ainda não chegou ao primeiro passo da régua.",INDEX(Config!$B$10:$B$13,COUNTIF(Config!$A$10:$A$13,"<="&I105)))) | M105: =IF(H105="Vencida",E105*I105+ROW()/100000,0) -> 0 | N105: =IF(AND(H105="A vencer",J105<=Config!$B$7),100000-J105-ROW()/100000,0) -> 0
A106: 9362688-24.2025.8.26.0436 | B106: =IF(A106="","",IFERROR(INDEX(Casos!$B$5:$B$204,MATCH(A106,Casos!$A$5:$A$204,0)),"")) -> Agência Prisma | C106: 7 | D106: 46213 | E106: 2340 | F106: Sim | G106: 46218 | H106: =IF(A106="","",IF(F106="Sim","Paga",IF(D106="","Sem vencimento",IF(D106<Config!$B$5,"Vencida","A vencer")))) -> Paga | I106: =IF(H106="Vencida",Config!$B$5-D106,"") | J106: =IF(H106="A vencer",D106-Config!$B$5,"") | K106: =IF(H106<>"Vencida","",IF(COUNTIF(Config!$A$10:$A$13,"<="&I106)=0,"Antes da régua",INDEX(Config!$C$10:$C$13,COUNTIF(Config!$A$10:$A$13,"<="&I106)))) | L106: =IF(H106<>"Vencida","",IF(COUNTIF(Config!$A$10:$A$13,"<="&I106)=0,"Aguardar: ainda não chegou ao primeiro passo da régua.",INDEX(Config!$B$10:$B$13,COUNTIF(Config!$A$10:$A$13,"<="&I106)))) | M106: =IF(H106="Vencida",E106*I106+ROW()/100000,0) -> 0 | N106: =IF(AND(H106="A vencer",J106<=Config!$B$7),100000-J106-ROW()/100000,0) -> 0
A107: 9362688-24.2025.8.26.0436 | B107: =IF(A107="","",IFERROR(INDEX(Casos!$B$5:$B$204,MATCH(A107,Casos!$A$5:$A$204,0)),"")) -> Agência Prisma | C107: 8 | D107: 46244 | E107: 1800 | F107: Não | H107: =IF(A107="","",IF(F107="Sim","Paga",IF(D107="","Sem vencimento",IF(D107<Config!$B$5,"Vencida","A vencer")))) -> Vencida | I107: =IF(H107="Vencida",Config!$B$5-D107,"") -> 35 | J107: =IF(H107="A vencer",D107-Config!$B$5,"") | K107: =IF(H107<>"Vencida","",IF(COUNTIF(Config!$A$10:$A$13,"<="&I107)=0,"Antes da régua",INDEX(Config!$C$10:$C$13,COUNTIF(Config!$A$10:$A$13,"<="&I107)))) -> 30 dias ou mais | L107: =IF(H107<>"Vencida","",IF(COUNTIF(Config!$A$10:$A$13,"<="&I107)=0,"Aguardar: ainda não chegou ao primeiro passo da régua.",INDEX(Config!$B$10:$B$13,COUNTIF(Config!$A$10:$A$13,"<="&I107)))) -> Ligação ou reunião para combinar um plano de pagamento; registrar por escrito o que foi combinado e a nova data. | M107: =IF(H107="Vencida",E107*I107+ROW()/100000,0) -> 63000.001 | N107: =IF(AND(H107="A vencer",J107<=Config!$B$7),100000-J107-ROW()/100000,0) -> 0
A108: 9362688-24.2025.8.26.0436 | B108: =IF(A108="","",IFERROR(INDEX(Casos!$B$5:$B$204,MATCH(A108,Casos!$A$5:$A$204,0)),"")) -> Agência Prisma | C108: 9 | D108: 46275 | E108: 1980 | F108: Não | H108: =IF(A108="","",IF(F108="Sim","Paga",IF(D108="","Sem vencimento",IF(D108<Config!$B$5,"Vencida","A vencer")))) -> Vencida | I108: =IF(H108="Vencida",Config!$B$5-D108,"") -> 4 | J108: =IF(H108="A vencer",D108-Config!$B$5,"") | K108: =IF(H108<>"Vencida","",IF(COUNTIF(Config!$A$10:$A$13,"<="&I108)=0,"Antes da régua",INDEX(Config!$C$10:$C$13,COUNTIF(Config!$A$10:$A$13,"<="&I108)))) -> 1 a 6 dias | L108: =IF(H108<>"Vencida","",IF(COUNTIF(Config!$A$10:$A$13,"<="&I108)=0,"Aguardar: ainda não chegou ao primeiro passo da régua.",INDEX(Config!$B$10:$B$13,COUNTIF(Config!$A$10:$A$13,"<="&I108)))) -> Lembrete gentil por WhatsApp ou e-mail: confirmar se o boleto ou o link de pagamento chegou e reenviar, se preciso. | M108: =IF(H108="Vencida",E108*I108+ROW()/100000,0) -> 7920.0011 | N108: =IF(AND(H108="A vencer",J108<=Config!$B$7),100000-J108-ROW()/100000,0) -> 0
A109: CONS-2026-07 | B109: =IF(A109="","",IFERROR(INDEX(Casos!$B$5:$B$204,MATCH(A109,Casos!$A$5:$A$204,0)),"")) -> Agência Prisma | C109: 1 | D109: 46125 | E109: 3500 | F109: Sim | G109: 46125 | H109: =IF(A109="","",IF(F109="Sim","Paga",IF(D109="","Sem vencimento",IF(D109<Config!$B$5,"Vencida","A vencer")))) -> Paga | I109: =IF(H109="Vencida",Config!$B$5-D109,"") | J109: =IF(H109="A vencer",D109-Config!$B$5,"") | K109: =IF(H109<>"Vencida","",IF(COUNTIF(Config!$A$10:$A$13,"<="&I109)=0,"Antes da régua",INDEX(Config!$C$10:$C$13,COUNTIF(Config!$A$10:$A$13,"<="&I109)))) | L109: =IF(H109<>"Vencida","",IF(COUNTIF(Config!$A$10:$A$13,"<="&I109)=0,"Aguardar: ainda não chegou ao primeiro passo da régua.",INDEX(Config!$B$10:$B$13,COUNTIF(Config!$A$10:$A$13,"<="&I109)))) | M109: =IF(H109="Vencida",E109*I109+ROW()/100000,0) -> 0 | N109: =IF(AND(H109="A vencer",J109<=Config!$B$7),100000-J109-ROW()/100000,0) -> 0
...
