Workbook

Sheet Como usar
A1: Checklist de abertura e fechamento do dia
A2: Kit de Gestão para Médicos · Seu Sócio Gestor · versão 1.0 (setembro de 2026)
A4: O que esta planilha faz | B4: Para cada dia de atendimento, marca os itens administrativos que precisam estar em ordem na abertura (agenda confirmada, salas prontas, guias separadas, troco conferido) e no fechamento (caixa fechado e conferido, lançado no Caixa, situação de cada horário marcada, guias guardadas, retornos agendados). Calcula o % concluído por dia e mostra no Painel os dias com pendência e o item mais esquecido.
A5: Passo 1 | B5: Em Config, ajuste os itens de abertura e de fechamento ao jeito da clínica e cadastre os responsáveis. Preencha de cima para baixo, sem pular linha.
A6: Passo 2 | B6: Em Checklist, apague os exemplos e crie uma linha por dia (data e responsável). Em cada item, marque Sim, Não ou N/A. Vazio conta como pendente, de propósito: o dia só fecha quando tudo está marcado.
A7: Passo 3 | B7: Em Painel: aderência dos últimos 20 dias (abertura e fechamento completos), os dias com pendência e "Item mais esquecido": se o mesmo item pende em vários dias, o problema é a rotina, não o dia.
A8: Rotina | B8: É o roteiro diário da recepção, fora dos 30 minutos semanais dos sócios (planilha 03): abertura, 3 minutos antes do primeiro paciente; fechamento, 10 minutos depois do último — são 13 minutos por dia. O fechamento inclui lançar o caixa do dia na planilha 09; na sexta a sócia só confere os cinco fechamentos da semana (rotina de sexta da 03).
A9: Exemplo | B9: Dias úteis de 01/06 a 11/09/2026, preenchidos pela recepção. Sexta-feira 11/09 tem itens de fechamento em branco: é o que o Painel aponta na segunda.
A10: Com a IA | B10: Copie a coluna "O que faltou" de um dia e use o prompt "Agenda 06 · Pendências do dia viram tarefas da recepção" da biblioteca do kit.
A11: Legenda | B11: Células amarelas: você preenche. Brancas: calculadas. Não é preciso mexer em nada fora do amarelo.
A12: Proteção | B12: Fórmulas protegidas sem senha. Para editar: Revisar > Desproteger planilha (Excel) ou Dados > Proteger intervalos (Google Sheets).
A13: Requisitos | B13: Excel 2016 ou mais novo, Microsoft 365 ou Google Sheets (só funções do Excel 2007+; nada de MÍNIMOSES, MÁXIMOSES ou UNIRTEXTO). No celular abre nos aplicativos; para preencher, use o computador.
A14: Dados de pacientes | B14: Guarde só o que a gestão precisa (nome, contato, valor, data). Nada de diagnóstico, prontuário ou exame nestas planilhas: o kit é gestão, não é prontuário. Veja o guia LGPD do kit antes de colar qualquer tabela em uma IA.
A15: Google Sheets | B15: Faça upload no Google Drive e abra com o Google Sheets. Fórmulas, listas, cores, semáforos e gráficos funcionam: as regras de cor que dependem do mês escolhido em Config usam INDIRECT, que é a forma que o Sheets aceita para regra condicional apontar para outra aba.
... A18: Suporte | B18: suporte@seusociogestor.com.br · resposta em até 5 dias úteis · reembolso em até 7 dias pelo mesmo canal.

Sheet Painel
A1: =Config!$B$4&" · Abertura e fechamento do dia · "&TEXT(Config!$B$5,"dd/mm/yyyy") -> Clínica Vida Plena (exemplo fictício) · Abertura e fechamento do dia · 14/09/2026
A2: Nada para digitar aqui: tudo vem de Config e Checklist. Pendência = item de abertura ou de fechamento que não está marcado como Sim ou N/A.
A4: Dias registrados | C4: ="Abertura completa (últimos "&Config!$B$6&" dias)" -> Abertura completa (últimos 20 dias) | E4: ="Fechamento completo (últimos "&Config!$B$6&" dias)" -> Fechamento completo (últimos 20 dias) | G4: Dias com pendência | I4: Itens pendentes no total
A5: =COUNTIFS(Checklist!$A$5:$A$304,"<>") -> 73 | C5: =IFERROR(COUNTIFS(Checklist!$AB$5:$AB$304,"<="&Config!$B$6,Checklist!$AB$5:$AB$304,">0",Checklist!$V$5:$V$304,0)/MIN(Config!$B$6,COUNTIFS(Checklist!$A$5:$A$304,"<>")),"") -> 0.8 | E5: =IFERROR(COUNTIFS(Checklist!$AB$5:$AB$304,"<="&Config!$B$6,Checklist!$AB$5:$AB$304,">0",Checklist!$W$5:$W$304,0)/MIN(Config!$B$6,COUNTIFS(Checklist!$A$5:$A$304,"<>")),"") -> 0.55 | G5: =COUNTIFS(Checklist!$X$5:$X$304,">0") -> 32 | I5: =SUM(Checklist!$X$5:$X$304) -> 46
A7: Dias com pendência (mais itens pendentes primeiro; empate: o mais recente)
A8: Mostra os 12 primeiros; os demais ficam na aba Checklist, que pode ser filtrada pela coluna Pendências.
A9: # | B9: Data | C9: Dia | D9: Responsável | E9: % abertura | F9: % fechamento | G9: Pendências | H9: O que faltou
A10: 1 | B10: =IFERROR(IF(LARGE(Checklist!$Z$5:$Z$304,1)>0,IF(INDEX(Checklist!$A$5:$A$304,MATCH(LARGE(Checklist!$Z$5:$Z$304,1),Checklist!$Z$5:$Z$304,0))="","",INDEX(Checklist!$A$5:$A$304,MATCH(LARGE(Checklist!$Z$5:$Z$304,1),Checklist!$Z$5:$Z$304,0))),""),"") -> 46266 | C10: =IFERROR(IF(LARGE(Checklist!$Z$5:$Z$304,1)>0,IF(INDEX(Checklist!$B$5:$B$304,MATCH(LARGE(Checklist!$Z$5:$Z$304,1),Checklist!$Z$5:$Z$304,0))="","",INDEX(Checklist!$B$5:$B$304,MATCH(LARGE(Checklist!$Z$5:$Z$304,1),Checklist!$Z$5:$Z$304,0))),""),"") -> Terça | D10: =IFERROR(IF(LARGE(Checklist!$Z$5:$Z$304,1)>0,IF(INDEX(Checklist!$C$5:$C$304,MATCH(LARGE(Checklist!$Z$5:$Z$304,1),Checklist!$Z$5:$Z$304,0))="","",INDEX(Checklist!$C$5:$C$304,MATCH(LARGE(Checklist!$Z$5:$Z$304,1),Checklist!$Z$5:$Z$304,0))),""),"") -> Bruna Carvalho | E10: =IFERROR(IF(LARGE(Checklist!$Z$5:$Z$304,1)>0,IF(INDEX(Checklist!$T$5:$T$304,MATCH(LARGE(Checklist!$Z$5:$Z$304,1),Checklist!$Z$5:$Z$304,0))="","",INDEX(Checklist!$T$5:$T$304,MATCH(LARGE(Checklist!$Z$5:$Z$304,1),Checklist!$Z$5:$Z$304,0))),""),"") -> 1 | F10: =IFERROR(IF(LARGE(Checklist!$Z$5:$Z$304,1)>0,IF(INDEX(Checklist!$U$5:$U$304,MATCH(LARGE(Checklist!$Z$5:$Z$304,1),Checklist!$Z$5:$Z$304,0))="","",INDEX(Checklist!$U$5:$U$304,MATCH(LARGE(Checklist!$Z$5:$Z$304,1),Checklist!$Z$5:$Z$304,0))),""),"") -> 0.5 | G10: =IFERROR(IF(LARGE(Checklist!$Z$5:$Z$304,1)>0,IF(INDEX(Checklist!$X$5:$X$304,MATCH(LARGE(Checklist!$Z$5:$Z$304,1),Checklist!$Z$5:$Z$304,0))="","",INDEX(Checklist!$X$5:$X$304,MATCH(LARGE(Checklist!$Z$5:$Z$304,1),Checklist!$Z$5:$Z$304,0))),""),"") -> 3 | H10: =IFERROR(IF(LARGE(Checklist!$Z$5:$Z$304,1)>0,IF(INDEX(Checklist!$Y$5:$Y$304,MATCH(LARGE(Checklist!$Z$5:$Z$304,1),Checklist!$Z$5:$Z$304,0))="","",INDEX(Checklist!$Y$5:$Y$304,MATCH(LARGE(Checklist!$Z$5:$Z$304,1),Checklist!$Z$5:$Z$304,0))),""),"") -> Caixa do dia fechado e conferido (Pix, cartão, dinheiro); Fechamento do dia lançado no Caixa (09); Guias do dia conferidas e guardadas para o lote (13)
A11: 2 | B11: =IFERROR(IF(LARGE(Checklist!$Z$5:$Z$304,2)>0,IF(INDEX(Checklist!$A$5:$A$304,MATCH(LARGE(Checklist!$Z$5:$Z$304,2),Checklist!$Z$5:$Z$304,0))="","",INDEX(Checklist!$A$5:$A$304,MATCH(LARGE(Checklist!$Z$5:$Z$304,2),Checklist!$Z$5:$Z$304,0))),""),"") -> 46231 | C11: =IFERROR(IF(LARGE(Checklist!$Z$5:$Z$304,2)>0,IF(INDEX(Checklist!$B$5:$B$304,MATCH(LARGE(Checklist!$Z$5:$Z$304,2),Checklist!$Z$5:$Z$304,0))="","",INDEX(Checklist!$B$5:$B$304,MATCH(LARGE(Checklist!$Z$5:$Z$304,2),Checklist!$Z$5:$Z$304,0))),""),"") -> Terça | D11: =IFERROR(IF(LARGE(Checklist!$Z$5:$Z$304,2)>0,IF(INDEX(Checklist!$C$5:$C$304,MATCH(LARGE(Checklist!$Z$5:$Z$304,2),Checklist!$Z$5:$Z$304,0))="","",INDEX(Checklist!$C$5:$C$304,MATCH(LARGE(Checklist!$Z$5:$Z$304,2),Checklist!$Z$5:$Z$304,0))),""),"") -> Bruna Carvalho | E11: =IFERROR(IF(LARGE(Checklist!$Z$5:$Z$304,2)>0,IF(INDEX(Checklist!$T$5:$T$304,MATCH(LARGE(Checklist!$Z$5:$Z$304,2),Checklist!$Z$5:$Z$304,0))="","",INDEX(Checklist!$T$5:$T$304,MATCH(LARGE(Checklist!$Z$5:$Z$304,2),Checklist!$Z$5:$Z$304,0))),""),"") -> 0.8 | F11: =IFERROR(IF(LARGE(Checklist!$Z$5:$Z$304,2)>0,IF(INDEX(Checklist!$U$5:$U$304,MATCH(LARGE(Checklist!$Z$5:$Z$304,2),Checklist!$Z$5:$Z$304,0))="","",INDEX(Checklist!$U$5:$U$304,MATCH(LARGE(Checklist!$Z$5:$Z$304,2),Checklist!$Z$5:$Z$304,0))),""),"") -> 0.66666667 | G11: =IFERROR(IF(LARGE(Checklist!$Z$5:$Z$304,2)>0,IF(INDEX(Checklist!$X$5:$X$304,MATCH(LARGE(Checklist!$Z$5:$Z$304,2),Checklist!$Z$5:$Z$304,0))="","",INDEX(Checklist!$X$5:$X$304,MATCH(LARGE(Checklist!$Z$5:$Z$304,2),Checklist!$Z$5:$Z$304,0))),""),"") -> 3 | H11: =IFERROR(IF(LARGE(Checklist!$Z$5:$Z$304,2)>0,IF(INDEX(Checklist!$Y$5:$Y$304,MATCH(LARGE(Checklist!$Z$5:$Z$304,2),Checklist!$Z$5:$Z$304,0))="","",INDEX(Checklist!$Y$5:$Y$304,MATCH(LARGE(Checklist!$Z$5:$Z$304,2),Checklist!$Z$5:$Z$304,0))),""),"") -> Faltas e cancelamentos de ontem registrados na agenda; Caixa do dia fechado e conferido (Pix, cartão, dinheiro); Situação de cada horário marcada (realizado, falta, cancelado)
A12: 3 | B12: =IFERROR(IF(LARGE(Checklist!$Z$5:$Z$304,3)>0,IF(INDEX(Checklist!$A$5:$A$304,MATCH(LARGE(Checklist!$Z$5:$Z$304,3),Checklist!$Z$5:$Z$304,0))="","",INDEX(Checklist!$A$5:$A$304,MATCH(LARGE(Checklist!$Z$5:$Z$304,3),Checklist!$Z$5:$Z$304,0))),""),"") -> 46276 | C12: =IFERROR(IF(LARGE(Checklist!$Z$5:$Z$304,3)>0,IF(INDEX(Checklist!$B$5:$B$304,MATCH(LARGE(Checklist!$Z$5:$Z$304,3),Checklist!$Z$5:$Z$304,0))="","",INDEX(Checklist!$B$5:$B$304,MATCH(LARGE(Checklist!$Z$5:$Z$304,3),Checklist!$Z$5:$Z$304,0))),""),"") -> Sexta | D12: =IFERROR(IF(LARGE(Checklist!$Z$5:$Z$304,3)>0,IF(INDEX(Checklist!$C$5:$C$304,MATCH(LARGE(Checklist!$Z$5:$Z$304,3),Checklist!$Z$5:$Z$304,0))="","",INDEX(Checklist!$C$5:$C$304,MATCH(LARGE(Checklist!$Z$5:$Z$304,3),Checklist!$Z$5:$Z$304,0))),""),"") -> Bruna Carvalho | E12: =IFERROR(IF(LARGE(Checklist!$Z$5:$Z$304,3)>0,IF(INDEX(Checklist!$T$5:$T$304,MATCH(LARGE(Checklist!$Z$5:$Z$304,3),Checklist!$Z$5:$Z$304,0))="","",INDEX(Checklist!$T$5:$T$304,MATCH(LARGE(Checklist!$Z$5:$Z$304,3),Checklist!$Z$5:$Z$304,0))),""),"") -> 0.83333333 | F12: =IFERROR(IF(LARGE(Checklist!$Z$5:$Z$304,3)>0,IF(INDEX(Checklist!$U$5:$U$304,MATCH(LARGE(Checklist!$Z$5:$Z$304,3),Checklist!$Z$5:$Z$304,0))="","",INDEX(Checklist!$U$5:$U$304,MATCH(LARGE(Checklist!$Z$5:$Z$304,3),Checklist!$Z$5:$Z$304,0))),""),"") -> 0.83333333 | G12: =IFERROR(IF(LARGE(Checklist!$Z$5:$Z$304,3)>0,IF(INDEX(Checklist!$X$5:$X$304,MATCH(LARGE(Checklist!$Z$5:$Z$304,3),Checklist!$Z$5:$Z$304,0))="","",INDEX(Checklist!$X$5:$X$304,MATCH(LARGE(Checklist!$Z$5:$Z$304,3),Checklist!$Z$5:$Z$304,0))),""),"") -> 2 | H12: =IFERROR(IF(LARGE(Checklist!$Z$5:$Z$304,3)>0,IF(INDEX(Checklist!$Y$5:$Y$304,MATCH(LARGE(Checklist!$Z$5:$Z$304,3),Checklist!$Z$5:$Z$304,0))="","",INDEX(Checklist!$Y$5:$Y$304,MATCH(LARGE(Checklist!$Z$5:$Z$304,3),Checklist!$Z$5:$Z$304,0))),""),"") -> Troco e maquininha conferidos; Guias do dia conferidas e guardadas para o lote (13)
A13: 4 | B13: =IFERROR(IF(LARGE(Checklist!$Z$5:$Z$304,4)>0,IF(INDEX(Checklist!$A$5:$A$304,MATCH(LARGE(Checklist!$Z$5:$Z$304,4),Checklist!$Z$5:$Z$304,0))="","",INDEX(Checklist!$A$5:$A$304,MATCH(LARGE(Checklist!$Z$5:$Z$304,4),Checklist!$Z$5:$Z$304,0))),""),"") -> 46275 | C13: =IFERROR(IF(LARGE(Checklist!$Z$5:$Z$304,4)>0,IF(INDEX(Checklist!$B$5:$B$304,MATCH(LARGE(Checklist!$Z$5:$Z$304,4),Checklist!$Z$5:$Z$304,0))="","",INDEX(Checklist!$B$5:$B$304,MATCH(LARGE(Checklist!$Z$5:$Z$304,4),Checklist!$Z$5:$Z$304,0))),""),"") -> Quinta | D13: =IFERROR(IF(LARGE(Checklist!$Z$5:$Z$304,4)>0,IF(INDEX(Checklist!$C$5:$C$304,MATCH(LARGE(Checklist!$Z$5:$Z$304,4),Checklist!$Z$5:$Z$304,0))="","",INDEX(Checklist!$C$5:$C$304,MATCH(LARGE(Checklist!$Z$5:$Z$304,4),Checklist!$Z$5:$Z$304,0))),""),"") -> Bruna Carvalho | E13: =IFERROR(IF(LARGE(Checklist!$Z$5:$Z$304,4)>0,IF(INDEX(Checklist!$T$5:$T$304,MATCH(LARGE(Checklist!$Z$5:$Z$304,4),Checklist!$Z$5:$Z$304,0))="","",INDEX(Checklist!$T$5:$T$304,MATCH(LARGE(Checklist!$Z$5:$Z$304,4),Checklist!$Z$5:$Z$304,0))),""),"") -> 0.8 | F13: =IFERROR(IF(LARGE(Checklist!$Z$5:$Z$304,4)>0,IF(INDEX(Checklist!$U$5:$U$304,MATCH(LARGE(Checklist!$Z$5:$Z$304,4),Checklist!$Z$5:$Z$304,0))="","",INDEX(Checklist!$U$5:$U$304,MATCH(LARGE(Checklist!$Z$5:$Z$304,4),Checklist!$Z$5:$Z$304,0))),""),"") -> 0.83333333 | G13: =IFERROR(IF(LARGE(Checklist!$Z$5:$Z$304,4)>0,IF(INDEX(Checklist!$X$5:$X$304,MATCH(LARGE(Checklist!$Z$5:$Z$304,4),Checklist!$Z$5:$Z$304,0))="","",INDEX(Checklist!$X$5:$X$304,MATCH(LARGE(Checklist!$Z$5:$Z$304,4),Checklist!$Z$5:$Z$304,0))),""),"") -> 2 | H13: =IFERROR(IF(LARGE(Checklist!$Z$5:$Z$304,4)>0,IF(INDEX(Checklist!$Y$5:$Y$304,MATCH(LARGE(Checklist!$Z$5:$Z$304,4),Checklist!$Z$5:$Z$304,0))="","",INDEX(Checklist!$Y$5:$Y$304,MATCH(LARGE(Checklist!$Z$5:$Z$304,4),Checklist!$Z$5:$Z$304,0))),""),"") -> Guias e autorizações de convênio do dia separadas; Fechamento do dia lançado no Caixa (09)
A14: 5 | B14: =IFERROR(IF(LARGE(Checklist!$Z$5:$Z$304,5)>0,IF(INDEX(Checklist!$A$5:$A$304,MATCH(LARGE(Checklist!$Z$5:$Z$304,5),Checklist!$Z$5:$Z$304,0))="","",INDEX(Checklist!$A$5:$A$304,MATCH(LARGE(Checklist!$Z$5:$Z$304,5),Checklist!$Z$5:$Z$304,0))),""),"") -> 46268 | C14: =IFERROR(IF(LARGE(Checklist!$Z$5:$Z$304,5)>0,IF(INDEX(Checklist!$B$5:$B$304,MATCH(LARGE(Checklist!$Z$5:$Z$304,5),Checklist!$Z$5:$Z$304,0))="","",INDEX(Checklist!$B$5:$B$304,MATCH(LARGE(Checklist!$Z$5:$Z$304,5),Checklist!$Z$5:$Z$304,0))),""),"") -> Quinta | D14: =IFERROR(IF(LARGE(Checklist!$Z$5:$Z$304,5)>0,IF(INDEX(Checklist!$C$5:$C$304,MATCH(LARGE(Checklist!$Z$5:$Z$304,5),Checklist!$Z$5:$Z$304,0))="","",INDEX(Checklist!$C$5:$C$304,MATCH(LARGE(Checklist!$Z$5:$Z$304,5),Checklist!$Z$5:$Z$304,0))),""),"") -> Bruna Carvalho | E14: =IFERROR(IF(LARGE(Checklist!$Z$5:$Z$304,5)>0,IF(INDEX(Checklist!$T$5:$T$304,MATCH(LARGE(Checklist!$Z$5:$Z$304,5),Checklist!$Z$5:$Z$304,0))="","",INDEX(Checklist!$T$5:$T$304,MATCH(LARGE(Checklist!$Z$5:$Z$304,5),Checklist!$Z$5:$Z$304,0))),""),"") -> 0.8 | F14: =IFERROR(IF(LARGE(Checklist!$Z$5:$Z$304,5)>0,IF(INDEX(Checklist!$U$5:$U$304,MATCH(LARGE(Checklist!$Z$5:$Z$304,5),Checklist!$Z$5:$Z$304,0))="","",INDEX(Checklist!$U$5:$U$304,MATCH(LARGE(Checklist!$Z$5:$Z$304,5),Checklist!$Z$5:$Z$304,0))),""),"") -> 0.83333333 | G14: =IFERROR(IF(LARGE(Checklist!$Z$5:$Z$304,5)>0,IF(INDEX(Checklist!$X$5:$X$304,MATCH(LARGE(Checklist!$Z$5:$Z$304,5),Checklist!$Z$5:$Z$304,0))="","",INDEX(Checklist!$X$5:$X$304,MATCH(LARGE(Checklist!$Z$5:$Z$304,5),Checklist!$Z$5:$Z$304,0))),""),"") -> 2 | H14: =IFERROR(IF(LARGE(Checklist!$Z$5:$Z$304,5)>0,IF(INDEX(Checklist!$Y$5:$Y$304,MATCH(LARGE(Checklist!$Z$5:$Z$304,5),Checklist!$Z$5:$Z$304,0))="","",INDEX(Checklist!$Y$5:$Y$304,MATCH(LARGE(Checklist!$Z$5:$Z$304,5),Checklist!$Z$5:$Z$304,0))),""),"") -> Faltas e cancelamentos de ontem registrados na agenda; Agenda de amanhã revisada e confirmações enviadas
A15: 6 | B15: =IFERROR(IF(LARGE(Checklist!$Z$5:$Z$304,6)>0,IF(INDEX(Checklist!$A$5:$A$304,MATCH(LARGE(Checklist!$Z$5:$Z$304,6),Checklist!$Z$5:$Z$304,0))="","",INDEX(Checklist!$A$5:$A$304,MATCH(LARGE(Checklist!$Z$5:$Z$304,6),Checklist!$Z$5:$Z$304,0))),""),"") -> 46258 | C15: =IFERROR(IF(LARGE(Checklist!$Z$5:$Z$304,6)>0,IF(INDEX(Checklist!$B$5:$B$304,MATCH(LARGE(Checklist!$Z$5:$Z$304,6),Checklist!$Z$5:$Z$304,0))="","",INDEX(Checklist!$B$5:$B$304,MATCH(LARGE(Checklist!$Z$5:$Z$304,6),Checklist!$Z$5:$Z$304,0))),""),"") -> Segunda | D15: =IFERROR(IF(LARGE(Checklist!$Z$5:$Z$304,6)>0,IF(INDEX(Checklist!$C$5:$C$304,MATCH(LARGE(Checklist!$Z$5:$Z$304,6),Checklist!$Z$5:$Z$304,0))="","",INDEX(Checklist!$C$5:$C$304,MATCH(LARGE(Checklist!$Z$5:$Z$304,6),Checklist!$Z$5:$Z$304,0))),""),"") -> Bruna Carvalho | E15: =IFERROR(IF(LARGE(Checklist!$Z$5:$Z$304,6)>0,IF(INDEX(Checklist!$T$5:$T$304,MATCH(LARGE(Checklist!$Z$5:$Z$304,6),Checklist!$Z$5:$Z$304,0))="","",INDEX(Checklist!$T$5:$T$304,MATCH(LARGE(Checklist!$Z$5:$Z$304,6),Checklist!$Z$5:$Z$304,0))),""),"") -> 1 | F15: =IFERROR(IF(LARGE(Checklist!$Z$5:$Z$304,6)>0,IF(INDEX(Checklist!$U$5:$U$304,MATCH(LARGE(Checklist!$Z$5:$Z$304,6),Checklist!$Z$5:$Z$304,0))="","",INDEX(Checklist!$U$5:$U$304,MATCH(LARGE(Checklist!$Z$5:$Z$304,6),Checklist!$Z$5:$Z$304,0))),""),"") -> 0.66666667 | G15: =IFERROR(IF(LARGE(Checklist!$Z$5:$Z$304,6)>0,IF(INDEX(Checklist!$X$5:$X$304,MATCH(LARGE(Checklist!$Z$5:$Z$304,6),Checklist!$Z$5:$Z$304,0))="","",INDEX(Checklist!$X$5:$X$304,MATCH(LARGE(Checklist!$Z$5:$Z$304,6),Checklist!$Z$5:$Z$304,0))),""),"") -> 2 | H15: =IFERROR(IF(LARGE(Checklist!$Z$5:$Z$304,6)>0,IF(INDEX(Checklist!$Y$5:$Y$304,MATCH(LARGE(Checklist!$Z$5:$Z$304,6),Checklist!$Z$5:$Z$304,0))="","",INDEX(Checklist!$Y$5:$Y$304,MATCH(LARGE(Checklist!$Z$5:$Z$304,6),Checklist!$Z$5:$Z$304,0))),""),"") -> Fechamento do dia lançado no Caixa (09); Situação de cada horário marcada (realizado, falta, cancelado)
A16: 7 | B16: =IFERROR(IF(LARGE(Checklist!$Z$5:$Z$304,7)>0,IF(INDEX(Checklist!$A$5:$A$304,MATCH(LARGE(Checklist!$Z$5:$Z$304,7),Checklist!$Z$5:$Z$304,0))="","",INDEX(Checklist!$A$5:$A$304,MATCH(LARGE(Checklist!$Z$5:$Z$304,7),Checklist!$Z$5:$Z$304,0))),""),"") -> 46255 | C16: =IFERROR(IF(LARGE(Checklist!$Z$5:$Z$304,7)>0,IF(INDEX(Checklist!$B$5:$B$304,MATCH(LARGE(Checklist!$Z$5:$Z$304,7),Checklist!$Z$5:$Z$304,0))="","",INDEX(Checklist!$B$5:$B$304,MATCH(LARGE(Checklist!$Z$5:$Z$304,7),Checklist!$Z$5:$Z$304,0))),""),"") -> Sexta | D16: =IFERROR(IF(LARGE(Checklist!$Z$5:$Z$304,7)>0,IF(INDEX(Checklist!$C$5:$C$304,MATCH(LARGE(Checklist!$Z$5:$Z$304,7),Checklist!$Z$5:$Z$304,0))="","",INDEX(Checklist!$C$5:$C$304,MATCH(LARGE(Checklist!$Z$5:$Z$304,7),Checklist!$Z$5:$Z$304,0))),""),"") -> Bruna Carvalho | E16: =IFERROR(IF(LARGE(Checklist!$Z$5:$Z$304,7)>0,IF(INDEX(Checklist!$T$5:$T$304,MATCH(LARGE(Checklist!$Z$5:$Z$304,7),Checklist!$Z$5:$Z$304,0))="","",INDEX(Checklist!$T$5:$T$304,MATCH(LARGE(Checklist!$Z$5:$Z$304,7),Checklist!$Z$5:$Z$304,0))),""),"") -> 0.83333333 | F16: =IFERROR(IF(LARGE(Checklist!$Z$5:$Z$304,7)>0,IF(INDEX(Checklist!$U$5:$U$304,MATCH(LARGE(Checklist!$Z$5:$Z$304,7),Checklist!$Z$5:$Z$304,0))="","",INDEX(Checklist!$U$5:$U$304,MATCH(LARGE(Checklist!$Z$5:$Z$304,7),Checklist!$Z$5:$Z$304,0))),""),"") -> 0.83333333 | G16: =IFERROR(IF(LARGE(Checklist!$Z$5:$Z$304,7)>0,IF(INDEX(Checklist!$X$5:$X$304,MATCH(LARGE(Checklist!$Z$5:$Z$304,7),Checklist!$Z$5:$Z$304,0))="","",INDEX(Checklist!$X$5:$X$304,MATCH(LARGE(Checklist!$Z$5:$Z$304,7),Checklist!$Z$5:$Z$304,0))),""),"") -> 2 | H16: =IFERROR(IF(LARGE(Checklist!$Z$5:$Z$304,7)>0,IF(INDEX(Checklist!$Y$5:$Y$304,MATCH(LARGE(Checklist!$Z$5:$Z$304,7),Checklist!$Z$5:$Z$304,0))="","",INDEX(Checklist!$Y$5:$Y$304,MATCH(LARGE(Checklist!$Z$5:$Z$304,7),Checklist!$Z$5:$Z$304,0))),""),"") -> Faltas e cancelamentos de ontem registrados na agenda; Fechamento do dia lançado no Caixa (09)
A17: 8 | B17: =IFERROR(IF(LARGE(Checklist!$Z$5:$Z$304,8)>0,IF(INDEX(Checklist!$A$5:$A$304,MATCH(LARGE(Checklist!$Z$5:$Z$304,8),Checklist!$Z$5:$Z$304,0))="","",INDEX(Checklist!$A$5:$A$304,MATCH(LARGE(Checklist!$Z$5:$Z$304,8),Checklist!$Z$5:$Z$304,0))),""),"") -> 46239 | C17: =IFERROR(IF(LARGE(Checklist!$Z$5:$Z$304,8)>0,IF(INDEX(Checklist!$B$5:$B$304,MATCH(LARGE(Checklist!$Z$5:$Z$304,8),Checklist!$Z$5:$Z$304,0))="","",INDEX(Checklist!$B$5:$B$304,MATCH(LARGE(Checklist!$Z$5:$Z$304,8),Checklist!$Z$5:$Z$304,0))),""),"") -> Quarta | D17: =IFERROR(IF(LARGE(Checklist!$Z$5:$Z$304,8)>0,IF(INDEX(Checklist!$C$5:$C$304,MATCH(LARGE(Checklist!$Z$5:$Z$304,8),Checklist!$Z$5:$Z$304,0))="","",INDEX(Checklist!$C$5:$C$304,MATCH(LARGE(Checklist!$Z$5:$Z$304,8),Checklist!$Z$5:$Z$304,0))),""),"") -> Bruna Carvalho | E17: =IFERROR(IF(LARGE(Checklist!$Z$5:$Z$304,8)>0,IF(INDEX(Checklist!$T$5:$T$304,MATCH(LARGE(Checklist!$Z$5:$Z$304,8),Checklist!$Z$5:$Z$304,0))="","",INDEX(Checklist!$T$5:$T$304,MATCH(LARGE(Checklist!$Z$5:$Z$304,8),Checklist!$Z$5:$Z$304,0))),""),"") -> 1 | F17: =IFERROR(IF(LARGE(Checklist!$Z$5:$Z$304,8)>0,IF(INDEX(Checklist!$U$5:$U$304,MATCH(LARGE(Checklist!$Z$5:$Z$304,8),Checklist!$Z$5:$Z$304,0))="","",INDEX(Checklist!$U$5:$U$304,MATCH(LARGE(Checklist!$Z$5:$Z$304,8),Checklist!$Z$5:$Z$304,0))),""),"") -> 0.66666667 | G17: =IFERROR(IF(LARGE(Checklist!$Z$5:$Z$304,8)>0,IF(INDEX(Checklist!$X$5:$X$304,MATCH(LARGE(Checklist!$Z$5:$Z$304,8),Checklist!$Z$5:$Z$304,0))="","",INDEX(Checklist!$X$5:$X$304,MATCH(LARGE(Checklist!$Z$5:$Z$304,8),Checklist!$Z$5:$Z$304,0))),""),"") -> 2 | H17: =IFERROR(IF(LARGE(Checklist!$Z$5:$Z$304,8)>0,IF(INDEX(Checklist!$Y$5:$Y$304,MATCH(LARGE(Checklist!$Z$5:$Z$304,8),Checklist!$Z$5:$Z$304,0))="","",INDEX(Checklist!$Y$5:$Y$304,MATCH(LARGE(Checklist!$Z$5:$Z$304,8),Checklist!$Z$5:$Z$304,0))),""),"") -> Caixa do dia fechado e conferido (Pix, cartão, dinheiro); Retornos e exames do dia agendados
A18: 9 | B18: =IFERROR(IF(LARGE(Checklist!$Z$5:$Z$304,9)>0,IF(INDEX(Checklist!$A$5:$A$304,MATCH(LARGE(Checklist!$Z$5:$Z$304,9),Checklist!$Z$5:$Z$304,0))="","",INDEX(Checklist!$A$5:$A$304,MATCH(LARGE(Checklist!$Z$5:$Z$304,9),Checklist!$Z$5:$Z$304,0))),""),"") -> 46223 | C18: =IFERROR(IF(LARGE(Checklist!$Z$5:$Z$304,9)>0,IF(INDEX(Checklist!$B$5:$B$304,MATCH(LARGE(Checklist!$Z$5:$Z$304,9),Checklist!$Z$5:$Z$304,0))="","",INDEX(Checklist!$B$5:$B$304,MATCH(LARGE(Checklist!$Z$5:$Z$304,9),Checklist!$Z$5:$Z$304,0))),""),"") -> Segunda | D18: =IFERROR(IF(LARGE(Checklist!$Z$5:$Z$304,9)>0,IF(INDEX(Checklist!$C$5:$C$304,MATCH(LARGE(Checklist!$Z$5:$Z$304,9),Checklist!$Z$5:$Z$304,0))="","",INDEX(Checklist!$C$5:$C$304,MATCH(LARGE(Checklist!$Z$5:$Z$304,9),Checklist!$Z$5:$Z$304,0))),""),"") -> Bruna Carvalho | E18: =IFERROR(IF(LARGE(Checklist!$Z$5:$Z$304,9)>0,IF(INDEX(Checklist!$T$5:$T$304,MATCH(LARGE(Checklist!$Z$5:$Z$304,9),Checklist!$Z$5:$Z$304,0))="","",INDEX(Checklist!$T$5:$T$304,MATCH(LARGE(Checklist!$Z$5:$Z$304,9),Checklist!$Z$5:$Z$304,0))),""),"") -> 1 | F18: =IFERROR(IF(LARGE(Checklist!$Z$5:$Z$304,9)>0,IF(INDEX(Checklist!$U$5:$U$304,MATCH(LARGE(Checklist!$Z$5:$Z$304,9),Checklist!$Z$5:$Z$304,0))="","",INDEX(Checklist!$U$5:$U$304,MATCH(LARGE(Checklist!$Z$5:$Z$304,9),Checklist!$Z$5:$Z$304,0))),""),"") -> 0.66666667 | G18: =IFERROR(IF(LARGE(Checklist!$Z$5:$Z$304,9)>0,IF(INDEX(Checklist!$X$5:$X$304,MATCH(LARGE(Checklist!$Z$5:$Z$304,9),Checklist!$Z$5:$Z$304,0))="","",INDEX(Checklist!$X$5:$X$304,MATCH(LARGE(Checklist!$Z$5:$Z$304,9),Checklist!$Z$5:$Z$304,0))),""),"") -> 2 | H18: =IFERROR(IF(LARGE(Checklist!$Z$5:$Z$304,9)>0,IF(INDEX(Checklist!$Y$5:$Y$304,MATCH(LARGE(Checklist!$Z$5:$Z$304,9),Checklist!$Z$5:$Z$304,0))="","",INDEX(Checklist!$Y$5:$Y$304,MATCH(LARGE(Checklist!$Z$5:$Z$304,9),Checklist!$Z$5:$Z$304,0))),""),"") -> Caixa do dia fechado e conferido (Pix, cartão, dinheiro); Situação de cada horário marcada (realizado, falta, cancelado)
A19: 10 | B19: =IFERROR(IF(LARGE(Checklist!$Z$5:$Z$304,10)>0,IF(INDEX(Checklist!$A$5:$A$304,MATCH(LARGE(Checklist!$Z$5:$Z$304,10),Checklist!$Z$5:$Z$304,0))="","",INDEX(Checklist!$A$5:$A$304,MATCH(LARGE(Checklist!$Z$5:$Z$304,10),Checklist!$Z$5:$Z$304,0))),""),"") -> 46210 | C19: =IFERROR(IF(LARGE(Checklist!$Z$5:$Z$304,10)>0,IF(INDEX(Checklist!$B$5:$B$304,MATCH(LARGE(Checklist!$Z$5:$Z$304,10),Checklist!$Z$5:$Z$304,0))="","",INDEX(Checklist!$B$5:$B$304,MATCH(LARGE(Checklist!$Z$5:$Z$304,10),Checklist!$Z$5:$Z$304,0))),""),"") -> Terça | D19: =IFERROR(IF(LARGE(Checklist!$Z$5:$Z$304,10)>0,IF(INDEX(Checklist!$C$5:$C$304,MATCH(LARGE(Checklist!$Z$5:$Z$304,10),Checklist!$Z$5:$Z$304,0))="","",INDEX(Checklist!$C$5:$C$304,MATCH(LARGE(Checklist!$Z$5:$Z$304,10),Checklist!$Z$5:$Z$304,0))),""),"") -> Bruna Carvalho | E19: =IFERROR(IF(LARGE(Checklist!$Z$5:$Z$304,10)>0,IF(INDEX(Checklist!$T$5:$T$304,MATCH(LARGE(Checklist!$Z$5:$Z$304,10),Checklist!$Z$5:$Z$304,0))="","",INDEX(Checklist!$T$5:$T$304,MATCH(LARGE(Checklist!$Z$5:$Z$304,10),Checklist!$Z$5:$Z$304,0))),""),"") -> 0.8 | F19: =IFERROR(IF(LARGE(Checklist!$Z$5:$Z$304,10)>0,IF(INDEX(Checklist!$U$5:$U$304,MATCH(LARGE(Checklist!$Z$5:$Z$304,10),Checklist!$Z$5:$Z$304,0))="","",INDEX(Checklist!$U$5:$U$304,MATCH(LARGE(Checklist!$Z$5:$Z$304,10),Checklist!$Z$5:$Z$304,0))),""),"") -> 0.83333333 | G19: =IFERROR(IF(LARGE(Checklist!$Z$5:$Z$304,10)>0,IF(INDEX(Checklist!$X$5:$X$304,MATCH(LARGE(Checklist!$Z$5:$Z$304,10),Checklist!$Z$5:$Z$304,0))="","",INDEX(Checklist!$X$5:$X$304,MATCH(LARGE(Checklist!$Z$5:$Z$304,10),Checklist!$Z$5:$Z$304,0))),""),"") -> 2 | H19: =IFERROR(IF(LARGE(Checklist!$Z$5:$Z$304,10)>0,IF(INDEX(Checklist!$Y$5:$Y$304,MATCH(LARGE(Checklist!$Z$5:$Z$304,10),Checklist!$Z$5:$Z$304,0))="","",INDEX(Checklist!$Y$5:$Y$304,MATCH(LARGE(Checklist!$Z$5:$Z$304,10),Checklist!$Z$5:$Z$304,0))),""),"") -> Troco e maquininha conferidos; Caixa do dia fechado e conferido (Pix, cartão, dinheiro)
A20: 11 | B20: =IFERROR(IF(LARGE(Checklist!$Z$5:$Z$304,11)>0,IF(INDEX(Checklist!$A$5:$A$304,MATCH(LARGE(Checklist!$Z$5:$Z$304,11),Checklist!$Z$5:$Z$304,0))="","",INDEX(Checklist!$A$5:$A$304,MATCH(LARGE(Checklist!$Z$5:$Z$304,11),Checklist!$Z$5:$Z$304,0))),""),"") -> 46198 | C20: =IFERROR(IF(LARGE(Checklist!$Z$5:$Z$304,11)>0,IF(INDEX(Checklist!$B$5:$B$304,MATCH(LARGE(Checklist!$Z$5:$Z$304,11),Checklist!$Z$5:$Z$304,0))="","",INDEX(Checklist!$B$5:$B$304,MATCH(LARGE(Checklist!$Z$5:$Z$304,11),Checklist!$Z$5:$Z$304,0))),""),"") -> Quinta | D20: =IFERROR(IF(LARGE(Checklist!$Z$5:$Z$304,11)>0,IF(INDEX(Checklist!$C$5:$C$304,MATCH(LARGE(Checklist!$Z$5:$Z$304,11),Checklist!$Z$5:$Z$304,0))="","",INDEX(Checklist!$C$5:$C$304,MATCH(LARGE(Checklist!$Z$5:$Z$304,11),Checklist!$Z$5:$Z$304,0))),""),"") -> Bruna Carvalho | E20: =IFERROR(IF(LARGE(Checklist!$Z$5:$Z$304,11)>0,IF(INDEX(Checklist!$T$5:$T$304,MATCH(LARGE(Checklist!$Z$5:$Z$304,11),Checklist!$Z$5:$Z$304,0))="","",INDEX(Checklist!$T$5:$T$304,MATCH(LARGE(Checklist!$Z$5:$Z$304,11),Checklist!$Z$5:$Z$304,0))),""),"") -> 0.8 | F20: =IFERROR(IF(LARGE(Checklist!$Z$5:$Z$304,11)>0,IF(INDEX(Checklist!$U$5:$U$304,MATCH(LARGE(Checklist!$Z$5:$Z$304,11),Checklist!$Z$5:$Z$304,0))="","",INDEX(Checklist!$U$5:$U$304,MATCH(LARGE(Checklist!$Z$5:$Z$304,11),Checklist!$Z$5:$Z$304,0))),""),"") -> 0.83333333 | G20: =IFERROR(IF(LARGE(Checklist!$Z$5:$Z$304,11)>0,IF(INDEX(Checklist!$X$5:$X$304,MATCH(LARGE(Checklist!$Z$5:$Z$304,11),Checklist!$Z$5:$Z$304,0))="","",INDEX(Checklist!$X$5:$X$304,MATCH(LARGE(Checklist!$Z$5:$Z$304,11),Checklist!$Z$5:$Z$304,0))),""),"") -> 2 | H20: =IFERROR(IF(LARGE(Checklist!$Z$5:$Z$304,11)>0,IF(INDEX(Checklist!$Y$5:$Y$304,MATCH(LARGE(Checklist!$Z$5:$Z$304,11),Checklist!$Z$5:$Z$304,0))="","",INDEX(Checklist!$Y$5:$Y$304,MATCH(LARGE(Checklist!$Z$5:$Z$304,11),Checklist!$Z$5:$Z$304,0))),""),"") -> Troco e maquininha conferidos; Caixa do dia fechado e conferido (Pix, cartão, dinheiro)
A21: 12 | B21: =IFERROR(IF(LARGE(Checklist!$Z$5:$Z$304,12)>0,IF(INDEX(Checklist!$A$5:$A$304,MATCH(LARGE(Checklist!$Z$5:$Z$304,12),Checklist!$Z$5:$Z$304,0))="","",INDEX(Checklist!$A$5:$A$304,MATCH(LARGE(Checklist!$Z$5:$Z$304,12),Checklist!$Z$5:$Z$304,0))),""),"") -> 46185 | C21: =IFERROR(IF(LARGE(Checklist!$Z$5:$Z$304,12)>0,IF(INDEX(Checklist!$B$5:$B$304,MATCH(LARGE(Checklist!$Z$5:$Z$304,12),Checklist!$Z$5:$Z$304,0))="","",INDEX(Checklist!$B$5:$B$304,MATCH(LARGE(Checklist!$Z$5:$Z$304,12),Checklist!$Z$5:$Z$304,0))),""),"") -> Sexta | D21: =IFERROR(IF(LARGE(Checklist!$Z$5:$Z$304,12)>0,IF(INDEX(Checklist!$C$5:$C$304,MATCH(LARGE(Checklist!$Z$5:$Z$304,12),Checklist!$Z$5:$Z$304,0))="","",INDEX(Checklist!$C$5:$C$304,MATCH(LARGE(Checklist!$Z$5:$Z$304,12),Checklist!$Z$5:$Z$304,0))),""),"") -> Bruna Carvalho | E21: =IFERROR(IF(LARGE(Checklist!$Z$5:$Z$304,12)>0,IF(INDEX(Checklist!$T$5:$T$304,MATCH(LARGE(Checklist!$Z$5:$Z$304,12),Checklist!$Z$5:$Z$304,0))="","",INDEX(Checklist!$T$5:$T$304,MATCH(LARGE(Checklist!$Z$5:$Z$304,12),Checklist!$Z$5:$Z$304,0))),""),"") -> 1 | F21: =IFERROR(IF(LARGE(Checklist!$Z$5:$Z$304,12)>0,IF(INDEX(Checklist!$U$5:$U$304,MATCH(LARGE(Checklist!$Z$5:$Z$304,12),Checklist!$Z$5:$Z$304,0))="","",INDEX(Checklist!$U$5:$U$304,MATCH(LARGE(Checklist!$Z$5:$Z$304,12),Checklist!$Z$5:$Z$304,0))),""),"") -> 0.66666667 | G21: =IFERROR(IF(LARGE(Checklist!$Z$5:$Z$304,12)>0,IF(INDEX(Checklist!$X$5:$X$304,MATCH(LARGE(Checklist!$Z$5:$Z$304,12),Checklist!$Z$5:$Z$304,0))="","",INDEX(Checklist!$X$5:$X$304,MATCH(LARGE(Checklist!$Z$5:$Z$304,12),Checklist!$Z$5:$Z$304,0))),""),"") -> 2 | H21: =IFERROR(IF(LARGE(Checklist!$Z$5:$Z$304,12)>0,IF(INDEX(Checklist!$Y$5:$Y$304,MATCH(LARGE(Checklist!$Z$5:$Z$304,12),Checklist!$Z$5:$Z$304,0))="","",INDEX(Checklist!$Y$5:$Y$304,MATCH(LARGE(Checklist!$Z$5:$Z$304,12),Checklist!$Z$5:$Z$304,0))),""),"") -> Caixa do dia fechado e conferido (Pix, cartão, dinheiro); Fechamento do dia lançado no Caixa (09)
A23: Item mais esquecido
A24: Conta todos os dias registrados. Item pendente muitas vezes é sinal de que a rotina do dia precisa mudar (horário, responsável ou o próprio item).
A25: Item de abertura | C25: Pendente em | D25: Feito em | E25: N/A | F25: Item de fechamento | H25: Pendente em | I25: Feito em | J25: N/A
A26: =IF(Config!$B$10="","",Config!$B$10) -> Agenda do dia confirmada (mensagens de véspera respondidas) | C26: =IF(Config!$B$10="","",COUNTIFS(Checklist!$A$5:$A$304,"<>",Checklist!$D$5:$D$304,"<>Sim",Checklist!$D$5:$D$304,"<>N/A")) -> 1 | D26: =IF(Config!$B$10="","",COUNTIFS(Checklist!$A$5:$A$304,"<>",Checklist!$D$5:$D$304,"Sim")) -> 72 | E26: =IF(Config!$B$10="","",COUNTIFS(Checklist!$A$5:$A$304,"<>",Checklist!$D$5:$D$304,"N/A")) -> 0 | F26: =IF(Config!$D$10="","",Config!$D$10) -> Caixa do dia fechado e conferido (Pix, cartão, dinheiro) | H26: =IF(Config!$D$10="","",COUNTIFS(Checklist!$A$5:$A$304,"<>",Checklist!$L$5:$L$304,"<>Sim",Checklist!$L$5:$L$304,"<>N/A")) -> 9 | I26: =IF(Config!$D$10="","",COUNTIFS(Checklist!$A$5:$A$304,"<>",Checklist!$L$5:$L$304,"Sim")) -> 64 | J26: =IF(Config!$D$10="","",COUNTIFS(Checklist!$A$5:$A$304,"<>",Checklist!$L$5:$L$304,"N/A")) -> 0
A27: =IF(Config!$B$11="","",Config!$B$11) -> Faltas e cancelamentos de ontem registrados na agenda | C27: =IF(Config!$B$11="","",COUNTIFS(Checklist!$A$5:$A$304,"<>",Checklist!$E$5:$E$304,"<>Sim",Checklist!$E$5:$E$304,"<>N/A")) -> 5 | D27: =IF(Config!$B$11="","",COUNTIFS(Checklist!$A$5:$A$304,"<>",Checklist!$E$5:$E$304,"Sim")) -> 68 | E27: =IF(Config!$B$11="","",COUNTIFS(Checklist!$A$5:$A$304,"<>",Checklist!$E$5:$E$304,"N/A")) -> 0 | F27: =IF(Config!$D$11="","",Config!$D$11) -> Fechamento do dia lançado no Caixa (09) | H27: =IF(Config!$D$11="","",COUNTIFS(Checklist!$A$5:$A$304,"<>",Checklist!$M$5:$M$304,"<>Sim",Checklist!$M$5:$M$304,"<>N/A")) -> 10 | I27: =IF(Config!$D$11="","",COUNTIFS(Checklist!$A$5:$A$304,"<>",Checklist!$M$5:$M$304,"Sim")) -> 63 | J27: =IF(Config!$D$11="","",COUNTIFS(Checklist!$A$5:$A$304,"<>",Checklist!$M$5:$M$304,"N/A")) -> 0
A28: =IF(Config!$B$12="","",Config!$B$12) -> Salas e equipamentos prontos (ECG, MAPA, Holter) | C28: =IF(Config!$B$12="","",COUNTIFS(Checklist!$A$5:$A$304,"<>",Checklist!$F$5:$F$304,"<>Sim",Checklist!$F$5:$F$304,"<>N/A")) -> 1 | D28: =IF(Config!$B$12="","",COUNTIFS(Checklist!$A$5:$A$304,"<>",Checklist!$F$5:$F$304,"Sim")) -> 72 | E28: =IF(Config!$B$12="","",COUNTIFS(Checklist!$A$5:$A$304,"<>",Checklist!$F$5:$F$304,"N/A")) -> 0 | F28: =IF(Config!$D$12="","",Config!$D$12) -> Situação de cada horário marcada (realizado, falta, cancelado) | H28: =IF(Config!$D$12="","",COUNTIFS(Checklist!$A$5:$A$304,"<>",Checklist!$N$5:$N$304,"<>Sim",Checklist!$N$5:$N$304,"<>N/A")) -> 5 | I28: =IF(Config!$D$12="","",COUNTIFS(Checklist!$A$5:$A$304,"<>",Checklist!$N$5:$N$304,"Sim")) -> 68 | J28: =IF(Config!$D$12="","",COUNTIFS(Checklist!$A$5:$A$304,"<>",Checklist!$N$5:$N$304,"N/A")) -> 0
A29: =IF(Config!$B$13="","",Config!$B$13) -> Guias e autorizações de convênio do dia separadas | C29: =IF(Config!$B$13="","",COUNTIFS(Checklist!$A$5:$A$304,"<>",Checklist!$G$5:$G$304,"<>Sim",Checklist!$G$5:$G$304,"<>N/A")) -> 3 | D29: =IF(Config!$B$13="","",COUNTIFS(Checklist!$A$5:$A$304,"<>",Checklist!$G$5:$G$304,"Sim")) -> 70 | E29: =IF(Config!$B$13="","",COUNTIFS(Checklist!$A$5:$A$304,"<>",Checklist!$G$5:$G$304,"N/A")) -> 0 | F29: =IF(Config!$D$13="","",Config!$D$13) -> Guias do dia conferidas e guardadas para o lote (13) | H29: =IF(Config!$D$13="","",COUNTIFS(Checklist!$A$5:$A$304,"<>",Checklist!$O$5:$O$304,"<>Sim",Checklist!$O$5:$O$304,"<>N/A")) -> 3 | I29: =IF(Config!$D$13="","",COUNTIFS(Checklist!$A$5:$A$304,"<>",Checklist!$O$5:$O$304,"Sim")) -> 70 | J29: =IF(Config!$D$13="","",COUNTIFS(Checklist!$A$5:$A$304,"<>",Checklist!$O$5:$O$304,"N/A")) -> 0
A30: =IF(Config!$B$14="","",Config!$B$14) -> Troco e maquininha conferidos | C30: =IF(Config!$B$14="","",COUNTIFS(Checklist!$A$5:$A$304,"<>",Checklist!$H$5:$H$304,"<>Sim",Checklist!$H$5:$H$304,"<>N/A")) -> 4 | D30: =IF(Config!$B$14="","",COUNTIFS(Checklist!$A$5:$A$304,"<>",Checklist!$H$5:$H$304,"Sim")) -> 69 | E30: =IF(Config!$B$14="","",COUNTIFS(Checklist!$A$5:$A$304,"<>",Checklist!$H$5:$H$304,"N/A")) -> 0 | F30: =IF(Config!$D$14="","",Config!$D$14) -> Retornos e exames do dia agendados | H30: =IF(Config!$D$14="","",COUNTIFS(Checklist!$A$5:$A$304,"<>",Checklist!$P$5:$P$304,"<>Sim",Checklist!$P$5:$P$304,"<>N/A")) -> 2 | I30: =IF(Config!$D$14="","",COUNTIFS(Checklist!$A$5:$A$304,"<>",Checklist!$P$5:$P$304,"Sim")) -> 71 | J30: =IF(Config!$D$14="","",COUNTIFS(Checklist!$A$5:$A$304,"<>",Checklist!$P$5:$P$304,"N/A")) -> 0
A31: =IF(Config!$B$15="","",Config!$B$15) -> Orçamentos sem resposta revisados (lista da 15) | C31: =IF(Config!$B$15="","",COUNTIFS(Checklist!$A$5:$A$304,"<>",Checklist!$I$5:$I$304,"<>Sim",Checklist!$I$5:$I$304,"<>N/A")) -> 0 | D31: =IF(Config!$B$15="","",COUNTIFS(Checklist!$A$5:$A$304,"<>",Checklist!$I$5:$I$304,"Sim")) -> 15 | E31: =IF(Config!$B$15="","",COUNTIFS(Checklist!$A$5:$A$304,"<>",Checklist!$I$5:$I$304,"N/A")) -> 58 | F31: =IF(Config!$D$15="","",Config!$D$15) -> Agenda de amanhã revisada e confirmações enviadas | H31: =IF(Config!$D$15="","",COUNTIFS(Checklist!$A$5:$A$304,"<>",Checklist!$Q$5:$Q$304,"<>Sim",Checklist!$Q$5:$Q$304,"<>N/A")) -> 3 | I31: =IF(Config!$D$15="","",COUNTIFS(Checklist!$A$5:$A$304,"<>",Checklist!$Q$5:$Q$304,"Sim")) -> 70 | J31: =IF(Config!$D$15="","",COUNTIFS(Checklist!$A$5:$A$304,"<>",Checklist!$Q$5:$Q$304,"N/A")) -> 0
A32: =IF(Config!$B$16="","",Config!$B$16) | C32: =IF(Config!$B$16="","",COUNTIFS(Checklist!$A$5:$A$304,"<>",Checklist!$J$5:$J$304,"<>Sim",Checklist!$J$5:$J$304,"<>N/A")) | D32: =IF(Config!$B$16="","",COUNTIFS(Checklist!$A$5:$A$304,"<>",Checklist!$J$5:$J$304,"Sim")) | E32: =IF(Config!$B$16="","",COUNTIFS(Checklist!$A$5:$A$304,"<>",Checklist!$J$5:$J$304,"N/A")) | F32: =IF(Config!$D$16="","",Config!$D$16) | H32: =IF(Config!$D$16="","",COUNTIFS(Checklist!$A$5:$A$304,"<>",Checklist!$R$5:$R$304,"<>Sim",Checklist!$R$5:$R$304,"<>N/A")) | I32: =IF(Config!$D$16="","",COUNTIFS(Checklist!$A$5:$A$304,"<>",Checklist!$R$5:$R$304,"Sim")) | J32: =IF(Config!$D$16="","",COUNTIFS(Checklist!$A$5:$A$304,"<>",Checklist!$R$5:$R$304,"N/A"))
A33: =IF(Config!$B$17="","",Config!$B$17) | C33: =IF(Config!$B$17="","",COUNTIFS(Checklist!$A$5:$A$304,"<>",Checklist!$K$5:$K$304,"<>Sim",Checklist!$K$5:$K$304,"<>N/A")) | D33: =IF(Config!$B$17="","",COUNTIFS(Checklist!$A$5:$A$304,"<>",Checklist!$K$5:$K$304,"Sim")) | E33: =IF(Config!$B$17="","",COUNTIFS(Checklist!$A$5:$A$304,"<>",Checklist!$K$5:$K$304,"N/A")) | F33: =IF(Config!$D$17="","",Config!$D$17) | H33: =IF(Config!$D$17="","",COUNTIFS(Checklist!$A$5:$A$304,"<>",Checklist!$S$5:$S$304,"<>Sim",Checklist!$S$5:$S$304,"<>N/A")) | I33: =IF(Config!$D$17="","",COUNTIFS(Checklist!$A$5:$A$304,"<>",Checklist!$S$5:$S$304,"Sim")) | J33: =IF(Config!$D$17="","",COUNTIFS(Checklist!$A$5:$A$304,"<>",Checklist!$S$5:$S$304,"N/A"))
A36: Por dia da semana (todos os dias registrados)
A37: Dia | C37: Dias | D37: Com pendência | E37: Itens pendentes | F37: Abertura completa | G37: Fechamento completo
A38: Segunda | C38: =COUNTIFS(Checklist!$B$5:$B$304,A38) -> 14 | D38: =COUNTIFS(Checklist!$B$5:$B$304,A38,Checklist!$X$5:$X$304,">0") -> 3 | E38: =SUMIFS(Checklist!$X$5:$X$304,Checklist!$B$5:$B$304,A38) -> 5 | F38: =IF(C38=0,"",COUNTIFS(Checklist!$B$5:$B$304,A38,Checklist!$V$5:$V$304,0)/C38) -> 0.92857143 | G38: =IF(C38=0,"",COUNTIFS(Checklist!$B$5:$B$304,A38,Checklist!$W$5:$W$304,0)/C38) -> 0.85714286
A39: Terça | C39: =COUNTIFS(Checklist!$B$5:$B$304,A39) -> 15 | D39: =COUNTIFS(Checklist!$B$5:$B$304,A39,Checklist!$X$5:$X$304,">0") -> 6 | E39: =SUMIFS(Checklist!$X$5:$X$304,Checklist!$B$5:$B$304,A39) -> 11 | F39: =IF(C39=0,"",COUNTIFS(Checklist!$B$5:$B$304,A39,Checklist!$V$5:$V$304,0)/C39) -> 0.86666667 | G39: =IF(C39=0,"",COUNTIFS(Checklist!$B$5:$B$304,A39,Checklist!$W$5:$W$304,0)/C39) -> 0.6
A40: Quarta | C40: =COUNTIFS(Checklist!$B$5:$B$304,A40) -> 15 | D40: =COUNTIFS(Checklist!$B$5:$B$304,A40,Checklist!$X$5:$X$304,">0") -> 7 | E40: =SUMIFS(Checklist!$X$5:$X$304,Checklist!$B$5:$B$304,A40) -> 8 | F40: =IF(C40=0,"",COUNTIFS(Checklist!$B$5:$B$304,A40,Checklist!$V$5:$V$304,0)/C40) -> 0.86666667 | G40: =IF(C40=0,"",COUNTIFS(Checklist!$B$5:$B$304,A40,Checklist!$W$5:$W$304,0)/C40) -> 0.66666667
A41: Quinta | C41: =COUNTIFS(Checklist!$B$5:$B$304,A41) -> 14 | D41: =COUNTIFS(Checklist!$B$5:$B$304,A41,Checklist!$X$5:$X$304,">0") -> 7 | E41: =SUMIFS(Checklist!$X$5:$X$304,Checklist!$B$5:$B$304,A41) -> 10 | F41: =IF(C41=0,"",COUNTIFS(Checklist!$B$5:$B$304,A41,Checklist!$V$5:$V$304,0)/C41) -> 0.57142857 | G41: =IF(C41=0,"",COUNTIFS(Checklist!$B$5:$B$304,A41,Checklist!$W$5:$W$304,0)/C41) -> 0.71428571
A42: Sexta | C42: =COUNTIFS(Checklist!$B$5:$B$304,A42) -> 15 | D42: =COUNTIFS(Checklist!$B$5:$B$304,A42,Checklist!$X$5:$X$304,">0") -> 9 | E42: =SUMIFS(Checklist!$X$5:$X$304,Checklist!$B$5:$B$304,A42) -> 12 | F42: =IF(C42=0,"",COUNTIFS(Checklist!$B$5:$B$304,A42,Checklist!$V$5:$V$304,0)/C42) -> 0.8 | G42: =IF(C42=0,"",COUNTIFS(Checklist!$B$5:$B$304,A42,Checklist!$W$5:$W$304,0)/C42) -> 0.46666667
A43: Sábado | C43: =COUNTIFS(Checklist!$B$5:$B$304,A43) -> 0 | D43: =COUNTIFS(Checklist!$B$5:$B$304,A43,Checklist!$X$5:$X$304,">0") -> 0 | E43: =SUMIFS(Checklist!$X$5:$X$304,Checklist!$B$5:$B$304,A43) -> 0 | F43: =IF(C43=0,"",COUNTIFS(Checklist!$B$5:$B$304,A43,Checklist!$V$5:$V$304,0)/C43) | G43: =IF(C43=0,"",COUNTIFS(Checklist!$B$5:$B$304,A43,Checklist!$W$5:$W$304,0)/C43)
A45: Fechamento do dia sem o caixa conferido é a origem da maior parte das diferenças no extrato. Se um item pende sempre no mesmo dia da semana, mude a rotina desse dia, não a pessoa.

Sheet Config
A1: Configurações
A2: Células amarelas: você preenche. Os itens cadastrados aqui viram as colunas da aba Checklist.
A4: Clínica | B4: Clínica Vida Plena (exemplo fictício)
A5: Data de referência (hoje) | B5: 46279 | C5: O exemplo está congelado em 14/09/2026, para os arquivos do kit mostrarem a mesma foto. Ao usar com os seus dados, troque por =HOJE().
A6: Painel: olhar os últimos (dias registrados) | B6: 20
A9: Itens de abertura (até 8) | D9: Itens de fechamento (até 8) | F9: Responsáveis (até 10)
B10: Agenda do dia confirmada (mensagens de véspera respondidas) | D10: Caixa do dia fechado e conferido (Pix, cartão, dinheiro) | F10: Bruna Carvalho
B11: Faltas e cancelamentos de ontem registrados na agenda | D11: Fechamento do dia lançado no Caixa (09) | F11: Dra. Carolina Mendes
B12: Salas e equipamentos prontos (ECG, MAPA, Holter) | D12: Situação de cada horário marcada (realizado, falta, cancelado) | F12: Dr. Paulo Andrade
B13: Guias e autorizações de convênio do dia separadas | D13: Guias do dia conferidas e guardadas para o lote (13)
B14: Troco e maquininha conferidos | D14: Retornos e exames do dia agendados
B15: Orçamentos sem resposta revisados (lista da 15) | D15: Agenda de amanhã revisada e confirmações enviadas
A19: Itens cadastrados | B19: =COUNTA($B$10:$B$17) -> 6 | D19: =COUNTA($D$10:$D$17) -> 6
A21: Preencha de cima para baixo, sem pular linha: as listas param na última linha preenchida e os itens vazios não contam no percentual.
A22: Os itens são administrativos (o que precisa estar em ordem para o dia começar e terminar sem pendência). Nada clínico aqui. Ajuste ao jeito da clínica.

Sheet Checklist
A1: Checklist por dia
A2: Uma linha por dia de atendimento. Em cada item marque Sim, Não ou N/A (não se aplica). Vazio conta como pendente. Quem fecha o dia é a recepção; quem confere é o sócio da semana.
D3: Abertura | L3: Fechamento
A4: Data | B4: Dia da semana | C4: Responsável | D4: =IF(Config!$B$10="","",Config!$B$10) -> Agenda do dia confirmada (mensagens de véspera respondidas) | E4: =IF(Config!$B$11="","",Config!$B$11) -> Faltas e cancelamentos de ontem registrados na agenda | F4: =IF(Config!$B$12="","",Config!$B$12) -> Salas e equipamentos prontos (ECG, MAPA, Holter) | G4: =IF(Config!$B$13="","",Config!$B$13) -> Guias e autorizações de convênio do dia separadas | H4: =IF(Config!$B$14="","",Config!$B$14) -> Troco e maquininha conferidos | I4: =IF(Config!$B$15="","",Config!$B$15) -> Orçamentos sem resposta revisados (lista da 15) | J4: =IF(Config!$B$16="","",Config!$B$16) | K4: =IF(Config!$B$17="","",Config!$B$17) | L4: =IF(Config!$D$10="","",Config!$D$10) -> Caixa do dia fechado e conferido (Pix, cartão, dinheiro) | M4: =IF(Config!$D$11="","",Config!$D$11) -> Fechamento do dia lançado no Caixa (09) | N4: =IF(Config!$D$12="","",Config!$D$12) -> Situação de cada horário marcada (realizado, falta, cancelado) | O4: =IF(Config!$D$13="","",Config!$D$13) -> Guias do dia conferidas e guardadas para o lote (13) | P4: =IF(Config!$D$14="","",Config!$D$14) -> Retornos e exames do dia agendados | Q4: =IF(Config!$D$15="","",Config!$D$15) -> Agenda de amanhã revisada e confirmações enviadas | R4: =IF(Config!$D$16="","",Config!$D$16) | S4: =IF(Config!$D$17="","",Config!$D$17) | T4: % abertura | U4: % fechamento | V4: Pendências de abertura | W4: Pendências de fechamento | X4: Pendências | Y4: O que faltou | Z4: Chave | AA4: Auxiliar
A5: 46174 | B5: =IF(A5="","",CHOOSE(WEEKDAY(A5,2),"Segunda","Terça","Quarta","Quinta","Sexta","Sábado","Domingo")) -> Segunda | C5: Bruna Carvalho | D5: Sim | E5: Sim | F5: Sim | G5: Sim | H5: Sim | I5: N/A | L5: Sim | M5: Sim | N5: Sim | O5: Sim | P5: Sim | Q5: Sim | T5: =IF(A5="","",IFERROR(COUNTIF(D5:K5,"Sim")/(Config!$B$19-COUNTIF(D5:K5,"N/A")),"")) -> 1 | U5: =IF(A5="","",IFERROR(COUNTIF(L5:S5,"Sim")/(Config!$D$19-COUNTIF(L5:S5,"N/A")),"")) -> 1 | V5: =IF(A5="","",MAX(0,Config!$B$19-COUNTIF(D5:K5,"Sim")-COUNTIF(D5:K5,"N/A"))) -> 0 | W5: =IF(A5="","",MAX(0,Config!$D$19-COUNTIF(L5:S5,"Sim")-COUNTIF(L5:S5,"N/A"))) -> 0 | X5: =IF(A5="","",V5+W5) -> 0 | Y5: =IF(OR(A5="",AA5=""),"",LEFT(AA5,LEN(AA5)-2)) | Z5: =IF(OR(A5="",X5=0),0,X5*100000+A5/100000) -> 0 | AA5: =IF(A5="","",IF(AND(Config!$B$10<>"",D5<>"Sim",D5<>"N/A"),Config!$B$10&"; ","")&IF(AND(Config!$B$11<>"",E5<>"Sim",E5<>"N/A"),Config!$B$11&"; ","")&IF(AND(Config!$B$12<>"",F5<>"Sim",F5<>"N/A"),Config!$B$12&"; ","")&IF(AND(Config!$B$13<>"",G5<>"Sim",G5<>"N/A"),Config!$B$13&"; ","")&IF(AND(Config!$B$14<>"",H5<>"Sim",H5<>"N/A"),Config!$B$14&"; ","")&IF(AND(Config!$B$15<>"",I5<>"Sim",I5<>"N/A"),Config!$B$15&"; ","")&IF(AND(Config!$B$16<>"",J5<>"Sim",J5<>"N/A"),Config!$B$16&"; ","")&IF(AND(Config!$B$17<>"",K5<>"Sim",K5<>"N/A"),Config!$B$17&"; ","")&IF(AND(Config!$D$10<>"",L5<>"Sim",L5<>"N/A"),Config!$D$10&"; ","")&IF(AND(Config!$D$11<>"",M5<>"Sim",M5<>"N/A"),Config!$D$11&"; ","")&IF(AND(Config!$D$12<>"",N5<>"Sim",N5<>"N/A"),Config!$D$12&"; ","")&IF(AND(Config!$D$13<>"",O5<>"Sim",O5<>"N/A"),Config!$D$13&"; ","")&IF(AND(Config!$D$14<>"",P5<>"Sim",P5<>"N/A"),Config!$D$14&"; ","")&IF(AND(Config!$D$15<>"",Q5<>"Sim",Q5<>"N/A"),Config!$D$15&"; ","")&IF(AND(Config!$D$16<>"",R5<>"Sim",R5<>"N/A"),Config!$D$16&"; ","")&IF(AND(Config!$D$17<>"",S5<>"Sim",S5<>"N/A"),Config!$D$17&"; ","")) | AB5: =IF(A5="",0,COUNTIF($A$5:$A$304,">"&A5)+1) -> 73
A6: 46175 | B6: =IF(A6="","",CHOOSE(WEEKDAY(A6,2),"Segunda","Terça","Quarta","Quinta","Sexta","Sábado","Domingo")) -> Terça | C6: Bruna Carvalho | D6: Sim | E6: Sim | F6: Sim | G6: Sim | H6: Sim | I6: N/A | L6: Sim | M6: Sim | N6: Sim | O6: Sim | P6: Sim | Q6: Sim | T6: =IF(A6="","",IFERROR(COUNTIF(D6:K6,"Sim")/(Config!$B$19-COUNTIF(D6:K6,"N/A")),"")) -> 1 | U6: =IF(A6="","",IFERROR(COUNTIF(L6:S6,"Sim")/(Config!$D$19-COUNTIF(L6:S6,"N/A")),"")) -> 1 | V6: =IF(A6="","",MAX(0,Config!$B$19-COUNTIF(D6:K6,"Sim")-COUNTIF(D6:K6,"N/A"))) -> 0 | W6: =IF(A6="","",MAX(0,Config!$D$19-COUNTIF(L6:S6,"Sim")-COUNTIF(L6:S6,"N/A"))) -> 0 | X6: =IF(A6="","",V6+W6) -> 0 | Y6: =IF(OR(A6="",AA6=""),"",LEFT(AA6,LEN(AA6)-2)) | Z6: =IF(OR(A6="",X6=0),0,X6*100000+A6/100000) -> 0 | AA6: =IF(A6="","",IF(AND(Config!$B$10<>"",D6<>"Sim",D6<>"N/A"),Config!$B$10&"; ","")&IF(AND(Config!$B$11<>"",E6<>"Sim",E6<>"N/A"),Config!$B$11&"; ","")&IF(AND(Config!$B$12<>"",F6<>"Sim",F6<>"N/A"),Config!$B$12&"; ","")&IF(AND(Config!$B$13<>"",G6<>"Sim",G6<>"N/A"),Config!$B$13&"; ","")&IF(AND(Config!$B$14<>"",H6<>"Sim",H6<>"N/A"),Config!$B$14&"; ","")&IF(AND(Config!$B$15<>"",I6<>"Sim",I6<>"N/A"),Config!$B$15&"; ","")&IF(AND(Config!$B$16<>"",J6<>"Sim",J6<>"N/A"),Config!$B$16&"; ","")&IF(AND(Config!$B$17<>"",K6<>"Sim",K6<>"N/A"),Config!$B$17&"; ","")&IF(AND(Config!$D$10<>"",L6<>"Sim",L6<>"N/A"),Config!$D$10&"; ","")&IF(AND(Config!$D$11<>"",M6<>"Sim",M6<>"N/A"),Config!$D$11&"; ","")&IF(AND(Config!$D$12<>"",N6<>"Sim",N6<>"N/A"),Config!$D$12&"; ","")&IF(AND(Config!$D$13<>"",O6<>"Sim",O6<>"N/A"),Config!$D$13&"; ","")&IF(AND(Config!$D$14<>"",P6<>"Sim",P6<>"N/A"),Config!$D$14&"; ","")&IF(AND(Config!$D$15<>"",Q6<>"Sim",Q6<>"N/A"),Config!$D$15&"; ","")&IF(AND(Config!$D$16<>"",R6<>"Sim",R6<>"N/A"),Config!$D$16&"; ","")&IF(AND(Config!$D$17<>"",S6<>"Sim",S6<>"N/A"),Config!$D$17&"; ","")) | AB6: =IF(A6="",0,COUNTIF($A$5:$A$304,">"&A6)+1) -> 72
A7: 46176 | B7: =IF(A7="","",CHOOSE(WEEKDAY(A7,2),"Segunda","Terça","Quarta","Quinta","Sexta","Sábado","Domingo")) -> Quarta | C7: Bruna Carvalho | D7: Sim | E7: Sim | F7: Sim | G7: Sim | H7: Sim | I7: N/A | L7: Sim | M7: Sim | N7: Sim | O7: Sim | P7: Sim | Q7: Sim | T7: =IF(A7="","",IFERROR(COUNTIF(D7:K7,"Sim")/(Config!$B$19-COUNTIF(D7:K7,"N/A")),"")) -> 1 | U7: =IF(A7="","",IFERROR(COUNTIF(L7:S7,"Sim")/(Config!$D$19-COUNTIF(L7:S7,"N/A")),"")) -> 1 | V7: =IF(A7="","",MAX(0,Config!$B$19-COUNTIF(D7:K7,"Sim")-COUNTIF(D7:K7,"N/A"))) -> 0 | W7: =IF(A7="","",MAX(0,Config!$D$19-COUNTIF(L7:S7,"Sim")-COUNTIF(L7:S7,"N/A"))) -> 0 | X7: =IF(A7="","",V7+W7) -> 0 | Y7: =IF(OR(A7="",AA7=""),"",LEFT(AA7,LEN(AA7)-2)) | Z7: =IF(OR(A7="",X7=0),0,X7*100000+A7/100000) -> 0 | AA7: =IF(A7="","",IF(AND(Config!$B$10<>"",D7<>"Sim",D7<>"N/A"),Config!$B$10&"; ","")&IF(AND(Config!$B$11<>"",E7<>"Sim",E7<>"N/A"),Config!$B$11&"; ","")&IF(AND(Config!$B$12<>"",F7<>"Sim",F7<>"N/A"),Config!$B$12&"; ","")&IF(AND(Config!$B$13<>"",G7<>"Sim",G7<>"N/A"),Config!$B$13&"; ","")&IF(AND(Config!$B$14<>"",H7<>"Sim",H7<>"N/A"),Config!$B$14&"; ","")&IF(AND(Config!$B$15<>"",I7<>"Sim",I7<>"N/A"),Config!$B$15&"; ","")&IF(AND(Config!$B$16<>"",J7<>"Sim",J7<>"N/A"),Config!$B$16&"; ","")&IF(AND(Config!$B$17<>"",K7<>"Sim",K7<>"N/A"),Config!$B$17&"; ","")&IF(AND(Config!$D$10<>"",L7<>"Sim",L7<>"N/A"),Config!$D$10&"; ","")&IF(AND(Config!$D$11<>"",M7<>"Sim",M7<>"N/A"),Config!$D$11&"; ","")&IF(AND(Config!$D$12<>"",N7<>"Sim",N7<>"N/A"),Config!$D$12&"; ","")&IF(AND(Config!$D$13<>"",O7<>"Sim",O7<>"N/A"),Config!$D$13&"; ","")&IF(AND(Config!$D$14<>"",P7<>"Sim",P7<>"N/A"),Config!$D$14&"; ","")&IF(AND(Config!$D$15<>"",Q7<>"Sim",Q7<>"N/A"),Config!$D$15&"; ","")&IF(AND(Config!$D$16<>"",R7<>"Sim",R7<>"N/A"),Config!$D$16&"; ","")&IF(AND(Config!$D$17<>"",S7<>"Sim",S7<>"N/A"),Config!$D$17&"; ","")) | AB7: =IF(A7="",0,COUNTIF($A$5:$A$304,">"&A7)+1) -> 71
A8: 46178 | B8: =IF(A8="","",CHOOSE(WEEKDAY(A8,2),"Segunda","Terça","Quarta","Quinta","Sexta","Sábado","Domingo")) -> Sexta | C8: Bruna Carvalho | D8: Sim | E8: Sim | F8: Sim | G8: Sim | H8: Sim | I8: Sim | L8: Sim | M8: Sim | N8: Sim | O8: Sim | P8: Sim | Q8: Sim | T8: =IF(A8="","",IFERROR(COUNTIF(D8:K8,"Sim")/(Config!$B$19-COUNTIF(D8:K8,"N/A")),"")) -> 1 | U8: =IF(A8="","",IFERROR(COUNTIF(L8:S8,"Sim")/(Config!$D$19-COUNTIF(L8:S8,"N/A")),"")) -> 1 | V8: =IF(A8="","",MAX(0,Config!$B$19-COUNTIF(D8:K8,"Sim")-COUNTIF(D8:K8,"N/A"))) -> 0 | W8: =IF(A8="","",MAX(0,Config!$D$19-COUNTIF(L8:S8,"Sim")-COUNTIF(L8:S8,"N/A"))) -> 0 | X8: =IF(A8="","",V8+W8) -> 0 | Y8: =IF(OR(A8="",AA8=""),"",LEFT(AA8,LEN(AA8)-2)) | Z8: =IF(OR(A8="",X8=0),0,X8*100000+A8/100000) -> 0 | AA8: =IF(A8="","",IF(AND(Config!$B$10<>"",D8<>"Sim",D8<>"N/A"),Config!$B$10&"; ","")&IF(AND(Config!$B$11<>"",E8<>"Sim",E8<>"N/A"),Config!$B$11&"; ","")&IF(AND(Config!$B$12<>"",F8<>"Sim",F8<>"N/A"),Config!$B$12&"; ","")&IF(AND(Config!$B$13<>"",G8<>"Sim",G8<>"N/A"),Config!$B$13&"; ","")&IF(AND(Config!$B$14<>"",H8<>"Sim",H8<>"N/A"),Config!$B$14&"; ","")&IF(AND(Config!$B$15<>"",I8<>"Sim",I8<>"N/A"),Config!$B$15&"; ","")&IF(AND(Config!$B$16<>"",J8<>"Sim",J8<>"N/A"),Config!$B$16&"; ","")&IF(AND(Config!$B$17<>"",K8<>"Sim",K8<>"N/A"),Config!$B$17&"; ","")&IF(AND(Config!$D$10<>"",L8<>"Sim",L8<>"N/A"),Config!$D$10&"; ","")&IF(AND(Config!$D$11<>"",M8<>"Sim",M8<>"N/A"),Config!$D$11&"; ","")&IF(AND(Config!$D$12<>"",N8<>"Sim",N8<>"N/A"),Config!$D$12&"; ","")&IF(AND(Config!$D$13<>"",O8<>"Sim",O8<>"N/A"),Config!$D$13&"; ","")&IF(AND(Config!$D$14<>"",P8<>"Sim",P8<>"N/A"),Config!$D$14&"; ","")&IF(AND(Config!$D$15<>"",Q8<>"Sim",Q8<>"N/A"),Config!$D$15&"; ","")&IF(AND(Config!$D$16<>"",R8<>"Sim",R8<>"N/A"),Config!$D$16&"; ","")&IF(AND(Config!$D$17<>"",S8<>"Sim",S8<>"N/A"),Config!$D$17&"; ","")) | AB8: =IF(A8="",0,COUNTIF($A$5:$A$304,">"&A8)+1) -> 70
A9: 46181 | B9: =IF(A9="","",CHOOSE(WEEKDAY(A9,2),"Segunda","Terça","Quarta","Quinta","Sexta","Sábado","Domingo")) -> Segunda | C9: Bruna Carvalho | D9: Sim | E9: Sim | F9: Sim | G9: Sim | H9: Sim | I9: N/A | L9: Sim | M9: Sim | N9: Sim | O9: Sim | P9: Sim | Q9: Sim | T9: =IF(A9="","",IFERROR(COUNTIF(D9:K9,"Sim")/(Config!$B$19-COUNTIF(D9:K9,"N/A")),"")) -> 1 | U9: =IF(A9="","",IFERROR(COUNTIF(L9:S9,"Sim")/(Config!$D$19-COUNTIF(L9:S9,"N/A")),"")) -> 1 | V9: =IF(A9="","",MAX(0,Config!$B$19-COUNTIF(D9:K9,"Sim")-COUNTIF(D9:K9,"N/A"))) -> 0 | W9: =IF(A9="","",MAX(0,Config!$D$19-COUNTIF(L9:S9,"Sim")-COUNTIF(L9:S9,"N/A"))) -> 0 | X9: =IF(A9="","",V9+W9) -> 0 | Y9: =IF(OR(A9="",AA9=""),"",LEFT(AA9,LEN(AA9)-2)) | Z9: =IF(OR(A9="",X9=0),0,X9*100000+A9/100000) -> 0 | AA9: =IF(A9="","",IF(AND(Config!$B$10<>"",D9<>"Sim",D9<>"N/A"),Config!$B$10&"; ","")&IF(AND(Config!$B$11<>"",E9<>"Sim",E9<>"N/A"),Config!$B$11&"; ","")&IF(AND(Config!$B$12<>"",F9<>"Sim",F9<>"N/A"),Config!$B$12&"; ","")&IF(AND(Config!$B$13<>"",G9<>"Sim",G9<>"N/A"),Config!$B$13&"; ","")&IF(AND(Config!$B$14<>"",H9<>"Sim",H9<>"N/A"),Config!$B$14&"; ","")&IF(AND(Config!$B$15<>"",I9<>"Sim",I9<>"N/A"),Config!$B$15&"; ","")&IF(AND(Config!$B$16<>"",J9<>"Sim",J9<>"N/A"),Config!$B$16&"; ","")&IF(AND(Config!$B$17<>"",K9<>"Sim",K9<>"N/A"),Config!$B$17&"; ","")&IF(AND(Config!$D$10<>"",L9<>"Sim",L9<>"N/A"),Config!$D$10&"; ","")&IF(AND(Config!$D$11<>"",M9<>"Sim",M9<>"N/A"),Config!$D$11&"; ","")&IF(AND(Config!$D$12<>"",N9<>"Sim",N9<>"N/A"),Config!$D$12&"; ","")&IF(AND(Config!$D$13<>"",O9<>"Sim",O9<>"N/A"),Config!$D$13&"; ","")&IF(AND(Config!$D$14<>"",P9<>"Sim",P9<>"N/A"),Config!$D$14&"; ","")&IF(AND(Config!$D$15<>"",Q9<>"Sim",Q9<>"N/A"),Config!$D$15&"; ","")&IF(AND(Config!$D$16<>"",R9<>"Sim",R9<>"N/A"),Config!$D$16&"; ","")&IF(AND(Config!$D$17<>"",S9<>"Sim",S9<>"N/A"),Config!$D$17&"; ","")) | AB9: =IF(A9="",0,COUNTIF($A$5:$A$304,">"&A9)+1) -> 69
A10: 46182 | B10: =IF(A10="","",CHOOSE(WEEKDAY(A10,2),"Segunda","Terça","Quarta","Quinta","Sexta","Sábado","Domingo")) -> Terça | C10: Bruna Carvalho | D10: Sim | E10: Sim | F10: Sim | G10: Sim | H10: Sim | I10: N/A | L10: Sim | M10: Sim | N10: Sim | O10: Sim | P10: Sim | Q10: Sim | T10: =IF(A10="","",IFERROR(COUNTIF(D10:K10,"Sim")/(Config!$B$19-COUNTIF(D10:K10,"N/A")),"")) -> 1 | U10: =IF(A10="","",IFERROR(COUNTIF(L10:S10,"Sim")/(Config!$D$19-COUNTIF(L10:S10,"N/A")),"")) -> 1 | V10: =IF(A10="","",MAX(0,Config!$B$19-COUNTIF(D10:K10,"Sim")-COUNTIF(D10:K10,"N/A"))) -> 0 | W10: =IF(A10="","",MAX(0,Config!$D$19-COUNTIF(L10:S10,"Sim")-COUNTIF(L10:S10,"N/A"))) -> 0 | X10: =IF(A10="","",V10+W10) -> 0 | Y10: =IF(OR(A10="",AA10=""),"",LEFT(AA10,LEN(AA10)-2)) | Z10: =IF(OR(A10="",X10=0),0,X10*100000+A10/100000) -> 0 | AA10: =IF(A10="","",IF(AND(Config!$B$10<>"",D10<>"Sim",D10<>"N/A"),Config!$B$10&"; ","")&IF(AND(Config!$B$11<>"",E10<>"Sim",E10<>"N/A"),Config!$B$11&"; ","")&IF(AND(Config!$B$12<>"",F10<>"Sim",F10<>"N/A"),Config!$B$12&"; ","")&IF(AND(Config!$B$13<>"",G10<>"Sim",G10<>"N/A"),Config!$B$13&"; ","")&IF(AND(Config!$B$14<>"",H10<>"Sim",H10<>"N/A"),Config!$B$14&"; ","")&IF(AND(Config!$B$15<>"",I10<>"Sim",I10<>"N/A"),Config!$B$15&"; ","")&IF(AND(Config!$B$16<>"",J10<>"Sim",J10<>"N/A"),Config!$B$16&"; ","")&IF(AND(Config!$B$17<>"",K10<>"Sim",K10<>"N/A"),Config!$B$17&"; ","")&IF(AND(Config!$D$10<>"",L10<>"Sim",L10<>"N/A"),Config!$D$10&"; ","")&IF(AND(Config!$D$11<>"",M10<>"Sim",M10<>"N/A"),Config!$D$11&"; ","")&IF(AND(Config!$D$12<>"",N10<>"Sim",N10<>"N/A"),Config!$D$12&"; ","")&IF(AND(Config!$D$13<>"",O10<>"Sim",O10<>"N/A"),Config!$D$13&"; ","")&IF(AND(Config!$D$14<>"",P10<>"Sim",P10<>"N/A"),Config!$D$14&"; ","")&IF(AND(Config!$D$15<>"",Q10<>"Sim",Q10<>"N/A"),Config!$D$15&"; ","")&IF(AND(Config!$D$16<>"",R10<>"Sim",R10<>"N/A"),Config!$D$16&"; ","")&IF(AND(Config!$D$17<>"",S10<>"Sim",S10<>"N/A"),Config!$D$17&"; ","")) | AB10: =IF(A10="",0,COUNTIF($A$5:$A$304,">"&A10)+1) -> 68
A11: 46183 | B11: =IF(A11="","",CHOOSE(WEEKDAY(A11,2),"Segunda","Terça","Quarta","Quinta","Sexta","Sábado","Domingo")) -> Quarta | C11: Bruna Carvalho | D11: Sim | E11: Sim | F11: Sim | G11: Sim | H11: Sim | I11: N/A | L11: Sim | M11: Sim | N11: Sim | O11: Sim | P11: Sim | Q11: Sim | T11: =IF(A11="","",IFERROR(COUNTIF(D11:K11,"Sim")/(Config!$B$19-COUNTIF(D11:K11,"N/A")),"")) -> 1 | U11: =IF(A11="","",IFERROR(COUNTIF(L11:S11,"Sim")/(Config!$D$19-COUNTIF(L11:S11,"N/A")),"")) -> 1 | V11: =IF(A11="","",MAX(0,Config!$B$19-COUNTIF(D11:K11,"Sim")-COUNTIF(D11:K11,"N/A"))) -> 0 | W11: =IF(A11="","",MAX(0,Config!$D$19-COUNTIF(L11:S11,"Sim")-COUNTIF(L11:S11,"N/A"))) -> 0 | X11: =IF(A11="","",V11+W11) -> 0 | Y11: =IF(OR(A11="",AA11=""),"",LEFT(AA11,LEN(AA11)-2)) | Z11: =IF(OR(A11="",X11=0),0,X11*100000+A11/100000) -> 0 | AA11: =IF(A11="","",IF(AND(Config!$B$10<>"",D11<>"Sim",D11<>"N/A"),Config!$B$10&"; ","")&IF(AND(Config!$B$11<>"",E11<>"Sim",E11<>"N/A"),Config!$B$11&"; ","")&IF(AND(Config!$B$12<>"",F11<>"Sim",F11<>"N/A"),Config!$B$12&"; ","")&IF(AND(Config!$B$13<>"",G11<>"Sim",G11<>"N/A"),Config!$B$13&"; ","")&IF(AND(Config!$B$14<>"",H11<>"Sim",H11<>"N/A"),Config!$B$14&"; ","")&IF(AND(Config!$B$15<>"",I11<>"Sim",I11<>"N/A"),Config!$B$15&"; ","")&IF(AND(Config!$B$16<>"",J11<>"Sim",J11<>"N/A"),Config!$B$16&"; ","")&IF(AND(Config!$B$17<>"",K11<>"Sim",K11<>"N/A"),Config!$B$17&"; ","")&IF(AND(Config!$D$10<>"",L11<>"Sim",L11<>"N/A"),Config!$D$10&"; ","")&IF(AND(Config!$D$11<>"",M11<>"Sim",M11<>"N/A"),Config!$D$11&"; ","")&IF(AND(Config!$D$12<>"",N11<>"Sim",N11<>"N/A"),Config!$D$12&"; ","")&IF(AND(Config!$D$13<>"",O11<>"Sim",O11<>"N/A"),Config!$D$13&"; ","")&IF(AND(Config!$D$14<>"",P11<>"Sim",P11<>"N/A"),Config!$D$14&"; ","")&IF(AND(Config!$D$15<>"",Q11<>"Sim",Q11<>"N/A"),Config!$D$15&"; ","")&IF(AND(Config!$D$16<>"",R11<>"Sim",R11<>"N/A"),Config!$D$16&"; ","")&IF(AND(Config!$D$17<>"",S11<>"Sim",S11<>"N/A"),Config!$D$17&"; ","")) | AB11: =IF(A11="",0,COUNTIF($A$5:$A$304,">"&A11)+1) -> 67
A12: 46184 | B12: =IF(A12="","",CHOOSE(WEEKDAY(A12,2),"Segunda","Terça","Quarta","Quinta","Sexta","Sábado","Domingo")) -> Quinta | C12: Bruna Carvalho | D12: Sim | E12: Sim | F12: Não | G12: Sim | H12: Sim | I12: N/A | L12: Sim | M12: Sim | N12: Sim | O12: Sim | P12: Sim | Q12: Sim | T12: =IF(A12="","",IFERROR(COUNTIF(D12:K12,"Sim")/(Config!$B$19-COUNTIF(D12:K12,"N/A")),"")) -> 0.8 | U12: =IF(A12="","",IFERROR(COUNTIF(L12:S12,"Sim")/(Config!$D$19-COUNTIF(L12:S12,"N/A")),"")) -> 1 | V12: =IF(A12="","",MAX(0,Config!$B$19-COUNTIF(D12:K12,"Sim")-COUNTIF(D12:K12,"N/A"))) -> 1 | W12: =IF(A12="","",MAX(0,Config!$D$19-COUNTIF(L12:S12,"Sim")-COUNTIF(L12:S12,"N/A"))) -> 0 | X12: =IF(A12="","",V12+W12) -> 1 | Y12: =IF(OR(A12="",AA12=""),"",LEFT(AA12,LEN(AA12)-2)) -> Salas e equipamentos prontos (ECG, MAPA, Holter) | Z12: =IF(OR(A12="",X12=0),0,X12*100000+A12/100000) -> 100000.46 | AA12: =IF(A12="","",IF(AND(Config!$B$10<>"",D12<>"Sim",D12<>"N/A"),Config!$B$10&"; ","")&IF(AND(Config!$B$11<>"",E12<>"Sim",E12<>"N/A"),Config!$B$11&"; ","")&IF(AND(Config!$B$12<>"",F12<>"Sim",F12<>"N/A"),Config!$B$12&"; ","")&IF(AND(Config!$B$13<>"",G12<>"Sim",G12<>"N/A"),Config!$B$13&"; ","")&IF(AND(Config!$B$14<>"",H12<>"Sim",H12<>"N/A"),Config!$B$14&"; ","")&IF(AND(Config!$B$15<>"",I12<>"Sim",I12<>"N/A"),Config!$B$15&"; ","")&IF(AND(Config!$B$16<>"",J12<>"Sim",J12<>"N/A"),Config!$B$16&"; ","")&IF(AND(Config!$B$17<>"",K12<>"Sim",K12<>"N/A"),Config!$B$17&"; ","")&IF(AND(Config!$D$10<>"",L12<>"Sim",L12<>"N/A"),Config!$D$10&"; ","")&IF(AND(Config!$D$11<>"",M12<>"Sim",M12<>"N/A"),Config!$D$11&"; ","")&IF(AND(Config!$D$12<>"",N12<>"Sim",N12<>"N/A"),Config!$D$12&"; ","")&IF(AND(Config!$D$13<>"",O12<>"Sim",O12<>"N/A"),Config!$D$13&"; ","")&IF(AND(Config!$D$14<>"",P12<>"Sim",P12<>"N/A"),Config!$D$14&"; ","")&IF(AND(Config!$D$15<>"",Q12<>"Sim",Q12<>"N/A"),Config!$D$15&"; ","")&IF(AND(Config!$D$16<>"",R12<>"Sim",R12<>"N/A"),Config!$D$16&"; ","")&IF(AND(Config!$D$17<>"",S12<>"Sim",S12<>"N/A"),Config!$D$17&"; ","")) -> Salas e equipamentos prontos (ECG, MAPA, Holter); | AB12: =IF(A12="",0,COUNTIF($A$5:$A$304,">"&A12)+1) -> 66
A13: 46185 | B13: =IF(A13="","",CHOOSE(WEEKDAY(A13,2),"Segunda","Terça","Quarta","Quinta","Sexta","Sábado","Domingo")) -> Sexta | C13: Bruna Carvalho | D13: Sim | E13: Sim | F13: Sim | G13: Sim | H13: Sim | I13: Sim | L13: Não | M13: Não | N13: Sim | O13: Sim | P13: Sim | Q13: Sim | T13: =IF(A13="","",IFERROR(COUNTIF(D13:K13,"Sim")/(Config!$B$19-COUNTIF(D13:K13,"N/A")),"")) -> 1 | U13: =IF(A13="","",IFERROR(COUNTIF(L13:S13,"Sim")/(Config!$D$19-COUNTIF(L13:S13,"N/A")),"")) -> 0.66666667 | V13: =IF(A13="","",MAX(0,Config!$B$19-COUNTIF(D13:K13,"Sim")-COUNTIF(D13:K13,"N/A"))) -> 0 | W13: =IF(A13="","",MAX(0,Config!$D$19-COUNTIF(L13:S13,"Sim")-COUNTIF(L13:S13,"N/A"))) -> 2 | X13: =IF(A13="","",V13+W13) -> 2 | Y13: =IF(OR(A13="",AA13=""),"",LEFT(AA13,LEN(AA13)-2)) -> Caixa do dia fechado e conferido (Pix, cartão, dinheiro); Fechamento do dia lançado no Caixa (09) | Z13: =IF(OR(A13="",X13=0),0,X13*100000+A13/100000) -> 200000.46 | AA13: =IF(A13="","",IF(AND(Config!$B$10<>"",D13<>"Sim",D13<>"N/A"),Config!$B$10&"; ","")&IF(AND(Config!$B$11<>"",E13<>"Sim",E13<>"N/A"),Config!$B$11&"; ","")&IF(AND(Config!$B$12<>"",F13<>"Sim",F13<>"N/A"),Config!$B$12&"; ","")&IF(AND(Config!$B$13<>"",G13<>"Sim",G13<>"N/A"),Config!$B$13&"; ","")&IF(AND(Config!$B$14<>"",H13<>"Sim",H13<>"N/A"),Config!$B$14&"; ","")&IF(AND(Config!$B$15<>"",I13<>"Sim",I13<>"N/A"),Config!$B$15&"; ","")&IF(AND(Config!$B$16<>"",J13<>"Sim",J13<>"N/A"),Config!$B$16&"; ","")&IF(AND(Config!$B$17<>"",K13<>"Sim",K13<>"N/A"),Config!$B$17&"; ","")&IF(AND(Config!$D$10<>"",L13<>"Sim",L13<>"N/A"),Config!$D$10&"; ","")&IF(AND(Config!$D$11<>"",M13<>"Sim",M13<>"N/A"),Config!$D$11&"; ","")&IF(AND(Config!$D$12<>"",N13<>"Sim",N13<>"N/A"),Config!$D$12&"; ","")&IF(AND(Config!$D$13<>"",O13<>"Sim",O13<>"N/A"),Config!$D$13&"; ","")&IF(AND(Config!$D$14<>"",P13<>"Sim",P13<>"N/A"),Config!$D$14&"; ","")&IF(AND(Config!$D$15<>"",Q13<>"Sim",Q13<>"N/A"),Config!$D$15&"; ","")&IF(AND(Config!$D$16<>"",R13<>"Sim",R13<>"N/A"),Config!$D$16&"; ","")&IF(AND(Config!$D$17<>"",S13<>"Sim",S13<>"N/A"),Config!$D$17&"; ","")) -> Caixa do dia fechado e conferido (Pix, cartão, dinheiro); Fechamento do dia lançado no Caixa (09); | AB13: =IF(A13="",0,COUNTIF($A$5:$A$304,">"&A13)+1) -> 65
A14: 46188 | B14: =IF(A14="","",CHOOSE(WEEKDAY(A14,2),"Segunda","Terça","Quarta","Quinta","Sexta","Sábado","Domingo")) -> Segunda | C14: Bruna Carvalho | D14: Sim | E14: Sim | F14: Sim | G14: Sim | H14: Sim | I14: N/A | L14: Sim | M14: Sim | N14: Sim | O14: Sim | P14: Sim | Q14: Sim | T14: =IF(A14="","",IFERROR(COUNTIF(D14:K14,"Sim")/(Config!$B$19-COUNTIF(D14:K14,"N/A")),"")) -> 1 | U14: =IF(A14="","",IFERROR(COUNTIF(L14:S14,"Sim")/(Config!$D$19-COUNTIF(L14:S14,"N/A")),"")) -> 1 | V14: =IF(A14="","",MAX(0,Config!$B$19-COUNTIF(D14:K14,"Sim")-COUNTIF(D14:K14,"N/A"))) -> 0 | W14: =IF(A14="","",MAX(0,Config!$D$19-COUNTIF(L14:S14,"Sim")-COUNTIF(L14:S14,"N/A"))) -> 0 | X14: =IF(A14="","",V14+W14) -> 0 | Y14: =IF(OR(A14="",AA14=""),"",LEFT(AA14,LEN(AA14)-2)) | Z14: =IF(OR(A14="",X14=0),0,X14*100000+A14/100000) -> 0 | AA14: =IF(A14="","",IF(AND(Config!$B$10<>"",D14<>"Sim",D14<>"N/A"),Config!$B$10&"; ","")&IF(AND(Config!$B$11<>"",E14<>"Sim",E14<>"N/A"),Config!$B$11&"; ","")&IF(AND(Config!$B$12<>"",F14<>"Sim",F14<>"N/A"),Config!$B$12&"; ","")&IF(AND(Config!$B$13<>"",G14<>"Sim",G14<>"N/A"),Config!$B$13&"; ","")&IF(AND(Config!$B$14<>"",H14<>"Sim",H14<>"N/A"),Config!$B$14&"; ","")&IF(AND(Config!$B$15<>"",I14<>"Sim",I14<>"N/A"),Config!$B$15&"; ","")&IF(AND(Config!$B$16<>"",J14<>"Sim",J14<>"N/A"),Config!$B$16&"; ","")&IF(AND(Config!$B$17<>"",K14<>"Sim",K14<>"N/A"),Config!$B$17&"; ","")&IF(AND(Config!$D$10<>"",L14<>"Sim",L14<>"N/A"),Config!$D$10&"; ","")&IF(AND(Config!$D$11<>"",M14<>"Sim",M14<>"N/A"),Config!$D$11&"; ","")&IF(AND(Config!$D$12<>"",N14<>"Sim",N14<>"N/A"),Config!$D$12&"; ","")&IF(AND(Config!$D$13<>"",O14<>"Sim",O14<>"N/A"),Config!$D$13&"; ","")&IF(AND(Config!$D$14<>"",P14<>"Sim",P14<>"N/A"),Config!$D$14&"; ","")&IF(AND(Config!$D$15<>"",Q14<>"Sim",Q14<>"N/A"),Config!$D$15&"; ","")&IF(AND(Config!$D$16<>"",R14<>"Sim",R14<>"N/A"),Config!$D$16&"; ","")&IF(AND(Config!$D$17<>"",S14<>"Sim",S14<>"N/A"),Config!$D$17&"; ","")) | AB14: =IF(A14="",0,COUNTIF($A$5:$A$304,">"&A14)+1) -> 64
A15: 46189 | B15: =IF(A15="","",CHOOSE(WEEKDAY(A15,2),"Segunda","Terça","Quarta","Quinta","Sexta","Sábado","Domingo")) -> Terça | C15: Bruna Carvalho | D15: Sim | E15: Sim | F15: Sim | G15: Sim | H15: Sim | I15: N/A | L15: Sim | M15: Sim | N15: Sim | O15: Sim | P15: Sim | Q15: Não | T15: =IF(A15="","",IFERROR(COUNTIF(D15:K15,"Sim")/(Config!$B$19-COUNTIF(D15:K15,"N/A")),"")) -> 1 | U15: =IF(A15="","",IFERROR(COUNTIF(L15:S15,"Sim")/(Config!$D$19-COUNTIF(L15:S15,"N/A")),"")) -> 0.83333333 | V15: =IF(A15="","",MAX(0,Config!$B$19-COUNTIF(D15:K15,"Sim")-COUNTIF(D15:K15,"N/A"))) -> 0 | W15: =IF(A15="","",MAX(0,Config!$D$19-COUNTIF(L15:S15,"Sim")-COUNTIF(L15:S15,"N/A"))) -> 1 | X15: =IF(A15="","",V15+W15) -> 1 | Y15: =IF(OR(A15="",AA15=""),"",LEFT(AA15,LEN(AA15)-2)) -> Agenda de amanhã revisada e confirmações enviadas | Z15: =IF(OR(A15="",X15=0),0,X15*100000+A15/100000) -> 100000.46 | AA15: =IF(A15="","",IF(AND(Config!$B$10<>"",D15<>"Sim",D15<>"N/A"),Config!$B$10&"; ","")&IF(AND(Config!$B$11<>"",E15<>"Sim",E15<>"N/A"),Config!$B$11&"; ","")&IF(AND(Config!$B$12<>"",F15<>"Sim",F15<>"N/A"),Config!$B$12&"; ","")&IF(AND(Config!$B$13<>"",G15<>"Sim",G15<>"N/A"),Config!$B$13&"; ","")&IF(AND(Config!$B$14<>"",H15<>"Sim",H15<>"N/A"),Config!$B$14&"; ","")&IF(AND(Config!$B$15<>"",I15<>"Sim",I15<>"N/A"),Config!$B$15&"; ","")&IF(AND(Config!$B$16<>"",J15<>"Sim",J15<>"N/A"),Config!$B$16&"; ","")&IF(AND(Config!$B$17<>"",K15<>"Sim",K15<>"N/A"),Config!$B$17&"; ","")&IF(AND(Config!$D$10<>"",L15<>"Sim",L15<>"N/A"),Config!$D$10&"; ","")&IF(AND(Config!$D$11<>"",M15<>"Sim",M15<>"N/A"),Config!$D$11&"; ","")&IF(AND(Config!$D$12<>"",N15<>"Sim",N15<>"N/A"),Config!$D$12&"; ","")&IF(AND(Config!$D$13<>"",O15<>"Sim",O15<>"N/A"),Config!$D$13&"; ","")&IF(AND(Config!$D$14<>"",P15<>"Sim",P15<>"N/A"),Config!$D$14&"; ","")&IF(AND(Config!$D$15<>"",Q15<>"Sim",Q15<>"N/A"),Config!$D$15&"; ","")&IF(AND(Config!$D$16<>"",R15<>"Sim",R15<>"N/A"),Config!$D$16&"; ","")&IF(AND(Config!$D$17<>"",S15<>"Sim",S15<>"N/A"),Config!$D$17&"; ","")) -> Agenda de amanhã revisada e confirmações enviadas; | AB15: =IF(A15="",0,COUNTIF($A$5:$A$304,">"&A15)+1) -> 63
A16: 46190 | B16: =IF(A16="","",CHOOSE(WEEKDAY(A16,2),"Segunda","Terça","Quarta","Quinta","Sexta","Sábado","Domingo")) -> Quarta | C16: Bruna Carvalho | D16: Sim | E16: Sim | F16: Sim | G16: Sim | H16: Sim | I16: N/A | L16: Não | M16: Sim | N16: Sim | O16: Sim | P16: Sim | Q16: Sim | T16: =IF(A16="","",IFERROR(COUNTIF(D16:K16,"Sim")/(Config!$B$19-COUNTIF(D16:K16,"N/A")),"")) -> 1 | U16: =IF(A16="","",IFERROR(COUNTIF(L16:S16,"Sim")/(Config!$D$19-COUNTIF(L16:S16,"N/A")),"")) -> 0.83333333 | V16: =IF(A16="","",MAX(0,Config!$B$19-COUNTIF(D16:K16,"Sim")-COUNTIF(D16:K16,"N/A"))) -> 0 | W16: =IF(A16="","",MAX(0,Config!$D$19-COUNTIF(L16:S16,"Sim")-COUNTIF(L16:S16,"N/A"))) -> 1 | X16: =IF(A16="","",V16+W16) -> 1 | Y16: =IF(OR(A16="",AA16=""),"",LEFT(AA16,LEN(AA16)-2)) -> Caixa do dia fechado e conferido (Pix, cartão, dinheiro) | Z16: =IF(OR(A16="",X16=0),0,X16*100000+A16/100000) -> 100000.46 | AA16: =IF(A16="","",IF(AND(Config!$B$10<>"",D16<>"Sim",D16<>"N/A"),Config!$B$10&"; ","")&IF(AND(Config!$B$11<>"",E16<>"Sim",E16<>"N/A"),Config!$B$11&"; ","")&IF(AND(Config!$B$12<>"",F16<>"Sim",F16<>"N/A"),Config!$B$12&"; ","")&IF(AND(Config!$B$13<>"",G16<>"Sim",G16<>"N/A"),Config!$B$13&"; ","")&IF(AND(Config!$B$14<>"",H16<>"Sim",H16<>"N/A"),Config!$B$14&"; ","")&IF(AND(Config!$B$15<>"",I16<>"Sim",I16<>"N/A"),Config!$B$15&"; ","")&IF(AND(Config!$B$16<>"",J16<>"Sim",J16<>"N/A"),Config!$B$16&"; ","")&IF(AND(Config!$B$17<>"",K16<>"Sim",K16<>"N/A"),Config!$B$17&"; ","")&IF(AND(Config!$D$10<>"",L16<>"Sim",L16<>"N/A"),Config!$D$10&"; ","")&IF(AND(Config!$D$11<>"",M16<>"Sim",M16<>"N/A"),Config!$D$11&"; ","")&IF(AND(Config!$D$12<>"",N16<>"Sim",N16<>"N/A"),Config!$D$12&"; ","")&IF(AND(Config!$D$13<>"",O16<>"Sim",O16<>"N/A"),Config!$D$13&"; ","")&IF(AND(Config!$D$14<>"",P16<>"Sim",P16<>"N/A"),Config!$D$14&"; ","")&IF(AND(Config!$D$15<>"",Q16<>"Sim",Q16<>"N/A"),Config!$D$15&"; ","")&IF(AND(Config!$D$16<>"",R16<>"Sim",R16<>"N/A"),Config!$D$16&"; ","")&IF(AND(Config!$D$17<>"",S16<>"Sim",S16<>"N/A"),Config!$D$17&"; ","")) -> Caixa do dia fechado e conferido (Pix, cartão, dinheiro); | AB16: =IF(A16="",0,COUNTIF($A$5:$A$304,">"&A16)+1) -> 62
... A75: 46274 | B75: =IF(A75="","",CHOOSE(WEEKDAY(A75,2),"Segunda","Terça","Quarta","Quinta","Sexta","Sábado","Domingo")) -> Quarta | C75: Bruna Carvalho | D75: Sim | E75: Sim | F75: Sim | G75: Sim | H75: Sim | I75: N/A | L75: Sim | M75: Sim | N75: Sim | O75: Sim | P75: Sim | Q75: Sim | T75: =IF(A75="","",IFERROR(COUNTIF(D75:K75,"Sim")/(Config!$B$19-COUNTIF(D75:K75,"N/A")),"")) -> 1 | U75: =IF(A75="","",IFERROR(COUNTIF(L75:S75,"Sim")/(Config!$D$19-COUNTIF(L75:S75,"N/A")),"")) -> 1 | V75: =IF(A75="","",MAX(0,Config!$B$19-COUNTIF(D75:K75,"Sim")-COUNTIF(D75:K75,"N/A"))) -> 0 | W75: =IF(A75="","",MAX(0,Config!$D$19-COUNTIF(L75:S75,"Sim")-COUNTIF(L75:S75,"N/A"))) -> 0 | X75: =IF(A75="","",V75+W75) -> 0 | Y75: =IF(OR(A75="",AA75=""),"",LEFT(AA75,LEN(AA75)-2)) | Z75: =IF(OR(A75="",X75=0),0,X75*100000+A75/100000) -> 0 | AA75: =IF(A75="","",IF(AND(Config!$B$10<>"",D75<>"Sim",D75<>"N/A"),Config!$B$10&"; ","")&IF(AND(Config!$B$11<>"",E75<>"Sim",E75<>"N/A"),Config!$B$11&"; ","")&IF(AND(Config!$B$12<>"",F75<>"Sim",F75<>"N/A"),Config!$B$12&"; ","")&IF(AND(Config!$B$13<>"",G75<>"Sim",G75<>"N/A"),Config!$B$13&"; ","")&IF(AND(Config!$B$14<>"",H75<>"Sim",H75<>"N/A"),Config!$B$14&"; ","")&IF(AND(Config!$B$15<>"",I75<>"Sim",I75<>"N/A"),Config!$B$15&"; ","")&IF(AND(Config!$B$16<>"",J75<>"Sim",J75<>"N/A"),Config!$B$16&"; ","")&IF(AND(Config!$B$17<>"",K75<>"Sim",K75<>"N/A"),Config!$B$17&"; ","")&IF(AND(Config!$D$10<>"",L75<>"Sim",L75<>"N/A"),Config!$D$10&"; ","")&IF(AND(Config!$D$11<>"",M75<>"Sim",M75<>"N/A"),Config!$D$11&"; ","")&IF(AND(Config!$D$12<>"",N75<>"Sim",N75<>"N/A"),Config!$D$12&"; ","")&IF(AND(Config!$D$13<>"",O75<>"Sim",O75<>"N/A"),Config!$D$13&"; ","")&IF(AND(Config!$D$14<>"",P75<>"Sim",P75<>"N/A"),Config!$D$14&"; ","")&IF(AND(Config!$D$15<>"",Q75<>"Sim",Q75<>"N/A"),Config!$D$15&"; ","")&IF(AND(Config!$D$16<>"",R75<>"Sim",R75<>"N/A"),Config!$D$16&"; ","")&IF(AND(Config!$D$17<>"",S75<>"Sim",S75<>"N/A"),Config!$D$17&"; ","")) | AB75: =IF(A75="",0,COUNTIF($A$5:$A$304,">"&A75)+1) -> 3
A76: 46275 | B76: =IF(A76="","",CHOOSE(WEEKDAY(A76,2),"Segunda","Terça","Quarta","Quinta","Sexta","Sábado","Domingo")) -> Quinta | C76: Bruna Carvalho | D76: Sim | E76: Sim | F76: Sim | G76: Não | H76: Sim | I76: N/A | L76: Sim | N76: Sim | O76: Sim | P76: Sim | Q76: Sim | T76: =IF(A76="","",IFERROR(COUNTIF(D76:K76,"Sim")/(Config!$B$19-COUNTIF(D76:K76,"N/A")),"")) -> 0.8 | U76: =IF(A76="","",IFERROR(COUNTIF(L76:S76,"Sim")/(Config!$D$19-COUNTIF(L76:S76,"N/A")),"")) -> 0.83333333 | V76: =IF(A76="","",MAX(0,Config!$B$19-COUNTIF(D76:K76,"Sim")-COUNTIF(D76:K76,"N/A"))) -> 1 | W76: =IF(A76="","",MAX(0,Config!$D$19-COUNTIF(L76:S76,"Sim")-COUNTIF(L76:S76,"N/A"))) -> 1 | X76: =IF(A76="","",V76+W76) -> 2 | Y76: =IF(OR(A76="",AA76=""),"",LEFT(AA76,LEN(AA76)-2)) -> Guias e autorizações de convênio do dia separadas; Fechamento do dia lançado no Caixa (09) | Z76: =IF(OR(A76="",X76=0),0,X76*100000+A76/100000) -> 200000.46 | AA76: =IF(A76="","",IF(AND(Config!$B$10<>"",D76<>"Sim",D76<>"N/A"),Config!$B$10&"; ","")&IF(AND(Config!$B$11<>"",E76<>"Sim",E76<>"N/A"),Config!$B$11&"; ","")&IF(AND(Config!$B$12<>"",F76<>"Sim",F76<>"N/A"),Config!$B$12&"; ","")&IF(AND(Config!$B$13<>"",G76<>"Sim",G76<>"N/A"),Config!$B$13&"; ","")&IF(AND(Config!$B$14<>"",H76<>"Sim",H76<>"N/A"),Config!$B$14&"; ","")&IF(AND(Config!$B$15<>"",I76<>"Sim",I76<>"N/A"),Config!$B$15&"; ","")&IF(AND(Config!$B$16<>"",J76<>"Sim",J76<>"N/A"),Config!$B$16&"; ","")&IF(AND(Config!$B$17<>"",K76<>"Sim",K76<>"N/A"),Config!$B$17&"; ","")&IF(AND(Config!$D$10<>"",L76<>"Sim",L76<>"N/A"),Config!$D$10&"; ","")&IF(AND(Config!$D$11<>"",M76<>"Sim",M76<>"N/A"),Config!$D$11&"; ","")&IF(AND(Config!$D$12<>"",N76<>"Sim",N76<>"N/A"),Config!$D$12&"; ","")&IF(AND(Config!$D$13<>"",O76<>"Sim",O76<>"N/A"),Config!$D$13&"; ","")&IF(AND(Config!$D$14<>"",P76<>"Sim",P76<>"N/A"),Config!$D$14&"; ","")&IF(AND(Config!$D$15<>"",Q76<>"Sim",Q76<>"N/A"),Config!$D$15&"; ","")&IF(AND(Config!$D$16<>"",R76<>"Sim",R76<>"N/A"),Config!$D$16&"; ","")&IF(AND(Config!$D$17<>"",S76<>"Sim",S76<>"N/A"),Config!$D$17&"; ","")) -> Guias e autorizações de convênio do dia separadas; Fechamento do dia lançado no Caixa (09); | AB76: =IF(A76="",0,COUNTIF($A$5:$A$304,">"&A76)+1) -> 2
A77: 46276 | B77: =IF(A77="","",CHOOSE(WEEKDAY(A77,2),"Segunda","Terça","Quarta","Quinta","Sexta","Sábado","Domingo")) -> Sexta | C77: Bruna Carvalho | D77: Sim | E77: Sim | F77: Sim | G77: Sim | H77: Não | I77: Sim | L77: Sim | M77: Sim | N77: Sim | P77: Sim | Q77: Sim | T77: =IF(A77="","",IFERROR(COUNTIF(D77:K77,"Sim")/(Config!$B$19-COUNTIF(D77:K77,"N/A")),"")) -> 0.83333333 | U77: =IF(A77="","",IFERROR(COUNTIF(L77:S77,"Sim")/(Config!$D$19-COUNTIF(L77:S77,"N/A")),"")) -> 0.83333333 | V77: =IF(A77="","",MAX(0,Config!$B$19-COUNTIF(D77:K77,"Sim")-COUNTIF(D77:K77,"N/A"))) -> 1 | W77: =IF(A77="","",MAX(0,Config!$D$19-COUNTIF(L77:S77,"Sim")-COUNTIF(L77:S77,"N/A"))) -> 1 | X77: =IF(A77="","",V77+W77) -> 2 | Y77: =IF(OR(A77="",AA77=""),"",LEFT(AA77,LEN(AA77)-2)) -> Troco e maquininha conferidos; Guias do dia conferidas e guardadas para o lote (13) | Z77: =IF(OR(A77="",X77=0),0,X77*100000+A77/100000) -> 200000.46 | AA77: =IF(A77="","",IF(AND(Config!$B$10<>"",D77<>"Sim",D77<>"N/A"),Config!$B$10&"; ","")&IF(AND(Config!$B$11<>"",E77<>"Sim",E77<>"N/A"),Config!$B$11&"; ","")&IF(AND(Config!$B$12<>"",F77<>"Sim",F77<>"N/A"),Config!$B$12&"; ","")&IF(AND(Config!$B$13<>"",G77<>"Sim",G77<>"N/A"),Config!$B$13&"; ","")&IF(AND(Config!$B$14<>"",H77<>"Sim",H77<>"N/A"),Config!$B$14&"; ","")&IF(AND(Config!$B$15<>"",I77<>"Sim",I77<>"N/A"),Config!$B$15&"; ","")&IF(AND(Config!$B$16<>"",J77<>"Sim",J77<>"N/A"),Config!$B$16&"; ","")&IF(AND(Config!$B$17<>"",K77<>"Sim",K77<>"N/A"),Config!$B$17&"; ","")&IF(AND(Config!$D$10<>"",L77<>"Sim",L77<>"N/A"),Config!$D$10&"; ","")&IF(AND(Config!$D$11<>"",M77<>"Sim",M77<>"N/A"),Config!$D$11&"; ","")&IF(AND(Config!$D$12<>"",N77<>"Sim",N77<>"N/A"),Config!$D$12&"; ","")&IF(AND(Config!$D$13<>"",O77<>"Sim",O77<>"N/A"),Config!$D$13&"; ","")&IF(AND(Config!$D$14<>"",P77<>"Sim",P77<>"N/A"),Config!$D$14&"; ","")&IF(AND(Config!$D$15<>"",Q77<>"Sim",Q77<>"N/A"),Config!$D$15&"; ","")&IF(AND(Config!$D$16<>"",R77<>"Sim",R77<>"N/A"),Config!$D$16&"; ","")&IF(AND(Config!$D$17<>"",S77<>"Sim",S77<>"N/A"),Config!$D$17&"; ","")) -> Troco e maquininha conferidos; Guias do dia conferidas e guardadas para o lote (13); | AB77: =IF(A77="",0,COUNTIF($A$5:$A$304,">"&A77)+1) -> 1
B78: =IF(A78="","",CHOOSE(WEEKDAY(A78,2),"Segunda","Terça","Quarta","Quinta","Sexta","Sábado","Domingo")) | T78: =IF(A78="","",IFERROR(COUNTIF(D78:K78,"Sim")/(Config!$B$19-COUNTIF(D78:K78,"N/A")),"")) | U78: =IF(A78="","",IFERROR(COUNTIF(L78:S78,"Sim")/(Config!$D$19-COUNTIF(L78:S78,"N/A")),"")) | V78: =IF(A78="","",MAX(0,Config!$B$19-COUNTIF(D78:K78,"Sim")-COUNTIF(D78:K78,"N/A"))) | W78: =IF(A78="","",MAX(0,Config!$D$19-COUNTIF(L78:S78,"Sim")-COUNTIF(L78:S78,"N/A"))) | X78: =IF(A78="","",V78+W78) | Y78: =IF(OR(A78="",AA78=""),"",LEFT(AA78,LEN(AA78)-2)) | Z78: =IF(OR(A78="",X78=0),0,X78*100000+A78/100000) -> 0 | AA78: =IF(A78="","",IF(AND(Config!$B$10<>"",D78<>"Sim",D78<>"N/A"),Config!$B$10&"; ","")&IF(AND(Config!$B$11<>"",E78<>"Sim",E78<>"N/A"),Config!$B$11&"; ","")&IF(AND(Config!$B$12<>"",F78<>"Sim",F78<>"N/A"),Config!$B$12&"; ","")&IF(AND(Config!$B$13<>"",G78<>"Sim",G78<>"N/A"),Config!$B$13&"; ","")&IF(AND(Config!$B$14<>"",H78<>"Sim",H78<>"N/A"),Config!$B$14&"; ","")&IF(AND(Config!$B$15<>"",I78<>"Sim",I78<>"N/A"),Config!$B$15&"; ","")&IF(AND(Config!$B$16<>"",J78<>"Sim",J78<>"N/A"),Config!$B$16&"; ","")&IF(AND(Config!$B$17<>"",K78<>"Sim",K78<>"N/A"),Config!$B$17&"; ","")&IF(AND(Config!$D$10<>"",L78<>"Sim",L78<>"N/A"),Config!$D$10&"; ","")&IF(AND(Config!$D$11<>"",M78<>"Sim",M78<>"N/A"),Config!$D$11&"; ","")&IF(AND(Config!$D$12<>"",N78<>"Sim",N78<>"N/A"),Config!$D$12&"; ","")&IF(AND(Config!$D$13<>"",O78<>"Sim",O78<>"N/A"),Config!$D$13&"; ","")&IF(AND(Config!$D$14<>"",P78<>"Sim",P78<>"N/A"),Config!$D$14&"; ","")&IF(AND(Config!$D$15<>"",Q78<>"Sim",Q78<>"N/A"),Config!$D$15&"; ","")&IF(AND(Config!$D$16<>"",R78<>"Sim",R78<>"N/A"),Config!$D$16&"; ","")&IF(AND(Config!$D$17<>"",S78<>"Sim",S78<>"N/A"),Config!$D$17&"; ","")) | AB78: =IF(A78="",0,COUNTIF($A$5:$A$304,">"&A78)+1) -> 0
B79: =IF(A79="","",CHOOSE(WEEKDAY(A79,2),"Segunda","Terça","Quarta","Quinta","Sexta","Sábado","Domingo")) | T79: =IF(A79="","",IFERROR(COUNTIF(D79:K79,"Sim")/(Config!$B$19-COUNTIF(D79:K79,"N/A")),"")) | U79: =IF(A79="","",IFERROR(COUNTIF(L79:S79,"Sim")/(Config!$D$19-COUNTIF(L79:S79,"N/A")),"")) | V79: =IF(A79="","",MAX(0,Config!$B$19-COUNTIF(D79:K79,"Sim")-COUNTIF(D79:K79,"N/A"))) | W79: =IF(A79="","",MAX(0,Config!$D$19-COUNTIF(L79:S79,"Sim")-COUNTIF(L79:S79,"N/A"))) | X79: =IF(A79="","",V79+W79) | Y79: =IF(OR(A79="",AA79=""),"",LEFT(AA79,LEN(AA79)-2)) | Z79: =IF(OR(A79="",X79=0),0,X79*100000+A79/100000) -> 0 | AA79: =IF(A79="","",IF(AND(Config!$B$10<>"",D79<>"Sim",D79<>"N/A"),Config!$B$10&"; ","")&IF(AND(Config!$B$11<>"",E79<>"Sim",E79<>"N/A"),Config!$B$11&"; ","")&IF(AND(Config!$B$12<>"",F79<>"Sim",F79<>"N/A"),Config!$B$12&"; ","")&IF(AND(Config!$B$13<>"",G79<>"Sim",G79<>"N/A"),Config!$B$13&"; ","")&IF(AND(Config!$B$14<>"",H79<>"Sim",H79<>"N/A"),Config!$B$14&"; ","")&IF(AND(Config!$B$15<>"",I79<>"Sim",I79<>"N/A"),Config!$B$15&"; ","")&IF(AND(Config!$B$16<>"",J79<>"Sim",J79<>"N/A"),Config!$B$16&"; ","")&IF(AND(Config!$B$17<>"",K79<>"Sim",K79<>"N/A"),Config!$B$17&"; ","")&IF(AND(Config!$D$10<>"",L79<>"Sim",L79<>"N/A"),Config!$D$10&"; ","")&IF(AND(Config!$D$11<>"",M79<>"Sim",M79<>"N/A"),Config!$D$11&"; ","")&IF(AND(Config!$D$12<>"",N79<>"Sim",N79<>"N/A"),Config!$D$12&"; ","")&IF(AND(Config!$D$13<>"",O79<>"Sim",O79<>"N/A"),Config!$D$13&"; ","")&IF(AND(Config!$D$14<>"",P79<>"Sim",P79<>"N/A"),Config!$D$14&"; ","")&IF(AND(Config!$D$15<>"",Q79<>"Sim",Q79<>"N/A"),Config!$D$15&"; ","")&IF(AND(Config!$D$16<>"",R79<>"Sim",R79<>"N/A"),Config!$D$16&"; ","")&IF(AND(Config!$D$17<>"",S79<>"Sim",S79<>"N/A"),Config!$D$17&"; ","")) | AB79: =IF(A79="",0,COUNTIF($A$5:$A$304,">"&A79)+1) -> 0
B80: =IF(A80="","",CHOOSE(WEEKDAY(A80,2),"Segunda","Terça","Quarta","Quinta","Sexta","Sábado","Domingo")) | T80: =IF(A80="","",IFERROR(COUNTIF(D80:K80,"Sim")/(Config!$B$19-COUNTIF(D80:K80,"N/A")),"")) | U80: =IF(A80="","",IFERROR(COUNTIF(L80:S80,"Sim")/(Config!$D$19-COUNTIF(L80:S80,"N/A")),"")) | V80: =IF(A80="","",MAX(0,Config!$B$19-COUNTIF(D80:K80,"Sim")-COUNTIF(D80:K80,"N/A"))) | W80: =IF(A80="","",MAX(0,Config!$D$19-COUNTIF(L80:S80,"Sim")-COUNTIF(L80:S80,"N/A"))) | X80: =IF(A80="","",V80+W80) | Y80: =IF(OR(A80="",AA80=""),"",LEFT(AA80,LEN(AA80)-2)) | Z80: =IF(OR(A80="",X80=0),0,X80*100000+A80/100000) -> 0 | AA80: =IF(A80="","",IF(AND(Config!$B$10<>"",D80<>"Sim",D80<>"N/A"),Config!$B$10&"; ","")&IF(AND(Config!$B$11<>"",E80<>"Sim",E80<>"N/A"),Config!$B$11&"; ","")&IF(AND(Config!$B$12<>"",F80<>"Sim",F80<>"N/A"),Config!$B$12&"; ","")&IF(AND(Config!$B$13<>"",G80<>"Sim",G80<>"N/A"),Config!$B$13&"; ","")&IF(AND(Config!$B$14<>"",H80<>"Sim",H80<>"N/A"),Config!$B$14&"; ","")&IF(AND(Config!$B$15<>"",I80<>"Sim",I80<>"N/A"),Config!$B$15&"; ","")&IF(AND(Config!$B$16<>"",J80<>"Sim",J80<>"N/A"),Config!$B$16&"; ","")&IF(AND(Config!$B$17<>"",K80<>"Sim",K80<>"N/A"),Config!$B$17&"; ","")&IF(AND(Config!$D$10<>"",L80<>"Sim",L80<>"N/A"),Config!$D$10&"; ","")&IF(AND(Config!$D$11<>"",M80<>"Sim",M80<>"N/A"),Config!$D$11&"; ","")&IF(AND(Config!$D$12<>"",N80<>"Sim",N80<>"N/A"),Config!$D$12&"; ","")&IF(AND(Config!$D$13<>"",O80<>"Sim",O80<>"N/A"),Config!$D$13&"; ","")&IF(AND(Config!$D$14<>"",P80<>"Sim",P80<>"N/A"),Config!$D$14&"; ","")&IF(AND(Config!$D$15<>"",Q80<>"Sim",Q80<>"N/A"),Config!$D$15&"; ","")&IF(AND(Config!$D$16<>"",R80<>"Sim",R80<>"N/A"),Config!$D$16&"; ","")&IF(AND(Config!$D$17<>"",S80<>"Sim",S80<>"N/A"),Config!$D$17&"; ","")) | AB80: =IF(A80="",0,COUNTIF($A$5:$A$304,">"&A80)+1) -> 0
B81: =IF(A81="","",CHOOSE(WEEKDAY(A81,2),"Segunda","Terça","Quarta","Quinta","Sexta","Sábado","Domingo")) | T81: =IF(A81="","",IFERROR(COUNTIF(D81:K81,"Sim")/(Config!$B$19-COUNTIF(D81:K81,"N/A")),"")) | U81: =IF(A81="","",IFERROR(COUNTIF(L81:S81,"Sim")/(Config!$D$19-COUNTIF(L81:S81,"N/A")),"")) | V81: =IF(A81="","",MAX(0,Config!$B$19-COUNTIF(D81:K81,"Sim")-COUNTIF(D81:K81,"N/A"))) | W81: =IF(A81="","",MAX(0,Config!$D$19-COUNTIF(L81:S81,"Sim")-COUNTIF(L81:S81,"N/A"))) | X81: =IF(A81="","",V81+W81) | Y81: =IF(OR(A81="",AA81=""),"",LEFT(AA81,LEN(AA81)-2)) | Z81: =IF(OR(A81="",X81=0),0,X81*100000+A81/100000) -> 0 | AA81: =IF(A81="","",IF(AND(Config!$B$10<>"",D81<>"Sim",D81<>"N/A"),Config!$B$10&"; ","")&IF(AND(Config!$B$11<>"",E81<>"Sim",E81<>"N/A"),Config!$B$11&"; ","")&IF(AND(Config!$B$12<>"",F81<>"Sim",F81<>"N/A"),Config!$B$12&"; ","")&IF(AND(Config!$B$13<>"",G81<>"Sim",G81<>"N/A"),Config!$B$13&"; ","")&IF(AND(Config!$B$14<>"",H81<>"Sim",H81<>"N/A"),Config!$B$14&"; ","")&IF(AND(Config!$B$15<>"",I81<>"Sim",I81<>"N/A"),Config!$B$15&"; ","")&IF(AND(Config!$B$16<>"",J81<>"Sim",J81<>"N/A"),Config!$B$16&"; ","")&IF(AND(Config!$B$17<>"",K81<>"Sim",K81<>"N/A"),Config!$B$17&"; ","")&IF(AND(Config!$D$10<>"",L81<>"Sim",L81<>"N/A"),Config!$D$10&"; ","")&IF(AND(Config!$D$11<>"",M81<>"Sim",M81<>"N/A"),Config!$D$11&"; ","")&IF(AND(Config!$D$12<>"",N81<>"Sim",N81<>"N/A"),Config!$D$12&"; ","")&IF(AND(Config!$D$13<>"",O81<>"Sim",O81<>"N/A"),Config!$D$13&"; ","")&IF(AND(Config!$D$14<>"",P81<>"Sim",P81<>"N/A"),Config!$D$14&"; ","")&IF(AND(Config!$D$15<>"",Q81<>"Sim",Q81<>"N/A"),Config!$D$15&"; ","")&IF(AND(Config!$D$16<>"",R81<>"Sim",R81<>"N/A"),Config!$D$16&"; ","")&IF(AND(Config!$D$17<>"",S81<>"Sim",S81<>"N/A"),Config!$D$17&"; ","")) | AB81: =IF(A81="",0,COUNTIF($A$5:$A$304,">"&A81)+1) -> 0
B82: =IF(A82="","",CHOOSE(WEEKDAY(A82,2),"Segunda","Terça","Quarta","Quinta","Sexta","Sábado","Domingo")) | T82: =IF(A82="","",IFERROR(COUNTIF(D82:K82,"Sim")/(Config!$B$19-COUNTIF(D82:K82,"N/A")),"")) | U82: =IF(A82="","",IFERROR(COUNTIF(L82:S82,"Sim")/(Config!$D$19-COUNTIF(L82:S82,"N/A")),"")) | V82: =IF(A82="","",MAX(0,Config!$B$19-COUNTIF(D82:K82,"Sim")-COUNTIF(D82:K82,"N/A"))) | W82: =IF(A82="","",MAX(0,Config!$D$19-COUNTIF(L82:S82,"Sim")-COUNTIF(L82:S82,"N/A"))) | X82: =IF(A82="","",V82+W82) | Y82: =IF(OR(A82="",AA82=""),"",LEFT(AA82,LEN(AA82)-2)) | Z82: =IF(OR(A82="",X82=0),0,X82*100000+A82/100000) -> 0 | AA82: =IF(A82="","",IF(AND(Config!$B$10<>"",D82<>"Sim",D82<>"N/A"),Config!$B$10&"; ","")&IF(AND(Config!$B$11<>"",E82<>"Sim",E82<>"N/A"),Config!$B$11&"; ","")&IF(AND(Config!$B$12<>"",F82<>"Sim",F82<>"N/A"),Config!$B$12&"; ","")&IF(AND(Config!$B$13<>"",G82<>"Sim",G82<>"N/A"),Config!$B$13&"; ","")&IF(AND(Config!$B$14<>"",H82<>"Sim",H82<>"N/A"),Config!$B$14&"; ","")&IF(AND(Config!$B$15<>"",I82<>"Sim",I82<>"N/A"),Config!$B$15&"; ","")&IF(AND(Config!$B$16<>"",J82<>"Sim",J82<>"N/A"),Config!$B$16&"; ","")&IF(AND(Config!$B$17<>"",K82<>"Sim",K82<>"N/A"),Config!$B$17&"; ","")&IF(AND(Config!$D$10<>"",L82<>"Sim",L82<>"N/A"),Config!$D$10&"; ","")&IF(AND(Config!$D$11<>"",M82<>"Sim",M82<>"N/A"),Config!$D$11&"; ","")&IF(AND(Config!$D$12<>"",N82<>"Sim",N82<>"N/A"),Config!$D$12&"; ","")&IF(AND(Config!$D$13<>"",O82<>"Sim",O82<>"N/A"),Config!$D$13&"; ","")&IF(AND(Config!$D$14<>"",P82<>"Sim",P82<>"N/A"),Config!$D$14&"; ","")&IF(AND(Config!$D$15<>"",Q82<>"Sim",Q82<>"N/A"),Config!$D$15&"; ","")&IF(AND(Config!$D$16<>"",R82<>"Sim",R82<>"N/A"),Config!$D$16&"; ","")&IF(AND(Config!$D$17<>"",S82<>"Sim",S82<>"N/A"),Config!$D$17&"; ","")) | AB82: =IF(A82="",0,COUNTIF($A$5:$A$304,">"&A82)+1) -> 0
B83: =IF(A83="","",CHOOSE(WEEKDAY(A83,2),"Segunda","Terça","Quarta","Quinta","Sexta","Sábado","Domingo")) | T83: =IF(A83="","",IFERROR(COUNTIF(D83:K83,"Sim")/(Config!$B$19-COUNTIF(D83:K83,"N/A")),"")) | U83: =IF(A83="","",IFERROR(COUNTIF(L83:S83,"Sim")/(Config!$D$19-COUNTIF(L83:S83,"N/A")),"")) | V83: =IF(A83="","",MAX(0,Config!$B$19-COUNTIF(D83:K83,"Sim")-COUNTIF(D83:K83,"N/A"))) | W83: =IF(A83="","",MAX(0,Config!$D$19-COUNTIF(L83:S83,"Sim")-COUNTIF(L83:S83,"N/A"))) | X83: =IF(A83="","",V83+W83) | Y83: =IF(OR(A83="",AA83=""),"",LEFT(AA83,LEN(AA83)-2)) | Z83: =IF(OR(A83="",X83=0),0,X83*100000+A83/100000) -> 0 | AA83: =IF(A83="","",IF(AND(Config!$B$10<>"",D83<>"Sim",D83<>"N/A"),Config!$B$10&"; ","")&IF(AND(Config!$B$11<>"",E83<>"Sim",E83<>"N/A"),Config!$B$11&"; ","")&IF(AND(Config!$B$12<>"",F83<>"Sim",F83<>"N/A"),Config!$B$12&"; ","")&IF(AND(Config!$B$13<>"",G83<>"Sim",G83<>"N/A"),Config!$B$13&"; ","")&IF(AND(Config!$B$14<>"",H83<>"Sim",H83<>"N/A"),Config!$B$14&"; ","")&IF(AND(Config!$B$15<>"",I83<>"Sim",I83<>"N/A"),Config!$B$15&"; ","")&IF(AND(Config!$B$16<>"",J83<>"Sim",J83<>"N/A"),Config!$B$16&"; ","")&IF(AND(Config!$B$17<>"",K83<>"Sim",K83<>"N/A"),Config!$B$17&"; ","")&IF(AND(Config!$D$10<>"",L83<>"Sim",L83<>"N/A"),Config!$D$10&"; ","")&IF(AND(Config!$D$11<>"",M83<>"Sim",M83<>"N/A"),Config!$D$11&"; ","")&IF(AND(Config!$D$12<>"",N83<>"Sim",N83<>"N/A"),Config!$D$12&"; ","")&IF(AND(Config!$D$13<>"",O83<>"Sim",O83<>"N/A"),Config!$D$13&"; ","")&IF(AND(Config!$D$14<>"",P83<>"Sim",P83<>"N/A"),Config!$D$14&"; ","")&IF(AND(Config!$D$15<>"",Q83<>"Sim",Q83<>"N/A"),Config!$D$15&"; ","")&IF(AND(Config!$D$16<>"",R83<>"Sim",R83<>"N/A"),Config!$D$16&"; ","")&IF(AND(Config!$D$17<>"",S83<>"Sim",S83<>"N/A"),Config!$D$17&"; ","")) | AB83: =IF(A83="",0,COUNTIF($A$5:$A$304,">"&A83)+1) -> 0
B84: =IF(A84="","",CHOOSE(WEEKDAY(A84,2),"Segunda","Terça","Quarta","Quinta","Sexta","Sábado","Domingo")) | T84: =IF(A84="","",IFERROR(COUNTIF(D84:K84,"Sim")/(Config!$B$19-COUNTIF(D84:K84,"N/A")),"")) | U84: =IF(A84="","",IFERROR(COUNTIF(L84:S84,"Sim")/(Config!$D$19-COUNTIF(L84:S84,"N/A")),"")) | V84: =IF(A84="","",MAX(0,Config!$B$19-COUNTIF(D84:K84,"Sim")-COUNTIF(D84:K84,"N/A"))) | W84: =IF(A84="","",MAX(0,Config!$D$19-COUNTIF(L84:S84,"Sim")-COUNTIF(L84:S84,"N/A"))) | X84: =IF(A84="","",V84+W84) | Y84: =IF(OR(A84="",AA84=""),"",LEFT(AA84,LEN(AA84)-2)) | Z84: =IF(OR(A84="",X84=0),0,X84*100000+A84/100000) -> 0 | AA84: =IF(A84="","",IF(AND(Config!$B$10<>"",D84<>"Sim",D84<>"N/A"),Config!$B$10&"; ","")&IF(AND(Config!$B$11<>"",E84<>"Sim",E84<>"N/A"),Config!$B$11&"; ","")&IF(AND(Config!$B$12<>"",F84<>"Sim",F84<>"N/A"),Config!$B$12&"; ","")&IF(AND(Config!$B$13<>"",G84<>"Sim",G84<>"N/A"),Config!$B$13&"; ","")&IF(AND(Config!$B$14<>"",H84<>"Sim",H84<>"N/A"),Config!$B$14&"; ","")&IF(AND(Config!$B$15<>"",I84<>"Sim",I84<>"N/A"),Config!$B$15&"; ","")&IF(AND(Config!$B$16<>"",J84<>"Sim",J84<>"N/A"),Config!$B$16&"; ","")&IF(AND(Config!$B$17<>"",K84<>"Sim",K84<>"N/A"),Config!$B$17&"; ","")&IF(AND(Config!$D$10<>"",L84<>"Sim",L84<>"N/A"),Config!$D$10&"; ","")&IF(AND(Config!$D$11<>"",M84<>"Sim",M84<>"N/A"),Config!$D$11&"; ","")&IF(AND(Config!$D$12<>"",N84<>"Sim",N84<>"N/A"),Config!$D$12&"; ","")&IF(AND(Config!$D$13<>"",O84<>"Sim",O84<>"N/A"),Config!$D$13&"; ","")&IF(AND(Config!$D$14<>"",P84<>"Sim",P84<>"N/A"),Config!$D$14&"; ","")&IF(AND(Config!$D$15<>"",Q84<>"Sim",Q84<>"N/A"),Config!$D$15&"; ","")&IF(AND(Config!$D$16<>"",R84<>"Sim",R84<>"N/A"),Config!$D$16&"; ","")&IF(AND(Config!$D$17<>"",S84<>"Sim",S84<>"N/A"),Config!$D$17&"; ","")) | AB84: =IF(A84="",0,COUNTIF($A$5:$A$304,">"&A84)+1) -> 0
B85: =IF(A85="","",CHOOSE(WEEKDAY(A85,2),"Segunda","Terça","Quarta","Quinta","Sexta","Sábado","Domingo")) | T85: =IF(A85="","",IFERROR(COUNTIF(D85:K85,"Sim")/(Config!$B$19-COUNTIF(D85:K85,"N/A")),"")) | U85: =IF(A85="","",IFERROR(COUNTIF(L85:S85,"Sim")/(Config!$D$19-COUNTIF(L85:S85,"N/A")),"")) | V85: =IF(A85="","",MAX(0,Config!$B$19-COUNTIF(D85:K85,"Sim")-COUNTIF(D85:K85,"N/A"))) | W85: =IF(A85="","",MAX(0,Config!$D$19-COUNTIF(L85:S85,"Sim")-COUNTIF(L85:S85,"N/A"))) | X85: =IF(A85="","",V85+W85) | Y85: =IF(OR(A85="",AA85=""),"",LEFT(AA85,LEN(AA85)-2)) | Z85: =IF(OR(A85="",X85=0),0,X85*100000+A85/100000) -> 0 | AA85: =IF(A85="","",IF(AND(Config!$B$10<>"",D85<>"Sim",D85<>"N/A"),Config!$B$10&"; ","")&IF(AND(Config!$B$11<>"",E85<>"Sim",E85<>"N/A"),Config!$B$11&"; ","")&IF(AND(Config!$B$12<>"",F85<>"Sim",F85<>"N/A"),Config!$B$12&"; ","")&IF(AND(Config!$B$13<>"",G85<>"Sim",G85<>"N/A"),Config!$B$13&"; ","")&IF(AND(Config!$B$14<>"",H85<>"Sim",H85<>"N/A"),Config!$B$14&"; ","")&IF(AND(Config!$B$15<>"",I85<>"Sim",I85<>"N/A"),Config!$B$15&"; ","")&IF(AND(Config!$B$16<>"",J85<>"Sim",J85<>"N/A"),Config!$B$16&"; ","")&IF(AND(Config!$B$17<>"",K85<>"Sim",K85<>"N/A"),Config!$B$17&"; ","")&IF(AND(Config!$D$10<>"",L85<>"Sim",L85<>"N/A"),Config!$D$10&"; ","")&IF(AND(Config!$D$11<>"",M85<>"Sim",M85<>"N/A"),Config!$D$11&"; ","")&IF(AND(Config!$D$12<>"",N85<>"Sim",N85<>"N/A"),Config!$D$12&"; ","")&IF(AND(Config!$D$13<>"",O85<>"Sim",O85<>"N/A"),Config!$D$13&"; ","")&IF(AND(Config!$D$14<>"",P85<>"Sim",P85<>"N/A"),Config!$D$14&"; ","")&IF(AND(Config!$D$15<>"",Q85<>"Sim",Q85<>"N/A"),Config!$D$15&"; ","")&IF(AND(Config!$D$16<>"",R85<>"Sim",R85<>"N/A"),Config!$D$16&"; ","")&IF(AND(Config!$D$17<>"",S85<>"Sim",S85<>"N/A"),Config!$D$17&"; ","")) | AB85: =IF(A85="",0,COUNTIF($A$5:$A$304,">"&A85)+1) -> 0
B86: =IF(A86="","",CHOOSE(WEEKDAY(A86,2),"Segunda","Terça","Quarta","Quinta","Sexta","Sábado","Domingo")) | T86: =IF(A86="","",IFERROR(COUNTIF(D86:K86,"Sim")/(Config!$B$19-COUNTIF(D86:K86,"N/A")),"")) | U86: =IF(A86="","",IFERROR(COUNTIF(L86:S86,"Sim")/(Config!$D$19-COUNTIF(L86:S86,"N/A")),"")) | V86: =IF(A86="","",MAX(0,Config!$B$19-COUNTIF(D86:K86,"Sim")-COUNTIF(D86:K86,"N/A"))) | W86: =IF(A86="","",MAX(0,Config!$D$19-COUNTIF(L86:S86,"Sim")-COUNTIF(L86:S86,"N/A"))) | X86: =IF(A86="","",V86+W86) | Y86: =IF(OR(A86="",AA86=""),"",LEFT(AA86,LEN(AA86)-2)) | Z86: =IF(OR(A86="",X86=0),0,X86*100000+A86/100000) -> 0 | AA86: =IF(A86="","",IF(AND(Config!$B$10<>"",D86<>"Sim",D86<>"N/A"),Config!$B$10&"; ","")&IF(AND(Config!$B$11<>"",E86<>"Sim",E86<>"N/A"),Config!$B$11&"; ","")&IF(AND(Config!$B$12<>"",F86<>"Sim",F86<>"N/A"),Config!$B$12&"; ","")&IF(AND(Config!$B$13<>"",G86<>"Sim",G86<>"N/A"),Config!$B$13&"; ","")&IF(AND(Config!$B$14<>"",H86<>"Sim",H86<>"N/A"),Config!$B$14&"; ","")&IF(AND(Config!$B$15<>"",I86<>"Sim",I86<>"N/A"),Config!$B$15&"; ","")&IF(AND(Config!$B$16<>"",J86<>"Sim",J86<>"N/A"),Config!$B$16&"; ","")&IF(AND(Config!$B$17<>"",K86<>"Sim",K86<>"N/A"),Config!$B$17&"; ","")&IF(AND(Config!$D$10<>"",L86<>"Sim",L86<>"N/A"),Config!$D$10&"; ","")&IF(AND(Config!$D$11<>"",M86<>"Sim",M86<>"N/A"),Config!$D$11&"; ","")&IF(AND(Config!$D$12<>"",N86<>"Sim",N86<>"N/A"),Config!$D$12&"; ","")&IF(AND(Config!$D$13<>"",O86<>"Sim",O86<>"N/A"),Config!$D$13&"; ","")&IF(AND(Config!$D$14<>"",P86<>"Sim",P86<>"N/A"),Config!$D$14&"; ","")&IF(AND(Config!$D$15<>"",Q86<>"Sim",Q86<>"N/A"),Config!$D$15&"; ","")&IF(AND(Config!$D$16<>"",R86<>"Sim",R86<>"N/A"),Config!$D$16&"; ","")&IF(AND(Config!$D$17<>"",S86<>"Sim",S86<>"N/A"),Config!$D$17&"; ","")) | AB86: =IF(A86="",0,COUNTIF($A$5:$A$304,">"&A86)+1) -> 0
B87: =IF(A87="","",CHOOSE(WEEKDAY(A87,2),"Segunda","Terça","Quarta","Quinta","Sexta","Sábado","Domingo")) | T87: =IF(A87="","",IFERROR(COUNTIF(D87:K87,"Sim")/(Config!$B$19-COUNTIF(D87:K87,"N/A")),"")) | U87: =IF(A87="","",IFERROR(COUNTIF(L87:S87,"Sim")/(Config!$D$19-COUNTIF(L87:S87,"N/A")),"")) | V87: =IF(A87="","",MAX(0,Config!$B$19-COUNTIF(D87:K87,"Sim")-COUNTIF(D87:K87,"N/A"))) | W87: =IF(A87="","",MAX(0,Config!$D$19-COUNTIF(L87:S87,"Sim")-COUNTIF(L87:S87,"N/A"))) | X87: =IF(A87="","",V87+W87) | Y87: =IF(OR(A87="",AA87=""),"",LEFT(AA87,LEN(AA87)-2)) | Z87: =IF(OR(A87="",X87=0),0,X87*100000+A87/100000) -> 0 | AA87: =IF(A87="","",IF(AND(Config!$B$10<>"",D87<>"Sim",D87<>"N/A"),Config!$B$10&"; ","")&IF(AND(Config!$B$11<>"",E87<>"Sim",E87<>"N/A"),Config!$B$11&"; ","")&IF(AND(Config!$B$12<>"",F87<>"Sim",F87<>"N/A"),Config!$B$12&"; ","")&IF(AND(Config!$B$13<>"",G87<>"Sim",G87<>"N/A"),Config!$B$13&"; ","")&IF(AND(Config!$B$14<>"",H87<>"Sim",H87<>"N/A"),Config!$B$14&"; ","")&IF(AND(Config!$B$15<>"",I87<>"Sim",I87<>"N/A"),Config!$B$15&"; ","")&IF(AND(Config!$B$16<>"",J87<>"Sim",J87<>"N/A"),Config!$B$16&"; ","")&IF(AND(Config!$B$17<>"",K87<>"Sim",K87<>"N/A"),Config!$B$17&"; ","")&IF(AND(Config!$D$10<>"",L87<>"Sim",L87<>"N/A"),Config!$D$10&"; ","")&IF(AND(Config!$D$11<>"",M87<>"Sim",M87<>"N/A"),Config!$D$11&"; ","")&IF(AND(Config!$D$12<>"",N87<>"Sim",N87<>"N/A"),Config!$D$12&"; ","")&IF(AND(Config!$D$13<>"",O87<>"Sim",O87<>"N/A"),Config!$D$13&"; ","")&IF(AND(Config!$D$14<>"",P87<>"Sim",P87<>"N/A"),Config!$D$14&"; ","")&IF(AND(Config!$D$15<>"",Q87<>"Sim",Q87<>"N/A"),Config!$D$15&"; ","")&IF(AND(Config!$D$16<>"",R87<>"Sim",R87<>"N/A"),Config!$D$16&"; ","")&IF(AND(Config!$D$17<>"",S87<>"Sim",S87<>"N/A"),Config!$D$17&"; ","")) | AB87: =IF(A87="",0,COUNTIF($A$5:$A$304,">"&A87)+1) -> 0
B88: =IF(A88="","",CHOOSE(WEEKDAY(A88,2),"Segunda","Terça","Quarta","Quinta","Sexta","Sábado","Domingo")) | T88: =IF(A88="","",IFERROR(COUNTIF(D88:K88,"Sim")/(Config!$B$19-COUNTIF(D88:K88,"N/A")),"")) | U88: =IF(A88="","",IFERROR(COUNTIF(L88:S88,"Sim")/(Config!$D$19-COUNTIF(L88:S88,"N/A")),"")) | V88: =IF(A88="","",MAX(0,Config!$B$19-COUNTIF(D88:K88,"Sim")-COUNTIF(D88:K88,"N/A"))) | W88: =IF(A88="","",MAX(0,Config!$D$19-COUNTIF(L88:S88,"Sim")-COUNTIF(L88:S88,"N/A"))) | X88: =IF(A88="","",V88+W88) | Y88: =IF(OR(A88="",AA88=""),"",LEFT(AA88,LEN(AA88)-2)) | Z88: =IF(OR(A88="",X88=0),0,X88*100000+A88/100000) -> 0 | AA88: =IF(A88="","",IF(AND(Config!$B$10<>"",D88<>"Sim",D88<>"N/A"),Config!$B$10&"; ","")&IF(AND(Config!$B$11<>"",E88<>"Sim",E88<>"N/A"),Config!$B$11&"; ","")&IF(AND(Config!$B$12<>"",F88<>"Sim",F88<>"N/A"),Config!$B$12&"; ","")&IF(AND(Config!$B$13<>"",G88<>"Sim",G88<>"N/A"),Config!$B$13&"; ","")&IF(AND(Config!$B$14<>"",H88<>"Sim",H88<>"N/A"),Config!$B$14&"; ","")&IF(AND(Config!$B$15<>"",I88<>"Sim",I88<>"N/A"),Config!$B$15&"; ","")&IF(AND(Config!$B$16<>"",J88<>"Sim",J88<>"N/A"),Config!$B$16&"; ","")&IF(AND(Config!$B$17<>"",K88<>"Sim",K88<>"N/A"),Config!$B$17&"; ","")&IF(AND(Config!$D$10<>"",L88<>"Sim",L88<>"N/A"),Config!$D$10&"; ","")&IF(AND(Config!$D$11<>"",M88<>"Sim",M88<>"N/A"),Config!$D$11&"; ","")&IF(AND(Config!$D$12<>"",N88<>"Sim",N88<>"N/A"),Config!$D$12&"; ","")&IF(AND(Config!$D$13<>"",O88<>"Sim",O88<>"N/A"),Config!$D$13&"; ","")&IF(AND(Config!$D$14<>"",P88<>"Sim",P88<>"N/A"),Config!$D$14&"; ","")&IF(AND(Config!$D$15<>"",Q88<>"Sim",Q88<>"N/A"),Config!$D$15&"; ","")&IF(AND(Config!$D$16<>"",R88<>"Sim",R88<>"N/A"),Config!$D$16&"; ","")&IF(AND(Config!$D$17<>"",S88<>"Sim",S88<>"N/A"),Config!$D$17&"; ","")) | AB88: =IF(A88="",0,COUNTIF($A$5:$A$304,">"&A88)+1) -> 0
B89: =IF(A89="","",CHOOSE(WEEKDAY(A89,2),"Segunda","Terça","Quarta","Quinta","Sexta","Sábado","Domingo")) | T89: =IF(A89="","",IFERROR(COUNTIF(D89:K89,"Sim")/(Config!$B$19-COUNTIF(D89:K89,"N/A")),"")) | U89: =IF(A89="","",IFERROR(COUNTIF(L89:S89,"Sim")/(Config!$D$19-COUNTIF(L89:S89,"N/A")),"")) | V89: =IF(A89="","",MAX(0,Config!$B$19-COUNTIF(D89:K89,"Sim")-COUNTIF(D89:K89,"N/A"))) | W89: =IF(A89="","",MAX(0,Config!$D$19-COUNTIF(L89:S89,"Sim")-COUNTIF(L89:S89,"N/A"))) | X89: =IF(A89="","",V89+W89) | Y89: =IF(OR(A89="",AA89=""),"",LEFT(AA89,LEN(AA89)-2)) | Z89: =IF(OR(A89="",X89=0),0,X89*100000+A89/100000) -> 0 | AA89: =IF(A89="","",IF(AND(Config!$B$10<>"",D89<>"Sim",D89<>"N/A"),Config!$B$10&"; ","")&IF(AND(Config!$B$11<>"",E89<>"Sim",E89<>"N/A"),Config!$B$11&"; ","")&IF(AND(Config!$B$12<>"",F89<>"Sim",F89<>"N/A"),Config!$B$12&"; ","")&IF(AND(Config!$B$13<>"",G89<>"Sim",G89<>"N/A"),Config!$B$13&"; ","")&IF(AND(Config!$B$14<>"",H89<>"Sim",H89<>"N/A"),Config!$B$14&"; ","")&IF(AND(Config!$B$15<>"",I89<>"Sim",I89<>"N/A"),Config!$B$15&"; ","")&IF(AND(Config!$B$16<>"",J89<>"Sim",J89<>"N/A"),Config!$B$16&"; ","")&IF(AND(Config!$B$17<>"",K89<>"Sim",K89<>"N/A"),Config!$B$17&"; ","")&IF(AND(Config!$D$10<>"",L89<>"Sim",L89<>"N/A"),Config!$D$10&"; ","")&IF(AND(Config!$D$11<>"",M89<>"Sim",M89<>"N/A"),Config!$D$11&"; ","")&IF(AND(Config!$D$12<>"",N89<>"Sim",N89<>"N/A"),Config!$D$12&"; ","")&IF(AND(Config!$D$13<>"",O89<>"Sim",O89<>"N/A"),Config!$D$13&"; ","")&IF(AND(Config!$D$14<>"",P89<>"Sim",P89<>"N/A"),Config!$D$14&"; ","")&IF(AND(Config!$D$15<>"",Q89<>"Sim",Q89<>"N/A"),Config!$D$15&"; ","")&IF(AND(Config!$D$16<>"",R89<>"Sim",R89<>"N/A"),Config!$D$16&"; ","")&IF(AND(Config!$D$17<>"",S89<>"Sim",S89<>"N/A"),Config!$D$17&"; ","")) | AB89: =IF(A89="",0,COUNTIF($A$5:$A$304,">"&A89)+1) -> 0
... B304: =IF(A304="","",CHOOSE(WEEKDAY(A304,2),"Segunda","Terça","Quarta","Quinta","Sexta","Sábado","Domingo")) | T304: =IF(A304="","",IFERROR(COUNTIF(D304:K304,"Sim")/(Config!$B$19-COUNTIF(D304:K304,"N/A")),"")) | U304: =IF(A304="","",IFERROR(COUNTIF(L304:S304,"Sim")/(Config!$D$19-COUNTIF(L304:S304,"N/A")),"")) | V304: =IF(A304="","",MAX(0,Config!$B$19-COUNTIF(D304:K304,"Sim")-COUNTIF(D304:K304,"N/A"))) | W304: =IF(A304="","",MAX(0,Config!$D$19-COUNTIF(L304:S304,"Sim")-COUNTIF(L304:S304,"N/A"))) | X304: =IF(A304="","",V304+W304) | Y304: =IF(OR(A304="",AA304=""),"",LEFT(AA304,LEN(AA304)-2)) | Z304: =IF(OR(A304="",X304=0),0,X304*100000+A304/100000) -> 0 | AA304: =IF(A304="","",IF(AND(Config!$B$10<>"",D304<>"Sim",D304<>"N/A"),Config!$B$10&"; ","")&IF(AND(Config!$B$11<>"",E304<>"Sim",E304<>"N/A"),Config!$B$11&"; ","")&IF(AND(Config!$B$12<>"",F304<>"Sim",F304<>"N/A"),Config!$B$12&"; ","")&IF(AND(Config!$B$13<>"",G304<>"Sim",G304<>"N/A"),Config!$B$13&"; ","")&IF(AND(Config!$B$14<>"",H304<>"Sim",H304<>"N/A"),Config!$B$14&"; ","")&IF(AND(Config!$B$15<>"",I304<>"Sim",I304<>"N/A"),Config!$B$15&"; ","")&IF(AND(Config!$B$16<>"",J304<>"Sim",J304<>"N/A"),Config!$B$16&"; ","")&IF(AND(Config!$B$17<>"",K304<>"Sim",K304<>"N/A"),Config!$B$17&"; ","")&IF(AND(Config!$D$10<>"",L304<>"Sim",L304<>"N/A"),Config!$D$10&"; ","")&IF(AND(Config!$D$11<>"",M304<>"Sim",M304<>"N/A"),Config!$D$11&"; ","")&IF(AND(Config!$D$12<>"",N304<>"Sim",N304<>"N/A"),Config!$D$12&"; ","")&IF(AND(Config!$D$13<>"",O304<>"Sim",O304<>"N/A"),Config!$D$13&"; ","")&IF(AND(Config!$D$14<>"",P304<>"Sim",P304<>"N/A"),Config!$D$14&"; ","")&IF(AND(Config!$D$15<>"",Q304<>"Sim",Q304<>"N/A"),Config!$D$15&"; ","")&IF(AND(Config!$D$16<>"",R304<>"Sim",R304<>"N/A"),Config!$D$16&"; ","")&IF(AND(Config!$D$17<>"",S304<>"Sim",S304<>"N/A"),Config!$D$17&"; ","")) | AB304: =IF(A304="",0,COUNTIF($A$5:$A$304,">"&A304)+1) -> 0
