Workbook

Sheet Como usar
A1: Convênios a receber
A2: Kit de Gestão para Médicos · Seu Sócio Gestor · versão 1.0 (setembro de 2026)
A4: O que esta planilha faz | B4: Responde "quanto o convênio deve e quanto ele não pagou?": cada lote enviado (convênio × mês) com previsão de pagamento pelo prazo do contrato, o que foi pago, a glosa, o recurso e o que foi recuperado; por convênio, por mês e a lista de guias glosadas para recorrer.
A5: Passo 1 | B5: Em Config, cadastre cada convênio com o prazo contratual de pagamento (dias após o envio) e o dia de envio do lote. Preencha de cima para baixo, sem pular linha.
A6: Passo 2 | B6: Em Guias, uma linha por atendimento de convênio realizado (copie da Agenda da planilha 01: data, paciente, convênio, procedimento, profissional, valor). É a base do lote do mês.
A7: Passo 3 | B7: Em Lotes, uma linha por convênio e mês: nº de guias, valor enviado e data de envio. Quando o pagamento cair, digite data e valor pago (a glosa é a diferença) e lance a entrada no caixa (09). Se recorrer, marque o recurso; se aceito, o valor recuperado e a data. Volte em Guias e marque as guias glosadas.
A8: Passo 4 | B8: Em Painel: a receber, atrasado, glosa do ano (R$ e %), em recurso; por convênio (com prazo real × contratual), lotes em aberto, mês a mês e as guias glosadas para recorrer.
A9: Rotina | B9: Sexta, 3 minutos (rotina da semana, planilha 03): separar as guias da semana e conferir se todas estão na aba Guias. Dia 5: enviar o lote do mês anterior e registrar. No recebimento: pagamento, glosa e recurso. A planilha avisa o atraso; a cobrança ao convênio é sua.
A10: Ligação com as outras planilhas | B10: A receber e atrasado vão para o Painel da clínica (17); a glosa % por convênio alimenta o simulador (07); os lotes pagos são entradas do caixa (09). As metas do trimestre (19) acompanham glosa, atrasos e recuperado.
A11: Com a IA | B11: Copie "Por convênio" e use o prompt "Recebíveis 01 · Resumir os convênios para o sócio" da biblioteca do kit; para uma guia glosada, "Recebíveis 03 · Recurso de glosa em linguagem administrativa" (sem dados clínicos: só guia, procedimento, data e motivo administrativo).
A12: Legenda | B12: Células amarelas: você preenche. Brancas: calculadas. Não é preciso mexer em nada fora do amarelo.
A13: Proteção | B13: Fórmulas protegidas sem senha. Para editar: Revisar > Desproteger planilha (Excel) ou Dados > Proteger intervalos (Google Sheets).
A14: Requisitos | B14: Excel 2016 ou mais novo, Microsoft 365 ou Google Sheets (só funções do Excel 2007+; nada de MÍNIMOSES, MÁXIMOSES ou UNIRTEXTO). No celular abre nos aplicativos; para preencher, use o computador.
A15: Dados de pacientes | B15: Guarde só o que a gestão precisa (nome, contato, valor, data). Nada de diagnóstico, prontuário ou exame nestas planilhas: o kit é gestão, não é prontuário. Veja o guia LGPD do kit antes de colar qualquer tabela em uma IA.
... A19: Suporte | B19: suporte@seusociogestor.com.br · resposta em até 5 dias úteis · reembolso em até 7 dias pelo mesmo canal.

Sheet Painel
A1: =Config!$B$4&" · Convênios a receber · "&TEXT(DAY(Config!$B$5),"00")&"/"&TEXT(MONTH(Config!$B$5),"00")&"/"&YEAR(Config!$B$5) -> Clínica Vida Plena (exemplo fictício) · Convênios a receber · 14/09/2026
A2: Nada para digitar aqui: tudo vem de Lotes, Guias e Config. A receber = lotes enviados e ainda não pagos (valor enviado).
A4: A receber (lotes enviados) | C4: Atrasado | E4: Recebido no ano | G4: Glosa no ano (R$) | I4: Glosa no ano (%) | K4: Em recurso (R$)
A5: =SUMIFS(Lotes!$D$5:$D$154,Lotes!$N$5:$N$154,"Aguardando")+SUMIFS(Lotes!$D$5:$D$154,Lotes!$N$5:$N$154,"Atrasada") -> 15758 | C5: =SUMIFS(Lotes!$D$5:$D$154,Lotes!$N$5:$N$154,"Atrasada") -> 1727 | E5: =SUMIFS(Lotes!$G$5:$G$154,Lotes!$F$5:$F$154,">="&DATE(Config!$B$6,1,1),Lotes!$F$5:$F$154,"<="&DATE(Config!$B$6,12,31))+SUMIFS(Lotes!$I$5:$I$154,Lotes!$J$5:$J$154,">="&DATE(Config!$B$6,1,1),Lotes!$J$5:$J$154,"<="&DATE(Config!$B$6,12,31)) -> 73702 | G5: =SUMIFS(Lotes!$M$5:$M$154,Lotes!$F$5:$F$154,">="&DATE(Config!$B$6,1,1),Lotes!$F$5:$F$154,"<="&DATE(Config!$B$6,12,31)) -> 4273 | I5: =IFERROR(G5/(SUMIFS(Lotes!$G$5:$G$154,Lotes!$F$5:$F$154,">="&DATE(Config!$B$6,1,1),Lotes!$F$5:$F$154,"<="&DATE(Config!$B$6,12,31))+G5),0) -> 0.055367671 | K5: =SUMIFS(Lotes!$M$5:$M$154,Lotes!$H$5:$H$154,"Em recurso") -> 240
A7: Glosa (%) = glosa ÷ (pago + glosa) dos lotes pagos no ano: de tudo o que o convênio decidiu, quanto ele não pagou. Recebido no ano inclui glosa recuperada por recurso. Em separação (mês corrente) não conta como a receber até o envio.
A9: Por convênio (lotes enviados no ano)
A10: Convênio | B10: Lotes | C10: Enviado (R$) | D10: Pago (R$) | E10: Glosa (R$) | F10: Glosa (%) | G10: Recuperado (R$) | H10: A receber (R$) | I10: Atrasado (R$) | J10: Prazo contratual | K10: Prazo real (média, dias) | L10: Barra da glosa
A11: =IF(Config!$A$10="","",Config!$A$10) -> Saúde Total | B11: =IF(Config!$A$10="","",COUNTIFS(Lotes!$A$5:$A$154,Config!$A$10,Lotes!$E$5:$E$154,">="&DATE(Config!$B$6,1,1),Lotes!$E$5:$E$154,"<="&DATE(Config!$B$6,12,31))) -> 9 | C11: =IF(Config!$A$10="","",SUMIFS(Lotes!$D$5:$D$154,Lotes!$A$5:$A$154,Config!$A$10,Lotes!$E$5:$E$154,">="&DATE(Config!$B$6,1,1),Lotes!$E$5:$E$154,"<="&DATE(Config!$B$6,12,31))) -> 47560 | D11: =IF(Config!$A$10="","",SUMIFS(Lotes!$G$5:$G$154,Lotes!$A$5:$A$154,Config!$A$10,Lotes!$F$5:$F$154,">="&DATE(Config!$B$6,1,1),Lotes!$F$5:$F$154,"<="&DATE(Config!$B$6,12,31))) -> 45565 | E11: =IF(Config!$A$10="","",SUMIFS(Lotes!$M$5:$M$154,Lotes!$A$5:$A$154,Config!$A$10,Lotes!$F$5:$F$154,">="&DATE(Config!$B$6,1,1),Lotes!$F$5:$F$154,"<="&DATE(Config!$B$6,12,31))) -> 1550 | F11: =IF(Config!$A$10="","",IFERROR(E11/(D11+E11),0)) -> 0.032898228 | G11: =IF(Config!$A$10="","",SUMIFS(Lotes!$I$5:$I$154,Lotes!$A$5:$A$154,Config!$A$10,Lotes!$J$5:$J$154,">="&DATE(Config!$B$6,1,1),Lotes!$J$5:$J$154,"<="&DATE(Config!$B$6,12,31))) -> 140 | H11: =IF(Config!$A$10="","",SUMIFS(Lotes!$D$5:$D$154,Lotes!$A$5:$A$154,Config!$A$10,Lotes!$N$5:$N$154,"Aguardando")+SUMIFS(Lotes!$D$5:$D$154,Lotes!$A$5:$A$154,Config!$A$10,Lotes!$N$5:$N$154,"Atrasada")) -> 4555 | I11: =IF(Config!$A$10="","",SUMIFS(Lotes!$D$5:$D$154,Lotes!$A$5:$A$154,Config!$A$10,Lotes!$N$5:$N$154,"Atrasada")) -> 0 | J11: =IF(Config!$A$10="","",Config!$B$10) -> 30 | K11: =IF(Config!$A$10="","",IFERROR(AVERAGEIFS(Lotes!$T$5:$T$154,Lotes!$A$5:$A$154,Config!$A$10,Lotes!$F$5:$F$154,">="&DATE(Config!$B$6,1,1),Lotes!$F$5:$F$154,"<="&DATE(Config!$B$6,12,31)),"—")) -> 32.111111 | L11: =IF(F11="","",REPT("█",ROUND(MIN(1,F11/0.15)*20,0))) -> ████
A12: =IF(Config!$A$11="","",Config!$A$11) -> MediPlan | B12: =IF(Config!$A$11="","",COUNTIFS(Lotes!$A$5:$A$154,Config!$A$11,Lotes!$E$5:$E$154,">="&DATE(Config!$B$6,1,1),Lotes!$E$5:$E$154,"<="&DATE(Config!$B$6,12,31))) -> 9 | C12: =IF(Config!$A$11="","",SUMIFS(Lotes!$D$5:$D$154,Lotes!$A$5:$A$154,Config!$A$11,Lotes!$E$5:$E$154,">="&DATE(Config!$B$6,1,1),Lotes!$E$5:$E$154,"<="&DATE(Config!$B$6,12,31))) -> 20985 | D12: =IF(Config!$A$11="","",SUMIFS(Lotes!$G$5:$G$154,Lotes!$A$5:$A$154,Config!$A$11,Lotes!$F$5:$F$154,">="&DATE(Config!$B$6,1,1),Lotes!$F$5:$F$154,"<="&DATE(Config!$B$6,12,31))) -> 16120 | E12: =IF(Config!$A$11="","",SUMIFS(Lotes!$M$5:$M$154,Lotes!$A$5:$A$154,Config!$A$11,Lotes!$F$5:$F$154,">="&DATE(Config!$B$6,1,1),Lotes!$F$5:$F$154,"<="&DATE(Config!$B$6,12,31))) -> 1300 | F12: =IF(Config!$A$11="","",IFERROR(E12/(D12+E12),0)) -> 0.074626866 | G12: =IF(Config!$A$11="","",SUMIFS(Lotes!$I$5:$I$154,Lotes!$A$5:$A$154,Config!$A$11,Lotes!$J$5:$J$154,">="&DATE(Config!$B$6,1,1),Lotes!$J$5:$J$154,"<="&DATE(Config!$B$6,12,31))) -> 130 | H12: =IF(Config!$A$11="","",SUMIFS(Lotes!$D$5:$D$154,Lotes!$A$5:$A$154,Config!$A$11,Lotes!$N$5:$N$154,"Aguardando")+SUMIFS(Lotes!$D$5:$D$154,Lotes!$A$5:$A$154,Config!$A$11,Lotes!$N$5:$N$154,"Atrasada")) -> 6305 | I12: =IF(Config!$A$11="","",SUMIFS(Lotes!$D$5:$D$154,Lotes!$A$5:$A$154,Config!$A$11,Lotes!$N$5:$N$154,"Atrasada")) -> 0 | J12: =IF(Config!$A$11="","",Config!$B$11) -> 45 | K12: =IF(Config!$A$11="","",IFERROR(AVERAGEIFS(Lotes!$T$5:$T$154,Lotes!$A$5:$A$154,Config!$A$11,Lotes!$F$5:$F$154,">="&DATE(Config!$B$6,1,1),Lotes!$F$5:$F$154,"<="&DATE(Config!$B$6,12,31)),"—")) -> 46.625 | L12: =IF(F12="","",REPT("█",ROUND(MIN(1,F12/0.15)*20,0))) -> ██████████
A13: =IF(Config!$A$12="","",Config!$A$12) -> Vida Care | B13: =IF(Config!$A$12="","",COUNTIFS(Lotes!$A$5:$A$154,Config!$A$12,Lotes!$E$5:$E$154,">="&DATE(Config!$B$6,1,1),Lotes!$E$5:$E$154,"<="&DATE(Config!$B$6,12,31))) -> 9 | C13: =IF(Config!$A$12="","",SUMIFS(Lotes!$D$5:$D$154,Lotes!$A$5:$A$154,Config!$A$12,Lotes!$E$5:$E$154,">="&DATE(Config!$B$6,1,1),Lotes!$E$5:$E$154,"<="&DATE(Config!$B$6,12,31))) -> 14228 | D13: =IF(Config!$A$12="","",SUMIFS(Lotes!$G$5:$G$154,Lotes!$A$5:$A$154,Config!$A$12,Lotes!$F$5:$F$154,">="&DATE(Config!$B$6,1,1),Lotes!$F$5:$F$154,"<="&DATE(Config!$B$6,12,31))) -> 11217 | E13: =IF(Config!$A$12="","",SUMIFS(Lotes!$M$5:$M$154,Lotes!$A$5:$A$154,Config!$A$12,Lotes!$F$5:$F$154,">="&DATE(Config!$B$6,1,1),Lotes!$F$5:$F$154,"<="&DATE(Config!$B$6,12,31))) -> 1423 | F13: =IF(Config!$A$12="","",IFERROR(E13/(D13+E13),0)) -> 0.11257911 | G13: =IF(Config!$A$12="","",SUMIFS(Lotes!$I$5:$I$154,Lotes!$A$5:$A$154,Config!$A$12,Lotes!$J$5:$J$154,">="&DATE(Config!$B$6,1,1),Lotes!$J$5:$J$154,"<="&DATE(Config!$B$6,12,31))) -> 530 | H13: =IF(Config!$A$12="","",SUMIFS(Lotes!$D$5:$D$154,Lotes!$A$5:$A$154,Config!$A$12,Lotes!$N$5:$N$154,"Aguardando")+SUMIFS(Lotes!$D$5:$D$154,Lotes!$A$5:$A$154,Config!$A$12,Lotes!$N$5:$N$154,"Atrasada")) -> 4898 | I13: =IF(Config!$A$12="","",SUMIFS(Lotes!$D$5:$D$154,Lotes!$A$5:$A$154,Config!$A$12,Lotes!$N$5:$N$154,"Atrasada")) -> 1727 | J13: =IF(Config!$A$12="","",Config!$B$12) -> 60 | K13: =IF(Config!$A$12="","",IFERROR(AVERAGEIFS(Lotes!$T$5:$T$154,Lotes!$A$5:$A$154,Config!$A$12,Lotes!$F$5:$F$154,">="&DATE(Config!$B$6,1,1),Lotes!$F$5:$F$154,"<="&DATE(Config!$B$6,12,31)),"—")) -> 60.875 | L13: =IF(F13="","",REPT("█",ROUND(MIN(1,F13/0.15)*20,0))) -> ███████████████
A14: =IF(Config!$A$13="","",Config!$A$13) | B14: =IF(Config!$A$13="","",COUNTIFS(Lotes!$A$5:$A$154,Config!$A$13,Lotes!$E$5:$E$154,">="&DATE(Config!$B$6,1,1),Lotes!$E$5:$E$154,"<="&DATE(Config!$B$6,12,31))) | C14: =IF(Config!$A$13="","",SUMIFS(Lotes!$D$5:$D$154,Lotes!$A$5:$A$154,Config!$A$13,Lotes!$E$5:$E$154,">="&DATE(Config!$B$6,1,1),Lotes!$E$5:$E$154,"<="&DATE(Config!$B$6,12,31))) | D14: =IF(Config!$A$13="","",SUMIFS(Lotes!$G$5:$G$154,Lotes!$A$5:$A$154,Config!$A$13,Lotes!$F$5:$F$154,">="&DATE(Config!$B$6,1,1),Lotes!$F$5:$F$154,"<="&DATE(Config!$B$6,12,31))) | E14: =IF(Config!$A$13="","",SUMIFS(Lotes!$M$5:$M$154,Lotes!$A$5:$A$154,Config!$A$13,Lotes!$F$5:$F$154,">="&DATE(Config!$B$6,1,1),Lotes!$F$5:$F$154,"<="&DATE(Config!$B$6,12,31))) | F14: =IF(Config!$A$13="","",IFERROR(E14/(D14+E14),0)) | G14: =IF(Config!$A$13="","",SUMIFS(Lotes!$I$5:$I$154,Lotes!$A$5:$A$154,Config!$A$13,Lotes!$J$5:$J$154,">="&DATE(Config!$B$6,1,1),Lotes!$J$5:$J$154,"<="&DATE(Config!$B$6,12,31))) | H14: =IF(Config!$A$13="","",SUMIFS(Lotes!$D$5:$D$154,Lotes!$A$5:$A$154,Config!$A$13,Lotes!$N$5:$N$154,"Aguardando")+SUMIFS(Lotes!$D$5:$D$154,Lotes!$A$5:$A$154,Config!$A$13,Lotes!$N$5:$N$154,"Atrasada")) | I14: =IF(Config!$A$13="","",SUMIFS(Lotes!$D$5:$D$154,Lotes!$A$5:$A$154,Config!$A$13,Lotes!$N$5:$N$154,"Atrasada")) | J14: =IF(Config!$A$13="","",Config!$B$13) | K14: =IF(Config!$A$13="","",IFERROR(AVERAGEIFS(Lotes!$T$5:$T$154,Lotes!$A$5:$A$154,Config!$A$13,Lotes!$F$5:$F$154,">="&DATE(Config!$B$6,1,1),Lotes!$F$5:$F$154,"<="&DATE(Config!$B$6,12,31)),"—")) | L14: =IF(F14="","",REPT("█",ROUND(MIN(1,F14/0.15)*20,0)))
A15: =IF(Config!$A$14="","",Config!$A$14) | B15: =IF(Config!$A$14="","",COUNTIFS(Lotes!$A$5:$A$154,Config!$A$14,Lotes!$E$5:$E$154,">="&DATE(Config!$B$6,1,1),Lotes!$E$5:$E$154,"<="&DATE(Config!$B$6,12,31))) | C15: =IF(Config!$A$14="","",SUMIFS(Lotes!$D$5:$D$154,Lotes!$A$5:$A$154,Config!$A$14,Lotes!$E$5:$E$154,">="&DATE(Config!$B$6,1,1),Lotes!$E$5:$E$154,"<="&DATE(Config!$B$6,12,31))) | D15: =IF(Config!$A$14="","",SUMIFS(Lotes!$G$5:$G$154,Lotes!$A$5:$A$154,Config!$A$14,Lotes!$F$5:$F$154,">="&DATE(Config!$B$6,1,1),Lotes!$F$5:$F$154,"<="&DATE(Config!$B$6,12,31))) | E15: =IF(Config!$A$14="","",SUMIFS(Lotes!$M$5:$M$154,Lotes!$A$5:$A$154,Config!$A$14,Lotes!$F$5:$F$154,">="&DATE(Config!$B$6,1,1),Lotes!$F$5:$F$154,"<="&DATE(Config!$B$6,12,31))) | F15: =IF(Config!$A$14="","",IFERROR(E15/(D15+E15),0)) | G15: =IF(Config!$A$14="","",SUMIFS(Lotes!$I$5:$I$154,Lotes!$A$5:$A$154,Config!$A$14,Lotes!$J$5:$J$154,">="&DATE(Config!$B$6,1,1),Lotes!$J$5:$J$154,"<="&DATE(Config!$B$6,12,31))) | H15: =IF(Config!$A$14="","",SUMIFS(Lotes!$D$5:$D$154,Lotes!$A$5:$A$154,Config!$A$14,Lotes!$N$5:$N$154,"Aguardando")+SUMIFS(Lotes!$D$5:$D$154,Lotes!$A$5:$A$154,Config!$A$14,Lotes!$N$5:$N$154,"Atrasada")) | I15: =IF(Config!$A$14="","",SUMIFS(Lotes!$D$5:$D$154,Lotes!$A$5:$A$154,Config!$A$14,Lotes!$N$5:$N$154,"Atrasada")) | J15: =IF(Config!$A$14="","",Config!$B$14) | K15: =IF(Config!$A$14="","",IFERROR(AVERAGEIFS(Lotes!$T$5:$T$154,Lotes!$A$5:$A$154,Config!$A$14,Lotes!$F$5:$F$154,">="&DATE(Config!$B$6,1,1),Lotes!$F$5:$F$154,"<="&DATE(Config!$B$6,12,31)),"—")) | L15: =IF(F15="","",REPT("█",ROUND(MIN(1,F15/0.15)*20,0)))
A16: =IF(Config!$A$15="","",Config!$A$15) | B16: =IF(Config!$A$15="","",COUNTIFS(Lotes!$A$5:$A$154,Config!$A$15,Lotes!$E$5:$E$154,">="&DATE(Config!$B$6,1,1),Lotes!$E$5:$E$154,"<="&DATE(Config!$B$6,12,31))) | C16: =IF(Config!$A$15="","",SUMIFS(Lotes!$D$5:$D$154,Lotes!$A$5:$A$154,Config!$A$15,Lotes!$E$5:$E$154,">="&DATE(Config!$B$6,1,1),Lotes!$E$5:$E$154,"<="&DATE(Config!$B$6,12,31))) | D16: =IF(Config!$A$15="","",SUMIFS(Lotes!$G$5:$G$154,Lotes!$A$5:$A$154,Config!$A$15,Lotes!$F$5:$F$154,">="&DATE(Config!$B$6,1,1),Lotes!$F$5:$F$154,"<="&DATE(Config!$B$6,12,31))) | E16: =IF(Config!$A$15="","",SUMIFS(Lotes!$M$5:$M$154,Lotes!$A$5:$A$154,Config!$A$15,Lotes!$F$5:$F$154,">="&DATE(Config!$B$6,1,1),Lotes!$F$5:$F$154,"<="&DATE(Config!$B$6,12,31))) | F16: =IF(Config!$A$15="","",IFERROR(E16/(D16+E16),0)) | G16: =IF(Config!$A$15="","",SUMIFS(Lotes!$I$5:$I$154,Lotes!$A$5:$A$154,Config!$A$15,Lotes!$J$5:$J$154,">="&DATE(Config!$B$6,1,1),Lotes!$J$5:$J$154,"<="&DATE(Config!$B$6,12,31))) | H16: =IF(Config!$A$15="","",SUMIFS(Lotes!$D$5:$D$154,Lotes!$A$5:$A$154,Config!$A$15,Lotes!$N$5:$N$154,"Aguardando")+SUMIFS(Lotes!$D$5:$D$154,Lotes!$A$5:$A$154,Config!$A$15,Lotes!$N$5:$N$154,"Atrasada")) | I16: =IF(Config!$A$15="","",SUMIFS(Lotes!$D$5:$D$154,Lotes!$A$5:$A$154,Config!$A$15,Lotes!$N$5:$N$154,"Atrasada")) | J16: =IF(Config!$A$15="","",Config!$B$15) | K16: =IF(Config!$A$15="","",IFERROR(AVERAGEIFS(Lotes!$T$5:$T$154,Lotes!$A$5:$A$154,Config!$A$15,Lotes!$F$5:$F$154,">="&DATE(Config!$B$6,1,1),Lotes!$F$5:$F$154,"<="&DATE(Config!$B$6,12,31)),"—")) | L16: =IF(F16="","",REPT("█",ROUND(MIN(1,F16/0.15)*20,0)))
A17: Glosa acima de 5 % e prazo real acima do contratual ficam em vermelho: são os dois argumentos da conversa com o convênio. A barra da glosa vai até 15 %.
A19: Lotes em aberto: atrasados primeiro, depois os maiores
A20: # | B20: Convênio | C20: Competência | D20: Nº de guias | E20: Enviado (R$) | F20: Data de envio | G20: Previsão | H20: Situação | I20: Dias de atraso
A21: 1 | B21: =IFERROR(IF(LARGE(Lotes!$S$5:$S$154,1)>0,INDEX(Lotes!$A$5:$A$154,MATCH(LARGE(Lotes!$S$5:$S$154,1),Lotes!$S$5:$S$154,0)),""),"") -> Vida Care | C21: =IFERROR(IF(LARGE(Lotes!$S$5:$S$154,1)>0,INDEX(Lotes!$B$5:$B$154,MATCH(LARGE(Lotes!$S$5:$S$154,1),Lotes!$S$5:$S$154,0)),""),"") -> 46174 | D21: =IFERROR(IF(LARGE(Lotes!$S$5:$S$154,1)>0,INDEX(Lotes!$C$5:$C$154,MATCH(LARGE(Lotes!$S$5:$S$154,1),Lotes!$S$5:$S$154,0)),""),"") -> 19 | E21: =IFERROR(IF(LARGE(Lotes!$S$5:$S$154,1)>0,INDEX(Lotes!$D$5:$D$154,MATCH(LARGE(Lotes!$S$5:$S$154,1),Lotes!$S$5:$S$154,0)),""),"") -> 1727 | F21: =IFERROR(IF(LARGE(Lotes!$S$5:$S$154,1)>0,INDEX(Lotes!$E$5:$E$154,MATCH(LARGE(Lotes!$S$5:$S$154,1),Lotes!$S$5:$S$154,0)),""),"") -> 46209 | G21: =IFERROR(IF(LARGE(Lotes!$S$5:$S$154,1)>0,INDEX(Lotes!$L$5:$L$154,MATCH(LARGE(Lotes!$S$5:$S$154,1),Lotes!$S$5:$S$154,0)),""),"") -> 46269 | H21: =IFERROR(IF(LARGE(Lotes!$S$5:$S$154,1)>0,INDEX(Lotes!$N$5:$N$154,MATCH(LARGE(Lotes!$S$5:$S$154,1),Lotes!$S$5:$S$154,0)),""),"") -> Atrasada | I21: =IFERROR(IF(LARGE(Lotes!$S$5:$S$154,1)>0,INDEX(Lotes!$O$5:$O$154,MATCH(LARGE(Lotes!$S$5:$S$154,1),Lotes!$S$5:$S$154,0)),""),"") -> 10
A22: 2 | B22: =IFERROR(IF(LARGE(Lotes!$S$5:$S$154,2)>0,INDEX(Lotes!$A$5:$A$154,MATCH(LARGE(Lotes!$S$5:$S$154,2),Lotes!$S$5:$S$154,0)),""),"") -> Saúde Total | C22: =IFERROR(IF(LARGE(Lotes!$S$5:$S$154,2)>0,INDEX(Lotes!$B$5:$B$154,MATCH(LARGE(Lotes!$S$5:$S$154,2),Lotes!$S$5:$S$154,0)),""),"") -> 46235 | D22: =IFERROR(IF(LARGE(Lotes!$S$5:$S$154,2)>0,INDEX(Lotes!$C$5:$C$154,MATCH(LARGE(Lotes!$S$5:$S$154,2),Lotes!$S$5:$S$154,0)),""),"") -> 43 | E22: =IFERROR(IF(LARGE(Lotes!$S$5:$S$154,2)>0,INDEX(Lotes!$D$5:$D$154,MATCH(LARGE(Lotes!$S$5:$S$154,2),Lotes!$S$5:$S$154,0)),""),"") -> 4555 | F22: =IFERROR(IF(LARGE(Lotes!$S$5:$S$154,2)>0,INDEX(Lotes!$E$5:$E$154,MATCH(LARGE(Lotes!$S$5:$S$154,2),Lotes!$S$5:$S$154,0)),""),"") -> 46273 | G22: =IFERROR(IF(LARGE(Lotes!$S$5:$S$154,2)>0,INDEX(Lotes!$L$5:$L$154,MATCH(LARGE(Lotes!$S$5:$S$154,2),Lotes!$S$5:$S$154,0)),""),"") -> 46303 | H22: =IFERROR(IF(LARGE(Lotes!$S$5:$S$154,2)>0,INDEX(Lotes!$N$5:$N$154,MATCH(LARGE(Lotes!$S$5:$S$154,2),Lotes!$S$5:$S$154,0)),""),"") -> Aguardando | I22: =IFERROR(IF(LARGE(Lotes!$S$5:$S$154,2)>0,INDEX(Lotes!$O$5:$O$154,MATCH(LARGE(Lotes!$S$5:$S$154,2),Lotes!$S$5:$S$154,0)),""),"")
A23: 3 | B23: =IFERROR(IF(LARGE(Lotes!$S$5:$S$154,3)>0,INDEX(Lotes!$A$5:$A$154,MATCH(LARGE(Lotes!$S$5:$S$154,3),Lotes!$S$5:$S$154,0)),""),"") -> MediPlan | C23: =IFERROR(IF(LARGE(Lotes!$S$5:$S$154,3)>0,INDEX(Lotes!$B$5:$B$154,MATCH(LARGE(Lotes!$S$5:$S$154,3),Lotes!$S$5:$S$154,0)),""),"") -> 46235 | D23: =IFERROR(IF(LARGE(Lotes!$S$5:$S$154,3)>0,INDEX(Lotes!$C$5:$C$154,MATCH(LARGE(Lotes!$S$5:$S$154,3),Lotes!$S$5:$S$154,0)),""),"") -> 34 | E23: =IFERROR(IF(LARGE(Lotes!$S$5:$S$154,3)>0,INDEX(Lotes!$D$5:$D$154,MATCH(LARGE(Lotes!$S$5:$S$154,3),Lotes!$S$5:$S$154,0)),""),"") -> 3430 | F23: =IFERROR(IF(LARGE(Lotes!$S$5:$S$154,3)>0,INDEX(Lotes!$E$5:$E$154,MATCH(LARGE(Lotes!$S$5:$S$154,3),Lotes!$S$5:$S$154,0)),""),"") -> 46273 | G23: =IFERROR(IF(LARGE(Lotes!$S$5:$S$154,3)>0,INDEX(Lotes!$L$5:$L$154,MATCH(LARGE(Lotes!$S$5:$S$154,3),Lotes!$S$5:$S$154,0)),""),"") -> 46318 | H23: =IFERROR(IF(LARGE(Lotes!$S$5:$S$154,3)>0,INDEX(Lotes!$N$5:$N$154,MATCH(LARGE(Lotes!$S$5:$S$154,3),Lotes!$S$5:$S$154,0)),""),"") -> Aguardando | I23: =IFERROR(IF(LARGE(Lotes!$S$5:$S$154,3)>0,INDEX(Lotes!$O$5:$O$154,MATCH(LARGE(Lotes!$S$5:$S$154,3),Lotes!$S$5:$S$154,0)),""),"")
A24: 4 | B24: =IFERROR(IF(LARGE(Lotes!$S$5:$S$154,4)>0,INDEX(Lotes!$A$5:$A$154,MATCH(LARGE(Lotes!$S$5:$S$154,4),Lotes!$S$5:$S$154,0)),""),"") -> MediPlan | C24: =IFERROR(IF(LARGE(Lotes!$S$5:$S$154,4)>0,INDEX(Lotes!$B$5:$B$154,MATCH(LARGE(Lotes!$S$5:$S$154,4),Lotes!$S$5:$S$154,0)),""),"") -> 46204 | D24: =IFERROR(IF(LARGE(Lotes!$S$5:$S$154,4)>0,INDEX(Lotes!$C$5:$C$154,MATCH(LARGE(Lotes!$S$5:$S$154,4),Lotes!$S$5:$S$154,0)),""),"") -> 31 | E24: =IFERROR(IF(LARGE(Lotes!$S$5:$S$154,4)>0,INDEX(Lotes!$D$5:$D$154,MATCH(LARGE(Lotes!$S$5:$S$154,4),Lotes!$S$5:$S$154,0)),""),"") -> 2875 | F24: =IFERROR(IF(LARGE(Lotes!$S$5:$S$154,4)>0,INDEX(Lotes!$E$5:$E$154,MATCH(LARGE(Lotes!$S$5:$S$154,4),Lotes!$S$5:$S$154,0)),""),"") -> 46239 | G24: =IFERROR(IF(LARGE(Lotes!$S$5:$S$154,4)>0,INDEX(Lotes!$L$5:$L$154,MATCH(LARGE(Lotes!$S$5:$S$154,4),Lotes!$S$5:$S$154,0)),""),"") -> 46284 | H24: =IFERROR(IF(LARGE(Lotes!$S$5:$S$154,4)>0,INDEX(Lotes!$N$5:$N$154,MATCH(LARGE(Lotes!$S$5:$S$154,4),Lotes!$S$5:$S$154,0)),""),"") -> Aguardando | I24: =IFERROR(IF(LARGE(Lotes!$S$5:$S$154,4)>0,INDEX(Lotes!$O$5:$O$154,MATCH(LARGE(Lotes!$S$5:$S$154,4),Lotes!$S$5:$S$154,0)),""),"")
A25: 5 | B25: =IFERROR(IF(LARGE(Lotes!$S$5:$S$154,5)>0,INDEX(Lotes!$A$5:$A$154,MATCH(LARGE(Lotes!$S$5:$S$154,5),Lotes!$S$5:$S$154,0)),""),"") -> Vida Care | C25: =IFERROR(IF(LARGE(Lotes!$S$5:$S$154,5)>0,INDEX(Lotes!$B$5:$B$154,MATCH(LARGE(Lotes!$S$5:$S$154,5),Lotes!$S$5:$S$154,0)),""),"") -> 46235 | D25: =IFERROR(IF(LARGE(Lotes!$S$5:$S$154,5)>0,INDEX(Lotes!$C$5:$C$154,MATCH(LARGE(Lotes!$S$5:$S$154,5),Lotes!$S$5:$S$154,0)),""),"") -> 20 | E25: =IFERROR(IF(LARGE(Lotes!$S$5:$S$154,5)>0,INDEX(Lotes!$D$5:$D$154,MATCH(LARGE(Lotes!$S$5:$S$154,5),Lotes!$S$5:$S$154,0)),""),"") -> 1646 | F25: =IFERROR(IF(LARGE(Lotes!$S$5:$S$154,5)>0,INDEX(Lotes!$E$5:$E$154,MATCH(LARGE(Lotes!$S$5:$S$154,5),Lotes!$S$5:$S$154,0)),""),"") -> 46273 | G25: =IFERROR(IF(LARGE(Lotes!$S$5:$S$154,5)>0,INDEX(Lotes!$L$5:$L$154,MATCH(LARGE(Lotes!$S$5:$S$154,5),Lotes!$S$5:$S$154,0)),""),"") -> 46333 | H25: =IFERROR(IF(LARGE(Lotes!$S$5:$S$154,5)>0,INDEX(Lotes!$N$5:$N$154,MATCH(LARGE(Lotes!$S$5:$S$154,5),Lotes!$S$5:$S$154,0)),""),"") -> Aguardando | I25: =IFERROR(IF(LARGE(Lotes!$S$5:$S$154,5)>0,INDEX(Lotes!$O$5:$O$154,MATCH(LARGE(Lotes!$S$5:$S$154,5),Lotes!$S$5:$S$154,0)),""),"")
A26: 6 | B26: =IFERROR(IF(LARGE(Lotes!$S$5:$S$154,6)>0,INDEX(Lotes!$A$5:$A$154,MATCH(LARGE(Lotes!$S$5:$S$154,6),Lotes!$S$5:$S$154,0)),""),"") -> Vida Care | C26: =IFERROR(IF(LARGE(Lotes!$S$5:$S$154,6)>0,INDEX(Lotes!$B$5:$B$154,MATCH(LARGE(Lotes!$S$5:$S$154,6),Lotes!$S$5:$S$154,0)),""),"") -> 46204 | D26: =IFERROR(IF(LARGE(Lotes!$S$5:$S$154,6)>0,INDEX(Lotes!$C$5:$C$154,MATCH(LARGE(Lotes!$S$5:$S$154,6),Lotes!$S$5:$S$154,0)),""),"") -> 20 | E26: =IFERROR(IF(LARGE(Lotes!$S$5:$S$154,6)>0,INDEX(Lotes!$D$5:$D$154,MATCH(LARGE(Lotes!$S$5:$S$154,6),Lotes!$S$5:$S$154,0)),""),"") -> 1525 | F26: =IFERROR(IF(LARGE(Lotes!$S$5:$S$154,6)>0,INDEX(Lotes!$E$5:$E$154,MATCH(LARGE(Lotes!$S$5:$S$154,6),Lotes!$S$5:$S$154,0)),""),"") -> 46239 | G26: =IFERROR(IF(LARGE(Lotes!$S$5:$S$154,6)>0,INDEX(Lotes!$L$5:$L$154,MATCH(LARGE(Lotes!$S$5:$S$154,6),Lotes!$S$5:$S$154,0)),""),"") -> 46299 | H26: =IFERROR(IF(LARGE(Lotes!$S$5:$S$154,6)>0,INDEX(Lotes!$N$5:$N$154,MATCH(LARGE(Lotes!$S$5:$S$154,6),Lotes!$S$5:$S$154,0)),""),"") -> Aguardando | I26: =IFERROR(IF(LARGE(Lotes!$S$5:$S$154,6)>0,INDEX(Lotes!$O$5:$O$154,MATCH(LARGE(Lotes!$S$5:$S$154,6),Lotes!$S$5:$S$154,0)),""),"")
A27: 7 | B27: =IFERROR(IF(LARGE(Lotes!$S$5:$S$154,7)>0,INDEX(Lotes!$A$5:$A$154,MATCH(LARGE(Lotes!$S$5:$S$154,7),Lotes!$S$5:$S$154,0)),""),"") | C27: =IFERROR(IF(LARGE(Lotes!$S$5:$S$154,7)>0,INDEX(Lotes!$B$5:$B$154,MATCH(LARGE(Lotes!$S$5:$S$154,7),Lotes!$S$5:$S$154,0)),""),"") | D27: =IFERROR(IF(LARGE(Lotes!$S$5:$S$154,7)>0,INDEX(Lotes!$C$5:$C$154,MATCH(LARGE(Lotes!$S$5:$S$154,7),Lotes!$S$5:$S$154,0)),""),"") | E27: =IFERROR(IF(LARGE(Lotes!$S$5:$S$154,7)>0,INDEX(Lotes!$D$5:$D$154,MATCH(LARGE(Lotes!$S$5:$S$154,7),Lotes!$S$5:$S$154,0)),""),"") | F27: =IFERROR(IF(LARGE(Lotes!$S$5:$S$154,7)>0,INDEX(Lotes!$E$5:$E$154,MATCH(LARGE(Lotes!$S$5:$S$154,7),Lotes!$S$5:$S$154,0)),""),"") | G27: =IFERROR(IF(LARGE(Lotes!$S$5:$S$154,7)>0,INDEX(Lotes!$L$5:$L$154,MATCH(LARGE(Lotes!$S$5:$S$154,7),Lotes!$S$5:$S$154,0)),""),"") | H27: =IFERROR(IF(LARGE(Lotes!$S$5:$S$154,7)>0,INDEX(Lotes!$N$5:$N$154,MATCH(LARGE(Lotes!$S$5:$S$154,7),Lotes!$S$5:$S$154,0)),""),"") | I27: =IFERROR(IF(LARGE(Lotes!$S$5:$S$154,7)>0,INDEX(Lotes!$O$5:$O$154,MATCH(LARGE(Lotes!$S$5:$S$154,7),Lotes!$S$5:$S$154,0)),""),"")
A28: 8 | B28: =IFERROR(IF(LARGE(Lotes!$S$5:$S$154,8)>0,INDEX(Lotes!$A$5:$A$154,MATCH(LARGE(Lotes!$S$5:$S$154,8),Lotes!$S$5:$S$154,0)),""),"") | C28: =IFERROR(IF(LARGE(Lotes!$S$5:$S$154,8)>0,INDEX(Lotes!$B$5:$B$154,MATCH(LARGE(Lotes!$S$5:$S$154,8),Lotes!$S$5:$S$154,0)),""),"") | D28: =IFERROR(IF(LARGE(Lotes!$S$5:$S$154,8)>0,INDEX(Lotes!$C$5:$C$154,MATCH(LARGE(Lotes!$S$5:$S$154,8),Lotes!$S$5:$S$154,0)),""),"") | E28: =IFERROR(IF(LARGE(Lotes!$S$5:$S$154,8)>0,INDEX(Lotes!$D$5:$D$154,MATCH(LARGE(Lotes!$S$5:$S$154,8),Lotes!$S$5:$S$154,0)),""),"") | F28: =IFERROR(IF(LARGE(Lotes!$S$5:$S$154,8)>0,INDEX(Lotes!$E$5:$E$154,MATCH(LARGE(Lotes!$S$5:$S$154,8),Lotes!$S$5:$S$154,0)),""),"") | G28: =IFERROR(IF(LARGE(Lotes!$S$5:$S$154,8)>0,INDEX(Lotes!$L$5:$L$154,MATCH(LARGE(Lotes!$S$5:$S$154,8),Lotes!$S$5:$S$154,0)),""),"") | H28: =IFERROR(IF(LARGE(Lotes!$S$5:$S$154,8)>0,INDEX(Lotes!$N$5:$N$154,MATCH(LARGE(Lotes!$S$5:$S$154,8),Lotes!$S$5:$S$154,0)),""),"") | I28: =IFERROR(IF(LARGE(Lotes!$S$5:$S$154,8)>0,INDEX(Lotes!$O$5:$O$154,MATCH(LARGE(Lotes!$S$5:$S$154,8),Lotes!$S$5:$S$154,0)),""),"")
A29: 9 | B29: =IFERROR(IF(LARGE(Lotes!$S$5:$S$154,9)>0,INDEX(Lotes!$A$5:$A$154,MATCH(LARGE(Lotes!$S$5:$S$154,9),Lotes!$S$5:$S$154,0)),""),"") | C29: =IFERROR(IF(LARGE(Lotes!$S$5:$S$154,9)>0,INDEX(Lotes!$B$5:$B$154,MATCH(LARGE(Lotes!$S$5:$S$154,9),Lotes!$S$5:$S$154,0)),""),"") | D29: =IFERROR(IF(LARGE(Lotes!$S$5:$S$154,9)>0,INDEX(Lotes!$C$5:$C$154,MATCH(LARGE(Lotes!$S$5:$S$154,9),Lotes!$S$5:$S$154,0)),""),"") | E29: =IFERROR(IF(LARGE(Lotes!$S$5:$S$154,9)>0,INDEX(Lotes!$D$5:$D$154,MATCH(LARGE(Lotes!$S$5:$S$154,9),Lotes!$S$5:$S$154,0)),""),"") | F29: =IFERROR(IF(LARGE(Lotes!$S$5:$S$154,9)>0,INDEX(Lotes!$E$5:$E$154,MATCH(LARGE(Lotes!$S$5:$S$154,9),Lotes!$S$5:$S$154,0)),""),"") | G29: =IFERROR(IF(LARGE(Lotes!$S$5:$S$154,9)>0,INDEX(Lotes!$L$5:$L$154,MATCH(LARGE(Lotes!$S$5:$S$154,9),Lotes!$S$5:$S$154,0)),""),"") | H29: =IFERROR(IF(LARGE(Lotes!$S$5:$S$154,9)>0,INDEX(Lotes!$N$5:$N$154,MATCH(LARGE(Lotes!$S$5:$S$154,9),Lotes!$S$5:$S$154,0)),""),"") | I29: =IFERROR(IF(LARGE(Lotes!$S$5:$S$154,9)>0,INDEX(Lotes!$O$5:$O$154,MATCH(LARGE(Lotes!$S$5:$S$154,9),Lotes!$S$5:$S$154,0)),""),"")
A30: 10 | B30: =IFERROR(IF(LARGE(Lotes!$S$5:$S$154,10)>0,INDEX(Lotes!$A$5:$A$154,MATCH(LARGE(Lotes!$S$5:$S$154,10),Lotes!$S$5:$S$154,0)),""),"") | C30: =IFERROR(IF(LARGE(Lotes!$S$5:$S$154,10)>0,INDEX(Lotes!$B$5:$B$154,MATCH(LARGE(Lotes!$S$5:$S$154,10),Lotes!$S$5:$S$154,0)),""),"") | D30: =IFERROR(IF(LARGE(Lotes!$S$5:$S$154,10)>0,INDEX(Lotes!$C$5:$C$154,MATCH(LARGE(Lotes!$S$5:$S$154,10),Lotes!$S$5:$S$154,0)),""),"") | E30: =IFERROR(IF(LARGE(Lotes!$S$5:$S$154,10)>0,INDEX(Lotes!$D$5:$D$154,MATCH(LARGE(Lotes!$S$5:$S$154,10),Lotes!$S$5:$S$154,0)),""),"") | F30: =IFERROR(IF(LARGE(Lotes!$S$5:$S$154,10)>0,INDEX(Lotes!$E$5:$E$154,MATCH(LARGE(Lotes!$S$5:$S$154,10),Lotes!$S$5:$S$154,0)),""),"") | G30: =IFERROR(IF(LARGE(Lotes!$S$5:$S$154,10)>0,INDEX(Lotes!$L$5:$L$154,MATCH(LARGE(Lotes!$S$5:$S$154,10),Lotes!$S$5:$S$154,0)),""),"") | H30: =IFERROR(IF(LARGE(Lotes!$S$5:$S$154,10)>0,INDEX(Lotes!$N$5:$N$154,MATCH(LARGE(Lotes!$S$5:$S$154,10),Lotes!$S$5:$S$154,0)),""),"") | I30: =IFERROR(IF(LARGE(Lotes!$S$5:$S$154,10)>0,INDEX(Lotes!$O$5:$O$154,MATCH(LARGE(Lotes!$S$5:$S$154,10),Lotes!$S$5:$S$154,0)),""),"")
A31: 11 | B31: =IFERROR(IF(LARGE(Lotes!$S$5:$S$154,11)>0,INDEX(Lotes!$A$5:$A$154,MATCH(LARGE(Lotes!$S$5:$S$154,11),Lotes!$S$5:$S$154,0)),""),"") | C31: =IFERROR(IF(LARGE(Lotes!$S$5:$S$154,11)>0,INDEX(Lotes!$B$5:$B$154,MATCH(LARGE(Lotes!$S$5:$S$154,11),Lotes!$S$5:$S$154,0)),""),"") | D31: =IFERROR(IF(LARGE(Lotes!$S$5:$S$154,11)>0,INDEX(Lotes!$C$5:$C$154,MATCH(LARGE(Lotes!$S$5:$S$154,11),Lotes!$S$5:$S$154,0)),""),"") | E31: =IFERROR(IF(LARGE(Lotes!$S$5:$S$154,11)>0,INDEX(Lotes!$D$5:$D$154,MATCH(LARGE(Lotes!$S$5:$S$154,11),Lotes!$S$5:$S$154,0)),""),"") | F31: =IFERROR(IF(LARGE(Lotes!$S$5:$S$154,11)>0,INDEX(Lotes!$E$5:$E$154,MATCH(LARGE(Lotes!$S$5:$S$154,11),Lotes!$S$5:$S$154,0)),""),"") | G31: =IFERROR(IF(LARGE(Lotes!$S$5:$S$154,11)>0,INDEX(Lotes!$L$5:$L$154,MATCH(LARGE(Lotes!$S$5:$S$154,11),Lotes!$S$5:$S$154,0)),""),"") | H31: =IFERROR(IF(LARGE(Lotes!$S$5:$S$154,11)>0,INDEX(Lotes!$N$5:$N$154,MATCH(LARGE(Lotes!$S$5:$S$154,11),Lotes!$S$5:$S$154,0)),""),"") | I31: =IFERROR(IF(LARGE(Lotes!$S$5:$S$154,11)>0,INDEX(Lotes!$O$5:$O$154,MATCH(LARGE(Lotes!$S$5:$S$154,11),Lotes!$S$5:$S$154,0)),""),"")
A32: 12 | B32: =IFERROR(IF(LARGE(Lotes!$S$5:$S$154,12)>0,INDEX(Lotes!$A$5:$A$154,MATCH(LARGE(Lotes!$S$5:$S$154,12),Lotes!$S$5:$S$154,0)),""),"") | C32: =IFERROR(IF(LARGE(Lotes!$S$5:$S$154,12)>0,INDEX(Lotes!$B$5:$B$154,MATCH(LARGE(Lotes!$S$5:$S$154,12),Lotes!$S$5:$S$154,0)),""),"") | D32: =IFERROR(IF(LARGE(Lotes!$S$5:$S$154,12)>0,INDEX(Lotes!$C$5:$C$154,MATCH(LARGE(Lotes!$S$5:$S$154,12),Lotes!$S$5:$S$154,0)),""),"") | E32: =IFERROR(IF(LARGE(Lotes!$S$5:$S$154,12)>0,INDEX(Lotes!$D$5:$D$154,MATCH(LARGE(Lotes!$S$5:$S$154,12),Lotes!$S$5:$S$154,0)),""),"") | F32: =IFERROR(IF(LARGE(Lotes!$S$5:$S$154,12)>0,INDEX(Lotes!$E$5:$E$154,MATCH(LARGE(Lotes!$S$5:$S$154,12),Lotes!$S$5:$S$154,0)),""),"") | G32: =IFERROR(IF(LARGE(Lotes!$S$5:$S$154,12)>0,INDEX(Lotes!$L$5:$L$154,MATCH(LARGE(Lotes!$S$5:$S$154,12),Lotes!$S$5:$S$154,0)),""),"") | H32: =IFERROR(IF(LARGE(Lotes!$S$5:$S$154,12)>0,INDEX(Lotes!$N$5:$N$154,MATCH(LARGE(Lotes!$S$5:$S$154,12),Lotes!$S$5:$S$154,0)),""),"") | I32: =IFERROR(IF(LARGE(Lotes!$S$5:$S$154,12)>0,INDEX(Lotes!$O$5:$O$154,MATCH(LARGE(Lotes!$S$5:$S$154,12),Lotes!$S$5:$S$154,0)),""),"")
A35: Por mês de competência (ano do painel)
A36: Mês | B36: Lotes | C36: Guias | D36: Enviado (R$) | E36: Pago (R$) | F36: Glosa (R$) | G36: Glosa (%) | H36: A receber (R$) | I36: Situação
A37: Janeiro | B37: =COUNTIFS(Lotes!$B$5:$B$154,DATE(Config!$B$6,1,1),Lotes!$A$5:$A$154,"<>") -> 3 | C37: =SUMIFS(Lotes!$C$5:$C$154,Lotes!$B$5:$B$154,DATE(Config!$B$6,1,1)) -> 69 | D37: =SUMIFS(Lotes!$D$5:$D$154,Lotes!$B$5:$B$154,DATE(Config!$B$6,1,1)) -> 7000 | E37: =SUMIFS(Lotes!$G$5:$G$154,Lotes!$B$5:$B$154,DATE(Config!$B$6,1,1)) -> 6595 | F37: =SUMIFS(Lotes!$M$5:$M$154,Lotes!$B$5:$B$154,DATE(Config!$B$6,1,1)) -> 405 | G37: =IF(E37+F37=0,"",F37/(E37+F37)) -> 0.057857143 | H37: =SUMIFS(Lotes!$D$5:$D$154,Lotes!$B$5:$B$154,DATE(Config!$B$6,1,1),Lotes!$N$5:$N$154,"Aguardando")+SUMIFS(Lotes!$D$5:$D$154,Lotes!$B$5:$B$154,DATE(Config!$B$6,1,1),Lotes!$N$5:$N$154,"Atrasada") -> 0 | I37: =IF(B37=0,"",IF(COUNTIFS(Lotes!$B$5:$B$154,DATE(Config!$B$6,1,1),Lotes!$N$5:$N$154,"Atrasada")>0,"Com atraso",IF(COUNTIFS(Lotes!$B$5:$B$154,DATE(Config!$B$6,1,1),Lotes!$N$5:$N$154,"Em separação")>0,"Em separação",IF(H37>0,"Aguardando","Fechado")))) -> Fechado
A38: Fevereiro | B38: =COUNTIFS(Lotes!$B$5:$B$154,DATE(Config!$B$6,2,1),Lotes!$A$5:$A$154,"<>") -> 3 | C38: =SUMIFS(Lotes!$C$5:$C$154,Lotes!$B$5:$B$154,DATE(Config!$B$6,2,1)) -> 62 | D38: =SUMIFS(Lotes!$D$5:$D$154,Lotes!$B$5:$B$154,DATE(Config!$B$6,2,1)) -> 6266 | E38: =SUMIFS(Lotes!$G$5:$G$154,Lotes!$B$5:$B$154,DATE(Config!$B$6,2,1)) -> 5910 | F38: =SUMIFS(Lotes!$M$5:$M$154,Lotes!$B$5:$B$154,DATE(Config!$B$6,2,1)) -> 356 | G38: =IF(E38+F38=0,"",F38/(E38+F38)) -> 0.056814555 | H38: =SUMIFS(Lotes!$D$5:$D$154,Lotes!$B$5:$B$154,DATE(Config!$B$6,2,1),Lotes!$N$5:$N$154,"Aguardando")+SUMIFS(Lotes!$D$5:$D$154,Lotes!$B$5:$B$154,DATE(Config!$B$6,2,1),Lotes!$N$5:$N$154,"Atrasada") -> 0 | I38: =IF(B38=0,"",IF(COUNTIFS(Lotes!$B$5:$B$154,DATE(Config!$B$6,2,1),Lotes!$N$5:$N$154,"Atrasada")>0,"Com atraso",IF(COUNTIFS(Lotes!$B$5:$B$154,DATE(Config!$B$6,2,1),Lotes!$N$5:$N$154,"Em separação")>0,"Em separação",IF(H38>0,"Aguardando","Fechado")))) -> Fechado
A39: Março | B39: =COUNTIFS(Lotes!$B$5:$B$154,DATE(Config!$B$6,3,1),Lotes!$A$5:$A$154,"<>") -> 3 | C39: =SUMIFS(Lotes!$C$5:$C$154,Lotes!$B$5:$B$154,DATE(Config!$B$6,3,1)) -> 113 | D39: =SUMIFS(Lotes!$D$5:$D$154,Lotes!$B$5:$B$154,DATE(Config!$B$6,3,1)) -> 11855 | E39: =SUMIFS(Lotes!$G$5:$G$154,Lotes!$B$5:$B$154,DATE(Config!$B$6,3,1)) -> 11115 | F39: =SUMIFS(Lotes!$M$5:$M$154,Lotes!$B$5:$B$154,DATE(Config!$B$6,3,1)) -> 740 | G39: =IF(E39+F39=0,"",F39/(E39+F39)) -> 0.062420919 | H39: =SUMIFS(Lotes!$D$5:$D$154,Lotes!$B$5:$B$154,DATE(Config!$B$6,3,1),Lotes!$N$5:$N$154,"Aguardando")+SUMIFS(Lotes!$D$5:$D$154,Lotes!$B$5:$B$154,DATE(Config!$B$6,3,1),Lotes!$N$5:$N$154,"Atrasada") -> 0 | I39: =IF(B39=0,"",IF(COUNTIFS(Lotes!$B$5:$B$154,DATE(Config!$B$6,3,1),Lotes!$N$5:$N$154,"Atrasada")>0,"Com atraso",IF(COUNTIFS(Lotes!$B$5:$B$154,DATE(Config!$B$6,3,1),Lotes!$N$5:$N$154,"Em separação")>0,"Em separação",IF(H39>0,"Aguardando","Fechado")))) -> Fechado
A40: Abril | B40: =COUNTIFS(Lotes!$B$5:$B$154,DATE(Config!$B$6,4,1),Lotes!$A$5:$A$154,"<>") -> 3 | C40: =SUMIFS(Lotes!$C$5:$C$154,Lotes!$B$5:$B$154,DATE(Config!$B$6,4,1)) -> 86 | D40: =SUMIFS(Lotes!$D$5:$D$154,Lotes!$B$5:$B$154,DATE(Config!$B$6,4,1)) -> 8418 | E40: =SUMIFS(Lotes!$G$5:$G$154,Lotes!$B$5:$B$154,DATE(Config!$B$6,4,1)) -> 7796 | F40: =SUMIFS(Lotes!$M$5:$M$154,Lotes!$B$5:$B$154,DATE(Config!$B$6,4,1)) -> 622 | G40: =IF(E40+F40=0,"",F40/(E40+F40)) -> 0.073889285 | H40: =SUMIFS(Lotes!$D$5:$D$154,Lotes!$B$5:$B$154,DATE(Config!$B$6,4,1),Lotes!$N$5:$N$154,"Aguardando")+SUMIFS(Lotes!$D$5:$D$154,Lotes!$B$5:$B$154,DATE(Config!$B$6,4,1),Lotes!$N$5:$N$154,"Atrasada") -> 0 | I40: =IF(B40=0,"",IF(COUNTIFS(Lotes!$B$5:$B$154,DATE(Config!$B$6,4,1),Lotes!$N$5:$N$154,"Atrasada")>0,"Com atraso",IF(COUNTIFS(Lotes!$B$5:$B$154,DATE(Config!$B$6,4,1),Lotes!$N$5:$N$154,"Em separação")>0,"Em separação",IF(H40>0,"Aguardando","Fechado")))) -> Fechado
A41: Maio | B41: =COUNTIFS(Lotes!$B$5:$B$154,DATE(Config!$B$6,5,1),Lotes!$A$5:$A$154,"<>") -> 3 | C41: =SUMIFS(Lotes!$C$5:$C$154,Lotes!$B$5:$B$154,DATE(Config!$B$6,5,1)) -> 100 | D41: =SUMIFS(Lotes!$D$5:$D$154,Lotes!$B$5:$B$154,DATE(Config!$B$6,5,1)) -> 10541 | E41: =SUMIFS(Lotes!$G$5:$G$154,Lotes!$B$5:$B$154,DATE(Config!$B$6,5,1)) -> 9936 | F41: =SUMIFS(Lotes!$M$5:$M$154,Lotes!$B$5:$B$154,DATE(Config!$B$6,5,1)) -> 605 | G41: =IF(E41+F41=0,"",F41/(E41+F41)) -> 0.057394934 | H41: =SUMIFS(Lotes!$D$5:$D$154,Lotes!$B$5:$B$154,DATE(Config!$B$6,5,1),Lotes!$N$5:$N$154,"Aguardando")+SUMIFS(Lotes!$D$5:$D$154,Lotes!$B$5:$B$154,DATE(Config!$B$6,5,1),Lotes!$N$5:$N$154,"Atrasada") -> 0 | I41: =IF(B41=0,"",IF(COUNTIFS(Lotes!$B$5:$B$154,DATE(Config!$B$6,5,1),Lotes!$N$5:$N$154,"Atrasada")>0,"Com atraso",IF(COUNTIFS(Lotes!$B$5:$B$154,DATE(Config!$B$6,5,1),Lotes!$N$5:$N$154,"Em separação")>0,"Em separação",IF(H41>0,"Aguardando","Fechado")))) -> Fechado
A42: Junho | B42: =COUNTIFS(Lotes!$B$5:$B$154,DATE(Config!$B$6,6,1),Lotes!$A$5:$A$154,"<>") -> 3 | C42: =SUMIFS(Lotes!$C$5:$C$154,Lotes!$B$5:$B$154,DATE(Config!$B$6,6,1)) -> 114 | D42: =SUMIFS(Lotes!$D$5:$D$154,Lotes!$B$5:$B$154,DATE(Config!$B$6,6,1)) -> 11552 | E42: =SUMIFS(Lotes!$G$5:$G$154,Lotes!$B$5:$B$154,DATE(Config!$B$6,6,1)) -> 9450 | F42: =SUMIFS(Lotes!$M$5:$M$154,Lotes!$B$5:$B$154,DATE(Config!$B$6,6,1)) -> 375 | G42: =IF(E42+F42=0,"",F42/(E42+F42)) -> 0.038167939 | H42: =SUMIFS(Lotes!$D$5:$D$154,Lotes!$B$5:$B$154,DATE(Config!$B$6,6,1),Lotes!$N$5:$N$154,"Aguardando")+SUMIFS(Lotes!$D$5:$D$154,Lotes!$B$5:$B$154,DATE(Config!$B$6,6,1),Lotes!$N$5:$N$154,"Atrasada") -> 1727 | I42: =IF(B42=0,"",IF(COUNTIFS(Lotes!$B$5:$B$154,DATE(Config!$B$6,6,1),Lotes!$N$5:$N$154,"Atrasada")>0,"Com atraso",IF(COUNTIFS(Lotes!$B$5:$B$154,DATE(Config!$B$6,6,1),Lotes!$N$5:$N$154,"Em separação")>0,"Em separação",IF(H42>0,"Aguardando","Fechado")))) -> Com atraso
A43: Julho | B43: =COUNTIFS(Lotes!$B$5:$B$154,DATE(Config!$B$6,7,1),Lotes!$A$5:$A$154,"<>") -> 3 | C43: =SUMIFS(Lotes!$C$5:$C$154,Lotes!$B$5:$B$154,DATE(Config!$B$6,7,1)) -> 100 | D43: =SUMIFS(Lotes!$D$5:$D$154,Lotes!$B$5:$B$154,DATE(Config!$B$6,7,1)) -> 10350 | E43: =SUMIFS(Lotes!$G$5:$G$154,Lotes!$B$5:$B$154,DATE(Config!$B$6,7,1)) -> 5780 | F43: =SUMIFS(Lotes!$M$5:$M$154,Lotes!$B$5:$B$154,DATE(Config!$B$6,7,1)) -> 170 | G43: =IF(E43+F43=0,"",F43/(E43+F43)) -> 0.028571429 | H43: =SUMIFS(Lotes!$D$5:$D$154,Lotes!$B$5:$B$154,DATE(Config!$B$6,7,1),Lotes!$N$5:$N$154,"Aguardando")+SUMIFS(Lotes!$D$5:$D$154,Lotes!$B$5:$B$154,DATE(Config!$B$6,7,1),Lotes!$N$5:$N$154,"Atrasada") -> 4400 | I43: =IF(B43=0,"",IF(COUNTIFS(Lotes!$B$5:$B$154,DATE(Config!$B$6,7,1),Lotes!$N$5:$N$154,"Atrasada")>0,"Com atraso",IF(COUNTIFS(Lotes!$B$5:$B$154,DATE(Config!$B$6,7,1),Lotes!$N$5:$N$154,"Em separação")>0,"Em separação",IF(H43>0,"Aguardando","Fechado")))) -> Aguardando
A44: Agosto | B44: =COUNTIFS(Lotes!$B$5:$B$154,DATE(Config!$B$6,8,1),Lotes!$A$5:$A$154,"<>") -> 3 | C44: =SUMIFS(Lotes!$C$5:$C$154,Lotes!$B$5:$B$154,DATE(Config!$B$6,8,1)) -> 97 | D44: =SUMIFS(Lotes!$D$5:$D$154,Lotes!$B$5:$B$154,DATE(Config!$B$6,8,1)) -> 9631 | E44: =SUMIFS(Lotes!$G$5:$G$154,Lotes!$B$5:$B$154,DATE(Config!$B$6,8,1)) -> 0 | F44: =SUMIFS(Lotes!$M$5:$M$154,Lotes!$B$5:$B$154,DATE(Config!$B$6,8,1)) -> 0 | G44: =IF(E44+F44=0,"",F44/(E44+F44)) | H44: =SUMIFS(Lotes!$D$5:$D$154,Lotes!$B$5:$B$154,DATE(Config!$B$6,8,1),Lotes!$N$5:$N$154,"Aguardando")+SUMIFS(Lotes!$D$5:$D$154,Lotes!$B$5:$B$154,DATE(Config!$B$6,8,1),Lotes!$N$5:$N$154,"Atrasada") -> 9631 | I44: =IF(B44=0,"",IF(COUNTIFS(Lotes!$B$5:$B$154,DATE(Config!$B$6,8,1),Lotes!$N$5:$N$154,"Atrasada")>0,"Com atraso",IF(COUNTIFS(Lotes!$B$5:$B$154,DATE(Config!$B$6,8,1),Lotes!$N$5:$N$154,"Em separação")>0,"Em separação",IF(H44>0,"Aguardando","Fechado")))) -> Aguardando
A45: Setembro | B45: =COUNTIFS(Lotes!$B$5:$B$154,DATE(Config!$B$6,9,1),Lotes!$A$5:$A$154,"<>") -> 3 | C45: =SUMIFS(Lotes!$C$5:$C$154,Lotes!$B$5:$B$154,DATE(Config!$B$6,9,1)) -> 42 | D45: =SUMIFS(Lotes!$D$5:$D$154,Lotes!$B$5:$B$154,DATE(Config!$B$6,9,1)) -> 4425 | E45: =SUMIFS(Lotes!$G$5:$G$154,Lotes!$B$5:$B$154,DATE(Config!$B$6,9,1)) -> 0 | F45: =SUMIFS(Lotes!$M$5:$M$154,Lotes!$B$5:$B$154,DATE(Config!$B$6,9,1)) -> 0 | G45: =IF(E45+F45=0,"",F45/(E45+F45)) | H45: =SUMIFS(Lotes!$D$5:$D$154,Lotes!$B$5:$B$154,DATE(Config!$B$6,9,1),Lotes!$N$5:$N$154,"Aguardando")+SUMIFS(Lotes!$D$5:$D$154,Lotes!$B$5:$B$154,DATE(Config!$B$6,9,1),Lotes!$N$5:$N$154,"Atrasada") -> 0 | I45: =IF(B45=0,"",IF(COUNTIFS(Lotes!$B$5:$B$154,DATE(Config!$B$6,9,1),Lotes!$N$5:$N$154,"Atrasada")>0,"Com atraso",IF(COUNTIFS(Lotes!$B$5:$B$154,DATE(Config!$B$6,9,1),Lotes!$N$5:$N$154,"Em separação")>0,"Em separação",IF(H45>0,"Aguardando","Fechado")))) -> Em separação
A46: Outubro | B46: =COUNTIFS(Lotes!$B$5:$B$154,DATE(Config!$B$6,10,1),Lotes!$A$5:$A$154,"<>") -> 0 | C46: =SUMIFS(Lotes!$C$5:$C$154,Lotes!$B$5:$B$154,DATE(Config!$B$6,10,1)) -> 0 | D46: =SUMIFS(Lotes!$D$5:$D$154,Lotes!$B$5:$B$154,DATE(Config!$B$6,10,1)) -> 0 | E46: =SUMIFS(Lotes!$G$5:$G$154,Lotes!$B$5:$B$154,DATE(Config!$B$6,10,1)) -> 0 | F46: =SUMIFS(Lotes!$M$5:$M$154,Lotes!$B$5:$B$154,DATE(Config!$B$6,10,1)) -> 0 | G46: =IF(E46+F46=0,"",F46/(E46+F46)) | H46: =SUMIFS(Lotes!$D$5:$D$154,Lotes!$B$5:$B$154,DATE(Config!$B$6,10,1),Lotes!$N$5:$N$154,"Aguardando")+SUMIFS(Lotes!$D$5:$D$154,Lotes!$B$5:$B$154,DATE(Config!$B$6,10,1),Lotes!$N$5:$N$154,"Atrasada") -> 0 | I46: =IF(B46=0,"",IF(COUNTIFS(Lotes!$B$5:$B$154,DATE(Config!$B$6,10,1),Lotes!$N$5:$N$154,"Atrasada")>0,"Com atraso",IF(COUNTIFS(Lotes!$B$5:$B$154,DATE(Config!$B$6,10,1),Lotes!$N$5:$N$154,"Em separação")>0,"Em separação",IF(H46>0,"Aguardando","Fechado"))))
A47: Novembro | B47: =COUNTIFS(Lotes!$B$5:$B$154,DATE(Config!$B$6,11,1),Lotes!$A$5:$A$154,"<>") -> 0 | C47: =SUMIFS(Lotes!$C$5:$C$154,Lotes!$B$5:$B$154,DATE(Config!$B$6,11,1)) -> 0 | D47: =SUMIFS(Lotes!$D$5:$D$154,Lotes!$B$5:$B$154,DATE(Config!$B$6,11,1)) -> 0 | E47: =SUMIFS(Lotes!$G$5:$G$154,Lotes!$B$5:$B$154,DATE(Config!$B$6,11,1)) -> 0 | F47: =SUMIFS(Lotes!$M$5:$M$154,Lotes!$B$5:$B$154,DATE(Config!$B$6,11,1)) -> 0 | G47: =IF(E47+F47=0,"",F47/(E47+F47)) | H47: =SUMIFS(Lotes!$D$5:$D$154,Lotes!$B$5:$B$154,DATE(Config!$B$6,11,1),Lotes!$N$5:$N$154,"Aguardando")+SUMIFS(Lotes!$D$5:$D$154,Lotes!$B$5:$B$154,DATE(Config!$B$6,11,1),Lotes!$N$5:$N$154,"Atrasada") -> 0 | I47: =IF(B47=0,"",IF(COUNTIFS(Lotes!$B$5:$B$154,DATE(Config!$B$6,11,1),Lotes!$N$5:$N$154,"Atrasada")>0,"Com atraso",IF(COUNTIFS(Lotes!$B$5:$B$154,DATE(Config!$B$6,11,1),Lotes!$N$5:$N$154,"Em separação")>0,"Em separação",IF(H47>0,"Aguardando","Fechado"))))
A48: Dezembro | B48: =COUNTIFS(Lotes!$B$5:$B$154,DATE(Config!$B$6,12,1),Lotes!$A$5:$A$154,"<>") -> 0 | C48: =SUMIFS(Lotes!$C$5:$C$154,Lotes!$B$5:$B$154,DATE(Config!$B$6,12,1)) -> 0 | D48: =SUMIFS(Lotes!$D$5:$D$154,Lotes!$B$5:$B$154,DATE(Config!$B$6,12,1)) -> 0 | E48: =SUMIFS(Lotes!$G$5:$G$154,Lotes!$B$5:$B$154,DATE(Config!$B$6,12,1)) -> 0 | F48: =SUMIFS(Lotes!$M$5:$M$154,Lotes!$B$5:$B$154,DATE(Config!$B$6,12,1)) -> 0 | G48: =IF(E48+F48=0,"",F48/(E48+F48)) | H48: =SUMIFS(Lotes!$D$5:$D$154,Lotes!$B$5:$B$154,DATE(Config!$B$6,12,1),Lotes!$N$5:$N$154,"Aguardando")+SUMIFS(Lotes!$D$5:$D$154,Lotes!$B$5:$B$154,DATE(Config!$B$6,12,1),Lotes!$N$5:$N$154,"Atrasada") -> 0 | I48: =IF(B48=0,"",IF(COUNTIFS(Lotes!$B$5:$B$154,DATE(Config!$B$6,12,1),Lotes!$N$5:$N$154,"Atrasada")>0,"Com atraso",IF(COUNTIFS(Lotes!$B$5:$B$154,DATE(Config!$B$6,12,1),Lotes!$N$5:$N$154,"Em separação")>0,"Em separação",IF(H48>0,"Aguardando","Fechado"))))
A51: Guias glosadas para recorrer (maiores primeiro; recurso aceito sai da lista)
A52: # | B52: Guia | C52: Data | D52: Paciente | E52: Convênio | F52: Procedimento | G52: Profissional | H52: Valor (R$) | I52: Recurso
A53: 1 | B53: =IFERROR(IF(LARGE(Guias!$N$5:$N$1504,1)>0,INDEX(Guias!$A$5:$A$1504,MATCH(LARGE(Guias!$N$5:$N$1504,1),Guias!$N$5:$N$1504,0)),""),"") -> G2026-0577 | C53: =IFERROR(IF(LARGE(Guias!$N$5:$N$1504,1)>0,INDEX(Guias!$B$5:$B$1504,MATCH(LARGE(Guias!$N$5:$N$1504,1),Guias!$N$5:$N$1504,0)),""),"") -> 46212 | D53: =IFERROR(IF(LARGE(Guias!$N$5:$N$1504,1)>0,INDEX(Guias!$C$5:$C$1504,MATCH(LARGE(Guias!$N$5:$N$1504,1),Guias!$N$5:$N$1504,0)),""),"") -> Isabela Barbosa | E53: =IFERROR(IF(LARGE(Guias!$N$5:$N$1504,1)>0,INDEX(Guias!$D$5:$D$1504,MATCH(LARGE(Guias!$N$5:$N$1504,1),Guias!$N$5:$N$1504,0)),""),"") -> Saúde Total | F53: =IFERROR(IF(LARGE(Guias!$N$5:$N$1504,1)>0,INDEX(Guias!$E$5:$E$1504,MATCH(LARGE(Guias!$N$5:$N$1504,1),Guias!$N$5:$N$1504,0)),""),"") -> Avaliação endócrina | G53: =IFERROR(IF(LARGE(Guias!$N$5:$N$1504,1)>0,INDEX(Guias!$F$5:$F$1504,MATCH(LARGE(Guias!$N$5:$N$1504,1),Guias!$N$5:$N$1504,0)),""),"") -> Dra. Renata Sousa | H53: =IFERROR(IF(LARGE(Guias!$N$5:$N$1504,1)>0,INDEX(Guias!$G$5:$G$1504,MATCH(LARGE(Guias!$N$5:$N$1504,1),Guias!$N$5:$N$1504,0)),""),"") -> 130 | I53: =IFERROR(IF(LARGE(Guias!$N$5:$N$1504,1)>0,IF(INDEX(Guias!$I$5:$I$1504,MATCH(LARGE(Guias!$N$5:$N$1504,1),Guias!$N$5:$N$1504,0))=0,"—",INDEX(Guias!$I$5:$I$1504,MATCH(LARGE(Guias!$N$5:$N$1504,1),Guias!$N$5:$N$1504,0))),""),"") -> —
A54: 2 | B54: =IFERROR(IF(LARGE(Guias!$N$5:$N$1504,2)>0,INDEX(Guias!$A$5:$A$1504,MATCH(LARGE(Guias!$N$5:$N$1504,2),Guias!$N$5:$N$1504,0)),""),"") -> G2026-0495 | C54: =IFERROR(IF(LARGE(Guias!$N$5:$N$1504,2)>0,INDEX(Guias!$B$5:$B$1504,MATCH(LARGE(Guias!$N$5:$N$1504,2),Guias!$N$5:$N$1504,0)),""),"") -> 46191 | D54: =IFERROR(IF(LARGE(Guias!$N$5:$N$1504,2)>0,INDEX(Guias!$C$5:$C$1504,MATCH(LARGE(Guias!$N$5:$N$1504,2),Guias!$N$5:$N$1504,0)),""),"") -> Daniel Melo | E54: =IFERROR(IF(LARGE(Guias!$N$5:$N$1504,2)>0,INDEX(Guias!$D$5:$D$1504,MATCH(LARGE(Guias!$N$5:$N$1504,2),Guias!$N$5:$N$1504,0)),""),"") -> Saúde Total | F54: =IFERROR(IF(LARGE(Guias!$N$5:$N$1504,2)>0,INDEX(Guias!$E$5:$E$1504,MATCH(LARGE(Guias!$N$5:$N$1504,2),Guias!$N$5:$N$1504,0)),""),"") -> Consulta | G54: =IFERROR(IF(LARGE(Guias!$N$5:$N$1504,2)>0,INDEX(Guias!$F$5:$F$1504,MATCH(LARGE(Guias!$N$5:$N$1504,2),Guias!$N$5:$N$1504,0)),""),"") -> Dra. Carolina Mendes | H54: =IFERROR(IF(LARGE(Guias!$N$5:$N$1504,2)>0,INDEX(Guias!$G$5:$G$1504,MATCH(LARGE(Guias!$N$5:$N$1504,2),Guias!$N$5:$N$1504,0)),""),"") -> 120 | I54: =IFERROR(IF(LARGE(Guias!$N$5:$N$1504,2)>0,IF(INDEX(Guias!$I$5:$I$1504,MATCH(LARGE(Guias!$N$5:$N$1504,2),Guias!$N$5:$N$1504,0))=0,"—",INDEX(Guias!$I$5:$I$1504,MATCH(LARGE(Guias!$N$5:$N$1504,2),Guias!$N$5:$N$1504,0))),""),"") -> Em recurso
A55: 3 | B55: =IFERROR(IF(LARGE(Guias!$N$5:$N$1504,3)>0,INDEX(Guias!$A$5:$A$1504,MATCH(LARGE(Guias!$N$5:$N$1504,3),Guias!$N$5:$N$1504,0)),""),"") -> G2026-0481 | C55: =IFERROR(IF(LARGE(Guias!$N$5:$N$1504,3)>0,INDEX(Guias!$B$5:$B$1504,MATCH(LARGE(Guias!$N$5:$N$1504,3),Guias!$N$5:$N$1504,0)),""),"") -> 46189 | D55: =IFERROR(IF(LARGE(Guias!$N$5:$N$1504,3)>0,INDEX(Guias!$C$5:$C$1504,MATCH(LARGE(Guias!$N$5:$N$1504,3),Guias!$N$5:$N$1504,0)),""),"") -> Carlos Castro | E55: =IFERROR(IF(LARGE(Guias!$N$5:$N$1504,3)>0,INDEX(Guias!$D$5:$D$1504,MATCH(LARGE(Guias!$N$5:$N$1504,3),Guias!$N$5:$N$1504,0)),""),"") -> Saúde Total | F55: =IFERROR(IF(LARGE(Guias!$N$5:$N$1504,3)>0,INDEX(Guias!$E$5:$E$1504,MATCH(LARGE(Guias!$N$5:$N$1504,3),Guias!$N$5:$N$1504,0)),""),"") -> Consulta | G55: =IFERROR(IF(LARGE(Guias!$N$5:$N$1504,3)>0,INDEX(Guias!$F$5:$F$1504,MATCH(LARGE(Guias!$N$5:$N$1504,3),Guias!$N$5:$N$1504,0)),""),"") -> Dra. Carolina Mendes | H55: =IFERROR(IF(LARGE(Guias!$N$5:$N$1504,3)>0,INDEX(Guias!$G$5:$G$1504,MATCH(LARGE(Guias!$N$5:$N$1504,3),Guias!$N$5:$N$1504,0)),""),"") -> 120 | I55: =IFERROR(IF(LARGE(Guias!$N$5:$N$1504,3)>0,IF(INDEX(Guias!$I$5:$I$1504,MATCH(LARGE(Guias!$N$5:$N$1504,3),Guias!$N$5:$N$1504,0))=0,"—",INDEX(Guias!$I$5:$I$1504,MATCH(LARGE(Guias!$N$5:$N$1504,3),Guias!$N$5:$N$1504,0))),""),"") -> Em recurso
A56: 4 | B56: =IFERROR(IF(LARGE(Guias!$N$5:$N$1504,4)>0,INDEX(Guias!$A$5:$A$1504,MATCH(LARGE(Guias!$N$5:$N$1504,4),Guias!$N$5:$N$1504,0)),""),"") -> G2026-0483 | C56: =IFERROR(IF(LARGE(Guias!$N$5:$N$1504,4)>0,INDEX(Guias!$B$5:$B$1504,MATCH(LARGE(Guias!$N$5:$N$1504,4),Guias!$N$5:$N$1504,0)),""),"") -> 46189 | D56: =IFERROR(IF(LARGE(Guias!$N$5:$N$1504,4)>0,INDEX(Guias!$C$5:$C$1504,MATCH(LARGE(Guias!$N$5:$N$1504,4),Guias!$N$5:$N$1504,0)),""),"") -> Sérgio Teixeira | E56: =IFERROR(IF(LARGE(Guias!$N$5:$N$1504,4)>0,INDEX(Guias!$D$5:$D$1504,MATCH(LARGE(Guias!$N$5:$N$1504,4),Guias!$N$5:$N$1504,0)),""),"") -> MediPlan | F56: =IFERROR(IF(LARGE(Guias!$N$5:$N$1504,4)>0,INDEX(Guias!$E$5:$E$1504,MATCH(LARGE(Guias!$N$5:$N$1504,4),Guias!$N$5:$N$1504,0)),""),"") -> Consulta | G56: =IFERROR(IF(LARGE(Guias!$N$5:$N$1504,4)>0,INDEX(Guias!$F$5:$F$1504,MATCH(LARGE(Guias!$N$5:$N$1504,4),Guias!$N$5:$N$1504,0)),""),"") -> Dr. Paulo Andrade | H56: =IFERROR(IF(LARGE(Guias!$N$5:$N$1504,4)>0,INDEX(Guias!$G$5:$G$1504,MATCH(LARGE(Guias!$N$5:$N$1504,4),Guias!$N$5:$N$1504,0)),""),"") -> 100 | I56: =IFERROR(IF(LARGE(Guias!$N$5:$N$1504,4)>0,IF(INDEX(Guias!$I$5:$I$1504,MATCH(LARGE(Guias!$N$5:$N$1504,4),Guias!$N$5:$N$1504,0))=0,"—",INDEX(Guias!$I$5:$I$1504,MATCH(LARGE(Guias!$N$5:$N$1504,4),Guias!$N$5:$N$1504,0))),""),"") -> —
A57: 5 | B57: =IFERROR(IF(LARGE(Guias!$N$5:$N$1504,5)>0,INDEX(Guias!$A$5:$A$1504,MATCH(LARGE(Guias!$N$5:$N$1504,5),Guias!$N$5:$N$1504,0)),""),"") -> G2026-0582 | C57: =IFERROR(IF(LARGE(Guias!$N$5:$N$1504,5)>0,INDEX(Guias!$B$5:$B$1504,MATCH(LARGE(Guias!$N$5:$N$1504,5),Guias!$N$5:$N$1504,0)),""),"") -> 46213 | D57: =IFERROR(IF(LARGE(Guias!$N$5:$N$1504,5)>0,INDEX(Guias!$C$5:$C$1504,MATCH(LARGE(Guias!$N$5:$N$1504,5),Guias!$N$5:$N$1504,0)),""),"") -> Débora Machado | E57: =IFERROR(IF(LARGE(Guias!$N$5:$N$1504,5)>0,INDEX(Guias!$D$5:$D$1504,MATCH(LARGE(Guias!$N$5:$N$1504,5),Guias!$N$5:$N$1504,0)),""),"") -> Saúde Total | F57: =IFERROR(IF(LARGE(Guias!$N$5:$N$1504,5)>0,INDEX(Guias!$E$5:$E$1504,MATCH(LARGE(Guias!$N$5:$N$1504,5),Guias!$N$5:$N$1504,0)),""),"") -> ECG | G57: =IFERROR(IF(LARGE(Guias!$N$5:$N$1504,5)>0,INDEX(Guias!$F$5:$F$1504,MATCH(LARGE(Guias!$N$5:$N$1504,5),Guias!$N$5:$N$1504,0)),""),"") -> Dr. Paulo Andrade | H57: =IFERROR(IF(LARGE(Guias!$N$5:$N$1504,5)>0,INDEX(Guias!$G$5:$G$1504,MATCH(LARGE(Guias!$N$5:$N$1504,5),Guias!$N$5:$N$1504,0)),""),"") -> 40 | I57: =IFERROR(IF(LARGE(Guias!$N$5:$N$1504,5)>0,IF(INDEX(Guias!$I$5:$I$1504,MATCH(LARGE(Guias!$N$5:$N$1504,5),Guias!$N$5:$N$1504,0))=0,"—",INDEX(Guias!$I$5:$I$1504,MATCH(LARGE(Guias!$N$5:$N$1504,5),Guias!$N$5:$N$1504,0))),""),"") -> —
A58: 6 | B58: =IFERROR(IF(LARGE(Guias!$N$5:$N$1504,6)>0,INDEX(Guias!$A$5:$A$1504,MATCH(LARGE(Guias!$N$5:$N$1504,6),Guias!$N$5:$N$1504,0)),""),"") -> G2026-0527 | C58: =IFERROR(IF(LARGE(Guias!$N$5:$N$1504,6)>0,INDEX(Guias!$B$5:$B$1504,MATCH(LARGE(Guias!$N$5:$N$1504,6),Guias!$N$5:$N$1504,0)),""),"") -> 46198 | D58: =IFERROR(IF(LARGE(Guias!$N$5:$N$1504,6)>0,INDEX(Guias!$C$5:$C$1504,MATCH(LARGE(Guias!$N$5:$N$1504,6),Guias!$N$5:$N$1504,0)),""),"") -> Sérgio Batista | E58: =IFERROR(IF(LARGE(Guias!$N$5:$N$1504,6)>0,INDEX(Guias!$D$5:$D$1504,MATCH(LARGE(Guias!$N$5:$N$1504,6),Guias!$N$5:$N$1504,0)),""),"") -> MediPlan | F58: =IFERROR(IF(LARGE(Guias!$N$5:$N$1504,6)>0,INDEX(Guias!$E$5:$E$1504,MATCH(LARGE(Guias!$N$5:$N$1504,6),Guias!$N$5:$N$1504,0)),""),"") -> ECG | G58: =IFERROR(IF(LARGE(Guias!$N$5:$N$1504,6)>0,INDEX(Guias!$F$5:$F$1504,MATCH(LARGE(Guias!$N$5:$N$1504,6),Guias!$N$5:$N$1504,0)),""),"") -> Dr. Paulo Andrade | H58: =IFERROR(IF(LARGE(Guias!$N$5:$N$1504,6)>0,INDEX(Guias!$G$5:$G$1504,MATCH(LARGE(Guias!$N$5:$N$1504,6),Guias!$N$5:$N$1504,0)),""),"") -> 35 | I58: =IFERROR(IF(LARGE(Guias!$N$5:$N$1504,6)>0,IF(INDEX(Guias!$I$5:$I$1504,MATCH(LARGE(Guias!$N$5:$N$1504,6),Guias!$N$5:$N$1504,0))=0,"—",INDEX(Guias!$I$5:$I$1504,MATCH(LARGE(Guias!$N$5:$N$1504,6),Guias!$N$5:$N$1504,0))),""),"") -> —
A59: 7 | B59: =IFERROR(IF(LARGE(Guias!$N$5:$N$1504,7)>0,INDEX(Guias!$A$5:$A$1504,MATCH(LARGE(Guias!$N$5:$N$1504,7),Guias!$N$5:$N$1504,0)),""),"") | C59: =IFERROR(IF(LARGE(Guias!$N$5:$N$1504,7)>0,INDEX(Guias!$B$5:$B$1504,MATCH(LARGE(Guias!$N$5:$N$1504,7),Guias!$N$5:$N$1504,0)),""),"") | D59: =IFERROR(IF(LARGE(Guias!$N$5:$N$1504,7)>0,INDEX(Guias!$C$5:$C$1504,MATCH(LARGE(Guias!$N$5:$N$1504,7),Guias!$N$5:$N$1504,0)),""),"") | E59: =IFERROR(IF(LARGE(Guias!$N$5:$N$1504,7)>0,INDEX(Guias!$D$5:$D$1504,MATCH(LARGE(Guias!$N$5:$N$1504,7),Guias!$N$5:$N$1504,0)),""),"") | F59: =IFERROR(IF(LARGE(Guias!$N$5:$N$1504,7)>0,INDEX(Guias!$E$5:$E$1504,MATCH(LARGE(Guias!$N$5:$N$1504,7),Guias!$N$5:$N$1504,0)),""),"") | G59: =IFERROR(IF(LARGE(Guias!$N$5:$N$1504,7)>0,INDEX(Guias!$F$5:$F$1504,MATCH(LARGE(Guias!$N$5:$N$1504,7),Guias!$N$5:$N$1504,0)),""),"") | H59: =IFERROR(IF(LARGE(Guias!$N$5:$N$1504,7)>0,INDEX(Guias!$G$5:$G$1504,MATCH(LARGE(Guias!$N$5:$N$1504,7),Guias!$N$5:$N$1504,0)),""),"") | I59: =IFERROR(IF(LARGE(Guias!$N$5:$N$1504,7)>0,IF(INDEX(Guias!$I$5:$I$1504,MATCH(LARGE(Guias!$N$5:$N$1504,7),Guias!$N$5:$N$1504,0))=0,"—",INDEX(Guias!$I$5:$I$1504,MATCH(LARGE(Guias!$N$5:$N$1504,7),Guias!$N$5:$N$1504,0))),""),"")
A60: 8 | B60: =IFERROR(IF(LARGE(Guias!$N$5:$N$1504,8)>0,INDEX(Guias!$A$5:$A$1504,MATCH(LARGE(Guias!$N$5:$N$1504,8),Guias!$N$5:$N$1504,0)),""),"") | C60: =IFERROR(IF(LARGE(Guias!$N$5:$N$1504,8)>0,INDEX(Guias!$B$5:$B$1504,MATCH(LARGE(Guias!$N$5:$N$1504,8),Guias!$N$5:$N$1504,0)),""),"") | D60: =IFERROR(IF(LARGE(Guias!$N$5:$N$1504,8)>0,INDEX(Guias!$C$5:$C$1504,MATCH(LARGE(Guias!$N$5:$N$1504,8),Guias!$N$5:$N$1504,0)),""),"") | E60: =IFERROR(IF(LARGE(Guias!$N$5:$N$1504,8)>0,INDEX(Guias!$D$5:$D$1504,MATCH(LARGE(Guias!$N$5:$N$1504,8),Guias!$N$5:$N$1504,0)),""),"") | F60: =IFERROR(IF(LARGE(Guias!$N$5:$N$1504,8)>0,INDEX(Guias!$E$5:$E$1504,MATCH(LARGE(Guias!$N$5:$N$1504,8),Guias!$N$5:$N$1504,0)),""),"") | G60: =IFERROR(IF(LARGE(Guias!$N$5:$N$1504,8)>0,INDEX(Guias!$F$5:$F$1504,MATCH(LARGE(Guias!$N$5:$N$1504,8),Guias!$N$5:$N$1504,0)),""),"") | H60: =IFERROR(IF(LARGE(Guias!$N$5:$N$1504,8)>0,INDEX(Guias!$G$5:$G$1504,MATCH(LARGE(Guias!$N$5:$N$1504,8),Guias!$N$5:$N$1504,0)),""),"") | I60: =IFERROR(IF(LARGE(Guias!$N$5:$N$1504,8)>0,IF(INDEX(Guias!$I$5:$I$1504,MATCH(LARGE(Guias!$N$5:$N$1504,8),Guias!$N$5:$N$1504,0))=0,"—",INDEX(Guias!$I$5:$I$1504,MATCH(LARGE(Guias!$N$5:$N$1504,8),Guias!$N$5:$N$1504,0))),""),"")
A61: 9 | B61: =IFERROR(IF(LARGE(Guias!$N$5:$N$1504,9)>0,INDEX(Guias!$A$5:$A$1504,MATCH(LARGE(Guias!$N$5:$N$1504,9),Guias!$N$5:$N$1504,0)),""),"") | C61: =IFERROR(IF(LARGE(Guias!$N$5:$N$1504,9)>0,INDEX(Guias!$B$5:$B$1504,MATCH(LARGE(Guias!$N$5:$N$1504,9),Guias!$N$5:$N$1504,0)),""),"") | D61: =IFERROR(IF(LARGE(Guias!$N$5:$N$1504,9)>0,INDEX(Guias!$C$5:$C$1504,MATCH(LARGE(Guias!$N$5:$N$1504,9),Guias!$N$5:$N$1504,0)),""),"") | E61: =IFERROR(IF(LARGE(Guias!$N$5:$N$1504,9)>0,INDEX(Guias!$D$5:$D$1504,MATCH(LARGE(Guias!$N$5:$N$1504,9),Guias!$N$5:$N$1504,0)),""),"") | F61: =IFERROR(IF(LARGE(Guias!$N$5:$N$1504,9)>0,INDEX(Guias!$E$5:$E$1504,MATCH(LARGE(Guias!$N$5:$N$1504,9),Guias!$N$5:$N$1504,0)),""),"") | G61: =IFERROR(IF(LARGE(Guias!$N$5:$N$1504,9)>0,INDEX(Guias!$F$5:$F$1504,MATCH(LARGE(Guias!$N$5:$N$1504,9),Guias!$N$5:$N$1504,0)),""),"") | H61: =IFERROR(IF(LARGE(Guias!$N$5:$N$1504,9)>0,INDEX(Guias!$G$5:$G$1504,MATCH(LARGE(Guias!$N$5:$N$1504,9),Guias!$N$5:$N$1504,0)),""),"") | I61: =IFERROR(IF(LARGE(Guias!$N$5:$N$1504,9)>0,IF(INDEX(Guias!$I$5:$I$1504,MATCH(LARGE(Guias!$N$5:$N$1504,9),Guias!$N$5:$N$1504,0))=0,"—",INDEX(Guias!$I$5:$I$1504,MATCH(LARGE(Guias!$N$5:$N$1504,9),Guias!$N$5:$N$1504,0))),""),"")
A62: 10 | B62: =IFERROR(IF(LARGE(Guias!$N$5:$N$1504,10)>0,INDEX(Guias!$A$5:$A$1504,MATCH(LARGE(Guias!$N$5:$N$1504,10),Guias!$N$5:$N$1504,0)),""),"") | C62: =IFERROR(IF(LARGE(Guias!$N$5:$N$1504,10)>0,INDEX(Guias!$B$5:$B$1504,MATCH(LARGE(Guias!$N$5:$N$1504,10),Guias!$N$5:$N$1504,0)),""),"") | D62: =IFERROR(IF(LARGE(Guias!$N$5:$N$1504,10)>0,INDEX(Guias!$C$5:$C$1504,MATCH(LARGE(Guias!$N$5:$N$1504,10),Guias!$N$5:$N$1504,0)),""),"") | E62: =IFERROR(IF(LARGE(Guias!$N$5:$N$1504,10)>0,INDEX(Guias!$D$5:$D$1504,MATCH(LARGE(Guias!$N$5:$N$1504,10),Guias!$N$5:$N$1504,0)),""),"") | F62: =IFERROR(IF(LARGE(Guias!$N$5:$N$1504,10)>0,INDEX(Guias!$E$5:$E$1504,MATCH(LARGE(Guias!$N$5:$N$1504,10),Guias!$N$5:$N$1504,0)),""),"") | G62: =IFERROR(IF(LARGE(Guias!$N$5:$N$1504,10)>0,INDEX(Guias!$F$5:$F$1504,MATCH(LARGE(Guias!$N$5:$N$1504,10),Guias!$N$5:$N$1504,0)),""),"") | H62: =IFERROR(IF(LARGE(Guias!$N$5:$N$1504,10)>0,INDEX(Guias!$G$5:$G$1504,MATCH(LARGE(Guias!$N$5:$N$1504,10),Guias!$N$5:$N$1504,0)),""),"") | I62: =IFERROR(IF(LARGE(Guias!$N$5:$N$1504,10)>0,IF(INDEX(Guias!$I$5:$I$1504,MATCH(LARGE(Guias!$N$5:$N$1504,10),Guias!$N$5:$N$1504,0))=0,"—",INDEX(Guias!$I$5:$I$1504,MATCH(LARGE(Guias!$N$5:$N$1504,10),Guias!$N$5:$N$1504,0))),""),"")
A63: 11 | B63: =IFERROR(IF(LARGE(Guias!$N$5:$N$1504,11)>0,INDEX(Guias!$A$5:$A$1504,MATCH(LARGE(Guias!$N$5:$N$1504,11),Guias!$N$5:$N$1504,0)),""),"") | C63: =IFERROR(IF(LARGE(Guias!$N$5:$N$1504,11)>0,INDEX(Guias!$B$5:$B$1504,MATCH(LARGE(Guias!$N$5:$N$1504,11),Guias!$N$5:$N$1504,0)),""),"") | D63: =IFERROR(IF(LARGE(Guias!$N$5:$N$1504,11)>0,INDEX(Guias!$C$5:$C$1504,MATCH(LARGE(Guias!$N$5:$N$1504,11),Guias!$N$5:$N$1504,0)),""),"") | E63: =IFERROR(IF(LARGE(Guias!$N$5:$N$1504,11)>0,INDEX(Guias!$D$5:$D$1504,MATCH(LARGE(Guias!$N$5:$N$1504,11),Guias!$N$5:$N$1504,0)),""),"") | F63: =IFERROR(IF(LARGE(Guias!$N$5:$N$1504,11)>0,INDEX(Guias!$E$5:$E$1504,MATCH(LARGE(Guias!$N$5:$N$1504,11),Guias!$N$5:$N$1504,0)),""),"") | G63: =IFERROR(IF(LARGE(Guias!$N$5:$N$1504,11)>0,INDEX(Guias!$F$5:$F$1504,MATCH(LARGE(Guias!$N$5:$N$1504,11),Guias!$N$5:$N$1504,0)),""),"") | H63: =IFERROR(IF(LARGE(Guias!$N$5:$N$1504,11)>0,INDEX(Guias!$G$5:$G$1504,MATCH(LARGE(Guias!$N$5:$N$1504,11),Guias!$N$5:$N$1504,0)),""),"") | I63: =IFERROR(IF(LARGE(Guias!$N$5:$N$1504,11)>0,IF(INDEX(Guias!$I$5:$I$1504,MATCH(LARGE(Guias!$N$5:$N$1504,11),Guias!$N$5:$N$1504,0))=0,"—",INDEX(Guias!$I$5:$I$1504,MATCH(LARGE(Guias!$N$5:$N$1504,11),Guias!$N$5:$N$1504,0))),""),"")
A64: 12 | B64: =IFERROR(IF(LARGE(Guias!$N$5:$N$1504,12)>0,INDEX(Guias!$A$5:$A$1504,MATCH(LARGE(Guias!$N$5:$N$1504,12),Guias!$N$5:$N$1504,0)),""),"") | C64: =IFERROR(IF(LARGE(Guias!$N$5:$N$1504,12)>0,INDEX(Guias!$B$5:$B$1504,MATCH(LARGE(Guias!$N$5:$N$1504,12),Guias!$N$5:$N$1504,0)),""),"") | D64: =IFERROR(IF(LARGE(Guias!$N$5:$N$1504,12)>0,INDEX(Guias!$C$5:$C$1504,MATCH(LARGE(Guias!$N$5:$N$1504,12),Guias!$N$5:$N$1504,0)),""),"") | E64: =IFERROR(IF(LARGE(Guias!$N$5:$N$1504,12)>0,INDEX(Guias!$D$5:$D$1504,MATCH(LARGE(Guias!$N$5:$N$1504,12),Guias!$N$5:$N$1504,0)),""),"") | F64: =IFERROR(IF(LARGE(Guias!$N$5:$N$1504,12)>0,INDEX(Guias!$E$5:$E$1504,MATCH(LARGE(Guias!$N$5:$N$1504,12),Guias!$N$5:$N$1504,0)),""),"") | G64: =IFERROR(IF(LARGE(Guias!$N$5:$N$1504,12)>0,INDEX(Guias!$F$5:$F$1504,MATCH(LARGE(Guias!$N$5:$N$1504,12),Guias!$N$5:$N$1504,0)),""),"") | H64: =IFERROR(IF(LARGE(Guias!$N$5:$N$1504,12)>0,INDEX(Guias!$G$5:$G$1504,MATCH(LARGE(Guias!$N$5:$N$1504,12),Guias!$N$5:$N$1504,0)),""),"") | I64: =IFERROR(IF(LARGE(Guias!$N$5:$N$1504,12)>0,IF(INDEX(Guias!$I$5:$I$1504,MATCH(LARGE(Guias!$N$5:$N$1504,12),Guias!$N$5:$N$1504,0))=0,"—",INDEX(Guias!$I$5:$I$1504,MATCH(LARGE(Guias!$N$5:$N$1504,12),Guias!$N$5:$N$1504,0))),""),"")
A65: Recurso com "—" = ainda não recorreu. Prazo para recorrer varia por contrato: confira antes. A planilha lista; o recurso é administrativo e é seu.

Sheet Config
A1: Configurações
A2: Células amarelas: você preenche. Cada convênio com o prazo contratual de pagamento (dias após o envio do lote) e o dia de envio.
A4: Clínica | B4: Clínica Vida Plena (exemplo fictício)
A5: Data de referência (hoje) | B5: 46279
A6: Ano do painel | B6: 2026
A7: Tolerância de atraso antes de avisar (dias) | B7: 0
A9: Convênio | B9: Prazo de pagamento (dias) | C9: Dia de envio do lote | D9: Glosa histórica (informativa) | E9: Observação
A10: Saúde Total | B10: 30 | C10: 5 | D10: 0.03 | E10: Prazo contado do envio do lote (contrato)
A11: MediPlan | B11: 45 | C11: 5 | D11: 0.06 | E11: Prazo contado do envio do lote (contrato)
A12: Vida Care | B12: 60 | C12: 5 | D12: 0.1 | E12: Prazo contado do envio do lote (contrato)
A17: Preencha de cima para baixo, sem pular linha. Prazo: o que está no contrato (30, 45 ou 60 dias após o envio). A glosa histórica é só uma referência para o simulador (07); o Painel calcula a glosa real dos lotes pagos.
A18: Recurso de glosa: administrativo (guia sem autorização, código errado, prazo). O texto do recurso é seu; o prompt "Recebíveis 03 · Recurso de glosa em linguagem administrativa" da biblioteca ajuda a redigir, sem conteúdo clínico.

Sheet Guias
A1: Guias
A2: Uma linha por atendimento de convênio realizado (copie da Agenda da planilha 01: data, paciente, pagador, procedimento, profissional, valor). Quando o convênio pagar o lote, marque as guias glosadas e o recurso.
A4: Guia (nº) | B4: Data do atendimento | C4: Paciente | D4: Convênio | E4: Procedimento | F4: Profissional | G4: Valor (R$) | H4: Glosada? | I4: Recurso | J4: Competência | K4: Lote (chave) | L4: Situação do lote | M4: Valor glosado (R$)
A5: G2026-0431 | B5: 46174 | C5: Isabela Pinto | D5: Saúde Total | E5: Consulta | F5: Dra. Carolina Mendes | G5: 120 | J5: =IF(B5="","",DATE(YEAR(B5),MONTH(B5),1)) -> 46174 | K5: =IF(OR(B5="",D5=""),"",D5&"|"&TEXT(J5,"yyyy-mm")) -> Saúde Total|2026-06 | L5: =IF(K5="","",IFERROR(INDEX(Lotes!$N$5:$N$154,MATCH(K5,Lotes!$P$5:$P$154,0)),"Sem lote cadastrado")) -> Em recurso | M5: =IF(H5="Sim",G5,0) -> 0 | N5: =IF(AND(H5="Sim",I5<>"Aceito"),G5+ROW()/100000,0) -> 0
A6: G2026-0432 | B6: 46174 | C6: Tatiana Cunha | D6: Saúde Total | E6: Consulta | F6: Dra. Carolina Mendes | G6: 120 | J6: =IF(B6="","",DATE(YEAR(B6),MONTH(B6),1)) -> 46174 | K6: =IF(OR(B6="",D6=""),"",D6&"|"&TEXT(J6,"yyyy-mm")) -> Saúde Total|2026-06 | L6: =IF(K6="","",IFERROR(INDEX(Lotes!$N$5:$N$154,MATCH(K6,Lotes!$P$5:$P$154,0)),"Sem lote cadastrado")) -> Em recurso | M6: =IF(H6="Sim",G6,0) -> 0 | N6: =IF(AND(H6="Sim",I6<>"Aceito"),G6+ROW()/100000,0) -> 0
A7: G2026-0433 | B7: 46174 | C7: Débora Machado | D7: Saúde Total | E7: Consulta | F7: Dra. Carolina Mendes | G7: 120 | J7: =IF(B7="","",DATE(YEAR(B7),MONTH(B7),1)) -> 46174 | K7: =IF(OR(B7="",D7=""),"",D7&"|"&TEXT(J7,"yyyy-mm")) -> Saúde Total|2026-06 | L7: =IF(K7="","",IFERROR(INDEX(Lotes!$N$5:$N$154,MATCH(K7,Lotes!$P$5:$P$154,0)),"Sem lote cadastrado")) -> Em recurso | M7: =IF(H7="Sim",G7,0) -> 0 | N7: =IF(AND(H7="Sim",I7<>"Aceito"),G7+ROW()/100000,0) -> 0
A8: G2026-0434 | B8: 46174 | C8: Otávio Martins | D8: MediPlan | E8: Consulta | F8: Dr. Paulo Andrade | G8: 100 | J8: =IF(B8="","",DATE(YEAR(B8),MONTH(B8),1)) -> 46174 | K8: =IF(OR(B8="",D8=""),"",D8&"|"&TEXT(J8,"yyyy-mm")) -> MediPlan|2026-06 | L8: =IF(K8="","",IFERROR(INDEX(Lotes!$N$5:$N$154,MATCH(K8,Lotes!$P$5:$P$154,0)),"Sem lote cadastrado")) -> Paga com glosa | M8: =IF(H8="Sim",G8,0) -> 0 | N8: =IF(AND(H8="Sim",I8<>"Aceito"),G8+ROW()/100000,0) -> 0
A9: G2026-0435 | B9: 46174 | C9: Mateus Martins | D9: Vida Care | E9: Consulta | F9: Dr. Paulo Andrade | G9: 90 | J9: =IF(B9="","",DATE(YEAR(B9),MONTH(B9),1)) -> 46174 | K9: =IF(OR(B9="",D9=""),"",D9&"|"&TEXT(J9,"yyyy-mm")) -> Vida Care|2026-06 | L9: =IF(K9="","",IFERROR(INDEX(Lotes!$N$5:$N$154,MATCH(K9,Lotes!$P$5:$P$154,0)),"Sem lote cadastrado")) -> Atrasada | M9: =IF(H9="Sim",G9,0) -> 0 | N9: =IF(AND(H9="Sim",I9<>"Aceito"),G9+ROW()/100000,0) -> 0
A10: G2026-0436 | B10: 46174 | C10: Leandro Ferreira | D10: Saúde Total | E10: Holter | F10: Dr. Paulo Andrade | G10: 105 | J10: =IF(B10="","",DATE(YEAR(B10),MONTH(B10),1)) -> 46174 | K10: =IF(OR(B10="",D10=""),"",D10&"|"&TEXT(J10,"yyyy-mm")) -> Saúde Total|2026-06 | L10: =IF(K10="","",IFERROR(INDEX(Lotes!$N$5:$N$154,MATCH(K10,Lotes!$P$5:$P$154,0)),"Sem lote cadastrado")) -> Em recurso | M10: =IF(H10="Sim",G10,0) -> 0 | N10: =IF(AND(H10="Sim",I10<>"Aceito"),G10+ROW()/100000,0) -> 0
A11: G2026-0437 | B11: 46175 | C11: Sérgio Batista | D11: MediPlan | E11: Consulta | F11: Dra. Carolina Mendes | G11: 100 | J11: =IF(B11="","",DATE(YEAR(B11),MONTH(B11),1)) -> 46174 | K11: =IF(OR(B11="",D11=""),"",D11&"|"&TEXT(J11,"yyyy-mm")) -> MediPlan|2026-06 | L11: =IF(K11="","",IFERROR(INDEX(Lotes!$N$5:$N$154,MATCH(K11,Lotes!$P$5:$P$154,0)),"Sem lote cadastrado")) -> Paga com glosa | M11: =IF(H11="Sim",G11,0) -> 0 | N11: =IF(AND(H11="Sim",I11<>"Aceito"),G11+ROW()/100000,0) -> 0
A12: G2026-0438 | B12: 46175 | C12: Carlos Castro | D12: Saúde Total | E12: Consulta | F12: Dra. Carolina Mendes | G12: 120 | J12: =IF(B12="","",DATE(YEAR(B12),MONTH(B12),1)) -> 46174 | K12: =IF(OR(B12="",D12=""),"",D12&"|"&TEXT(J12,"yyyy-mm")) -> Saúde Total|2026-06 | L12: =IF(K12="","",IFERROR(INDEX(Lotes!$N$5:$N$154,MATCH(K12,Lotes!$P$5:$P$154,0)),"Sem lote cadastrado")) -> Em recurso | M12: =IF(H12="Sim",G12,0) -> 0 | N12: =IF(AND(H12="Sim",I12<>"Aceito"),G12+ROW()/100000,0) -> 0
A13: G2026-0439 | B13: 46175 | C13: Lucas Xavier | D13: Saúde Total | E13: Consulta | F13: Dra. Carolina Mendes | G13: 120 | J13: =IF(B13="","",DATE(YEAR(B13),MONTH(B13),1)) -> 46174 | K13: =IF(OR(B13="",D13=""),"",D13&"|"&TEXT(J13,"yyyy-mm")) -> Saúde Total|2026-06 | L13: =IF(K13="","",IFERROR(INDEX(Lotes!$N$5:$N$154,MATCH(K13,Lotes!$P$5:$P$154,0)),"Sem lote cadastrado")) -> Em recurso | M13: =IF(H13="Sim",G13,0) -> 0 | N13: =IF(AND(H13="Sim",I13<>"Aceito"),G13+ROW()/100000,0) -> 0
A14: G2026-0440 | B14: 46175 | C14: Rafael Nascimento | D14: Saúde Total | E14: Avaliação endócrina | F14: Dra. Renata Sousa | G14: 130 | J14: =IF(B14="","",DATE(YEAR(B14),MONTH(B14),1)) -> 46174 | K14: =IF(OR(B14="",D14=""),"",D14&"|"&TEXT(J14,"yyyy-mm")) -> Saúde Total|2026-06 | L14: =IF(K14="","",IFERROR(INDEX(Lotes!$N$5:$N$154,MATCH(K14,Lotes!$P$5:$P$154,0)),"Sem lote cadastrado")) -> Em recurso | M14: =IF(H14="Sim",G14,0) -> 0 | N14: =IF(AND(H14="Sim",I14<>"Aceito"),G14+ROW()/100000,0) -> 0
A15: G2026-0441 | B15: 46175 | C15: Leandro Cardoso | D15: MediPlan | E15: Consulta | F15: Dr. Paulo Andrade | G15: 100 | J15: =IF(B15="","",DATE(YEAR(B15),MONTH(B15),1)) -> 46174 | K15: =IF(OR(B15="",D15=""),"",D15&"|"&TEXT(J15,"yyyy-mm")) -> MediPlan|2026-06 | L15: =IF(K15="","",IFERROR(INDEX(Lotes!$N$5:$N$154,MATCH(K15,Lotes!$P$5:$P$154,0)),"Sem lote cadastrado")) -> Paga com glosa | M15: =IF(H15="Sim",G15,0) -> 0 | N15: =IF(AND(H15="Sim",I15<>"Aceito"),G15+ROW()/100000,0) -> 0
A16: G2026-0442 | B16: 46175 | C16: Gisele Lopes | D16: Saúde Total | E16: Avaliação endócrina | F16: Dra. Renata Sousa | G16: 130 | J16: =IF(B16="","",DATE(YEAR(B16),MONTH(B16),1)) -> 46174 | K16: =IF(OR(B16="",D16=""),"",D16&"|"&TEXT(J16,"yyyy-mm")) -> Saúde Total|2026-06 | L16: =IF(K16="","",IFERROR(INDEX(Lotes!$N$5:$N$154,MATCH(K16,Lotes!$P$5:$P$154,0)),"Sem lote cadastrado")) -> Em recurso | M16: =IF(H16="Sim",G16,0) -> 0 | N16: =IF(AND(H16="Sim",I16<>"Aceito"),G16+ROW()/100000,0) -> 0
... A54: G2026-0480 | B54: 46189 | C54: Juliana Silva | D54: Vida Care | E54: Consulta | F54: Dra. Carolina Mendes | G54: 90 | J54: =IF(B54="","",DATE(YEAR(B54),MONTH(B54),1)) -> 46174 | K54: =IF(OR(B54="",D54=""),"",D54&"|"&TEXT(J54,"yyyy-mm")) -> Vida Care|2026-06 | L54: =IF(K54="","",IFERROR(INDEX(Lotes!$N$5:$N$154,MATCH(K54,Lotes!$P$5:$P$154,0)),"Sem lote cadastrado")) -> Atrasada | M54: =IF(H54="Sim",G54,0) -> 0 | N54: =IF(AND(H54="Sim",I54<>"Aceito"),G54+ROW()/100000,0) -> 0
A55: G2026-0481 | B55: 46189 | C55: Carlos Castro | D55: Saúde Total | E55: Consulta | F55: Dra. Carolina Mendes | G55: 120 | H55: Sim | I55: Em recurso | J55: =IF(B55="","",DATE(YEAR(B55),MONTH(B55),1)) -> 46174 | K55: =IF(OR(B55="",D55=""),"",D55&"|"&TEXT(J55,"yyyy-mm")) -> Saúde Total|2026-06 | L55: =IF(K55="","",IFERROR(INDEX(Lotes!$N$5:$N$154,MATCH(K55,Lotes!$P$5:$P$154,0)),"Sem lote cadastrado")) -> Em recurso | M55: =IF(H55="Sim",G55,0) -> 120 | N55: =IF(AND(H55="Sim",I55<>"Aceito"),G55+ROW()/100000,0) -> 120.00055
A56: G2026-0482 | B56: 46189 | C56: Paulo Freitas | D56: Saúde Total | E56: Avaliação endócrina | F56: Dra. Renata Sousa | G56: 130 | J56: =IF(B56="","",DATE(YEAR(B56),MONTH(B56),1)) -> 46174 | K56: =IF(OR(B56="",D56=""),"",D56&"|"&TEXT(J56,"yyyy-mm")) -> Saúde Total|2026-06 | L56: =IF(K56="","",IFERROR(INDEX(Lotes!$N$5:$N$154,MATCH(K56,Lotes!$P$5:$P$154,0)),"Sem lote cadastrado")) -> Em recurso | M56: =IF(H56="Sim",G56,0) -> 0 | N56: =IF(AND(H56="Sim",I56<>"Aceito"),G56+ROW()/100000,0) -> 0
A57: G2026-0483 | B57: 46189 | C57: Sérgio Teixeira | D57: MediPlan | E57: Consulta | F57: Dr. Paulo Andrade | G57: 100 | H57: Sim | J57: =IF(B57="","",DATE(YEAR(B57),MONTH(B57),1)) -> 46174 | K57: =IF(OR(B57="",D57=""),"",D57&"|"&TEXT(J57,"yyyy-mm")) -> MediPlan|2026-06 | L57: =IF(K57="","",IFERROR(INDEX(Lotes!$N$5:$N$154,MATCH(K57,Lotes!$P$5:$P$154,0)),"Sem lote cadastrado")) -> Paga com glosa | M57: =IF(H57="Sim",G57,0) -> 100 | N57: =IF(AND(H57="Sim",I57<>"Aceito"),G57+ROW()/100000,0) -> 100.00057
A58: G2026-0484 | B58: 46189 | C58: Beatriz Gonçalves | D58: Saúde Total | E58: Consulta | F58: Dr. Paulo Andrade | G58: 120 | J58: =IF(B58="","",DATE(YEAR(B58),MONTH(B58),1)) -> 46174 | K58: =IF(OR(B58="",D58=""),"",D58&"|"&TEXT(J58,"yyyy-mm")) -> Saúde Total|2026-06 | L58: =IF(K58="","",IFERROR(INDEX(Lotes!$N$5:$N$154,MATCH(K58,Lotes!$P$5:$P$154,0)),"Sem lote cadastrado")) -> Em recurso | M58: =IF(H58="Sim",G58,0) -> 0 | N58: =IF(AND(H58="Sim",I58<>"Aceito"),G58+ROW()/100000,0) -> 0
A59: G2026-0485 | B59: 46189 | C59: Gisele Lima | D59: Saúde Total | E59: ECG | F59: Dr. Paulo Andrade | G59: 40 | J59: =IF(B59="","",DATE(YEAR(B59),MONTH(B59),1)) -> 46174 | K59: =IF(OR(B59="",D59=""),"",D59&"|"&TEXT(J59,"yyyy-mm")) -> Saúde Total|2026-06 | L59: =IF(K59="","",IFERROR(INDEX(Lotes!$N$5:$N$154,MATCH(K59,Lotes!$P$5:$P$154,0)),"Sem lote cadastrado")) -> Em recurso | M59: =IF(H59="Sim",G59,0) -> 0 | N59: =IF(AND(H59="Sim",I59<>"Aceito"),G59+ROW()/100000,0) -> 0
A60: G2026-0486 | B60: 46189 | C60: Roberta Fernandes | D60: Saúde Total | E60: ECG | F60: Dr. Paulo Andrade | G60: 40 | J60: =IF(B60="","",DATE(YEAR(B60),MONTH(B60),1)) -> 46174 | K60: =IF(OR(B60="",D60=""),"",D60&"|"&TEXT(J60,"yyyy-mm")) -> Saúde Total|2026-06 | L60: =IF(K60="","",IFERROR(INDEX(Lotes!$N$5:$N$154,MATCH(K60,Lotes!$P$5:$P$154,0)),"Sem lote cadastrado")) -> Em recurso | M60: =IF(H60="Sim",G60,0) -> 0 | N60: =IF(AND(H60="Sim",I60<>"Aceito"),G60+ROW()/100000,0) -> 0
A61: G2026-0487 | B61: 46189 | C61: Tatiana Gonçalves | D61: Saúde Total | E61: Consulta | F61: Dr. Paulo Andrade | G61: 120 | J61: =IF(B61="","",DATE(YEAR(B61),MONTH(B61),1)) -> 46174 | K61: =IF(OR(B61="",D61=""),"",D61&"|"&TEXT(J61,"yyyy-mm")) -> Saúde Total|2026-06 | L61: =IF(K61="","",IFERROR(INDEX(Lotes!$N$5:$N$154,MATCH(K61,Lotes!$P$5:$P$154,0)),"Sem lote cadastrado")) -> Em recurso | M61: =IF(H61="Sim",G61,0) -> 0 | N61: =IF(AND(H61="Sim",I61<>"Aceito"),G61+ROW()/100000,0) -> 0
A62: G2026-0488 | B62: 46190 | C62: Mônica Batista | D62: MediPlan | E62: Consulta | F62: Dra. Carolina Mendes | G62: 100 | J62: =IF(B62="","",DATE(YEAR(B62),MONTH(B62),1)) -> 46174 | K62: =IF(OR(B62="",D62=""),"",D62&"|"&TEXT(J62,"yyyy-mm")) -> MediPlan|2026-06 | L62: =IF(K62="","",IFERROR(INDEX(Lotes!$N$5:$N$154,MATCH(K62,Lotes!$P$5:$P$154,0)),"Sem lote cadastrado")) -> Paga com glosa | M62: =IF(H62="Sim",G62,0) -> 0 | N62: =IF(AND(H62="Sim",I62<>"Aceito"),G62+ROW()/100000,0) -> 0
A63: G2026-0489 | B63: 46190 | C63: Tatiana Cunha | D63: Saúde Total | E63: Consulta | F63: Dra. Carolina Mendes | G63: 120 | J63: =IF(B63="","",DATE(YEAR(B63),MONTH(B63),1)) -> 46174 | K63: =IF(OR(B63="",D63=""),"",D63&"|"&TEXT(J63,"yyyy-mm")) -> Saúde Total|2026-06 | L63: =IF(K63="","",IFERROR(INDEX(Lotes!$N$5:$N$154,MATCH(K63,Lotes!$P$5:$P$154,0)),"Sem lote cadastrado")) -> Em recurso | M63: =IF(H63="Sim",G63,0) -> 0 | N63: =IF(AND(H63="Sim",I63<>"Aceito"),G63+ROW()/100000,0) -> 0
A64: G2026-0490 | B64: 46190 | C64: Priscila Castro | D64: Saúde Total | E64: Consulta | F64: Dra. Carolina Mendes | G64: 120 | J64: =IF(B64="","",DATE(YEAR(B64),MONTH(B64),1)) -> 46174 | K64: =IF(OR(B64="",D64=""),"",D64&"|"&TEXT(J64,"yyyy-mm")) -> Saúde Total|2026-06 | L64: =IF(K64="","",IFERROR(INDEX(Lotes!$N$5:$N$154,MATCH(K64,Lotes!$P$5:$P$154,0)),"Sem lote cadastrado")) -> Em recurso | M64: =IF(H64="Sim",G64,0) -> 0 | N64: =IF(AND(H64="Sim",I64<>"Aceito"),G64+ROW()/100000,0) -> 0
A65: G2026-0491 | B65: 46190 | C65: Débora Machado | D65: Saúde Total | E65: Consulta | F65: Dra. Carolina Mendes | G65: 120 | J65: =IF(B65="","",DATE(YEAR(B65),MONTH(B65),1)) -> 46174 | K65: =IF(OR(B65="",D65=""),"",D65&"|"&TEXT(J65,"yyyy-mm")) -> Saúde Total|2026-06 | L65: =IF(K65="","",IFERROR(INDEX(Lotes!$N$5:$N$154,MATCH(K65,Lotes!$P$5:$P$154,0)),"Sem lote cadastrado")) -> Em recurso | M65: =IF(H65="Sim",G65,0) -> 0 | N65: =IF(AND(H65="Sim",I65<>"Aceito"),G65+ROW()/100000,0) -> 0
A66: G2026-0492 | B66: 46191 | C66: Letícia Vieira | D66: Saúde Total | E66: Consulta | F66: Dra. Carolina Mendes | G66: 120 | J66: =IF(B66="","",DATE(YEAR(B66),MONTH(B66),1)) -> 46174 | K66: =IF(OR(B66="",D66=""),"",D66&"|"&TEXT(J66,"yyyy-mm")) -> Saúde Total|2026-06 | L66: =IF(K66="","",IFERROR(INDEX(Lotes!$N$5:$N$154,MATCH(K66,Lotes!$P$5:$P$154,0)),"Sem lote cadastrado")) -> Em recurso | M66: =IF(H66="Sim",G66,0) -> 0 | N66: =IF(AND(H66="Sim",I66<>"Aceito"),G66+ROW()/100000,0) -> 0
A67: G2026-0493 | B67: 46191 | C67: Eduardo Nunes | D67: MediPlan | E67: Consulta | F67: Dra. Carolina Mendes | G67: 100 | J67: =IF(B67="","",DATE(YEAR(B67),MONTH(B67),1)) -> 46174 | K67: =IF(OR(B67="",D67=""),"",D67&"|"&TEXT(J67,"yyyy-mm")) -> MediPlan|2026-06 | L67: =IF(K67="","",IFERROR(INDEX(Lotes!$N$5:$N$154,MATCH(K67,Lotes!$P$5:$P$154,0)),"Sem lote cadastrado")) -> Paga com glosa | M67: =IF(H67="Sim",G67,0) -> 0 | N67: =IF(AND(H67="Sim",I67<>"Aceito"),G67+ROW()/100000,0) -> 0
A68: G2026-0494 | B68: 46191 | C68: Simone Monteiro | D68: Vida Care | E68: Consulta | F68: Dra. Carolina Mendes | G68: 90 | J68: =IF(B68="","",DATE(YEAR(B68),MONTH(B68),1)) -> 46174 | K68: =IF(OR(B68="",D68=""),"",D68&"|"&TEXT(J68,"yyyy-mm")) -> Vida Care|2026-06 | L68: =IF(K68="","",IFERROR(INDEX(Lotes!$N$5:$N$154,MATCH(K68,Lotes!$P$5:$P$154,0)),"Sem lote cadastrado")) -> Atrasada | M68: =IF(H68="Sim",G68,0) -> 0 | N68: =IF(AND(H68="Sim",I68<>"Aceito"),G68+ROW()/100000,0) -> 0
A69: G2026-0495 | B69: 46191 | C69: Daniel Melo | D69: Saúde Total | E69: Consulta | F69: Dra. Carolina Mendes | G69: 120 | H69: Sim | I69: Em recurso | J69: =IF(B69="","",DATE(YEAR(B69),MONTH(B69),1)) -> 46174 | K69: =IF(OR(B69="",D69=""),"",D69&"|"&TEXT(J69,"yyyy-mm")) -> Saúde Total|2026-06 | L69: =IF(K69="","",IFERROR(INDEX(Lotes!$N$5:$N$154,MATCH(K69,Lotes!$P$5:$P$154,0)),"Sem lote cadastrado")) -> Em recurso | M69: =IF(H69="Sim",G69,0) -> 120 | N69: =IF(AND(H69="Sim",I69<>"Aceito"),G69+ROW()/100000,0) -> 120.00069
A70: G2026-0496 | B70: 46191 | C70: Juliana Ribeiro | D70: Saúde Total | E70: Consulta | F70: Dra. Carolina Mendes | G70: 120 | J70: =IF(B70="","",DATE(YEAR(B70),MONTH(B70),1)) -> 46174 | K70: =IF(OR(B70="",D70=""),"",D70&"|"&TEXT(J70,"yyyy-mm")) -> Saúde Total|2026-06 | L70: =IF(K70="","",IFERROR(INDEX(Lotes!$N$5:$N$154,MATCH(K70,Lotes!$P$5:$P$154,0)),"Sem lote cadastrado")) -> Em recurso | M70: =IF(H70="Sim",G70,0) -> 0 | N70: =IF(AND(H70="Sim",I70<>"Aceito"),G70+ROW()/100000,0) -> 0
A71: G2026-0497 | B71: 46191 | C71: Priscila Pinto | D71: Saúde Total | E71: Consulta | F71: Dr. Paulo Andrade | G71: 120 | J71: =IF(B71="","",DATE(YEAR(B71),MONTH(B71),1)) -> 46174 | K71: =IF(OR(B71="",D71=""),"",D71&"|"&TEXT(J71,"yyyy-mm")) -> Saúde Total|2026-06 | L71: =IF(K71="","",IFERROR(INDEX(Lotes!$N$5:$N$154,MATCH(K71,Lotes!$P$5:$P$154,0)),"Sem lote cadastrado")) -> Em recurso | M71: =IF(H71="Sim",G71,0) -> 0 | N71: =IF(AND(H71="Sim",I71<>"Aceito"),G71+ROW()/100000,0) -> 0
A72: G2026-0498 | B72: 46191 | C72: Fernanda Gonçalves | D72: Saúde Total | E72: Avaliação endócrina | F72: Dra. Renata Sousa | G72: 130 | J72: =IF(B72="","",DATE(YEAR(B72),MONTH(B72),1)) -> 46174 | K72: =IF(OR(B72="",D72=""),"",D72&"|"&TEXT(J72,"yyyy-mm")) -> Saúde Total|2026-06 | L72: =IF(K72="","",IFERROR(INDEX(Lotes!$N$5:$N$154,MATCH(K72,Lotes!$P$5:$P$154,0)),"Sem lote cadastrado")) -> Em recurso | M72: =IF(H72="Sim",G72,0) -> 0 | N72: =IF(AND(H72="Sim",I72<>"Aceito"),G72+ROW()/100000,0) -> 0
A73: G2026-0499 | B73: 46191 | C73: Priscila Rocha | D73: MediPlan | E73: Consulta | F73: Dr. Paulo Andrade | G73: 100 | J73: =IF(B73="","",DATE(YEAR(B73),MONTH(B73),1)) -> 46174 | K73: =IF(OR(B73="",D73=""),"",D73&"|"&TEXT(J73,"yyyy-mm")) -> MediPlan|2026-06 | L73: =IF(K73="","",IFERROR(INDEX(Lotes!$N$5:$N$154,MATCH(K73,Lotes!$P$5:$P$154,0)),"Sem lote cadastrado")) -> Paga com glosa | M73: =IF(H73="Sim",G73,0) -> 0 | N73: =IF(AND(H73="Sim",I73<>"Aceito"),G73+ROW()/100000,0) -> 0
A74: G2026-0500 | B74: 46191 | C74: Helena Ribeiro | D74: MediPlan | E74: Consulta | F74: Dr. Paulo Andrade | G74: 100 | J74: =IF(B74="","",DATE(YEAR(B74),MONTH(B74),1)) -> 46174 | K74: =IF(OR(B74="",D74=""),"",D74&"|"&TEXT(J74,"yyyy-mm")) -> MediPlan|2026-06 | L74: =IF(K74="","",IFERROR(INDEX(Lotes!$N$5:$N$154,MATCH(K74,Lotes!$P$5:$P$154,0)),"Sem lote cadastrado")) -> Paga com glosa | M74: =IF(H74="Sim",G74,0) -> 0 | N74: =IF(AND(H74="Sim",I74<>"Aceito"),G74+ROW()/100000,0) -> 0
A75: G2026-0501 | B75: 46191 | C75: Camila Martins | D75: Vida Care | E75: Teste ergométrico | F75: Dr. Paulo Andrade | G75: 110 | J75: =IF(B75="","",DATE(YEAR(B75),MONTH(B75),1)) -> 46174 | K75: =IF(OR(B75="",D75=""),"",D75&"|"&TEXT(J75,"yyyy-mm")) -> Vida Care|2026-06 | L75: =IF(K75="","",IFERROR(INDEX(Lotes!$N$5:$N$154,MATCH(K75,Lotes!$P$5:$P$154,0)),"Sem lote cadastrado")) -> Atrasada | M75: =IF(H75="Sim",G75,0) -> 0 | N75: =IF(AND(H75="Sim",I75<>"Aceito"),G75+ROW()/100000,0) -> 0
A76: G2026-0502 | B76: 46191 | C76: Rafael Araújo | D76: MediPlan | E76: Consulta | F76: Dr. Paulo Andrade | G76: 100 | J76: =IF(B76="","",DATE(YEAR(B76),MONTH(B76),1)) -> 46174 | K76: =IF(OR(B76="",D76=""),"",D76&"|"&TEXT(J76,"yyyy-mm")) -> MediPlan|2026-06 | L76: =IF(K76="","",IFERROR(INDEX(Lotes!$N$5:$N$154,MATCH(K76,Lotes!$P$5:$P$154,0)),"Sem lote cadastrado")) -> Paga com glosa | M76: =IF(H76="Sim",G76,0) -> 0 | N76: =IF(AND(H76="Sim",I76<>"Aceito"),G76+ROW()/100000,0) -> 0
A77: G2026-0503 | B77: 46191 | C77: Ricardo Melo | D77: Saúde Total | E77: MAPA | F77: Dr. Paulo Andrade | G77: 95 | J77: =IF(B77="","",DATE(YEAR(B77),MONTH(B77),1)) -> 46174 | K77: =IF(OR(B77="",D77=""),"",D77&"|"&TEXT(J77,"yyyy-mm")) -> Saúde Total|2026-06 | L77: =IF(K77="","",IFERROR(INDEX(Lotes!$N$5:$N$154,MATCH(K77,Lotes!$P$5:$P$154,0)),"Sem lote cadastrado")) -> Em recurso | M77: =IF(H77="Sim",G77,0) -> 0 | N77: =IF(AND(H77="Sim",I77<>"Aceito"),G77+ROW()/100000,0) -> 0
A78: G2026-0504 | B78: 46192 | C78: Gabriel Vieira | D78: Vida Care | E78: Consulta | F78: Dr. Paulo Andrade | G78: 90 | J78: =IF(B78="","",DATE(YEAR(B78),MONTH(B78),1)) -> 46174 | K78: =IF(OR(B78="",D78=""),"",D78&"|"&TEXT(J78,"yyyy-mm")) -> Vida Care|2026-06 | L78: =IF(K78="","",IFERROR(INDEX(Lotes!$N$5:$N$154,MATCH(K78,Lotes!$P$5:$P$154,0)),"Sem lote cadastrado")) -> Atrasada | M78: =IF(H78="Sim",G78,0) -> 0 | N78: =IF(AND(H78="Sim",I78<>"Aceito"),G78+ROW()/100000,0) -> 0
A79: G2026-0505 | B79: 46192 | C79: Regina Castro | D79: Vida Care | E79: Teste ergométrico | F79: Dr. Paulo Andrade | G79: 110 | J79: =IF(B79="","",DATE(YEAR(B79),MONTH(B79),1)) -> 46174 | K79: =IF(OR(B79="",D79=""),"",D79&"|"&TEXT(J79,"yyyy-mm")) -> Vida Care|2026-06 | L79: =IF(K79="","",IFERROR(INDEX(Lotes!$N$5:$N$154,MATCH(K79,Lotes!$P$5:$P$154,0)),"Sem lote cadastrado")) -> Atrasada | M79: =IF(H79="Sim",G79,0) -> 0 | N79: =IF(AND(H79="Sim",I79<>"Aceito"),G79+ROW()/100000,0) -> 0
A80: G2026-0506 | B80: 46195 | C80: Isabela Pinto | D80: Saúde Total | E80: Consulta | F80: Dra. Carolina Mendes | G80: 120 | J80: =IF(B80="","",DATE(YEAR(B80),MONTH(B80),1)) -> 46174 | K80: =IF(OR(B80="",D80=""),"",D80&"|"&TEXT(J80,"yyyy-mm")) -> Saúde Total|2026-06 | L80: =IF(K80="","",IFERROR(INDEX(Lotes!$N$5:$N$154,MATCH(K80,Lotes!$P$5:$P$154,0)),"Sem lote cadastrado")) -> Em recurso | M80: =IF(H80="Sim",G80,0) -> 0 | N80: =IF(AND(H80="Sim",I80<>"Aceito"),G80+ROW()/100000,0) -> 0
A81: G2026-0507 | B81: 46195 | C81: Paulo Ribeiro | D81: Saúde Total | E81: Consulta | F81: Dr. Paulo Andrade | G81: 120 | J81: =IF(B81="","",DATE(YEAR(B81),MONTH(B81),1)) -> 46174 | K81: =IF(OR(B81="",D81=""),"",D81&"|"&TEXT(J81,"yyyy-mm")) -> Saúde Total|2026-06 | L81: =IF(K81="","",IFERROR(INDEX(Lotes!$N$5:$N$154,MATCH(K81,Lotes!$P$5:$P$154,0)),"Sem lote cadastrado")) -> Em recurso | M81: =IF(H81="Sim",G81,0) -> 0 | N81: =IF(AND(H81="Sim",I81<>"Aceito"),G81+ROW()/100000,0) -> 0
... A100: G2026-0526 | B100: 46198 | C100: Priscila Carvalho | D100: Vida Care | E100: ECG | F100: Dr. Paulo Andrade | G100: 32 | J100: =IF(B100="","",DATE(YEAR(B100),MONTH(B100),1)) -> 46174 | K100: =IF(OR(B100="",D100=""),"",D100&"|"&TEXT(J100,"yyyy-mm")) -> Vida Care|2026-06 | L100: =IF(K100="","",IFERROR(INDEX(Lotes!$N$5:$N$154,MATCH(K100,Lotes!$P$5:$P$154,0)),"Sem lote cadastrado")) -> Atrasada | M100: =IF(H100="Sim",G100,0) -> 0 | N100: =IF(AND(H100="Sim",I100<>"Aceito"),G100+ROW()/100000,0) -> 0
A101: G2026-0527 | B101: 46198 | C101: Sérgio Batista | D101: MediPlan | E101: ECG | F101: Dr. Paulo Andrade | G101: 35 | H101: Sim | J101: =IF(B101="","",DATE(YEAR(B101),MONTH(B101),1)) -> 46174 | K101: =IF(OR(B101="",D101=""),"",D101&"|"&TEXT(J101,"yyyy-mm")) -> MediPlan|2026-06 | L101: =IF(K101="","",IFERROR(INDEX(Lotes!$N$5:$N$154,MATCH(K101,Lotes!$P$5:$P$154,0)),"Sem lote cadastrado")) -> Paga com glosa | M101: =IF(H101="Sim",G101,0) -> 35 | N101: =IF(AND(H101="Sim",I101<>"Aceito"),G101+ROW()/100000,0) -> 35.00101
A102: G2026-0528 | B102: 46198 | C102: Gisele Lopes | D102: Saúde Total | E102: Avaliação endócrina | F102: Dra. Renata Sousa | G102: 130 | J102: =IF(B102="","",DATE(YEAR(B102),MONTH(B102),1)) -> 46174 | K102: =IF(OR(B102="",D102=""),"",D102&"|"&TEXT(J102,"yyyy-mm")) -> Saúde Total|2026-06 | L102: =IF(K102="","",IFERROR(INDEX(Lotes!$N$5:$N$154,MATCH(K102,Lotes!$P$5:$P$154,0)),"Sem lote cadastrado")) -> Em recurso | M102: =IF(H102="Sim",G102,0) -> 0 | N102: =IF(AND(H102="Sim",I102<>"Aceito"),G102+ROW()/100000,0) -> 0
A103: G2026-0529 | B103: 46199 | C103: Beatriz Gonçalves | D103: Saúde Total | E103: Consulta | F103: Dr. Paulo Andrade | G103: 120 | J103: =IF(B103="","",DATE(YEAR(B103),MONTH(B103),1)) -> 46174 | K103: =IF(OR(B103="",D103=""),"",D103&"|"&TEXT(J103,"yyyy-mm")) -> Saúde Total|2026-06 | L103: =IF(K103="","",IFERROR(INDEX(Lotes!$N$5:$N$154,MATCH(K103,Lotes!$P$5:$P$154,0)),"Sem lote cadastrado")) -> Em recurso | M103: =IF(H103="Sim",G103,0) -> 0 | N103: =IF(AND(H103="Sim",I103<>"Aceito"),G103+ROW()/100000,0) -> 0
A104: G2026-0530 | B104: 46199 | C104: Leandro Cardoso | D104: MediPlan | E104: Consulta | F104: Dr. Paulo Andrade | G104: 100 | J104: =IF(B104="","",DATE(YEAR(B104),MONTH(B104),1)) -> 46174 | K104: =IF(OR(B104="",D104=""),"",D104&"|"&TEXT(J104,"yyyy-mm")) -> MediPlan|2026-06 | L104: =IF(K104="","",IFERROR(INDEX(Lotes!$N$5:$N$154,MATCH(K104,Lotes!$P$5:$P$154,0)),"Sem lote cadastrado")) -> Paga com glosa | M104: =IF(H104="Sim",G104,0) -> 0 | N104: =IF(AND(H104="Sim",I104<>"Aceito"),G104+ROW()/100000,0) -> 0
A105: G2026-0531 | B105: 46199 | C105: Carlos Castro | D105: Saúde Total | E105: ECG | F105: Dr. Paulo Andrade | G105: 40 | J105: =IF(B105="","",DATE(YEAR(B105),MONTH(B105),1)) -> 46174 | K105: =IF(OR(B105="",D105=""),"",D105&"|"&TEXT(J105,"yyyy-mm")) -> Saúde Total|2026-06 | L105: =IF(K105="","",IFERROR(INDEX(Lotes!$N$5:$N$154,MATCH(K105,Lotes!$P$5:$P$154,0)),"Sem lote cadastrado")) -> Em recurso | M105: =IF(H105="Sim",G105,0) -> 0 | N105: =IF(AND(H105="Sim",I105<>"Aceito"),G105+ROW()/100000,0) -> 0
A106: G2026-0532 | B106: 46199 | C106: Otávio Martins | D106: MediPlan | E106: Consulta | F106: Dr. Paulo Andrade | G106: 100 | J106: =IF(B106="","",DATE(YEAR(B106),MONTH(B106),1)) -> 46174 | K106: =IF(OR(B106="",D106=""),"",D106&"|"&TEXT(J106,"yyyy-mm")) -> MediPlan|2026-06 | L106: =IF(K106="","",IFERROR(INDEX(Lotes!$N$5:$N$154,MATCH(K106,Lotes!$P$5:$P$154,0)),"Sem lote cadastrado")) -> Paga com glosa | M106: =IF(H106="Sim",G106,0) -> 0 | N106: =IF(AND(H106="Sim",I106<>"Aceito"),G106+ROW()/100000,0) -> 0
A107: G2026-0533 | B107: 46199 | C107: Rafael Araújo | D107: MediPlan | E107: Consulta | F107: Dr. Paulo Andrade | G107: 100 | J107: =IF(B107="","",DATE(YEAR(B107),MONTH(B107),1)) -> 46174 | K107: =IF(OR(B107="",D107=""),"",D107&"|"&TEXT(J107,"yyyy-mm")) -> MediPlan|2026-06 | L107: =IF(K107="","",IFERROR(INDEX(Lotes!$N$5:$N$154,MATCH(K107,Lotes!$P$5:$P$154,0)),"Sem lote cadastrado")) -> Paga com glosa | M107: =IF(H107="Sim",G107,0) -> 0 | N107: =IF(AND(H107="Sim",I107<>"Aceito"),G107+ROW()/100000,0) -> 0
A108: G2026-0534 | B108: 46202 | C108: Tatiana Cunha | D108: Saúde Total | E108: Holter | F108: Dr. Paulo Andrade | G108: 105 | J108: =IF(B108="","",DATE(YEAR(B108),MONTH(B108),1)) -> 46174 | K108: =IF(OR(B108="",D108=""),"",D108&"|"&TEXT(J108,"yyyy-mm")) -> Saúde Total|2026-06 | L108: =IF(K108="","",IFERROR(INDEX(Lotes!$N$5:$N$154,MATCH(K108,Lotes!$P$5:$P$154,0)),"Sem lote cadastrado")) -> Em recurso | M108: =IF(H108="Sim",G108,0) -> 0 | N108: =IF(AND(H108="Sim",I108<>"Aceito"),G108+ROW()/100000,0) -> 0
A109: G2026-0535 | B109: 46202 | C109: Sandra Cardoso | D109: Saúde Total | E109: ECG | F109: Dr. Paulo Andrade | G109: 40 | J109: =IF(B109="","",DATE(YEAR(B109),MONTH(B109),1)) -> 46174 | K109: =IF(OR(B109="",D109=""),"",D109&"|"&TEXT(J109,"yyyy-mm")) -> Saúde Total|2026-06 | L109: =IF(K109="","",IFERROR(INDEX(Lotes!$N$5:$N$154,MATCH(K109,Lotes!$P$5:$P$154,0)),"Sem lote cadastrado")) -> Em recurso | M109: =IF(H109="Sim",G109,0) -> 0 | N109: =IF(AND(H109="Sim",I109<>"Aceito"),G109+ROW()/100000,0) -> 0
A110: G2026-0536 | B110: 46202 | C110: Camila Martins | D110: Vida Care | E110: Consulta | F110: Dr. Paulo Andrade | G110: 90 | J110: =IF(B110="","",DATE(YEAR(B110),MONTH(B110),1)) -> 46174 | K110: =IF(OR(B110="",D110=""),"",D110&"|"&TEXT(J110,"yyyy-mm")) -> Vida Care|2026-06 | L110: =IF(K110="","",IFERROR(INDEX(Lotes!$N$5:$N$154,MATCH(K110,Lotes!$P$5:$P$154,0)),"Sem lote cadastrado")) -> Atrasada | M110: =IF(H110="Sim",G110,0) -> 0 | N110: =IF(AND(H110="Sim",I110<>"Aceito"),G110+ROW()/100000,0) -> 0
A111: G2026-0537 | B111: 46202 | C111: Priscila Rocha | D111: MediPlan | E111: Consulta | F111: Dr. Paulo Andrade | G111: 100 | J111: =IF(B111="","",DATE(YEAR(B111),MONTH(B111),1)) -> 46174 | K111: =IF(OR(B111="",D111=""),"",D111&"|"&TEXT(J111,"yyyy-mm")) -> MediPlan|2026-06 | L111: =IF(K111="","",IFERROR(INDEX(Lotes!$N$5:$N$154,MATCH(K111,Lotes!$P$5:$P$154,0)),"Sem lote cadastrado")) -> Paga com glosa | M111: =IF(H111="Sim",G111,0) -> 0 | N111: =IF(AND(H111="Sim",I111<>"Aceito"),G111+ROW()/100000,0) -> 0
A112: G2026-0538 | B112: 46202 | C112: Lucas Xavier | D112: Saúde Total | E112: MAPA | F112: Dr. Paulo Andrade | G112: 95 | J112: =IF(B112="","",DATE(YEAR(B112),MONTH(B112),1)) -> 46174 | K112: =IF(OR(B112="",D112=""),"",D112&"|"&TEXT(J112,"yyyy-mm")) -> Saúde Total|2026-06 | L112: =IF(K112="","",IFERROR(INDEX(Lotes!$N$5:$N$154,MATCH(K112,Lotes!$P$5:$P$154,0)),"Sem lote cadastrado")) -> Em recurso | M112: =IF(H112="Sim",G112,0) -> 0 | N112: =IF(AND(H112="Sim",I112<>"Aceito"),G112+ROW()/100000,0) -> 0
A113: G2026-0539 | B113: 46203 | C113: Daniel Melo | D113: Saúde Total | E113: Consulta | F113: Dra. Carolina Mendes | G113: 120 | J113: =IF(B113="","",DATE(YEAR(B113),MONTH(B113),1)) -> 46174 | K113: =IF(OR(B113="",D113=""),"",D113&"|"&TEXT(J113,"yyyy-mm")) -> Saúde Total|2026-06 | L113: =IF(K113="","",IFERROR(INDEX(Lotes!$N$5:$N$154,MATCH(K113,Lotes!$P$5:$P$154,0)),"Sem lote cadastrado")) -> Em recurso | M113: =IF(H113="Sim",G113,0) -> 0 | N113: =IF(AND(H113="Sim",I113<>"Aceito"),G113+ROW()/100000,0) -> 0
... A150: G2026-0576 | B150: 46212 | C150: Paulo Nascimento | D150: MediPlan | E150: Consulta | F150: Dr. Paulo Andrade | G150: 100 | J150: =IF(B150="","",DATE(YEAR(B150),MONTH(B150),1)) -> 46204 | K150: =IF(OR(B150="",D150=""),"",D150&"|"&TEXT(J150,"yyyy-mm")) -> MediPlan|2026-07 | L150: =IF(K150="","",IFERROR(INDEX(Lotes!$N$5:$N$154,MATCH(K150,Lotes!$P$5:$P$154,0)),"Sem lote cadastrado")) -> Aguardando | M150: =IF(H150="Sim",G150,0) -> 0 | N150: =IF(AND(H150="Sim",I150<>"Aceito"),G150+ROW()/100000,0) -> 0
A151: G2026-0577 | B151: 46212 | C151: Isabela Barbosa | D151: Saúde Total | E151: Avaliação endócrina | F151: Dra. Renata Sousa | G151: 130 | H151: Sim | J151: =IF(B151="","",DATE(YEAR(B151),MONTH(B151),1)) -> 46204 | K151: =IF(OR(B151="",D151=""),"",D151&"|"&TEXT(J151,"yyyy-mm")) -> Saúde Total|2026-07 | L151: =IF(K151="","",IFERROR(INDEX(Lotes!$N$5:$N$154,MATCH(K151,Lotes!$P$5:$P$154,0)),"Sem lote cadastrado")) -> Paga com glosa | M151: =IF(H151="Sim",G151,0) -> 130 | N151: =IF(AND(H151="Sim",I151<>"Aceito"),G151+ROW()/100000,0) -> 130.00151
A152: G2026-0578 | B152: 46212 | C152: Priscila Pinto | D152: Saúde Total | E152: Consulta | F152: Dr. Paulo Andrade | G152: 120 | J152: =IF(B152="","",DATE(YEAR(B152),MONTH(B152),1)) -> 46204 | K152: =IF(OR(B152="",D152=""),"",D152&"|"&TEXT(J152,"yyyy-mm")) -> Saúde Total|2026-07 | L152: =IF(K152="","",IFERROR(INDEX(Lotes!$N$5:$N$154,MATCH(K152,Lotes!$P$5:$P$154,0)),"Sem lote cadastrado")) -> Paga com glosa | M152: =IF(H152="Sim",G152,0) -> 0 | N152: =IF(AND(H152="Sim",I152<>"Aceito"),G152+ROW()/100000,0) -> 0
A153: G2026-0579 | B153: 46212 | C153: Vanessa Moreira | D153: Saúde Total | E153: Consulta | F153: Dr. Paulo Andrade | G153: 120 | J153: =IF(B153="","",DATE(YEAR(B153),MONTH(B153),1)) -> 46204 | K153: =IF(OR(B153="",D153=""),"",D153&"|"&TEXT(J153,"yyyy-mm")) -> Saúde Total|2026-07 | L153: =IF(K153="","",IFERROR(INDEX(Lotes!$N$5:$N$154,MATCH(K153,Lotes!$P$5:$P$154,0)),"Sem lote cadastrado")) -> Paga com glosa | M153: =IF(H153="Sim",G153,0) -> 0 | N153: =IF(AND(H153="Sim",I153<>"Aceito"),G153+ROW()/100000,0) -> 0
A154: G2026-0580 | B154: 46212 | C154: Patrícia Vieira | D154: Saúde Total | E154: Consulta | F154: Dr. Paulo Andrade | G154: 120 | J154: =IF(B154="","",DATE(YEAR(B154),MONTH(B154),1)) -> 46204 | K154: =IF(OR(B154="",D154=""),"",D154&"|"&TEXT(J154,"yyyy-mm")) -> Saúde Total|2026-07 | L154: =IF(K154="","",IFERROR(INDEX(Lotes!$N$5:$N$154,MATCH(K154,Lotes!$P$5:$P$154,0)),"Sem lote cadastrado")) -> Paga com glosa | M154: =IF(H154="Sim",G154,0) -> 0 | N154: =IF(AND(H154="Sim",I154<>"Aceito"),G154+ROW()/100000,0) -> 0
A155: G2026-0581 | B155: 46212 | C155: Gisele Lopes | D155: Saúde Total | E155: Avaliação endócrina | F155: Dra. Renata Sousa | G155: 130 | J155: =IF(B155="","",DATE(YEAR(B155),MONTH(B155),1)) -> 46204 | K155: =IF(OR(B155="",D155=""),"",D155&"|"&TEXT(J155,"yyyy-mm")) -> Saúde Total|2026-07 | L155: =IF(K155="","",IFERROR(INDEX(Lotes!$N$5:$N$154,MATCH(K155,Lotes!$P$5:$P$154,0)),"Sem lote cadastrado")) -> Paga com glosa | M155: =IF(H155="Sim",G155,0) -> 0 | N155: =IF(AND(H155="Sim",I155<>"Aceito"),G155+ROW()/100000,0) -> 0
A156: G2026-0582 | B156: 46213 | C156: Débora Machado | D156: Saúde Total | E156: ECG | F156: Dr. Paulo Andrade | G156: 40 | H156: Sim | J156: =IF(B156="","",DATE(YEAR(B156),MONTH(B156),1)) -> 46204 | K156: =IF(OR(B156="",D156=""),"",D156&"|"&TEXT(J156,"yyyy-mm")) -> Saúde Total|2026-07 | L156: =IF(K156="","",IFERROR(INDEX(Lotes!$N$5:$N$154,MATCH(K156,Lotes!$P$5:$P$154,0)),"Sem lote cadastrado")) -> Paga com glosa | M156: =IF(H156="Sim",G156,0) -> 40 | N156: =IF(AND(H156="Sim",I156<>"Aceito"),G156+ROW()/100000,0) -> 40.00156
A157: G2026-0583 | B157: 46213 | C157: Patrícia Correia | D157: Saúde Total | E157: Consulta | F157: Dr. Paulo Andrade | G157: 120 | J157: =IF(B157="","",DATE(YEAR(B157),MONTH(B157),1)) -> 46204 | K157: =IF(OR(B157="",D157=""),"",D157&"|"&TEXT(J157,"yyyy-mm")) -> Saúde Total|2026-07 | L157: =IF(K157="","",IFERROR(INDEX(Lotes!$N$5:$N$154,MATCH(K157,Lotes!$P$5:$P$154,0)),"Sem lote cadastrado")) -> Paga com glosa | M157: =IF(H157="Sim",G157,0) -> 0 | N157: =IF(AND(H157="Sim",I157<>"Aceito"),G157+ROW()/100000,0) -> 0
A158: G2026-0584 | B158: 46213 | C158: Mônica Batista | D158: MediPlan | E158: ECG | F158: Dr. Paulo Andrade | G158: 35 | J158: =IF(B158="","",DATE(YEAR(B158),MONTH(B158),1)) -> 46204 | K158: =IF(OR(B158="",D158=""),"",D158&"|"&TEXT(J158,"yyyy-mm")) -> MediPlan|2026-07 | L158: =IF(K158="","",IFERROR(INDEX(Lotes!$N$5:$N$154,MATCH(K158,Lotes!$P$5:$P$154,0)),"Sem lote cadastrado")) -> Aguardando | M158: =IF(H158="Sim",G158,0) -> 0 | N158: =IF(AND(H158="Sim",I158<>"Aceito"),G158+ROW()/100000,0) -> 0
A159: G2026-0585 | B159: 46213 | C159: Mateus Dias | D159: Saúde Total | E159: Consulta | F159: Dr. Paulo Andrade | G159: 120 | J159: =IF(B159="","",DATE(YEAR(B159),MONTH(B159),1)) -> 46204 | K159: =IF(OR(B159="",D159=""),"",D159&"|"&TEXT(J159,"yyyy-mm")) -> Saúde Total|2026-07 | L159: =IF(K159="","",IFERROR(INDEX(Lotes!$N$5:$N$154,MATCH(K159,Lotes!$P$5:$P$154,0)),"Sem lote cadastrado")) -> Paga com glosa | M159: =IF(H159="Sim",G159,0) -> 0 | N159: =IF(AND(H159="Sim",I159<>"Aceito"),G159+ROW()/100000,0) -> 0
A160: G2026-0586 | B160: 46213 | C160: Helena Ribeiro | D160: MediPlan | E160: Consulta | F160: Dr. Paulo Andrade | G160: 100 | J160: =IF(B160="","",DATE(YEAR(B160),MONTH(B160),1)) -> 46204 | K160: =IF(OR(B160="",D160=""),"",D160&"|"&TEXT(J160,"yyyy-mm")) -> MediPlan|2026-07 | L160: =IF(K160="","",IFERROR(INDEX(Lotes!$N$5:$N$154,MATCH(K160,Lotes!$P$5:$P$154,0)),"Sem lote cadastrado")) -> Aguardando | M160: =IF(H160="Sim",G160,0) -> 0 | N160: =IF(AND(H160="Sim",I160<>"Aceito"),G160+ROW()/100000,0) -> 0
A161: G2026-0587 | B161: 46213 | C161: Sandra Cardoso | D161: Saúde Total | E161: Consulta | F161: Dr. Paulo Andrade | G161: 120 | J161: =IF(B161="","",DATE(YEAR(B161),MONTH(B161),1)) -> 46204 | K161: =IF(OR(B161="",D161=""),"",D161&"|"&TEXT(J161,"yyyy-mm")) -> Saúde Total|2026-07 | L161: =IF(K161="","",IFERROR(INDEX(Lotes!$N$5:$N$154,MATCH(K161,Lotes!$P$5:$P$154,0)),"Sem lote cadastrado")) -> Paga com glosa | M161: =IF(H161="Sim",G161,0) -> 0 | N161: =IF(AND(H161="Sim",I161<>"Aceito"),G161+ROW()/100000,0) -> 0
A162: G2026-0588 | B162: 46213 | C162: Natália Xavier | D162: MediPlan | E162: Consulta | F162: Dr. Paulo Andrade | G162: 100 | J162: =IF(B162="","",DATE(YEAR(B162),MONTH(B162),1)) -> 46204 | K162: =IF(OR(B162="",D162=""),"",D162&"|"&TEXT(J162,"yyyy-mm")) -> MediPlan|2026-07 | L162: =IF(K162="","",IFERROR(INDEX(Lotes!$N$5:$N$154,MATCH(K162,Lotes!$P$5:$P$154,0)),"Sem lote cadastrado")) -> Aguardando | M162: =IF(H162="Sim",G162,0) -> 0 | N162: =IF(AND(H162="Sim",I162<>"Aceito"),G162+ROW()/100000,0) -> 0
A163: G2026-0589 | B163: 46216 | C163: Paulo Ribeiro | D163: Saúde Total | E163: Consulta | F163: Dr. Paulo Andrade | G163: 120 | J163: =IF(B163="","",DATE(YEAR(B163),MONTH(B163),1)) -> 46204 | K163: =IF(OR(B163="",D163=""),"",D163&"|"&TEXT(J163,"yyyy-mm")) -> Saúde Total|2026-07 | L163: =IF(K163="","",IFERROR(INDEX(Lotes!$N$5:$N$154,MATCH(K163,Lotes!$P$5:$P$154,0)),"Sem lote cadastrado")) -> Paga com glosa | M163: =IF(H163="Sim",G163,0) -> 0 | N163: =IF(AND(H163="Sim",I163<>"Aceito"),G163+ROW()/100000,0) -> 0
A164: G2026-0590 | B164: 46216 | C164: Gisele Lima | D164: Saúde Total | E164: Consulta | F164: Dr. Paulo Andrade | G164: 120 | J164: =IF(B164="","",DATE(YEAR(B164),MONTH(B164),1)) -> 46204 | K164: =IF(OR(B164="",D164=""),"",D164&"|"&TEXT(J164,"yyyy-mm")) -> Saúde Total|2026-07 | L164: =IF(K164="","",IFERROR(INDEX(Lotes!$N$5:$N$154,MATCH(K164,Lotes!$P$5:$P$154,0)),"Sem lote cadastrado")) -> Paga com glosa | M164: =IF(H164="Sim",G164,0) -> 0 | N164: =IF(AND(H164="Sim",I164<>"Aceito"),G164+ROW()/100000,0) -> 0
A165: G2026-0591 | B165: 46216 | C165: Camila Martins | D165: Vida Care | E165: Consulta | F165: Dr. Paulo Andrade | G165: 90 | J165: =IF(B165="","",DATE(YEAR(B165),MONTH(B165),1)) -> 46204 | K165: =IF(OR(B165="",D165=""),"",D165&"|"&TEXT(J165,"yyyy-mm")) -> Vida Care|2026-07 | L165: =IF(K165="","",IFERROR(INDEX(Lotes!$N$5:$N$154,MATCH(K165,Lotes!$P$5:$P$154,0)),"Sem lote cadastrado")) -> Aguardando | M165: =IF(H165="Sim",G165,0) -> 0 | N165: =IF(AND(H165="Sim",I165<>"Aceito"),G165+ROW()/100000,0) -> 0
A166: G2026-0592 | B166: 46217 | C166: Daniel Almeida | D166: Saúde Total | E166: Consulta | F166: Dra. Carolina Mendes | G166: 120 | J166: =IF(B166="","",DATE(YEAR(B166),MONTH(B166),1)) -> 46204 | K166: =IF(OR(B166="",D166=""),"",D166&"|"&TEXT(J166,"yyyy-mm")) -> Saúde Total|2026-07 | L166: =IF(K166="","",IFERROR(INDEX(Lotes!$N$5:$N$154,MATCH(K166,Lotes!$P$5:$P$154,0)),"Sem lote cadastrado")) -> Paga com glosa | M166: =IF(H166="Sim",G166,0) -> 0 | N166: =IF(AND(H166="Sim",I166<>"Aceito"),G166+ROW()/100000,0) -> 0
A167: G2026-0593 | B167: 46217 | C167: Eduardo Reis | D167: Vida Care | E167: Consulta | F167: Dra. Carolina Mendes | G167: 90 | J167: =IF(B167="","",DATE(YEAR(B167),MONTH(B167),1)) -> 46204 | K167: =IF(OR(B167="",D167=""),"",D167&"|"&TEXT(J167,"yyyy-mm")) -> Vida Care|2026-07 | L167: =IF(K167="","",IFERROR(INDEX(Lotes!$N$5:$N$154,MATCH(K167,Lotes!$P$5:$P$154,0)),"Sem lote cadastrado")) -> Aguardando | M167: =IF(H167="Sim",G167,0) -> 0 | N167: =IF(AND(H167="Sim",I167<>"Aceito"),G167+ROW()/100000,0) -> 0
A168: G2026-0594 | B168: 46217 | C168: Priscila Carvalho | D168: Vida Care | E168: Consulta | F168: Dra. Carolina Mendes | G168: 90 | J168: =IF(B168="","",DATE(YEAR(B168),MONTH(B168),1)) -> 46204 | K168: =IF(OR(B168="",D168=""),"",D168&"|"&TEXT(J168,"yyyy-mm")) -> Vida Care|2026-07 | L168: =IF(K168="","",IFERROR(INDEX(Lotes!$N$5:$N$154,MATCH(K168,Lotes!$P$5:$P$154,0)),"Sem lote cadastrado")) -> Aguardando | M168: =IF(H168="Sim",G168,0) -> 0 | N168: =IF(AND(H168="Sim",I168<>"Aceito"),G168+ROW()/100000,0) -> 0
... A357: G2026-0783 | B357: 46276 | C357: Mônica Teixeira | D357: Vida Care | E357: Teste ergométrico | F357: Dr. Paulo Andrade | G357: 110 | J357: =IF(B357="","",DATE(YEAR(B357),MONTH(B357),1)) -> 46266 | K357: =IF(OR(B357="",D357=""),"",D357&"|"&TEXT(J357,"yyyy-mm")) -> Vida Care|2026-09 | L357: =IF(K357="","",IFERROR(INDEX(Lotes!$N$5:$N$154,MATCH(K357,Lotes!$P$5:$P$154,0)),"Sem lote cadastrado")) -> Em separação | M357: =IF(H357="Sim",G357,0) -> 0 | N357: =IF(AND(H357="Sim",I357<>"Aceito"),G357+ROW()/100000,0) -> 0
J358: =IF(B358="","",DATE(YEAR(B358),MONTH(B358),1)) | K358: =IF(OR(B358="",D358=""),"",D358&"|"&TEXT(J358,"yyyy-mm")) | L358: =IF(K358="","",IFERROR(INDEX(Lotes!$N$5:$N$154,MATCH(K358,Lotes!$P$5:$P$154,0)),"Sem lote cadastrado")) | M358: =IF(H358="Sim",G358,0) -> 0 | N358: =IF(AND(H358="Sim",I358<>"Aceito"),G358+ROW()/100000,0) -> 0
J359: =IF(B359="","",DATE(YEAR(B359),MONTH(B359),1)) | K359: =IF(OR(B359="",D359=""),"",D359&"|"&TEXT(J359,"yyyy-mm")) | L359: =IF(K359="","",IFERROR(INDEX(Lotes!$N$5:$N$154,MATCH(K359,Lotes!$P$5:$P$154,0)),"Sem lote cadastrado")) | M359: =IF(H359="Sim",G359,0) -> 0 | N359: =IF(AND(H359="Sim",I359<>"Aceito"),G359+ROW()/100000,0) -> 0
J360: =IF(B360="","",DATE(YEAR(B360),MONTH(B360),1)) | K360: =IF(OR(B360="",D360=""),"",D360&"|"&TEXT(J360,"yyyy-mm")) | L360: =IF(K360="","",IFERROR(INDEX(Lotes!$N$5:$N$154,MATCH(K360,Lotes!$P$5:$P$154,0)),"Sem lote cadastrado")) | M360: =IF(H360="Sim",G360,0) -> 0 | N360: =IF(AND(H360="Sim",I360<>"Aceito"),G360+ROW()/100000,0) -> 0
J361: =IF(B361="","",DATE(YEAR(B361),MONTH(B361),1)) | K361: =IF(OR(B361="",D361=""),"",D361&"|"&TEXT(J361,"yyyy-mm")) | L361: =IF(K361="","",IFERROR(INDEX(Lotes!$N$5:$N$154,MATCH(K361,Lotes!$P$5:$P$154,0)),"Sem lote cadastrado")) | M361: =IF(H361="Sim",G361,0) -> 0 | N361: =IF(AND(H361="Sim",I361<>"Aceito"),G361+ROW()/100000,0) -> 0
J362: =IF(B362="","",DATE(YEAR(B362),MONTH(B362),1)) | K362: =IF(OR(B362="",D362=""),"",D362&"|"&TEXT(J362,"yyyy-mm")) | L362: =IF(K362="","",IFERROR(INDEX(Lotes!$N$5:$N$154,MATCH(K362,Lotes!$P$5:$P$154,0)),"Sem lote cadastrado")) | M362: =IF(H362="Sim",G362,0) -> 0 | N362: =IF(AND(H362="Sim",I362<>"Aceito"),G362+ROW()/100000,0) -> 0
J363: =IF(B363="","",DATE(YEAR(B363),MONTH(B363),1)) | K363: =IF(OR(B363="",D363=""),"",D363&"|"&TEXT(J363,"yyyy-mm")) | L363: =IF(K363="","",IFERROR(INDEX(Lotes!$N$5:$N$154,MATCH(K363,Lotes!$P$5:$P$154,0)),"Sem lote cadastrado")) | M363: =IF(H363="Sim",G363,0) -> 0 | N363: =IF(AND(H363="Sim",I363<>"Aceito"),G363+ROW()/100000,0) -> 0
J364: =IF(B364="","",DATE(YEAR(B364),MONTH(B364),1)) | K364: =IF(OR(B364="",D364=""),"",D364&"|"&TEXT(J364,"yyyy-mm")) | L364: =IF(K364="","",IFERROR(INDEX(Lotes!$N$5:$N$154,MATCH(K364,Lotes!$P$5:$P$154,0)),"Sem lote cadastrado")) | M364: =IF(H364="Sim",G364,0) -> 0 | N364: =IF(AND(H364="Sim",I364<>"Aceito"),G364+ROW()/100000,0) -> 0
J365: =IF(B365="","",DATE(YEAR(B365),MONTH(B365),1)) | K365: =IF(OR(B365="",D365=""),"",D365&"|"&TEXT(J365,"yyyy-mm")) | L365: =IF(K365="","",IFERROR(INDEX(Lotes!$N$5:$N$154,MATCH(K365,Lotes!$P$5:$P$154,0)),"Sem lote cadastrado")) | M365: =IF(H365="Sim",G365,0) -> 0 | N365: =IF(AND(H365="Sim",I365<>"Aceito"),G365+ROW()/100000,0) -> 0
J366: =IF(B366="","",DATE(YEAR(B366),MONTH(B366),1)) | K366: =IF(OR(B366="",D366=""),"",D366&"|"&TEXT(J366,"yyyy-mm")) | L366: =IF(K366="","",IFERROR(INDEX(Lotes!$N$5:$N$154,MATCH(K366,Lotes!$P$5:$P$154,0)),"Sem lote cadastrado")) | M366: =IF(H366="Sim",G366,0) -> 0 | N366: =IF(AND(H366="Sim",I366<>"Aceito"),G366+ROW()/100000,0) -> 0
J367: =IF(B367="","",DATE(YEAR(B367),MONTH(B367),1)) | K367: =IF(OR(B367="",D367=""),"",D367&"|"&TEXT(J367,"yyyy-mm")) | L367: =IF(K367="","",IFERROR(INDEX(Lotes!$N$5:$N$154,MATCH(K367,Lotes!$P$5:$P$154,0)),"Sem lote cadastrado")) | M367: =IF(H367="Sim",G367,0) -> 0 | N367: =IF(AND(H367="Sim",I367<>"Aceito"),G367+ROW()/100000,0) -> 0
J368: =IF(B368="","",DATE(YEAR(B368),MONTH(B368),1)) | K368: =IF(OR(B368="",D368=""),"",D368&"|"&TEXT(J368,"yyyy-mm")) | L368: =IF(K368="","",IFERROR(INDEX(Lotes!$N$5:$N$154,MATCH(K368,Lotes!$P$5:$P$154,0)),"Sem lote cadastrado")) | M368: =IF(H368="Sim",G368,0) -> 0 | N368: =IF(AND(H368="Sim",I368<>"Aceito"),G368+ROW()/100000,0) -> 0
J369: =IF(B369="","",DATE(YEAR(B369),MONTH(B369),1)) | K369: =IF(OR(B369="",D369=""),"",D369&"|"&TEXT(J369,"yyyy-mm")) | L369: =IF(K369="","",IFERROR(INDEX(Lotes!$N$5:$N$154,MATCH(K369,Lotes!$P$5:$P$154,0)),"Sem lote cadastrado")) | M369: =IF(H369="Sim",G369,0) -> 0 | N369: =IF(AND(H369="Sim",I369<>"Aceito"),G369+ROW()/100000,0) -> 0
... J1504: =IF(B1504="","",DATE(YEAR(B1504),MONTH(B1504),1)) | K1504: =IF(OR(B1504="",D1504=""),"",D1504&"|"&TEXT(J1504,"yyyy-mm")) | L1504: =IF(K1504="","",IFERROR(INDEX(Lotes!$N$5:$N$154,MATCH(K1504,Lotes!$P$5:$P$154,0)),"Sem lote cadastrado")) | M1504: =IF(H1504="Sim",G1504,0) -> 0 | N1504: =IF(AND(H1504="Sim",I1504<>"Aceito"),G1504+ROW()/100000,0) -> 0
A1506: Vermelho: guia glosada. Verde: glosa recuperada por recurso aceito. "Sem lote cadastrado": a competência dessa guia ainda não tem linha na aba Lotes. Só dados administrativos: nada de diagnóstico ou código clínico aqui.

Sheet Lotes
A1: Lotes de convênio
A2: Uma linha por convênio e mês de competência. Amarelo: guias e valor enviados, data de envio, pagamento recebido, recurso de glosa e valor recuperado. Branco: previsão, glosa, situação e atraso.
A4: Convênio | B4: Competência (mês) | C4: Nº de guias | D4: Valor enviado (R$) | E4: Data de envio | F4: Data do pagamento | G4: Valor pago (R$) | H4: Recurso de glosa | I4: Valor recuperado (R$) | J4: Data da recuperação | K4: Prazo (dias) | L4: Previsão de pagamento | M4: Glosa (R$) | N4: Situação | O4: Dias de atraso | P4: Chave | Q4: Guias na aba Guias (R$) | R4: Diferença (R$)
A5: Saúde Total | B5: 45931 | C5: 46 | D5: 4290 | E5: 45966 | F5: 45999 | G5: 4180 | K5: =IF(A5="","",IFERROR(INDEX(Config!$B$10:$B$15,MATCH(A5,Config!$A$10:$A$15,0)),"")) -> 30 | L5: =IF(OR(A5="",E5="",K5=""),"",E5+K5) -> 45996 | M5: =IF(OR(A5="",F5=""),0,MAX(0,D5-G5)) -> 110 | N5: =IF(A5="","",IF(E5="","Em separação",IF(F5<>"",IF(H5="Em recurso","Em recurso",IF(M5>0,"Paga com glosa","Paga")),IF(L5+Config!$B$7<Config!$B$5,"Atrasada","Aguardando")))) -> Paga com glosa | O5: =IF(N5="Atrasada",Config!$B$5-L5,"") | P5: =IF(OR(A5="",B5=""),"",A5&"|"&TEXT(B5,"yyyy-mm")) -> Saúde Total|2025-10 | Q5: =IF(P5="","",IF(COUNTIF(Guias!$K$5:$K$1504,P5)=0,"",SUMIFS(Guias!$G$5:$G$1504,Guias!$K$5:$K$1504,P5))) | R5: =IF(Q5="","",D5-Q5) | S5: =IF(OR(N5="Atrasada",N5="Aguardando"),IF(N5="Atrasada",100000+O5,0)+D5/1000000+ROW()/100000000,0) -> 0 | T5: =IF(AND(F5<>"",E5<>""),F5-E5,"") -> 33
A6: MediPlan | B6: 45931 | C6: 31 | D6: 2580 | E6: 45966 | F6: 46013 | G6: 2440 | K6: =IF(A6="","",IFERROR(INDEX(Config!$B$10:$B$15,MATCH(A6,Config!$A$10:$A$15,0)),"")) -> 45 | L6: =IF(OR(A6="",E6="",K6=""),"",E6+K6) -> 46011 | M6: =IF(OR(A6="",F6=""),0,MAX(0,D6-G6)) -> 140 | N6: =IF(A6="","",IF(E6="","Em separação",IF(F6<>"",IF(H6="Em recurso","Em recurso",IF(M6>0,"Paga com glosa","Paga")),IF(L6+Config!$B$7<Config!$B$5,"Atrasada","Aguardando")))) -> Paga com glosa | O6: =IF(N6="Atrasada",Config!$B$5-L6,"") | P6: =IF(OR(A6="",B6=""),"",A6&"|"&TEXT(B6,"yyyy-mm")) -> MediPlan|2025-10 | Q6: =IF(P6="","",IF(COUNTIF(Guias!$K$5:$K$1504,P6)=0,"",SUMIFS(Guias!$G$5:$G$1504,Guias!$K$5:$K$1504,P6))) | R6: =IF(Q6="","",D6-Q6) | S6: =IF(OR(N6="Atrasada",N6="Aguardando"),IF(N6="Atrasada",100000+O6,0)+D6/1000000+ROW()/100000000,0) -> 0 | T6: =IF(AND(F6<>"",E6<>""),F6-E6,"") -> 47
A7: Vida Care | B7: 45931 | C7: 22 | D7: 1730 | E7: 45966 | F7: 46027 | G7: 1500 | H7: Aceito | I7: 140 | J7: 46059 | K7: =IF(A7="","",IFERROR(INDEX(Config!$B$10:$B$15,MATCH(A7,Config!$A$10:$A$15,0)),"")) -> 60 | L7: =IF(OR(A7="",E7="",K7=""),"",E7+K7) -> 46026 | M7: =IF(OR(A7="",F7=""),0,MAX(0,D7-G7)) -> 230 | N7: =IF(A7="","",IF(E7="","Em separação",IF(F7<>"",IF(H7="Em recurso","Em recurso",IF(M7>0,"Paga com glosa","Paga")),IF(L7+Config!$B$7<Config!$B$5,"Atrasada","Aguardando")))) -> Paga com glosa | O7: =IF(N7="Atrasada",Config!$B$5-L7,"") | P7: =IF(OR(A7="",B7=""),"",A7&"|"&TEXT(B7,"yyyy-mm")) -> Vida Care|2025-10 | Q7: =IF(P7="","",IF(COUNTIF(Guias!$K$5:$K$1504,P7)=0,"",SUMIFS(Guias!$G$5:$G$1504,Guias!$K$5:$K$1504,P7))) | R7: =IF(Q7="","",D7-Q7) | S7: =IF(OR(N7="Atrasada",N7="Aguardando"),IF(N7="Atrasada",100000+O7,0)+D7/1000000+ROW()/100000000,0) -> 0 | T7: =IF(AND(F7<>"",E7<>""),F7-E7,"") -> 61
A8: Saúde Total | B8: 45962 | C8: 44 | D8: 4110 | E8: 45996 | F8: 46029 | G8: 3930 | K8: =IF(A8="","",IFERROR(INDEX(Config!$B$10:$B$15,MATCH(A8,Config!$A$10:$A$15,0)),"")) -> 30 | L8: =IF(OR(A8="",E8="",K8=""),"",E8+K8) -> 46026 | M8: =IF(OR(A8="",F8=""),0,MAX(0,D8-G8)) -> 180 | N8: =IF(A8="","",IF(E8="","Em separação",IF(F8<>"",IF(H8="Em recurso","Em recurso",IF(M8>0,"Paga com glosa","Paga")),IF(L8+Config!$B$7<Config!$B$5,"Atrasada","Aguardando")))) -> Paga com glosa | O8: =IF(N8="Atrasada",Config!$B$5-L8,"") | P8: =IF(OR(A8="",B8=""),"",A8&"|"&TEXT(B8,"yyyy-mm")) -> Saúde Total|2025-11 | Q8: =IF(P8="","",IF(COUNTIF(Guias!$K$5:$K$1504,P8)=0,"",SUMIFS(Guias!$G$5:$G$1504,Guias!$K$5:$K$1504,P8))) | R8: =IF(Q8="","",D8-Q8) | S8: =IF(OR(N8="Atrasada",N8="Aguardando"),IF(N8="Atrasada",100000+O8,0)+D8/1000000+ROW()/100000000,0) -> 0 | T8: =IF(AND(F8<>"",E8<>""),F8-E8,"") -> 33
A9: MediPlan | B9: 45962 | C9: 33 | D9: 2740 | E9: 45996 | F9: 46043 | G9: 2660 | K9: =IF(A9="","",IFERROR(INDEX(Config!$B$10:$B$15,MATCH(A9,Config!$A$10:$A$15,0)),"")) -> 45 | L9: =IF(OR(A9="",E9="",K9=""),"",E9+K9) -> 46041 | M9: =IF(OR(A9="",F9=""),0,MAX(0,D9-G9)) -> 80 | N9: =IF(A9="","",IF(E9="","Em separação",IF(F9<>"",IF(H9="Em recurso","Em recurso",IF(M9>0,"Paga com glosa","Paga")),IF(L9+Config!$B$7<Config!$B$5,"Atrasada","Aguardando")))) -> Paga com glosa | O9: =IF(N9="Atrasada",Config!$B$5-L9,"") | P9: =IF(OR(A9="",B9=""),"",A9&"|"&TEXT(B9,"yyyy-mm")) -> MediPlan|2025-11 | Q9: =IF(P9="","",IF(COUNTIF(Guias!$K$5:$K$1504,P9)=0,"",SUMIFS(Guias!$G$5:$G$1504,Guias!$K$5:$K$1504,P9))) | R9: =IF(Q9="","",D9-Q9) | S9: =IF(OR(N9="Atrasada",N9="Aguardando"),IF(N9="Atrasada",100000+O9,0)+D9/1000000+ROW()/100000000,0) -> 0 | T9: =IF(AND(F9<>"",E9<>""),F9-E9,"") -> 47
A10: Vida Care | B10: 45962 | C10: 20 | D10: 1580 | E10: 45996 | F10: 46056 | G10: 1500 | K10: =IF(A10="","",IFERROR(INDEX(Config!$B$10:$B$15,MATCH(A10,Config!$A$10:$A$15,0)),"")) -> 60 | L10: =IF(OR(A10="",E10="",K10=""),"",E10+K10) -> 46056 | M10: =IF(OR(A10="",F10=""),0,MAX(0,D10-G10)) -> 80 | N10: =IF(A10="","",IF(E10="","Em separação",IF(F10<>"",IF(H10="Em recurso","Em recurso",IF(M10>0,"Paga com glosa","Paga")),IF(L10+Config!$B$7<Config!$B$5,"Atrasada","Aguardando")))) -> Paga com glosa | O10: =IF(N10="Atrasada",Config!$B$5-L10,"") | P10: =IF(OR(A10="",B10=""),"",A10&"|"&TEXT(B10,"yyyy-mm")) -> Vida Care|2025-11 | Q10: =IF(P10="","",IF(COUNTIF(Guias!$K$5:$K$1504,P10)=0,"",SUMIFS(Guias!$G$5:$G$1504,Guias!$K$5:$K$1504,P10))) | R10: =IF(Q10="","",D10-Q10) | S10: =IF(OR(N10="Atrasada",N10="Aguardando"),IF(N10="Atrasada",100000+O10,0)+D10/1000000+ROW()/100000000,0) -> 0 | T10: =IF(AND(F10<>"",E10<>""),F10-E10,"") -> 60
A11: Saúde Total | B11: 45992 | C11: 38 | D11: 3560 | E11: 46027 | F11: 46057 | G11: 3420 | K11: =IF(A11="","",IFERROR(INDEX(Config!$B$10:$B$15,MATCH(A11,Config!$A$10:$A$15,0)),"")) -> 30 | L11: =IF(OR(A11="",E11="",K11=""),"",E11+K11) -> 46057 | M11: =IF(OR(A11="",F11=""),0,MAX(0,D11-G11)) -> 140 | N11: =IF(A11="","",IF(E11="","Em separação",IF(F11<>"",IF(H11="Em recurso","Em recurso",IF(M11>0,"Paga com glosa","Paga")),IF(L11+Config!$B$7<Config!$B$5,"Atrasada","Aguardando")))) -> Paga com glosa | O11: =IF(N11="Atrasada",Config!$B$5-L11,"") | P11: =IF(OR(A11="",B11=""),"",A11&"|"&TEXT(B11,"yyyy-mm")) -> Saúde Total|2025-12 | Q11: =IF(P11="","",IF(COUNTIF(Guias!$K$5:$K$1504,P11)=0,"",SUMIFS(Guias!$G$5:$G$1504,Guias!$K$5:$K$1504,P11))) | R11: =IF(Q11="","",D11-Q11) | S11: =IF(OR(N11="Atrasada",N11="Aguardando"),IF(N11="Atrasada",100000+O11,0)+D11/1000000+ROW()/100000000,0) -> 0 | T11: =IF(AND(F11<>"",E11<>""),F11-E11,"") -> 30
A12: MediPlan | B12: 45992 | C12: 27 | D12: 2250 | E12: 46027 | F12: 46073 | G12: 2040 | H12: Negado | K12: =IF(A12="","",IFERROR(INDEX(Config!$B$10:$B$15,MATCH(A12,Config!$A$10:$A$15,0)),"")) -> 45 | L12: =IF(OR(A12="",E12="",K12=""),"",E12+K12) -> 46072 | M12: =IF(OR(A12="",F12=""),0,MAX(0,D12-G12)) -> 210 | N12: =IF(A12="","",IF(E12="","Em separação",IF(F12<>"",IF(H12="Em recurso","Em recurso",IF(M12>0,"Paga com glosa","Paga")),IF(L12+Config!$B$7<Config!$B$5,"Atrasada","Aguardando")))) -> Paga com glosa | O12: =IF(N12="Atrasada",Config!$B$5-L12,"") | P12: =IF(OR(A12="",B12=""),"",A12&"|"&TEXT(B12,"yyyy-mm")) -> MediPlan|2025-12 | Q12: =IF(P12="","",IF(COUNTIF(Guias!$K$5:$K$1504,P12)=0,"",SUMIFS(Guias!$G$5:$G$1504,Guias!$K$5:$K$1504,P12))) | R12: =IF(Q12="","",D12-Q12) | S12: =IF(OR(N12="Atrasada",N12="Aguardando"),IF(N12="Atrasada",100000+O12,0)+D12/1000000+ROW()/100000000,0) -> 0 | T12: =IF(AND(F12<>"",E12<>""),F12-E12,"") -> 46
A13: Vida Care | B13: 45992 | C13: 17 | D13: 1350 | E13: 46027 | F13: 46090 | G13: 1270 | K13: =IF(A13="","",IFERROR(INDEX(Config!$B$10:$B$15,MATCH(A13,Config!$A$10:$A$15,0)),"")) -> 60 | L13: =IF(OR(A13="",E13="",K13=""),"",E13+K13) -> 46087 | M13: =IF(OR(A13="",F13=""),0,MAX(0,D13-G13)) -> 80 | N13: =IF(A13="","",IF(E13="","Em separação",IF(F13<>"",IF(H13="Em recurso","Em recurso",IF(M13>0,"Paga com glosa","Paga")),IF(L13+Config!$B$7<Config!$B$5,"Atrasada","Aguardando")))) -> Paga com glosa | O13: =IF(N13="Atrasada",Config!$B$5-L13,"") | P13: =IF(OR(A13="",B13=""),"",A13&"|"&TEXT(B13,"yyyy-mm")) -> Vida Care|2025-12 | Q13: =IF(P13="","",IF(COUNTIF(Guias!$K$5:$K$1504,P13)=0,"",SUMIFS(Guias!$G$5:$G$1504,Guias!$K$5:$K$1504,P13))) | R13: =IF(Q13="","",D13-Q13) | S13: =IF(OR(N13="Atrasada",N13="Aguardando"),IF(N13="Atrasada",100000+O13,0)+D13/1000000+ROW()/100000000,0) -> 0 | T13: =IF(AND(F13<>"",E13<>""),F13-E13,"") -> 63
A14: Saúde Total | B14: 46023 | C14: 34 | D14: 3830 | E14: 46058 | F14: 46091 | G14: 3750 | K14: =IF(A14="","",IFERROR(INDEX(Config!$B$10:$B$15,MATCH(A14,Config!$A$10:$A$15,0)),"")) -> 30 | L14: =IF(OR(A14="",E14="",K14=""),"",E14+K14) -> 46088 | M14: =IF(OR(A14="",F14=""),0,MAX(0,D14-G14)) -> 80 | N14: =IF(A14="","",IF(E14="","Em separação",IF(F14<>"",IF(H14="Em recurso","Em recurso",IF(M14>0,"Paga com glosa","Paga")),IF(L14+Config!$B$7<Config!$B$5,"Atrasada","Aguardando")))) -> Paga com glosa | O14: =IF(N14="Atrasada",Config!$B$5-L14,"") | P14: =IF(OR(A14="",B14=""),"",A14&"|"&TEXT(B14,"yyyy-mm")) -> Saúde Total|2026-01 | Q14: =IF(P14="","",IF(COUNTIF(Guias!$K$5:$K$1504,P14)=0,"",SUMIFS(Guias!$G$5:$G$1504,Guias!$K$5:$K$1504,P14))) | R14: =IF(Q14="","",D14-Q14) | S14: =IF(OR(N14="Atrasada",N14="Aguardando"),IF(N14="Atrasada",100000+O14,0)+D14/1000000+ROW()/100000000,0) -> 0 | T14: =IF(AND(F14<>"",E14<>""),F14-E14,"") -> 33
A15: MediPlan | B15: 46023 | C15: 18 | D15: 1600 | E15: 46058 | F15: 46106 | G15: 1530 | K15: =IF(A15="","",IFERROR(INDEX(Config!$B$10:$B$15,MATCH(A15,Config!$A$10:$A$15,0)),"")) -> 45 | L15: =IF(OR(A15="",E15="",K15=""),"",E15+K15) -> 46103 | M15: =IF(OR(A15="",F15=""),0,MAX(0,D15-G15)) -> 70 | N15: =IF(A15="","",IF(E15="","Em separação",IF(F15<>"",IF(H15="Em recurso","Em recurso",IF(M15>0,"Paga com glosa","Paga")),IF(L15+Config!$B$7<Config!$B$5,"Atrasada","Aguardando")))) -> Paga com glosa | O15: =IF(N15="Atrasada",Config!$B$5-L15,"") | P15: =IF(OR(A15="",B15=""),"",A15&"|"&TEXT(B15,"yyyy-mm")) -> MediPlan|2026-01 | Q15: =IF(P15="","",IF(COUNTIF(Guias!$K$5:$K$1504,P15)=0,"",SUMIFS(Guias!$G$5:$G$1504,Guias!$K$5:$K$1504,P15))) | R15: =IF(Q15="","",D15-Q15) | S15: =IF(OR(N15="Atrasada",N15="Aguardando"),IF(N15="Atrasada",100000+O15,0)+D15/1000000+ROW()/100000000,0) -> 0 | T15: =IF(AND(F15<>"",E15<>""),F15-E15,"") -> 48
A16: Vida Care | B16: 46023 | C16: 17 | D16: 1570 | E16: 46058 | F16: 46118 | G16: 1315 | H16: Aceito | I16: 190 | J16: 46157 | K16: =IF(A16="","",IFERROR(INDEX(Config!$B$10:$B$15,MATCH(A16,Config!$A$10:$A$15,0)),"")) -> 60 | L16: =IF(OR(A16="",E16="",K16=""),"",E16+K16) -> 46118 | M16: =IF(OR(A16="",F16=""),0,MAX(0,D16-G16)) -> 255 | N16: =IF(A16="","",IF(E16="","Em separação",IF(F16<>"",IF(H16="Em recurso","Em recurso",IF(M16>0,"Paga com glosa","Paga")),IF(L16+Config!$B$7<Config!$B$5,"Atrasada","Aguardando")))) -> Paga com glosa | O16: =IF(N16="Atrasada",Config!$B$5-L16,"") | P16: =IF(OR(A16="",B16=""),"",A16&"|"&TEXT(B16,"yyyy-mm")) -> Vida Care|2026-01 | Q16: =IF(P16="","",IF(COUNTIF(Guias!$K$5:$K$1504,P16)=0,"",SUMIFS(Guias!$G$5:$G$1504,Guias!$K$5:$K$1504,P16))) | R16: =IF(Q16="","",D16-Q16) | S16: =IF(OR(N16="Atrasada",N16="Aguardando"),IF(N16="Atrasada",100000+O16,0)+D16/1000000+ROW()/100000000,0) -> 0 | T16: =IF(AND(F16<>"",E16<>""),F16-E16,"") -> 60
A17: Saúde Total | B17: 46054 | C17: 30 | D17: 3455 | E17: 46086 | F17: 46118 | G17: 3295 | K17: =IF(A17="","",IFERROR(INDEX(Config!$B$10:$B$15,MATCH(A17,Config!$A$10:$A$15,0)),"")) -> 30 | L17: =IF(OR(A17="",E17="",K17=""),"",E17+K17) -> 46116 | M17: =IF(OR(A17="",F17=""),0,MAX(0,D17-G17)) -> 160 | N17: =IF(A17="","",IF(E17="","Em separação",IF(F17<>"",IF(H17="Em recurso","Em recurso",IF(M17>0,"Paga com glosa","Paga")),IF(L17+Config!$B$7<Config!$B$5,"Atrasada","Aguardando")))) -> Paga com glosa | O17: =IF(N17="Atrasada",Config!$B$5-L17,"") | P17: =IF(OR(A17="",B17=""),"",A17&"|"&TEXT(B17,"yyyy-mm")) -> Saúde Total|2026-02 | Q17: =IF(P17="","",IF(COUNTIF(Guias!$K$5:$K$1504,P17)=0,"",SUMIFS(Guias!$G$5:$G$1504,Guias!$K$5:$K$1504,P17))) | R17: =IF(Q17="","",D17-Q17) | S17: =IF(OR(N17="Atrasada",N17="Aguardando"),IF(N17="Atrasada",100000+O17,0)+D17/1000000+ROW()/100000000,0) -> 0 | T17: =IF(AND(F17<>"",E17<>""),F17-E17,"") -> 32
A18: MediPlan | B18: 46054 | C18: 17 | D18: 1655 | E18: 46086 | F18: 46134 | G18: 1555 | K18: =IF(A18="","",IFERROR(INDEX(Config!$B$10:$B$15,MATCH(A18,Config!$A$10:$A$15,0)),"")) -> 45 | L18: =IF(OR(A18="",E18="",K18=""),"",E18+K18) -> 46131 | M18: =IF(OR(A18="",F18=""),0,MAX(0,D18-G18)) -> 100 | N18: =IF(A18="","",IF(E18="","Em separação",IF(F18<>"",IF(H18="Em recurso","Em recurso",IF(M18>0,"Paga com glosa","Paga")),IF(L18+Config!$B$7<Config!$B$5,"Atrasada","Aguardando")))) -> Paga com glosa | O18: =IF(N18="Atrasada",Config!$B$5-L18,"") | P18: =IF(OR(A18="",B18=""),"",A18&"|"&TEXT(B18,"yyyy-mm")) -> MediPlan|2026-02 | Q18: =IF(P18="","",IF(COUNTIF(Guias!$K$5:$K$1504,P18)=0,"",SUMIFS(Guias!$G$5:$G$1504,Guias!$K$5:$K$1504,P18))) | R18: =IF(Q18="","",D18-Q18) | S18: =IF(OR(N18="Atrasada",N18="Aguardando"),IF(N18="Atrasada",100000+O18,0)+D18/1000000+ROW()/100000000,0) -> 0 | T18: =IF(AND(F18<>"",E18<>""),F18-E18,"") -> 48
A19: Vida Care | B19: 46054 | C19: 15 | D19: 1156 | E19: 46086 | F19: 46146 | G19: 1060 | K19: =IF(A19="","",IFERROR(INDEX(Config!$B$10:$B$15,MATCH(A19,Config!$A$10:$A$15,0)),"")) -> 60 | L19: =IF(OR(A19="",E19="",K19=""),"",E19+K19) -> 46146 | M19: =IF(OR(A19="",F19=""),0,MAX(0,D19-G19)) -> 96 | N19: =IF(A19="","",IF(E19="","Em separação",IF(F19<>"",IF(H19="Em recurso","Em recurso",IF(M19>0,"Paga com glosa","Paga")),IF(L19+Config!$B$7<Config!$B$5,"Atrasada","Aguardando")))) -> Paga com glosa | O19: =IF(N19="Atrasada",Config!$B$5-L19,"") | P19: =IF(OR(A19="",B19=""),"",A19&"|"&TEXT(B19,"yyyy-mm")) -> Vida Care|2026-02 | Q19: =IF(P19="","",IF(COUNTIF(Guias!$K$5:$K$1504,P19)=0,"",SUMIFS(Guias!$G$5:$G$1504,Guias!$K$5:$K$1504,P19))) | R19: =IF(Q19="","",D19-Q19) | S19: =IF(OR(N19="Atrasada",N19="Aguardando"),IF(N19="Atrasada",100000+O19,0)+D19/1000000+ROW()/100000000,0) -> 0 | T19: =IF(AND(F19<>"",E19<>""),F19-E19,"") -> 60
A20: Saúde Total | B20: 46082 | C20: 65 | D20: 7455 | E20: 46118 | F20: 46150 | G20: 7220 | H20: Aceito | I20: 140 | J20: 46182 | K20: =IF(A20="","",IFERROR(INDEX(Config!$B$10:$B$15,MATCH(A20,Config!$A$10:$A$15,0)),"")) -> 30 | L20: =IF(OR(A20="",E20="",K20=""),"",E20+K20) -> 46148 | M20: =IF(OR(A20="",F20=""),0,MAX(0,D20-G20)) -> 235 | N20: =IF(A20="","",IF(E20="","Em separação",IF(F20<>"",IF(H20="Em recurso","Em recurso",IF(M20>0,"Paga com glosa","Paga")),IF(L20+Config!$B$7<Config!$B$5,"Atrasada","Aguardando")))) -> Paga com glosa | O20: =IF(N20="Atrasada",Config!$B$5-L20,"") | P20: =IF(OR(A20="",B20=""),"",A20&"|"&TEXT(B20,"yyyy-mm")) -> Saúde Total|2026-03 | Q20: =IF(P20="","",IF(COUNTIF(Guias!$K$5:$K$1504,P20)=0,"",SUMIFS(Guias!$G$5:$G$1504,Guias!$K$5:$K$1504,P20))) | R20: =IF(Q20="","",D20-Q20) | S20: =IF(OR(N20="Atrasada",N20="Aguardando"),IF(N20="Atrasada",100000+O20,0)+D20/1000000+ROW()/100000000,0) -> 0 | T20: =IF(AND(F20<>"",E20<>""),F20-E20,"") -> 32
A21: MediPlan | B21: 46082 | C21: 31 | D21: 2845 | E21: 46118 | F21: 46164 | G21: 2610 | H21: Aceito | I21: 130 | J21: 46197 | K21: =IF(A21="","",IFERROR(INDEX(Config!$B$10:$B$15,MATCH(A21,Config!$A$10:$A$15,0)),"")) -> 45 | L21: =IF(OR(A21="",E21="",K21=""),"",E21+K21) -> 46163 | M21: =IF(OR(A21="",F21=""),0,MAX(0,D21-G21)) -> 235 | N21: =IF(A21="","",IF(E21="","Em separação",IF(F21<>"",IF(H21="Em recurso","Em recurso",IF(M21>0,"Paga com glosa","Paga")),IF(L21+Config!$B$7<Config!$B$5,"Atrasada","Aguardando")))) -> Paga com glosa | O21: =IF(N21="Atrasada",Config!$B$5-L21,"") | P21: =IF(OR(A21="",B21=""),"",A21&"|"&TEXT(B21,"yyyy-mm")) -> MediPlan|2026-03 | Q21: =IF(P21="","",IF(COUNTIF(Guias!$K$5:$K$1504,P21)=0,"",SUMIFS(Guias!$G$5:$G$1504,Guias!$K$5:$K$1504,P21))) | R21: =IF(Q21="","",D21-Q21) | S21: =IF(OR(N21="Atrasada",N21="Aguardando"),IF(N21="Atrasada",100000+O21,0)+D21/1000000+ROW()/100000000,0) -> 0 | T21: =IF(AND(F21<>"",E21<>""),F21-E21,"") -> 46
A22: Vida Care | B22: 46082 | C22: 17 | D22: 1555 | E22: 46118 | F22: 46178 | G22: 1285 | H22: Negado | K22: =IF(A22="","",IFERROR(INDEX(Config!$B$10:$B$15,MATCH(A22,Config!$A$10:$A$15,0)),"")) -> 60 | L22: =IF(OR(A22="",E22="",K22=""),"",E22+K22) -> 46178 | M22: =IF(OR(A22="",F22=""),0,MAX(0,D22-G22)) -> 270 | N22: =IF(A22="","",IF(E22="","Em separação",IF(F22<>"",IF(H22="Em recurso","Em recurso",IF(M22>0,"Paga com glosa","Paga")),IF(L22+Config!$B$7<Config!$B$5,"Atrasada","Aguardando")))) -> Paga com glosa | O22: =IF(N22="Atrasada",Config!$B$5-L22,"") | P22: =IF(OR(A22="",B22=""),"",A22&"|"&TEXT(B22,"yyyy-mm")) -> Vida Care|2026-03 | Q22: =IF(P22="","",IF(COUNTIF(Guias!$K$5:$K$1504,P22)=0,"",SUMIFS(Guias!$G$5:$G$1504,Guias!$K$5:$K$1504,P22))) | R22: =IF(Q22="","",D22-Q22) | S22: =IF(OR(N22="Atrasada",N22="Aguardando"),IF(N22="Atrasada",100000+O22,0)+D22/1000000+ROW()/100000000,0) -> 0 | T22: =IF(AND(F22<>"",E22<>""),F22-E22,"") -> 60
A23: Saúde Total | B23: 46113 | C23: 39 | D23: 4410 | E23: 46147 | F23: 46181 | G23: 4195 | H23: Negado | K23: =IF(A23="","",IFERROR(INDEX(Config!$B$10:$B$15,MATCH(A23,Config!$A$10:$A$15,0)),"")) -> 30 | L23: =IF(OR(A23="",E23="",K23=""),"",E23+K23) -> 46177 | M23: =IF(OR(A23="",F23=""),0,MAX(0,D23-G23)) -> 215 | N23: =IF(A23="","",IF(E23="","Em separação",IF(F23<>"",IF(H23="Em recurso","Em recurso",IF(M23>0,"Paga com glosa","Paga")),IF(L23+Config!$B$7<Config!$B$5,"Atrasada","Aguardando")))) -> Paga com glosa | O23: =IF(N23="Atrasada",Config!$B$5-L23,"") | P23: =IF(OR(A23="",B23=""),"",A23&"|"&TEXT(B23,"yyyy-mm")) -> Saúde Total|2026-04 | Q23: =IF(P23="","",IF(COUNTIF(Guias!$K$5:$K$1504,P23)=0,"",SUMIFS(Guias!$G$5:$G$1504,Guias!$K$5:$K$1504,P23))) | R23: =IF(Q23="","",D23-Q23) | S23: =IF(OR(N23="Atrasada",N23="Aguardando"),IF(N23="Atrasada",100000+O23,0)+D23/1000000+ROW()/100000000,0) -> 0 | T23: =IF(AND(F23<>"",E23<>""),F23-E23,"") -> 34
A24: MediPlan | B24: 46113 | C24: 26 | D24: 2310 | E24: 46147 | F24: 46195 | G24: 2025 | H24: Negado | K24: =IF(A24="","",IFERROR(INDEX(Config!$B$10:$B$15,MATCH(A24,Config!$A$10:$A$15,0)),"")) -> 45 | L24: =IF(OR(A24="",E24="",K24=""),"",E24+K24) -> 46192 | M24: =IF(OR(A24="",F24=""),0,MAX(0,D24-G24)) -> 285 | N24: =IF(A24="","",IF(E24="","Em separação",IF(F24<>"",IF(H24="Em recurso","Em recurso",IF(M24>0,"Paga com glosa","Paga")),IF(L24+Config!$B$7<Config!$B$5,"Atrasada","Aguardando")))) -> Paga com glosa | O24: =IF(N24="Atrasada",Config!$B$5-L24,"") | P24: =IF(OR(A24="",B24=""),"",A24&"|"&TEXT(B24,"yyyy-mm")) -> MediPlan|2026-04 | Q24: =IF(P24="","",IF(COUNTIF(Guias!$K$5:$K$1504,P24)=0,"",SUMIFS(Guias!$G$5:$G$1504,Guias!$K$5:$K$1504,P24))) | R24: =IF(Q24="","",D24-Q24) | S24: =IF(OR(N24="Atrasada",N24="Aguardando"),IF(N24="Atrasada",100000+O24,0)+D24/1000000+ROW()/100000000,0) -> 0 | T24: =IF(AND(F24<>"",E24<>""),F24-E24,"") -> 48
A25: Vida Care | B25: 46113 | C25: 21 | D25: 1698 | E25: 46147 | F25: 46209 | G25: 1576 | K25: =IF(A25="","",IFERROR(INDEX(Config!$B$10:$B$15,MATCH(A25,Config!$A$10:$A$15,0)),"")) -> 60 | L25: =IF(OR(A25="",E25="",K25=""),"",E25+K25) -> 46207 | M25: =IF(OR(A25="",F25=""),0,MAX(0,D25-G25)) -> 122 | N25: =IF(A25="","",IF(E25="","Em separação",IF(F25<>"",IF(H25="Em recurso","Em recurso",IF(M25>0,"Paga com glosa","Paga")),IF(L25+Config!$B$7<Config!$B$5,"Atrasada","Aguardando")))) -> Paga com glosa | O25: =IF(N25="Atrasada",Config!$B$5-L25,"") | P25: =IF(OR(A25="",B25=""),"",A25&"|"&TEXT(B25,"yyyy-mm")) -> Vida Care|2026-04 | Q25: =IF(P25="","",IF(COUNTIF(Guias!$K$5:$K$1504,P25)=0,"",SUMIFS(Guias!$G$5:$G$1504,Guias!$K$5:$K$1504,P25))) | R25: =IF(Q25="","",D25-Q25) | S25: =IF(OR(N25="Atrasada",N25="Aguardando"),IF(N25="Atrasada",100000+O25,0)+D25/1000000+ROW()/100000000,0) -> 0 | T25: =IF(AND(F25<>"",E25<>""),F25-E25,"") -> 62
A26: Saúde Total | B26: 46143 | C26: 57 | D26: 6785 | E26: 46178 | F26: 46209 | G26: 6655 | K26: =IF(A26="","",IFERROR(INDEX(Config!$B$10:$B$15,MATCH(A26,Config!$A$10:$A$15,0)),"")) -> 30 | L26: =IF(OR(A26="",E26="",K26=""),"",E26+K26) -> 46208 | M26: =IF(OR(A26="",F26=""),0,MAX(0,D26-G26)) -> 130 | N26: =IF(A26="","",IF(E26="","Em separação",IF(F26<>"",IF(H26="Em recurso","Em recurso",IF(M26>0,"Paga com glosa","Paga")),IF(L26+Config!$B$7<Config!$B$5,"Atrasada","Aguardando")))) -> Paga com glosa | O26: =IF(N26="Atrasada",Config!$B$5-L26,"") | P26: =IF(OR(A26="",B26=""),"",A26&"|"&TEXT(B26,"yyyy-mm")) -> Saúde Total|2026-05 | Q26: =IF(P26="","",IF(COUNTIF(Guias!$K$5:$K$1504,P26)=0,"",SUMIFS(Guias!$G$5:$G$1504,Guias!$K$5:$K$1504,P26))) | R26: =IF(Q26="","",D26-Q26) | S26: =IF(OR(N26="Atrasada",N26="Aguardando"),IF(N26="Atrasada",100000+O26,0)+D26/1000000+ROW()/100000000,0) -> 0 | T26: =IF(AND(F26<>"",E26<>""),F26-E26,"") -> 31
A27: MediPlan | B27: 46143 | C27: 19 | D27: 1755 | E27: 46178 | F27: 46223 | G27: 1570 | K27: =IF(A27="","",IFERROR(INDEX(Config!$B$10:$B$15,MATCH(A27,Config!$A$10:$A$15,0)),"")) -> 45 | L27: =IF(OR(A27="",E27="",K27=""),"",E27+K27) -> 46223 | M27: =IF(OR(A27="",F27=""),0,MAX(0,D27-G27)) -> 185 | N27: =IF(A27="","",IF(E27="","Em separação",IF(F27<>"",IF(H27="Em recurso","Em recurso",IF(M27>0,"Paga com glosa","Paga")),IF(L27+Config!$B$7<Config!$B$5,"Atrasada","Aguardando")))) -> Paga com glosa | O27: =IF(N27="Atrasada",Config!$B$5-L27,"") | P27: =IF(OR(A27="",B27=""),"",A27&"|"&TEXT(B27,"yyyy-mm")) -> MediPlan|2026-05 | Q27: =IF(P27="","",IF(COUNTIF(Guias!$K$5:$K$1504,P27)=0,"",SUMIFS(Guias!$G$5:$G$1504,Guias!$K$5:$K$1504,P27))) | R27: =IF(Q27="","",D27-Q27) | S27: =IF(OR(N27="Atrasada",N27="Aguardando"),IF(N27="Atrasada",100000+O27,0)+D27/1000000+ROW()/100000000,0) -> 0 | T27: =IF(AND(F27<>"",E27<>""),F27-E27,"") -> 45
A28: Vida Care | B28: 46143 | C28: 24 | D28: 2001 | E28: 46178 | F28: 46239 | G28: 1711 | H28: Aceito | I28: 200 | J28: 46273 | K28: =IF(A28="","",IFERROR(INDEX(Config!$B$10:$B$15,MATCH(A28,Config!$A$10:$A$15,0)),"")) -> 60 | L28: =IF(OR(A28="",E28="",K28=""),"",E28+K28) -> 46238 | M28: =IF(OR(A28="",F28=""),0,MAX(0,D28-G28)) -> 290 | N28: =IF(A28="","",IF(E28="","Em separação",IF(F28<>"",IF(H28="Em recurso","Em recurso",IF(M28>0,"Paga com glosa","Paga")),IF(L28+Config!$B$7<Config!$B$5,"Atrasada","Aguardando")))) -> Paga com glosa | O28: =IF(N28="Atrasada",Config!$B$5-L28,"") | P28: =IF(OR(A28="",B28=""),"",A28&"|"&TEXT(B28,"yyyy-mm")) -> Vida Care|2026-05 | Q28: =IF(P28="","",IF(COUNTIF(Guias!$K$5:$K$1504,P28)=0,"",SUMIFS(Guias!$G$5:$G$1504,Guias!$K$5:$K$1504,P28))) | R28: =IF(Q28="","",D28-Q28) | S28: =IF(OR(N28="Atrasada",N28="Aguardando"),IF(N28="Atrasada",100000+O28,0)+D28/1000000+ROW()/100000000,0) -> 0 | T28: =IF(AND(F28<>"",E28<>""),F28-E28,"") -> 61
A29: Saúde Total | B29: 46174 | C29: 70 | D29: 7560 | E29: 46209 | F29: 46239 | G29: 7320 | H29: Em recurso | K29: =IF(A29="","",IFERROR(INDEX(Config!$B$10:$B$15,MATCH(A29,Config!$A$10:$A$15,0)),"")) -> 30 | L29: =IF(OR(A29="",E29="",K29=""),"",E29+K29) -> 46239 | M29: =IF(OR(A29="",F29=""),0,MAX(0,D29-G29)) -> 240 | N29: =IF(A29="","",IF(E29="","Em separação",IF(F29<>"",IF(H29="Em recurso","Em recurso",IF(M29>0,"Paga com glosa","Paga")),IF(L29+Config!$B$7<Config!$B$5,"Atrasada","Aguardando")))) -> Em recurso | O29: =IF(N29="Atrasada",Config!$B$5-L29,"") | P29: =IF(OR(A29="",B29=""),"",A29&"|"&TEXT(B29,"yyyy-mm")) -> Saúde Total|2026-06 | Q29: =IF(P29="","",IF(COUNTIF(Guias!$K$5:$K$1504,P29)=0,"",SUMIFS(Guias!$G$5:$G$1504,Guias!$K$5:$K$1504,P29))) -> 7560 | R29: =IF(Q29="","",D29-Q29) -> 0 | S29: =IF(OR(N29="Atrasada",N29="Aguardando"),IF(N29="Atrasada",100000+O29,0)+D29/1000000+ROW()/100000000,0) -> 0 | T29: =IF(AND(F29<>"",E29<>""),F29-E29,"") -> 30
A30: MediPlan | B30: 46174 | C30: 25 | D30: 2265 | E30: 46209 | F30: 46254 | G30: 2130 | K30: =IF(A30="","",IFERROR(INDEX(Config!$B$10:$B$15,MATCH(A30,Config!$A$10:$A$15,0)),"")) -> 45 | L30: =IF(OR(A30="",E30="",K30=""),"",E30+K30) -> 46254 | M30: =IF(OR(A30="",F30=""),0,MAX(0,D30-G30)) -> 135 | N30: =IF(A30="","",IF(E30="","Em separação",IF(F30<>"",IF(H30="Em recurso","Em recurso",IF(M30>0,"Paga com glosa","Paga")),IF(L30+Config!$B$7<Config!$B$5,"Atrasada","Aguardando")))) -> Paga com glosa | O30: =IF(N30="Atrasada",Config!$B$5-L30,"") | P30: =IF(OR(A30="",B30=""),"",A30&"|"&TEXT(B30,"yyyy-mm")) -> MediPlan|2026-06 | Q30: =IF(P30="","",IF(COUNTIF(Guias!$K$5:$K$1504,P30)=0,"",SUMIFS(Guias!$G$5:$G$1504,Guias!$K$5:$K$1504,P30))) -> 2265 | R30: =IF(Q30="","",D30-Q30) -> 0 | S30: =IF(OR(N30="Atrasada",N30="Aguardando"),IF(N30="Atrasada",100000+O30,0)+D30/1000000+ROW()/100000000,0) -> 0 | T30: =IF(AND(F30<>"",E30<>""),F30-E30,"") -> 45
A31: Vida Care | B31: 46174 | C31: 19 | D31: 1727 | E31: 46209 | K31: =IF(A31="","",IFERROR(INDEX(Config!$B$10:$B$15,MATCH(A31,Config!$A$10:$A$15,0)),"")) -> 60 | L31: =IF(OR(A31="",E31="",K31=""),"",E31+K31) -> 46269 | M31: =IF(OR(A31="",F31=""),0,MAX(0,D31-G31)) -> 0 | N31: =IF(A31="","",IF(E31="","Em separação",IF(F31<>"",IF(H31="Em recurso","Em recurso",IF(M31>0,"Paga com glosa","Paga")),IF(L31+Config!$B$7<Config!$B$5,"Atrasada","Aguardando")))) -> Atrasada | O31: =IF(N31="Atrasada",Config!$B$5-L31,"") -> 10 | P31: =IF(OR(A31="",B31=""),"",A31&"|"&TEXT(B31,"yyyy-mm")) -> Vida Care|2026-06 | Q31: =IF(P31="","",IF(COUNTIF(Guias!$K$5:$K$1504,P31)=0,"",SUMIFS(Guias!$G$5:$G$1504,Guias!$K$5:$K$1504,P31))) -> 1727 | R31: =IF(Q31="","",D31-Q31) -> 0 | S31: =IF(OR(N31="Atrasada",N31="Aguardando"),IF(N31="Atrasada",100000+O31,0)+D31/1000000+ROW()/100000000,0) -> 100010 | T31: =IF(AND(F31<>"",E31<>""),F31-E31,"")
A32: Saúde Total | B32: 46204 | C32: 49 | D32: 5950 | E32: 46239 | F32: 46273 | G32: 5780 | K32: =IF(A32="","",IFERROR(INDEX(Config!$B$10:$B$15,MATCH(A32,Config!$A$10:$A$15,0)),"")) -> 30 | L32: =IF(OR(A32="",E32="",K32=""),"",E32+K32) -> 46269 | M32: =IF(OR(A32="",F32=""),0,MAX(0,D32-G32)) -> 170 | N32: =IF(A32="","",IF(E32="","Em separação",IF(F32<>"",IF(H32="Em recurso","Em recurso",IF(M32>0,"Paga com glosa","Paga")),IF(L32+Config!$B$7<Config!$B$5,"Atrasada","Aguardando")))) -> Paga com glosa | O32: =IF(N32="Atrasada",Config!$B$5-L32,"") | P32: =IF(OR(A32="",B32=""),"",A32&"|"&TEXT(B32,"yyyy-mm")) -> Saúde Total|2026-07 | Q32: =IF(P32="","",IF(COUNTIF(Guias!$K$5:$K$1504,P32)=0,"",SUMIFS(Guias!$G$5:$G$1504,Guias!$K$5:$K$1504,P32))) -> 5950 | R32: =IF(Q32="","",D32-Q32) -> 0 | S32: =IF(OR(N32="Atrasada",N32="Aguardando"),IF(N32="Atrasada",100000+O32,0)+D32/1000000+ROW()/100000000,0) -> 0 | T32: =IF(AND(F32<>"",E32<>""),F32-E32,"") -> 34
A33: MediPlan | B33: 46204 | C33: 31 | D33: 2875 | E33: 46239 | K33: =IF(A33="","",IFERROR(INDEX(Config!$B$10:$B$15,MATCH(A33,Config!$A$10:$A$15,0)),"")) -> 45 | L33: =IF(OR(A33="",E33="",K33=""),"",E33+K33) -> 46284 | M33: =IF(OR(A33="",F33=""),0,MAX(0,D33-G33)) -> 0 | N33: =IF(A33="","",IF(E33="","Em separação",IF(F33<>"",IF(H33="Em recurso","Em recurso",IF(M33>0,"Paga com glosa","Paga")),IF(L33+Config!$B$7<Config!$B$5,"Atrasada","Aguardando")))) -> Aguardando | O33: =IF(N33="Atrasada",Config!$B$5-L33,"") | P33: =IF(OR(A33="",B33=""),"",A33&"|"&TEXT(B33,"yyyy-mm")) -> MediPlan|2026-07 | Q33: =IF(P33="","",IF(COUNTIF(Guias!$K$5:$K$1504,P33)=0,"",SUMIFS(Guias!$G$5:$G$1504,Guias!$K$5:$K$1504,P33))) -> 2875 | R33: =IF(Q33="","",D33-Q33) -> 0 | S33: =IF(OR(N33="Atrasada",N33="Aguardando"),IF(N33="Atrasada",100000+O33,0)+D33/1000000+ROW()/100000000,0) -> 0.00287533 | T33: =IF(AND(F33<>"",E33<>""),F33-E33,"")
A34: Vida Care | B34: 46204 | C34: 20 | D34: 1525 | E34: 46239 | K34: =IF(A34="","",IFERROR(INDEX(Config!$B$10:$B$15,MATCH(A34,Config!$A$10:$A$15,0)),"")) -> 60 | L34: =IF(OR(A34="",E34="",K34=""),"",E34+K34) -> 46299 | M34: =IF(OR(A34="",F34=""),0,MAX(0,D34-G34)) -> 0 | N34: =IF(A34="","",IF(E34="","Em separação",IF(F34<>"",IF(H34="Em recurso","Em recurso",IF(M34>0,"Paga com glosa","Paga")),IF(L34+Config!$B$7<Config!$B$5,"Atrasada","Aguardando")))) -> Aguardando | O34: =IF(N34="Atrasada",Config!$B$5-L34,"") | P34: =IF(OR(A34="",B34=""),"",A34&"|"&TEXT(B34,"yyyy-mm")) -> Vida Care|2026-07 | Q34: =IF(P34="","",IF(COUNTIF(Guias!$K$5:$K$1504,P34)=0,"",SUMIFS(Guias!$G$5:$G$1504,Guias!$K$5:$K$1504,P34))) -> 1525 | R34: =IF(Q34="","",D34-Q34) -> 0 | S34: =IF(OR(N34="Atrasada",N34="Aguardando"),IF(N34="Atrasada",100000+O34,0)+D34/1000000+ROW()/100000000,0) -> 0.00152534 | T34: =IF(AND(F34<>"",E34<>""),F34-E34,"")
A35: Saúde Total | B35: 46235 | C35: 43 | D35: 4555 | E35: 46273 | K35: =IF(A35="","",IFERROR(INDEX(Config!$B$10:$B$15,MATCH(A35,Config!$A$10:$A$15,0)),"")) -> 30 | L35: =IF(OR(A35="",E35="",K35=""),"",E35+K35) -> 46303 | M35: =IF(OR(A35="",F35=""),0,MAX(0,D35-G35)) -> 0 | N35: =IF(A35="","",IF(E35="","Em separação",IF(F35<>"",IF(H35="Em recurso","Em recurso",IF(M35>0,"Paga com glosa","Paga")),IF(L35+Config!$B$7<Config!$B$5,"Atrasada","Aguardando")))) -> Aguardando | O35: =IF(N35="Atrasada",Config!$B$5-L35,"") | P35: =IF(OR(A35="",B35=""),"",A35&"|"&TEXT(B35,"yyyy-mm")) -> Saúde Total|2026-08 | Q35: =IF(P35="","",IF(COUNTIF(Guias!$K$5:$K$1504,P35)=0,"",SUMIFS(Guias!$G$5:$G$1504,Guias!$K$5:$K$1504,P35))) -> 4555 | R35: =IF(Q35="","",D35-Q35) -> 0 | S35: =IF(OR(N35="Atrasada",N35="Aguardando"),IF(N35="Atrasada",100000+O35,0)+D35/1000000+ROW()/100000000,0) -> 0.00455535 | T35: =IF(AND(F35<>"",E35<>""),F35-E35,"")
A36: MediPlan | B36: 46235 | C36: 34 | D36: 3430 | E36: 46273 | K36: =IF(A36="","",IFERROR(INDEX(Config!$B$10:$B$15,MATCH(A36,Config!$A$10:$A$15,0)),"")) -> 45 | L36: =IF(OR(A36="",E36="",K36=""),"",E36+K36) -> 46318 | M36: =IF(OR(A36="",F36=""),0,MAX(0,D36-G36)) -> 0 | N36: =IF(A36="","",IF(E36="","Em separação",IF(F36<>"",IF(H36="Em recurso","Em recurso",IF(M36>0,"Paga com glosa","Paga")),IF(L36+Config!$B$7<Config!$B$5,"Atrasada","Aguardando")))) -> Aguardando | O36: =IF(N36="Atrasada",Config!$B$5-L36,"") | P36: =IF(OR(A36="",B36=""),"",A36&"|"&TEXT(B36,"yyyy-mm")) -> MediPlan|2026-08 | Q36: =IF(P36="","",IF(COUNTIF(Guias!$K$5:$K$1504,P36)=0,"",SUMIFS(Guias!$G$5:$G$1504,Guias!$K$5:$K$1504,P36))) -> 3430 | R36: =IF(Q36="","",D36-Q36) -> 0 | S36: =IF(OR(N36="Atrasada",N36="Aguardando"),IF(N36="Atrasada",100000+O36,0)+D36/1000000+ROW()/100000000,0) -> 0.00343036 | T36: =IF(AND(F36<>"",E36<>""),F36-E36,"")
A37: Vida Care | B37: 46235 | C37: 20 | D37: 1646 | E37: 46273 | K37: =IF(A37="","",IFERROR(INDEX(Config!$B$10:$B$15,MATCH(A37,Config!$A$10:$A$15,0)),"")) -> 60 | L37: =IF(OR(A37="",E37="",K37=""),"",E37+K37) -> 46333 | M37: =IF(OR(A37="",F37=""),0,MAX(0,D37-G37)) -> 0 | N37: =IF(A37="","",IF(E37="","Em separação",IF(F37<>"",IF(H37="Em recurso","Em recurso",IF(M37>0,"Paga com glosa","Paga")),IF(L37+Config!$B$7<Config!$B$5,"Atrasada","Aguardando")))) -> Aguardando | O37: =IF(N37="Atrasada",Config!$B$5-L37,"") | P37: =IF(OR(A37="",B37=""),"",A37&"|"&TEXT(B37,"yyyy-mm")) -> Vida Care|2026-08 | Q37: =IF(P37="","",IF(COUNTIF(Guias!$K$5:$K$1504,P37)=0,"",SUMIFS(Guias!$G$5:$G$1504,Guias!$K$5:$K$1504,P37))) -> 1646 | R37: =IF(Q37="","",D37-Q37) -> 0 | S37: =IF(OR(N37="Atrasada",N37="Aguardando"),IF(N37="Atrasada",100000+O37,0)+D37/1000000+ROW()/100000000,0) -> 0.00164637 | T37: =IF(AND(F37<>"",E37<>""),F37-E37,"")
A38: Saúde Total | B38: 46266 | C38: 21 | D38: 2435 | K38: =IF(A38="","",IFERROR(INDEX(Config!$B$10:$B$15,MATCH(A38,Config!$A$10:$A$15,0)),"")) -> 30 | L38: =IF(OR(A38="",E38="",K38=""),"",E38+K38) | M38: =IF(OR(A38="",F38=""),0,MAX(0,D38-G38)) -> 0 | N38: =IF(A38="","",IF(E38="","Em separação",IF(F38<>"",IF(H38="Em recurso","Em recurso",IF(M38>0,"Paga com glosa","Paga")),IF(L38+Config!$B$7<Config!$B$5,"Atrasada","Aguardando")))) -> Em separação | O38: =IF(N38="Atrasada",Config!$B$5-L38,"") | P38: =IF(OR(A38="",B38=""),"",A38&"|"&TEXT(B38,"yyyy-mm")) -> Saúde Total|2026-09 | Q38: =IF(P38="","",IF(COUNTIF(Guias!$K$5:$K$1504,P38)=0,"",SUMIFS(Guias!$G$5:$G$1504,Guias!$K$5:$K$1504,P38))) -> 2435 | R38: =IF(Q38="","",D38-Q38) -> 0 | S38: =IF(OR(N38="Atrasada",N38="Aguardando"),IF(N38="Atrasada",100000+O38,0)+D38/1000000+ROW()/100000000,0) -> 0 | T38: =IF(AND(F38<>"",E38<>""),F38-E38,"")
A39: MediPlan | B39: 46266 | C39: 15 | D39: 1445 | K39: =IF(A39="","",IFERROR(INDEX(Config!$B$10:$B$15,MATCH(A39,Config!$A$10:$A$15,0)),"")) -> 45 | L39: =IF(OR(A39="",E39="",K39=""),"",E39+K39) | M39: =IF(OR(A39="",F39=""),0,MAX(0,D39-G39)) -> 0 | N39: =IF(A39="","",IF(E39="","Em separação",IF(F39<>"",IF(H39="Em recurso","Em recurso",IF(M39>0,"Paga com glosa","Paga")),IF(L39+Config!$B$7<Config!$B$5,"Atrasada","Aguardando")))) -> Em separação | O39: =IF(N39="Atrasada",Config!$B$5-L39,"") | P39: =IF(OR(A39="",B39=""),"",A39&"|"&TEXT(B39,"yyyy-mm")) -> MediPlan|2026-09 | Q39: =IF(P39="","",IF(COUNTIF(Guias!$K$5:$K$1504,P39)=0,"",SUMIFS(Guias!$G$5:$G$1504,Guias!$K$5:$K$1504,P39))) -> 1445 | R39: =IF(Q39="","",D39-Q39) -> 0 | S39: =IF(OR(N39="Atrasada",N39="Aguardando"),IF(N39="Atrasada",100000+O39,0)+D39/1000000+ROW()/100000000,0) -> 0 | T39: =IF(AND(F39<>"",E39<>""),F39-E39,"")
A40: Vida Care | B40: 46266 | C40: 6 | D40: 545 | K40: =IF(A40="","",IFERROR(INDEX(Config!$B$10:$B$15,MATCH(A40,Config!$A$10:$A$15,0)),"")) -> 60 | L40: =IF(OR(A40="",E40="",K40=""),"",E40+K40) | M40: =IF(OR(A40="",F40=""),0,MAX(0,D40-G40)) -> 0 | N40: =IF(A40="","",IF(E40="","Em separação",IF(F40<>"",IF(H40="Em recurso","Em recurso",IF(M40>0,"Paga com glosa","Paga")),IF(L40+Config!$B$7<Config!$B$5,"Atrasada","Aguardando")))) -> Em separação | O40: =IF(N40="Atrasada",Config!$B$5-L40,"") | P40: =IF(OR(A40="",B40=""),"",A40&"|"&TEXT(B40,"yyyy-mm")) -> Vida Care|2026-09 | Q40: =IF(P40="","",IF(COUNTIF(Guias!$K$5:$K$1504,P40)=0,"",SUMIFS(Guias!$G$5:$G$1504,Guias!$K$5:$K$1504,P40))) -> 545 | R40: =IF(Q40="","",D40-Q40) -> 0 | S40: =IF(OR(N40="Atrasada",N40="Aguardando"),IF(N40="Atrasada",100000+O40,0)+D40/1000000+ROW()/100000000,0) -> 0 | T40: =IF(AND(F40<>"",E40<>""),F40-E40,"")
K41: =IF(A41="","",IFERROR(INDEX(Config!$B$10:$B$15,MATCH(A41,Config!$A$10:$A$15,0)),"")) | L41: =IF(OR(A41="",E41="",K41=""),"",E41+K41) | M41: =IF(OR(A41="",F41=""),0,MAX(0,D41-G41)) -> 0 | N41: =IF(A41="","",IF(E41="","Em separação",IF(F41<>"",IF(H41="Em recurso","Em recurso",IF(M41>0,"Paga com glosa","Paga")),IF(L41+Config!$B$7<Config!$B$5,"Atrasada","Aguardando")))) | O41: =IF(N41="Atrasada",Config!$B$5-L41,"") | P41: =IF(OR(A41="",B41=""),"",A41&"|"&TEXT(B41,"yyyy-mm")) | Q41: =IF(P41="","",IF(COUNTIF(Guias!$K$5:$K$1504,P41)=0,"",SUMIFS(Guias!$G$5:$G$1504,Guias!$K$5:$K$1504,P41))) | R41: =IF(Q41="","",D41-Q41) | S41: =IF(OR(N41="Atrasada",N41="Aguardando"),IF(N41="Atrasada",100000+O41,0)+D41/1000000+ROW()/100000000,0) -> 0 | T41: =IF(AND(F41<>"",E41<>""),F41-E41,"")
K42: =IF(A42="","",IFERROR(INDEX(Config!$B$10:$B$15,MATCH(A42,Config!$A$10:$A$15,0)),"")) | L42: =IF(OR(A42="",E42="",K42=""),"",E42+K42) | M42: =IF(OR(A42="",F42=""),0,MAX(0,D42-G42)) -> 0 | N42: =IF(A42="","",IF(E42="","Em separação",IF(F42<>"",IF(H42="Em recurso","Em recurso",IF(M42>0,"Paga com glosa","Paga")),IF(L42+Config!$B$7<Config!$B$5,"Atrasada","Aguardando")))) | O42: =IF(N42="Atrasada",Config!$B$5-L42,"") | P42: =IF(OR(A42="",B42=""),"",A42&"|"&TEXT(B42,"yyyy-mm")) | Q42: =IF(P42="","",IF(COUNTIF(Guias!$K$5:$K$1504,P42)=0,"",SUMIFS(Guias!$G$5:$G$1504,Guias!$K$5:$K$1504,P42))) | R42: =IF(Q42="","",D42-Q42) | S42: =IF(OR(N42="Atrasada",N42="Aguardando"),IF(N42="Atrasada",100000+O42,0)+D42/1000000+ROW()/100000000,0) -> 0 | T42: =IF(AND(F42<>"",E42<>""),F42-E42,"")
K43: =IF(A43="","",IFERROR(INDEX(Config!$B$10:$B$15,MATCH(A43,Config!$A$10:$A$15,0)),"")) | L43: =IF(OR(A43="",E43="",K43=""),"",E43+K43) | M43: =IF(OR(A43="",F43=""),0,MAX(0,D43-G43)) -> 0 | N43: =IF(A43="","",IF(E43="","Em separação",IF(F43<>"",IF(H43="Em recurso","Em recurso",IF(M43>0,"Paga com glosa","Paga")),IF(L43+Config!$B$7<Config!$B$5,"Atrasada","Aguardando")))) | O43: =IF(N43="Atrasada",Config!$B$5-L43,"") | P43: =IF(OR(A43="",B43=""),"",A43&"|"&TEXT(B43,"yyyy-mm")) | Q43: =IF(P43="","",IF(COUNTIF(Guias!$K$5:$K$1504,P43)=0,"",SUMIFS(Guias!$G$5:$G$1504,Guias!$K$5:$K$1504,P43))) | R43: =IF(Q43="","",D43-Q43) | S43: =IF(OR(N43="Atrasada",N43="Aguardando"),IF(N43="Atrasada",100000+O43,0)+D43/1000000+ROW()/100000000,0) -> 0 | T43: =IF(AND(F43<>"",E43<>""),F43-E43,"")
K44: =IF(A44="","",IFERROR(INDEX(Config!$B$10:$B$15,MATCH(A44,Config!$A$10:$A$15,0)),"")) | L44: =IF(OR(A44="",E44="",K44=""),"",E44+K44) | M44: =IF(OR(A44="",F44=""),0,MAX(0,D44-G44)) -> 0 | N44: =IF(A44="","",IF(E44="","Em separação",IF(F44<>"",IF(H44="Em recurso","Em recurso",IF(M44>0,"Paga com glosa","Paga")),IF(L44+Config!$B$7<Config!$B$5,"Atrasada","Aguardando")))) | O44: =IF(N44="Atrasada",Config!$B$5-L44,"") | P44: =IF(OR(A44="",B44=""),"",A44&"|"&TEXT(B44,"yyyy-mm")) | Q44: =IF(P44="","",IF(COUNTIF(Guias!$K$5:$K$1504,P44)=0,"",SUMIFS(Guias!$G$5:$G$1504,Guias!$K$5:$K$1504,P44))) | R44: =IF(Q44="","",D44-Q44) | S44: =IF(OR(N44="Atrasada",N44="Aguardando"),IF(N44="Atrasada",100000+O44,0)+D44/1000000+ROW()/100000000,0) -> 0 | T44: =IF(AND(F44<>"",E44<>""),F44-E44,"")
K45: =IF(A45="","",IFERROR(INDEX(Config!$B$10:$B$15,MATCH(A45,Config!$A$10:$A$15,0)),"")) | L45: =IF(OR(A45="",E45="",K45=""),"",E45+K45) | M45: =IF(OR(A45="",F45=""),0,MAX(0,D45-G45)) -> 0 | N45: =IF(A45="","",IF(E45="","Em separação",IF(F45<>"",IF(H45="Em recurso","Em recurso",IF(M45>0,"Paga com glosa","Paga")),IF(L45+Config!$B$7<Config!$B$5,"Atrasada","Aguardando")))) | O45: =IF(N45="Atrasada",Config!$B$5-L45,"") | P45: =IF(OR(A45="",B45=""),"",A45&"|"&TEXT(B45,"yyyy-mm")) | Q45: =IF(P45="","",IF(COUNTIF(Guias!$K$5:$K$1504,P45)=0,"",SUMIFS(Guias!$G$5:$G$1504,Guias!$K$5:$K$1504,P45))) | R45: =IF(Q45="","",D45-Q45) | S45: =IF(OR(N45="Atrasada",N45="Aguardando"),IF(N45="Atrasada",100000+O45,0)+D45/1000000+ROW()/100000000,0) -> 0 | T45: =IF(AND(F45<>"",E45<>""),F45-E45,"")
K46: =IF(A46="","",IFERROR(INDEX(Config!$B$10:$B$15,MATCH(A46,Config!$A$10:$A$15,0)),"")) | L46: =IF(OR(A46="",E46="",K46=""),"",E46+K46) | M46: =IF(OR(A46="",F46=""),0,MAX(0,D46-G46)) -> 0 | N46: =IF(A46="","",IF(E46="","Em separação",IF(F46<>"",IF(H46="Em recurso","Em recurso",IF(M46>0,"Paga com glosa","Paga")),IF(L46+Config!$B$7<Config!$B$5,"Atrasada","Aguardando")))) | O46: =IF(N46="Atrasada",Config!$B$5-L46,"") | P46: =IF(OR(A46="",B46=""),"",A46&"|"&TEXT(B46,"yyyy-mm")) | Q46: =IF(P46="","",IF(COUNTIF(Guias!$K$5:$K$1504,P46)=0,"",SUMIFS(Guias!$G$5:$G$1504,Guias!$K$5:$K$1504,P46))) | R46: =IF(Q46="","",D46-Q46) | S46: =IF(OR(N46="Atrasada",N46="Aguardando"),IF(N46="Atrasada",100000+O46,0)+D46/1000000+ROW()/100000000,0) -> 0 | T46: =IF(AND(F46<>"",E46<>""),F46-E46,"")
K47: =IF(A47="","",IFERROR(INDEX(Config!$B$10:$B$15,MATCH(A47,Config!$A$10:$A$15,0)),"")) | L47: =IF(OR(A47="",E47="",K47=""),"",E47+K47) | M47: =IF(OR(A47="",F47=""),0,MAX(0,D47-G47)) -> 0 | N47: =IF(A47="","",IF(E47="","Em separação",IF(F47<>"",IF(H47="Em recurso","Em recurso",IF(M47>0,"Paga com glosa","Paga")),IF(L47+Config!$B$7<Config!$B$5,"Atrasada","Aguardando")))) | O47: =IF(N47="Atrasada",Config!$B$5-L47,"") | P47: =IF(OR(A47="",B47=""),"",A47&"|"&TEXT(B47,"yyyy-mm")) | Q47: =IF(P47="","",IF(COUNTIF(Guias!$K$5:$K$1504,P47)=0,"",SUMIFS(Guias!$G$5:$G$1504,Guias!$K$5:$K$1504,P47))) | R47: =IF(Q47="","",D47-Q47) | S47: =IF(OR(N47="Atrasada",N47="Aguardando"),IF(N47="Atrasada",100000+O47,0)+D47/1000000+ROW()/100000000,0) -> 0 | T47: =IF(AND(F47<>"",E47<>""),F47-E47,"")
K48: =IF(A48="","",IFERROR(INDEX(Config!$B$10:$B$15,MATCH(A48,Config!$A$10:$A$15,0)),"")) | L48: =IF(OR(A48="",E48="",K48=""),"",E48+K48) | M48: =IF(OR(A48="",F48=""),0,MAX(0,D48-G48)) -> 0 | N48: =IF(A48="","",IF(E48="","Em separação",IF(F48<>"",IF(H48="Em recurso","Em recurso",IF(M48>0,"Paga com glosa","Paga")),IF(L48+Config!$B$7<Config!$B$5,"Atrasada","Aguardando")))) | O48: =IF(N48="Atrasada",Config!$B$5-L48,"") | P48: =IF(OR(A48="",B48=""),"",A48&"|"&TEXT(B48,"yyyy-mm")) | Q48: =IF(P48="","",IF(COUNTIF(Guias!$K$5:$K$1504,P48)=0,"",SUMIFS(Guias!$G$5:$G$1504,Guias!$K$5:$K$1504,P48))) | R48: =IF(Q48="","",D48-Q48) | S48: =IF(OR(N48="Atrasada",N48="Aguardando"),IF(N48="Atrasada",100000+O48,0)+D48/1000000+ROW()/100000000,0) -> 0 | T48: =IF(AND(F48<>"",E48<>""),F48-E48,"")
K49: =IF(A49="","",IFERROR(INDEX(Config!$B$10:$B$15,MATCH(A49,Config!$A$10:$A$15,0)),"")) | L49: =IF(OR(A49="",E49="",K49=""),"",E49+K49) | M49: =IF(OR(A49="",F49=""),0,MAX(0,D49-G49)) -> 0 | N49: =IF(A49="","",IF(E49="","Em separação",IF(F49<>"",IF(H49="Em recurso","Em recurso",IF(M49>0,"Paga com glosa","Paga")),IF(L49+Config!$B$7<Config!$B$5,"Atrasada","Aguardando")))) | O49: =IF(N49="Atrasada",Config!$B$5-L49,"") | P49: =IF(OR(A49="",B49=""),"",A49&"|"&TEXT(B49,"yyyy-mm")) | Q49: =IF(P49="","",IF(COUNTIF(Guias!$K$5:$K$1504,P49)=0,"",SUMIFS(Guias!$G$5:$G$1504,Guias!$K$5:$K$1504,P49))) | R49: =IF(Q49="","",D49-Q49) | S49: =IF(OR(N49="Atrasada",N49="Aguardando"),IF(N49="Atrasada",100000+O49,0)+D49/1000000+ROW()/100000000,0) -> 0 | T49: =IF(AND(F49<>"",E49<>""),F49-E49,"")
K50: =IF(A50="","",IFERROR(INDEX(Config!$B$10:$B$15,MATCH(A50,Config!$A$10:$A$15,0)),"")) | L50: =IF(OR(A50="",E50="",K50=""),"",E50+K50) | M50: =IF(OR(A50="",F50=""),0,MAX(0,D50-G50)) -> 0 | N50: =IF(A50="","",IF(E50="","Em separação",IF(F50<>"",IF(H50="Em recurso","Em recurso",IF(M50>0,"Paga com glosa","Paga")),IF(L50+Config!$B$7<Config!$B$5,"Atrasada","Aguardando")))) | O50: =IF(N50="Atrasada",Config!$B$5-L50,"") | P50: =IF(OR(A50="",B50=""),"",A50&"|"&TEXT(B50,"yyyy-mm")) | Q50: =IF(P50="","",IF(COUNTIF(Guias!$K$5:$K$1504,P50)=0,"",SUMIFS(Guias!$G$5:$G$1504,Guias!$K$5:$K$1504,P50))) | R50: =IF(Q50="","",D50-Q50) | S50: =IF(OR(N50="Atrasada",N50="Aguardando"),IF(N50="Atrasada",100000+O50,0)+D50/1000000+ROW()/100000000,0) -> 0 | T50: =IF(AND(F50<>"",E50<>""),F50-E50,"")
K51: =IF(A51="","",IFERROR(INDEX(Config!$B$10:$B$15,MATCH(A51,Config!$A$10:$A$15,0)),"")) | L51: =IF(OR(A51="",E51="",K51=""),"",E51+K51) | M51: =IF(OR(A51="",F51=""),0,MAX(0,D51-G51)) -> 0 | N51: =IF(A51="","",IF(E51="","Em separação",IF(F51<>"",IF(H51="Em recurso","Em recurso",IF(M51>0,"Paga com glosa","Paga")),IF(L51+Config!$B$7<Config!$B$5,"Atrasada","Aguardando")))) | O51: =IF(N51="Atrasada",Config!$B$5-L51,"") | P51: =IF(OR(A51="",B51=""),"",A51&"|"&TEXT(B51,"yyyy-mm")) | Q51: =IF(P51="","",IF(COUNTIF(Guias!$K$5:$K$1504,P51)=0,"",SUMIFS(Guias!$G$5:$G$1504,Guias!$K$5:$K$1504,P51))) | R51: =IF(Q51="","",D51-Q51) | S51: =IF(OR(N51="Atrasada",N51="Aguardando"),IF(N51="Atrasada",100000+O51,0)+D51/1000000+ROW()/100000000,0) -> 0 | T51: =IF(AND(F51<>"",E51<>""),F51-E51,"")
K52: =IF(A52="","",IFERROR(INDEX(Config!$B$10:$B$15,MATCH(A52,Config!$A$10:$A$15,0)),"")) | L52: =IF(OR(A52="",E52="",K52=""),"",E52+K52) | M52: =IF(OR(A52="",F52=""),0,MAX(0,D52-G52)) -> 0 | N52: =IF(A52="","",IF(E52="","Em separação",IF(F52<>"",IF(H52="Em recurso","Em recurso",IF(M52>0,"Paga com glosa","Paga")),IF(L52+Config!$B$7<Config!$B$5,"Atrasada","Aguardando")))) | O52: =IF(N52="Atrasada",Config!$B$5-L52,"") | P52: =IF(OR(A52="",B52=""),"",A52&"|"&TEXT(B52,"yyyy-mm")) | Q52: =IF(P52="","",IF(COUNTIF(Guias!$K$5:$K$1504,P52)=0,"",SUMIFS(Guias!$G$5:$G$1504,Guias!$K$5:$K$1504,P52))) | R52: =IF(Q52="","",D52-Q52) | S52: =IF(OR(N52="Atrasada",N52="Aguardando"),IF(N52="Atrasada",100000+O52,0)+D52/1000000+ROW()/100000000,0) -> 0 | T52: =IF(AND(F52<>"",E52<>""),F52-E52,"")
... K154: =IF(A154="","",IFERROR(INDEX(Config!$B$10:$B$15,MATCH(A154,Config!$A$10:$A$15,0)),"")) | L154: =IF(OR(A154="",E154="",K154=""),"",E154+K154) | M154: =IF(OR(A154="",F154=""),0,MAX(0,D154-G154)) -> 0 | N154: =IF(A154="","",IF(E154="","Em separação",IF(F154<>"",IF(H154="Em recurso","Em recurso",IF(M154>0,"Paga com glosa","Paga")),IF(L154+Config!$B$7<Config!$B$5,"Atrasada","Aguardando")))) | O154: =IF(N154="Atrasada",Config!$B$5-L154,"") | P154: =IF(OR(A154="",B154=""),"",A154&"|"&TEXT(B154,"yyyy-mm")) | Q154: =IF(P154="","",IF(COUNTIF(Guias!$K$5:$K$1504,P154)=0,"",SUMIFS(Guias!$G$5:$G$1504,Guias!$K$5:$K$1504,P154))) | R154: =IF(Q154="","",D154-Q154) | S154: =IF(OR(N154="Atrasada",N154="Aguardando"),IF(N154="Atrasada",100000+O154,0)+D154/1000000+ROW()/100000000,0) -> 0 | T154: =IF(AND(F154<>"",E154<>""),F154-E154,"")
A156: Vermelho: previsão de pagamento vencida sem pagamento. Amarelo: glosa em recurso. Verde: paga. Cinza: guias em separação (lote ainda não enviado). Diferença em vermelho: o valor enviado não bate com as guias cadastradas na aba Guias para essa competência.
A157: Glosa = enviado − pago. Recurso aceito: digite o valor recuperado e a data (é uma entrada no caixa 09). No exemplo, os lotes de outubro/2025 a maio/2026 vêm dos registros anteriores à agenda; junho em diante bate com a aba Guias.
