Workbook

Sheet Como usar
A1: Parcelas particulares e inadimplência
A2: Kit de Gestão para Médicos · Seu Sócio Gestor · versão 1.0 (setembro de 2026)
A4: O que esta planilha faz | B4: Você lança as parcelas combinadas a prazo com cada paciente e marca as pagas; ela mostra o que vence nos próximos dias, o que já venceu por faixa de atraso, a inadimplência e a lista de quem cobrar primeiro, com a ação sugerida da régua de cobrança.
A5: Passo 1 | B5: Em Config, ajuste as janelas (7 e 30 dias) e a régua: a partir de quantos dias de atraso fazer o quê. Escreva as ações do seu jeito, educadas e diretas.
A6: Passo 2 | B6: Em Pacientes, cole os nomes e contatos da planilha 01 (aba Pacientes; a 01 é a fonte) de quem paga a prazo. É a lista que alimenta a escolha do paciente em Parcelas.
A7: Passo 3 | B7: Em Parcelas, uma linha por parcela: paciente, procedimento, data do atendimento, número da parcela, vencimento e valor. Quando receber, marque Pago? = Sim e a data, e lance a mesma entrada no caixa (planilha 09, categoria "Particular a prazo"). O à vista não entra aqui.
A8: Passo 4 | B8: Em Painel, veja o que vence em 7 e 30 dias, o vencido por faixa, a inadimplência (vencido ÷ (pago + vencido), a mesma conta das planilhas 17, 19 e 20) e a lista "Cobrar primeiro" com o texto da régua para cada parcela.
A9: Rotina | B9: Sexta-feira, 4 minutos (rotina da semana, planilha 03): conferir o extrato, marcar as parcelas pagas, mandar as mensagens da lista "Cobrar primeiro" e lembrar quem vence na semana seguinte. Tudo numa passada só, na sexta.
A10: Com a IA | B10: Copie uma linha de "Cobrar primeiro" (sem o nome: procedimento, valor, dias, ação) e use o prompt "Recebíveis 04 · Cobrança educada em três versões" da biblioteca do kit, ou os 15 modelos de mensagem do bônus. Nunca cole dados do paciente que ele não autorizou.
A11: Legenda | B11: Células amarelas: você preenche. Brancas: calculadas. Não é preciso mexer em nada fora do amarelo.
A12: Proteção | B12: Fórmulas protegidas sem senha. Para editar: Revisar > Desproteger planilha (Excel) ou Dados > Proteger intervalos (Google Sheets).
A13: Requisitos | B13: Excel 2016 ou mais novo, Microsoft 365 ou Google Sheets (só funções do Excel 2007+; nada de MÍNIMOSES, MÁXIMOSES ou UNIRTEXTO). No celular abre nos aplicativos; para preencher, use o computador.
A14: Dados de pacientes | B14: Guarde só o que a gestão precisa (nome, contato, valor, data). Nada de diagnóstico, prontuário ou exame nestas planilhas: o kit é gestão, não é prontuário. Veja o guia LGPD do kit antes de colar qualquer tabela em uma IA.
A15: Google Sheets | B15: Faça upload no Google Drive e abra com o Google Sheets. Fórmulas, listas, cores, semáforos e gráficos funcionam: as regras de cor que dependem do mês escolhido em Config usam INDIRECT, que é a forma que o Sheets aceita para regra condicional apontar para outra aba.
... A18: Suporte | B18: suporte@seusociogestor.com.br · resposta em até 5 dias úteis · reembolso em até 7 dias pelo mesmo canal.

Sheet Painel
A1: =Config!$B$4&" · Parcelas e inadimplência · "&TEXT(DAY(Config!$B$5),"00")&"/"&TEXT(MONTH(Config!$B$5),"00")&"/"&YEAR(Config!$B$5) -> Clínica Vida Plena (exemplo fictício) · Parcelas e inadimplência · 14/09/2026
A2: Nada para digitar aqui: tudo vem de Parcelas e da régua em Config. Só o que foi combinado a prazo entra aqui.
A4: ="Vence em até "&Config!$B$6&" dias" -> Vence em até 7 dias | C4: ="Vence em até "&Config!$B$7&" dias" -> Vence em até 30 dias | E4: Em aberto (total) | G4: Vencido (R$) | I4: Parcelas vencidas | K4: Inadimplência (vencido ÷ (pago + vencido))
A5: =SUMIFS(Parcelas!$F$5:$F$404,Parcelas!$I$5:$I$404,"A vencer",Parcelas!$K$5:$K$404,"<="&Config!$B$6) -> 970 | C5: =SUMIFS(Parcelas!$F$5:$F$404,Parcelas!$I$5:$I$404,"A vencer",Parcelas!$K$5:$K$404,"<="&Config!$B$7) -> 4705 | E5: =SUMIFS(Parcelas!$F$5:$F$404,Parcelas!$I$5:$I$404,"A vencer")+SUMIFS(Parcelas!$F$5:$F$404,Parcelas!$I$5:$I$404,"Vencida") -> 9855 | G5: =SUMIFS(Parcelas!$F$5:$F$404,Parcelas!$I$5:$I$404,"Vencida") -> 3775 | I5: =COUNTIFS(Parcelas!$I$5:$I$404,"Vencida") -> 14 | K5: =IFERROR(G5/(G5+SUMIFS(Parcelas!$F$5:$F$404,Parcelas!$I$5:$I$404,"Paga")),0) -> 0.093579574
A7: Inadimplência = vencido ÷ (pago + vencido): de tudo o que já venceu, quanto ainda não entrou. É a definição usada em todo o kit (17, 19, 20) e vale só para o que foi combinado a prazo (o à vista entra direto no caixa). Outra conta possível, vencido ÷ em aberto, mede a carteira futura e dá um número maior; não a use para comparar com estas planilhas.
A9: Vencidas por faixa de atraso
A10: Faixa | B10: Parcelas | C10: Valor (R$) | D10: % do vencido | E10: Ação da régua
A11: =IF(Config!$C$10="","",Config!$C$10) -> 1 a 6 dias | B11: =IF(Config!$C$10="","",COUNTIFS(Parcelas!$L$5:$L$404,Config!$C$10)) -> 2 | C11: =IF(Config!$C$10="","",SUMIFS(Parcelas!$F$5:$F$404,Parcelas!$L$5:$L$404,Config!$C$10)) -> 320 | D11: =IF(Config!$C$10="","",IFERROR(C11/$G$5,0)) -> 0.084768212 | E11: =IF(Config!$C$10="","",Config!$B$10) -> Lembrete gentil por WhatsApp: confirmar se o Pix chegou e reenviar o link de pagamento, se preciso.
A12: =IF(Config!$C$11="","",Config!$C$11) -> 7 a 14 dias | B12: =IF(Config!$C$11="","",COUNTIFS(Parcelas!$L$5:$L$404,Config!$C$11)) -> 0 | C12: =IF(Config!$C$11="","",SUMIFS(Parcelas!$F$5:$F$404,Parcelas!$L$5:$L$404,Config!$C$11)) -> 0 | D12: =IF(Config!$C$11="","",IFERROR(C12/$G$5,0)) -> 0 | E12: =IF(Config!$C$11="","",Config!$B$11) -> Mensagem da recepção perguntando se houve algum imprevisto e oferecendo uma nova data para o pagamento.
A13: =IF(Config!$C$12="","",Config!$C$12) -> 15 a 29 dias | B13: =IF(Config!$C$12="","",COUNTIFS(Parcelas!$L$5:$L$404,Config!$C$12)) -> 0 | C13: =IF(Config!$C$12="","",SUMIFS(Parcelas!$F$5:$F$404,Parcelas!$L$5:$L$404,Config!$C$12)) -> 0 | D13: =IF(Config!$C$12="","",IFERROR(C13/$G$5,0)) -> 0 | E13: =IF(Config!$C$12="","",Config!$B$12) -> Ligação da recepção com o demonstrativo das parcelas em aberto e proposta de nova data ou divisão do valor.
A14: =IF(Config!$C$13="","",Config!$C$13) -> 30 dias ou mais | B14: =IF(Config!$C$13="","",COUNTIFS(Parcelas!$L$5:$L$404,Config!$C$13)) -> 12 | C14: =IF(Config!$C$13="","",SUMIFS(Parcelas!$F$5:$F$404,Parcelas!$L$5:$L$404,Config!$C$13)) -> 3455 | D14: =IF(Config!$C$13="","",IFERROR(C14/$G$5,0)) -> 0.91523179 | E14: =IF(Config!$C$13="","",Config!$B$13) -> Conversa do médico ou da administração para combinar um plano de pagamento; registrar por escrito o que foi combinado.
A15: Antes da régua | B15: =COUNTIFS(Parcelas!$L$5:$L$404,"Antes da régua") -> 0 | C15: =SUMIFS(Parcelas!$F$5:$F$404,Parcelas!$L$5:$L$404,"Antes da régua") -> 0 | D15: =IFERROR(C15/$G$5,0) -> 0 | E15: Vencidas há menos dias que o primeiro passo da régua.
A17: Cobrar primeiro
A18: Parcelas vencidas em ordem de valor × dias de atraso: as que mais pesam no caixa vêm no topo. O texto da última coluna é a ação da régua para a faixa de cada uma.
A19: # | B19: Paciente | C19: Procedimento | D19: Parcela | E19: Vencimento | F19: Valor (R$) | G19: Dias de atraso | H19: Faixa | I19: Ação sugerida
A20: 1 | B20: =IFERROR(IF(LARGE(Parcelas!$N$5:$N$404,1)>0,INDEX(Parcelas!$A$5:$A$404,MATCH(LARGE(Parcelas!$N$5:$N$404,1),Parcelas!$N$5:$N$404,0)),""),"") -> Gabriel Reis | C20: =IFERROR(IF(LARGE(Parcelas!$N$5:$N$404,1)>0,INDEX(Parcelas!$B$5:$B$404,MATCH(LARGE(Parcelas!$N$5:$N$404,1),Parcelas!$N$5:$N$404,0)),""),"") -> Avaliação endócrina | D20: =IFERROR(IF(LARGE(Parcelas!$N$5:$N$404,1)>0,INDEX(Parcelas!$D$5:$D$404,MATCH(LARGE(Parcelas!$N$5:$N$404,1),Parcelas!$N$5:$N$404,0)),""),"") -> 1 | E20: =IFERROR(IF(LARGE(Parcelas!$N$5:$N$404,1)>0,INDEX(Parcelas!$E$5:$E$404,MATCH(LARGE(Parcelas!$N$5:$N$404,1),Parcelas!$N$5:$N$404,0)),""),"") -> 46121 | F20: =IFERROR(IF(LARGE(Parcelas!$N$5:$N$404,1)>0,INDEX(Parcelas!$F$5:$F$404,MATCH(LARGE(Parcelas!$N$5:$N$404,1),Parcelas!$N$5:$N$404,0)),""),"") -> 400 | G20: =IFERROR(IF(LARGE(Parcelas!$N$5:$N$404,1)>0,INDEX(Parcelas!$J$5:$J$404,MATCH(LARGE(Parcelas!$N$5:$N$404,1),Parcelas!$N$5:$N$404,0)),""),"") -> 158 | H20: =IFERROR(IF(LARGE(Parcelas!$N$5:$N$404,1)>0,INDEX(Parcelas!$L$5:$L$404,MATCH(LARGE(Parcelas!$N$5:$N$404,1),Parcelas!$N$5:$N$404,0)),""),"") -> 30 dias ou mais | I20: =IFERROR(IF(LARGE(Parcelas!$N$5:$N$404,1)>0,INDEX(Parcelas!$M$5:$M$404,MATCH(LARGE(Parcelas!$N$5:$N$404,1),Parcelas!$N$5:$N$404,0)),""),"") -> Conversa do médico ou da administração para combinar um plano de pagamento; registrar por escrito o que foi combinado.
A21: 2 | B21: =IFERROR(IF(LARGE(Parcelas!$N$5:$N$404,2)>0,INDEX(Parcelas!$A$5:$A$404,MATCH(LARGE(Parcelas!$N$5:$N$404,2),Parcelas!$N$5:$N$404,0)),""),"") -> Priscila Reis | C21: =IFERROR(IF(LARGE(Parcelas!$N$5:$N$404,2)>0,INDEX(Parcelas!$B$5:$B$404,MATCH(LARGE(Parcelas!$N$5:$N$404,2),Parcelas!$N$5:$N$404,0)),""),"") -> Avaliação endócrina | D21: =IFERROR(IF(LARGE(Parcelas!$N$5:$N$404,2)>0,INDEX(Parcelas!$D$5:$D$404,MATCH(LARGE(Parcelas!$N$5:$N$404,2),Parcelas!$N$5:$N$404,0)),""),"") -> 1 | E21: =IFERROR(IF(LARGE(Parcelas!$N$5:$N$404,2)>0,INDEX(Parcelas!$E$5:$E$404,MATCH(LARGE(Parcelas!$N$5:$N$404,2),Parcelas!$N$5:$N$404,0)),""),"") -> 46149 | F21: =IFERROR(IF(LARGE(Parcelas!$N$5:$N$404,2)>0,INDEX(Parcelas!$F$5:$F$404,MATCH(LARGE(Parcelas!$N$5:$N$404,2),Parcelas!$N$5:$N$404,0)),""),"") -> 400 | G21: =IFERROR(IF(LARGE(Parcelas!$N$5:$N$404,2)>0,INDEX(Parcelas!$J$5:$J$404,MATCH(LARGE(Parcelas!$N$5:$N$404,2),Parcelas!$N$5:$N$404,0)),""),"") -> 130 | H21: =IFERROR(IF(LARGE(Parcelas!$N$5:$N$404,2)>0,INDEX(Parcelas!$L$5:$L$404,MATCH(LARGE(Parcelas!$N$5:$N$404,2),Parcelas!$N$5:$N$404,0)),""),"") -> 30 dias ou mais | I21: =IFERROR(IF(LARGE(Parcelas!$N$5:$N$404,2)>0,INDEX(Parcelas!$M$5:$M$404,MATCH(LARGE(Parcelas!$N$5:$N$404,2),Parcelas!$N$5:$N$404,0)),""),"") -> Conversa do médico ou da administração para combinar um plano de pagamento; registrar por escrito o que foi combinado.
A22: 3 | B22: =IFERROR(IF(LARGE(Parcelas!$N$5:$N$404,3)>0,INDEX(Parcelas!$A$5:$A$404,MATCH(LARGE(Parcelas!$N$5:$N$404,3),Parcelas!$N$5:$N$404,0)),""),"") -> Márcia Duarte | C22: =IFERROR(IF(LARGE(Parcelas!$N$5:$N$404,3)>0,INDEX(Parcelas!$B$5:$B$404,MATCH(LARGE(Parcelas!$N$5:$N$404,3),Parcelas!$N$5:$N$404,0)),""),"") -> Avaliação endócrina | D22: =IFERROR(IF(LARGE(Parcelas!$N$5:$N$404,3)>0,INDEX(Parcelas!$D$5:$D$404,MATCH(LARGE(Parcelas!$N$5:$N$404,3),Parcelas!$N$5:$N$404,0)),""),"") -> 1 | E22: =IFERROR(IF(LARGE(Parcelas!$N$5:$N$404,3)>0,INDEX(Parcelas!$E$5:$E$404,MATCH(LARGE(Parcelas!$N$5:$N$404,3),Parcelas!$N$5:$N$404,0)),""),"") -> 46065 | F22: =IFERROR(IF(LARGE(Parcelas!$N$5:$N$404,3)>0,INDEX(Parcelas!$F$5:$F$404,MATCH(LARGE(Parcelas!$N$5:$N$404,3),Parcelas!$N$5:$N$404,0)),""),"") -> 200 | G22: =IFERROR(IF(LARGE(Parcelas!$N$5:$N$404,3)>0,INDEX(Parcelas!$J$5:$J$404,MATCH(LARGE(Parcelas!$N$5:$N$404,3),Parcelas!$N$5:$N$404,0)),""),"") -> 214 | H22: =IFERROR(IF(LARGE(Parcelas!$N$5:$N$404,3)>0,INDEX(Parcelas!$L$5:$L$404,MATCH(LARGE(Parcelas!$N$5:$N$404,3),Parcelas!$N$5:$N$404,0)),""),"") -> 30 dias ou mais | I22: =IFERROR(IF(LARGE(Parcelas!$N$5:$N$404,3)>0,INDEX(Parcelas!$M$5:$M$404,MATCH(LARGE(Parcelas!$N$5:$N$404,3),Parcelas!$N$5:$N$404,0)),""),"") -> Conversa do médico ou da administração para combinar um plano de pagamento; registrar por escrito o que foi combinado.
A23: 4 | B23: =IFERROR(IF(LARGE(Parcelas!$N$5:$N$404,4)>0,INDEX(Parcelas!$A$5:$A$404,MATCH(LARGE(Parcelas!$N$5:$N$404,4),Parcelas!$N$5:$N$404,0)),""),"") -> Helena Moreira | C23: =IFERROR(IF(LARGE(Parcelas!$N$5:$N$404,4)>0,INDEX(Parcelas!$B$5:$B$404,MATCH(LARGE(Parcelas!$N$5:$N$404,4),Parcelas!$N$5:$N$404,0)),""),"") -> Consulta | D23: =IFERROR(IF(LARGE(Parcelas!$N$5:$N$404,4)>0,INDEX(Parcelas!$D$5:$D$404,MATCH(LARGE(Parcelas!$N$5:$N$404,4),Parcelas!$N$5:$N$404,0)),""),"") -> 1 | E23: =IFERROR(IF(LARGE(Parcelas!$N$5:$N$404,4)>0,INDEX(Parcelas!$E$5:$E$404,MATCH(LARGE(Parcelas!$N$5:$N$404,4),Parcelas!$N$5:$N$404,0)),""),"") -> 46186 | F23: =IFERROR(IF(LARGE(Parcelas!$N$5:$N$404,4)>0,INDEX(Parcelas!$F$5:$F$404,MATCH(LARGE(Parcelas!$N$5:$N$404,4),Parcelas!$N$5:$N$404,0)),""),"") -> 380 | G23: =IFERROR(IF(LARGE(Parcelas!$N$5:$N$404,4)>0,INDEX(Parcelas!$J$5:$J$404,MATCH(LARGE(Parcelas!$N$5:$N$404,4),Parcelas!$N$5:$N$404,0)),""),"") -> 93 | H23: =IFERROR(IF(LARGE(Parcelas!$N$5:$N$404,4)>0,INDEX(Parcelas!$L$5:$L$404,MATCH(LARGE(Parcelas!$N$5:$N$404,4),Parcelas!$N$5:$N$404,0)),""),"") -> 30 dias ou mais | I23: =IFERROR(IF(LARGE(Parcelas!$N$5:$N$404,4)>0,INDEX(Parcelas!$M$5:$M$404,MATCH(LARGE(Parcelas!$N$5:$N$404,4),Parcelas!$N$5:$N$404,0)),""),"") -> Conversa do médico ou da administração para combinar um plano de pagamento; registrar por escrito o que foi combinado.
A24: 5 | B24: =IFERROR(IF(LARGE(Parcelas!$N$5:$N$404,5)>0,INDEX(Parcelas!$A$5:$A$404,MATCH(LARGE(Parcelas!$N$5:$N$404,5),Parcelas!$N$5:$N$404,0)),""),"") -> Mônica Martins | C24: =IFERROR(IF(LARGE(Parcelas!$N$5:$N$404,5)>0,INDEX(Parcelas!$B$5:$B$404,MATCH(LARGE(Parcelas!$N$5:$N$404,5),Parcelas!$N$5:$N$404,0)),""),"") -> Consulta | D24: =IFERROR(IF(LARGE(Parcelas!$N$5:$N$404,5)>0,INDEX(Parcelas!$D$5:$D$404,MATCH(LARGE(Parcelas!$N$5:$N$404,5),Parcelas!$N$5:$N$404,0)),""),"") -> 1 | E24: =IFERROR(IF(LARGE(Parcelas!$N$5:$N$404,5)>0,INDEX(Parcelas!$E$5:$E$404,MATCH(LARGE(Parcelas!$N$5:$N$404,5),Parcelas!$N$5:$N$404,0)),""),"") -> 46094 | F24: =IFERROR(IF(LARGE(Parcelas!$N$5:$N$404,5)>0,INDEX(Parcelas!$F$5:$F$404,MATCH(LARGE(Parcelas!$N$5:$N$404,5),Parcelas!$N$5:$N$404,0)),""),"") -> 190 | G24: =IFERROR(IF(LARGE(Parcelas!$N$5:$N$404,5)>0,INDEX(Parcelas!$J$5:$J$404,MATCH(LARGE(Parcelas!$N$5:$N$404,5),Parcelas!$N$5:$N$404,0)),""),"") -> 185 | H24: =IFERROR(IF(LARGE(Parcelas!$N$5:$N$404,5)>0,INDEX(Parcelas!$L$5:$L$404,MATCH(LARGE(Parcelas!$N$5:$N$404,5),Parcelas!$N$5:$N$404,0)),""),"") -> 30 dias ou mais | I24: =IFERROR(IF(LARGE(Parcelas!$N$5:$N$404,5)>0,INDEX(Parcelas!$M$5:$M$404,MATCH(LARGE(Parcelas!$N$5:$N$404,5),Parcelas!$N$5:$N$404,0)),""),"") -> Conversa do médico ou da administração para combinar um plano de pagamento; registrar por escrito o que foi combinado.
A25: 6 | B25: =IFERROR(IF(LARGE(Parcelas!$N$5:$N$404,6)>0,INDEX(Parcelas!$A$5:$A$404,MATCH(LARGE(Parcelas!$N$5:$N$404,6),Parcelas!$N$5:$N$404,0)),""),"") -> Mariana Nascimento | C25: =IFERROR(IF(LARGE(Parcelas!$N$5:$N$404,6)>0,INDEX(Parcelas!$B$5:$B$404,MATCH(LARGE(Parcelas!$N$5:$N$404,6),Parcelas!$N$5:$N$404,0)),""),"") -> Consulta | D25: =IFERROR(IF(LARGE(Parcelas!$N$5:$N$404,6)>0,INDEX(Parcelas!$D$5:$D$404,MATCH(LARGE(Parcelas!$N$5:$N$404,6),Parcelas!$N$5:$N$404,0)),""),"") -> 1 | E25: =IFERROR(IF(LARGE(Parcelas!$N$5:$N$404,6)>0,INDEX(Parcelas!$E$5:$E$404,MATCH(LARGE(Parcelas!$N$5:$N$404,6),Parcelas!$N$5:$N$404,0)),""),"") -> 46192 | F25: =IFERROR(IF(LARGE(Parcelas!$N$5:$N$404,6)>0,INDEX(Parcelas!$F$5:$F$404,MATCH(LARGE(Parcelas!$N$5:$N$404,6),Parcelas!$N$5:$N$404,0)),""),"") -> 380 | G25: =IFERROR(IF(LARGE(Parcelas!$N$5:$N$404,6)>0,INDEX(Parcelas!$J$5:$J$404,MATCH(LARGE(Parcelas!$N$5:$N$404,6),Parcelas!$N$5:$N$404,0)),""),"") -> 87 | H25: =IFERROR(IF(LARGE(Parcelas!$N$5:$N$404,6)>0,INDEX(Parcelas!$L$5:$L$404,MATCH(LARGE(Parcelas!$N$5:$N$404,6),Parcelas!$N$5:$N$404,0)),""),"") -> 30 dias ou mais | I25: =IFERROR(IF(LARGE(Parcelas!$N$5:$N$404,6)>0,INDEX(Parcelas!$M$5:$M$404,MATCH(LARGE(Parcelas!$N$5:$N$404,6),Parcelas!$N$5:$N$404,0)),""),"") -> Conversa do médico ou da administração para combinar um plano de pagamento; registrar por escrito o que foi combinado.
A26: 7 | B26: =IFERROR(IF(LARGE(Parcelas!$N$5:$N$404,7)>0,INDEX(Parcelas!$A$5:$A$404,MATCH(LARGE(Parcelas!$N$5:$N$404,7),Parcelas!$N$5:$N$404,0)),""),"") -> Mariana Nascimento | C26: =IFERROR(IF(LARGE(Parcelas!$N$5:$N$404,7)>0,INDEX(Parcelas!$B$5:$B$404,MATCH(LARGE(Parcelas!$N$5:$N$404,7),Parcelas!$N$5:$N$404,0)),""),"") -> Consulta | D26: =IFERROR(IF(LARGE(Parcelas!$N$5:$N$404,7)>0,INDEX(Parcelas!$D$5:$D$404,MATCH(LARGE(Parcelas!$N$5:$N$404,7),Parcelas!$N$5:$N$404,0)),""),"") -> 1 | E26: =IFERROR(IF(LARGE(Parcelas!$N$5:$N$404,7)>0,INDEX(Parcelas!$E$5:$E$404,MATCH(LARGE(Parcelas!$N$5:$N$404,7),Parcelas!$N$5:$N$404,0)),""),"") -> 46200 | F26: =IFERROR(IF(LARGE(Parcelas!$N$5:$N$404,7)>0,INDEX(Parcelas!$F$5:$F$404,MATCH(LARGE(Parcelas!$N$5:$N$404,7),Parcelas!$N$5:$N$404,0)),""),"") -> 380 | G26: =IFERROR(IF(LARGE(Parcelas!$N$5:$N$404,7)>0,INDEX(Parcelas!$J$5:$J$404,MATCH(LARGE(Parcelas!$N$5:$N$404,7),Parcelas!$N$5:$N$404,0)),""),"") -> 79 | H26: =IFERROR(IF(LARGE(Parcelas!$N$5:$N$404,7)>0,INDEX(Parcelas!$L$5:$L$404,MATCH(LARGE(Parcelas!$N$5:$N$404,7),Parcelas!$N$5:$N$404,0)),""),"") -> 30 dias ou mais | I26: =IFERROR(IF(LARGE(Parcelas!$N$5:$N$404,7)>0,INDEX(Parcelas!$M$5:$M$404,MATCH(LARGE(Parcelas!$N$5:$N$404,7),Parcelas!$N$5:$N$404,0)),""),"") -> Conversa do médico ou da administração para combinar um plano de pagamento; registrar por escrito o que foi combinado.
A27: 8 | B27: =IFERROR(IF(LARGE(Parcelas!$N$5:$N$404,8)>0,INDEX(Parcelas!$A$5:$A$404,MATCH(LARGE(Parcelas!$N$5:$N$404,8),Parcelas!$N$5:$N$404,0)),""),"") -> Patrícia Fernandes | C27: =IFERROR(IF(LARGE(Parcelas!$N$5:$N$404,8)>0,INDEX(Parcelas!$B$5:$B$404,MATCH(LARGE(Parcelas!$N$5:$N$404,8),Parcelas!$N$5:$N$404,0)),""),"") -> Consulta | D27: =IFERROR(IF(LARGE(Parcelas!$N$5:$N$404,8)>0,INDEX(Parcelas!$D$5:$D$404,MATCH(LARGE(Parcelas!$N$5:$N$404,8),Parcelas!$N$5:$N$404,0)),""),"") -> 2 | E27: =IFERROR(IF(LARGE(Parcelas!$N$5:$N$404,8)>0,INDEX(Parcelas!$E$5:$E$404,MATCH(LARGE(Parcelas!$N$5:$N$404,8),Parcelas!$N$5:$N$404,0)),""),"") -> 46160 | F27: =IFERROR(IF(LARGE(Parcelas!$N$5:$N$404,8)>0,INDEX(Parcelas!$F$5:$F$404,MATCH(LARGE(Parcelas!$N$5:$N$404,8),Parcelas!$N$5:$N$404,0)),""),"") -> 190 | G27: =IFERROR(IF(LARGE(Parcelas!$N$5:$N$404,8)>0,INDEX(Parcelas!$J$5:$J$404,MATCH(LARGE(Parcelas!$N$5:$N$404,8),Parcelas!$N$5:$N$404,0)),""),"") -> 119 | H27: =IFERROR(IF(LARGE(Parcelas!$N$5:$N$404,8)>0,INDEX(Parcelas!$L$5:$L$404,MATCH(LARGE(Parcelas!$N$5:$N$404,8),Parcelas!$N$5:$N$404,0)),""),"") -> 30 dias ou mais | I27: =IFERROR(IF(LARGE(Parcelas!$N$5:$N$404,8)>0,INDEX(Parcelas!$M$5:$M$404,MATCH(LARGE(Parcelas!$N$5:$N$404,8),Parcelas!$N$5:$N$404,0)),""),"") -> Conversa do médico ou da administração para combinar um plano de pagamento; registrar por escrito o que foi combinado.
A28: 9 | B28: =IFERROR(IF(LARGE(Parcelas!$N$5:$N$404,9)>0,INDEX(Parcelas!$A$5:$A$404,MATCH(LARGE(Parcelas!$N$5:$N$404,9),Parcelas!$N$5:$N$404,0)),""),"") -> Rafael Dias | C28: =IFERROR(IF(LARGE(Parcelas!$N$5:$N$404,9)>0,INDEX(Parcelas!$B$5:$B$404,MATCH(LARGE(Parcelas!$N$5:$N$404,9),Parcelas!$N$5:$N$404,0)),""),"") -> Consulta | D28: =IFERROR(IF(LARGE(Parcelas!$N$5:$N$404,9)>0,INDEX(Parcelas!$D$5:$D$404,MATCH(LARGE(Parcelas!$N$5:$N$404,9),Parcelas!$N$5:$N$404,0)),""),"") -> 2 | E28: =IFERROR(IF(LARGE(Parcelas!$N$5:$N$404,9)>0,INDEX(Parcelas!$E$5:$E$404,MATCH(LARGE(Parcelas!$N$5:$N$404,9),Parcelas!$N$5:$N$404,0)),""),"") -> 46165 | F28: =IFERROR(IF(LARGE(Parcelas!$N$5:$N$404,9)>0,INDEX(Parcelas!$F$5:$F$404,MATCH(LARGE(Parcelas!$N$5:$N$404,9),Parcelas!$N$5:$N$404,0)),""),"") -> 190 | G28: =IFERROR(IF(LARGE(Parcelas!$N$5:$N$404,9)>0,INDEX(Parcelas!$J$5:$J$404,MATCH(LARGE(Parcelas!$N$5:$N$404,9),Parcelas!$N$5:$N$404,0)),""),"") -> 114 | H28: =IFERROR(IF(LARGE(Parcelas!$N$5:$N$404,9)>0,INDEX(Parcelas!$L$5:$L$404,MATCH(LARGE(Parcelas!$N$5:$N$404,9),Parcelas!$N$5:$N$404,0)),""),"") -> 30 dias ou mais | I28: =IFERROR(IF(LARGE(Parcelas!$N$5:$N$404,9)>0,INDEX(Parcelas!$M$5:$M$404,MATCH(LARGE(Parcelas!$N$5:$N$404,9),Parcelas!$N$5:$N$404,0)),""),"") -> Conversa do médico ou da administração para combinar um plano de pagamento; registrar por escrito o que foi combinado.
A29: 10 | B29: =IFERROR(IF(LARGE(Parcelas!$N$5:$N$404,10)>0,INDEX(Parcelas!$A$5:$A$404,MATCH(LARGE(Parcelas!$N$5:$N$404,10),Parcelas!$N$5:$N$404,0)),""),"") -> Cláudia Costa | C29: =IFERROR(IF(LARGE(Parcelas!$N$5:$N$404,10)>0,INDEX(Parcelas!$B$5:$B$404,MATCH(LARGE(Parcelas!$N$5:$N$404,10),Parcelas!$N$5:$N$404,0)),""),"") -> Consulta | D29: =IFERROR(IF(LARGE(Parcelas!$N$5:$N$404,10)>0,INDEX(Parcelas!$D$5:$D$404,MATCH(LARGE(Parcelas!$N$5:$N$404,10),Parcelas!$N$5:$N$404,0)),""),"") -> 1 | E29: =IFERROR(IF(LARGE(Parcelas!$N$5:$N$404,10)>0,INDEX(Parcelas!$E$5:$E$404,MATCH(LARGE(Parcelas!$N$5:$N$404,10),Parcelas!$N$5:$N$404,0)),""),"") -> 46225 | F29: =IFERROR(IF(LARGE(Parcelas!$N$5:$N$404,10)>0,INDEX(Parcelas!$F$5:$F$404,MATCH(LARGE(Parcelas!$N$5:$N$404,10),Parcelas!$N$5:$N$404,0)),""),"") -> 380 | G29: =IFERROR(IF(LARGE(Parcelas!$N$5:$N$404,10)>0,INDEX(Parcelas!$J$5:$J$404,MATCH(LARGE(Parcelas!$N$5:$N$404,10),Parcelas!$N$5:$N$404,0)),""),"") -> 54 | H29: =IFERROR(IF(LARGE(Parcelas!$N$5:$N$404,10)>0,INDEX(Parcelas!$L$5:$L$404,MATCH(LARGE(Parcelas!$N$5:$N$404,10),Parcelas!$N$5:$N$404,0)),""),"") -> 30 dias ou mais | I29: =IFERROR(IF(LARGE(Parcelas!$N$5:$N$404,10)>0,INDEX(Parcelas!$M$5:$M$404,MATCH(LARGE(Parcelas!$N$5:$N$404,10),Parcelas!$N$5:$N$404,0)),""),"") -> Conversa do médico ou da administração para combinar um plano de pagamento; registrar por escrito o que foi combinado.
A31: Vencem nos próximos dias
A32: ="Parcelas a vencer em até "&Config!$B$7&" dias, a mais próxima primeiro. Bom momento para lembrar o paciente antes do vencimento." -> Parcelas a vencer em até 30 dias, a mais próxima primeiro. Bom momento para lembrar o paciente antes do vencimento.
A33: # | B33: Paciente | C33: Procedimento | D33: Parcela | E33: Vencimento | F33: Valor (R$) | G33: Dias para vencer
A34: 1 | B34: =IFERROR(IF(LARGE(Parcelas!$O$5:$O$404,1)>0,INDEX(Parcelas!$A$5:$A$404,MATCH(LARGE(Parcelas!$O$5:$O$404,1),Parcelas!$O$5:$O$404,0)),""),"") -> Elaine Cardoso | C34: =IFERROR(IF(LARGE(Parcelas!$O$5:$O$404,1)>0,INDEX(Parcelas!$B$5:$B$404,MATCH(LARGE(Parcelas!$O$5:$O$404,1),Parcelas!$O$5:$O$404,0)),""),"") -> Consulta | D34: =IFERROR(IF(LARGE(Parcelas!$O$5:$O$404,1)>0,INDEX(Parcelas!$D$5:$D$404,MATCH(LARGE(Parcelas!$O$5:$O$404,1),Parcelas!$O$5:$O$404,0)),""),"") -> 1 | E34: =IFERROR(IF(LARGE(Parcelas!$O$5:$O$404,1)>0,INDEX(Parcelas!$E$5:$E$404,MATCH(LARGE(Parcelas!$O$5:$O$404,1),Parcelas!$O$5:$O$404,0)),""),"") -> 46281 | F34: =IFERROR(IF(LARGE(Parcelas!$O$5:$O$404,1)>0,INDEX(Parcelas!$F$5:$F$404,MATCH(LARGE(Parcelas!$O$5:$O$404,1),Parcelas!$O$5:$O$404,0)),""),"") -> 190 | G34: =IFERROR(IF(LARGE(Parcelas!$O$5:$O$404,1)>0,INDEX(Parcelas!$K$5:$K$404,MATCH(LARGE(Parcelas!$O$5:$O$404,1),Parcelas!$O$5:$O$404,0)),""),"") -> 2
A35: 2 | B35: =IFERROR(IF(LARGE(Parcelas!$O$5:$O$404,2)>0,INDEX(Parcelas!$A$5:$A$404,MATCH(LARGE(Parcelas!$O$5:$O$404,2),Parcelas!$O$5:$O$404,0)),""),"") -> Fábio Gomes | C35: =IFERROR(IF(LARGE(Parcelas!$O$5:$O$404,2)>0,INDEX(Parcelas!$B$5:$B$404,MATCH(LARGE(Parcelas!$O$5:$O$404,2),Parcelas!$O$5:$O$404,0)),""),"") -> Avaliação endócrina | D35: =IFERROR(IF(LARGE(Parcelas!$O$5:$O$404,2)>0,INDEX(Parcelas!$D$5:$D$404,MATCH(LARGE(Parcelas!$O$5:$O$404,2),Parcelas!$O$5:$O$404,0)),""),"") -> 1 | E35: =IFERROR(IF(LARGE(Parcelas!$O$5:$O$404,2)>0,INDEX(Parcelas!$E$5:$E$404,MATCH(LARGE(Parcelas!$O$5:$O$404,2),Parcelas!$O$5:$O$404,0)),""),"") -> 46282 | F35: =IFERROR(IF(LARGE(Parcelas!$O$5:$O$404,2)>0,INDEX(Parcelas!$F$5:$F$404,MATCH(LARGE(Parcelas!$O$5:$O$404,2),Parcelas!$O$5:$O$404,0)),""),"") -> 400 | G35: =IFERROR(IF(LARGE(Parcelas!$O$5:$O$404,2)>0,INDEX(Parcelas!$K$5:$K$404,MATCH(LARGE(Parcelas!$O$5:$O$404,2),Parcelas!$O$5:$O$404,0)),""),"") -> 3
A36: 3 | B36: =IFERROR(IF(LARGE(Parcelas!$O$5:$O$404,3)>0,INDEX(Parcelas!$A$5:$A$404,MATCH(LARGE(Parcelas!$O$5:$O$404,3),Parcelas!$O$5:$O$404,0)),""),"") -> Eduardo Lima | C36: =IFERROR(IF(LARGE(Parcelas!$O$5:$O$404,3)>0,INDEX(Parcelas!$B$5:$B$404,MATCH(LARGE(Parcelas!$O$5:$O$404,3),Parcelas!$O$5:$O$404,0)),""),"") -> Consulta | D36: =IFERROR(IF(LARGE(Parcelas!$O$5:$O$404,3)>0,INDEX(Parcelas!$D$5:$D$404,MATCH(LARGE(Parcelas!$O$5:$O$404,3),Parcelas!$O$5:$O$404,0)),""),"") -> 1 | E36: =IFERROR(IF(LARGE(Parcelas!$O$5:$O$404,3)>0,INDEX(Parcelas!$E$5:$E$404,MATCH(LARGE(Parcelas!$O$5:$O$404,3),Parcelas!$O$5:$O$404,0)),""),"") -> 46284 | F36: =IFERROR(IF(LARGE(Parcelas!$O$5:$O$404,3)>0,INDEX(Parcelas!$F$5:$F$404,MATCH(LARGE(Parcelas!$O$5:$O$404,3),Parcelas!$O$5:$O$404,0)),""),"") -> 380 | G36: =IFERROR(IF(LARGE(Parcelas!$O$5:$O$404,3)>0,INDEX(Parcelas!$K$5:$K$404,MATCH(LARGE(Parcelas!$O$5:$O$404,3),Parcelas!$O$5:$O$404,0)),""),"") -> 5
A37: 4 | B37: =IFERROR(IF(LARGE(Parcelas!$O$5:$O$404,4)>0,INDEX(Parcelas!$A$5:$A$404,MATCH(LARGE(Parcelas!$O$5:$O$404,4),Parcelas!$O$5:$O$404,0)),""),"") -> Eduardo Lima | C37: =IFERROR(IF(LARGE(Parcelas!$O$5:$O$404,4)>0,INDEX(Parcelas!$B$5:$B$404,MATCH(LARGE(Parcelas!$O$5:$O$404,4),Parcelas!$O$5:$O$404,0)),""),"") -> Teste ergométrico | D37: =IFERROR(IF(LARGE(Parcelas!$O$5:$O$404,4)>0,INDEX(Parcelas!$D$5:$D$404,MATCH(LARGE(Parcelas!$O$5:$O$404,4),Parcelas!$O$5:$O$404,0)),""),"") -> 2 | E37: =IFERROR(IF(LARGE(Parcelas!$O$5:$O$404,4)>0,INDEX(Parcelas!$E$5:$E$404,MATCH(LARGE(Parcelas!$O$5:$O$404,4),Parcelas!$O$5:$O$404,0)),""),"") -> 46287 | F37: =IFERROR(IF(LARGE(Parcelas!$O$5:$O$404,4)>0,INDEX(Parcelas!$F$5:$F$404,MATCH(LARGE(Parcelas!$O$5:$O$404,4),Parcelas!$O$5:$O$404,0)),""),"") -> 225 | G37: =IFERROR(IF(LARGE(Parcelas!$O$5:$O$404,4)>0,INDEX(Parcelas!$K$5:$K$404,MATCH(LARGE(Parcelas!$O$5:$O$404,4),Parcelas!$O$5:$O$404,0)),""),"") -> 8
A38: 5 | B38: =IFERROR(IF(LARGE(Parcelas!$O$5:$O$404,5)>0,INDEX(Parcelas!$A$5:$A$404,MATCH(LARGE(Parcelas!$O$5:$O$404,5),Parcelas!$O$5:$O$404,0)),""),"") -> Cláudia Santos | C38: =IFERROR(IF(LARGE(Parcelas!$O$5:$O$404,5)>0,INDEX(Parcelas!$B$5:$B$404,MATCH(LARGE(Parcelas!$O$5:$O$404,5),Parcelas!$O$5:$O$404,0)),""),"") -> Consulta | D38: =IFERROR(IF(LARGE(Parcelas!$O$5:$O$404,5)>0,INDEX(Parcelas!$D$5:$D$404,MATCH(LARGE(Parcelas!$O$5:$O$404,5),Parcelas!$O$5:$O$404,0)),""),"") -> 1 | E38: =IFERROR(IF(LARGE(Parcelas!$O$5:$O$404,5)>0,INDEX(Parcelas!$E$5:$E$404,MATCH(LARGE(Parcelas!$O$5:$O$404,5),Parcelas!$O$5:$O$404,0)),""),"") -> 46288 | F38: =IFERROR(IF(LARGE(Parcelas!$O$5:$O$404,5)>0,INDEX(Parcelas!$F$5:$F$404,MATCH(LARGE(Parcelas!$O$5:$O$404,5),Parcelas!$O$5:$O$404,0)),""),"") -> 380 | G38: =IFERROR(IF(LARGE(Parcelas!$O$5:$O$404,5)>0,INDEX(Parcelas!$K$5:$K$404,MATCH(LARGE(Parcelas!$O$5:$O$404,5),Parcelas!$O$5:$O$404,0)),""),"") -> 9
A39: 6 | B39: =IFERROR(IF(LARGE(Parcelas!$O$5:$O$404,6)>0,INDEX(Parcelas!$A$5:$A$404,MATCH(LARGE(Parcelas!$O$5:$O$404,6),Parcelas!$O$5:$O$404,0)),""),"") -> Rodrigo Moreira | C39: =IFERROR(IF(LARGE(Parcelas!$O$5:$O$404,6)>0,INDEX(Parcelas!$B$5:$B$404,MATCH(LARGE(Parcelas!$O$5:$O$404,6),Parcelas!$O$5:$O$404,0)),""),"") -> Teste ergométrico | D39: =IFERROR(IF(LARGE(Parcelas!$O$5:$O$404,6)>0,INDEX(Parcelas!$D$5:$D$404,MATCH(LARGE(Parcelas!$O$5:$O$404,6),Parcelas!$O$5:$O$404,0)),""),"") -> 2 | E39: =IFERROR(IF(LARGE(Parcelas!$O$5:$O$404,6)>0,INDEX(Parcelas!$E$5:$E$404,MATCH(LARGE(Parcelas!$O$5:$O$404,6),Parcelas!$O$5:$O$404,0)),""),"") -> 46290 | F39: =IFERROR(IF(LARGE(Parcelas!$O$5:$O$404,6)>0,INDEX(Parcelas!$F$5:$F$404,MATCH(LARGE(Parcelas!$O$5:$O$404,6),Parcelas!$O$5:$O$404,0)),""),"") -> 225 | G39: =IFERROR(IF(LARGE(Parcelas!$O$5:$O$404,6)>0,INDEX(Parcelas!$K$5:$K$404,MATCH(LARGE(Parcelas!$O$5:$O$404,6),Parcelas!$O$5:$O$404,0)),""),"") -> 11
A40: 7 | B40: =IFERROR(IF(LARGE(Parcelas!$O$5:$O$404,7)>0,INDEX(Parcelas!$A$5:$A$404,MATCH(LARGE(Parcelas!$O$5:$O$404,7),Parcelas!$O$5:$O$404,0)),""),"") -> Sérgio Martins | C40: =IFERROR(IF(LARGE(Parcelas!$O$5:$O$404,7)>0,INDEX(Parcelas!$B$5:$B$404,MATCH(LARGE(Parcelas!$O$5:$O$404,7),Parcelas!$O$5:$O$404,0)),""),"") -> Consulta | D40: =IFERROR(IF(LARGE(Parcelas!$O$5:$O$404,7)>0,INDEX(Parcelas!$D$5:$D$404,MATCH(LARGE(Parcelas!$O$5:$O$404,7),Parcelas!$O$5:$O$404,0)),""),"") -> 1 | E40: =IFERROR(IF(LARGE(Parcelas!$O$5:$O$404,7)>0,INDEX(Parcelas!$E$5:$E$404,MATCH(LARGE(Parcelas!$O$5:$O$404,7),Parcelas!$O$5:$O$404,0)),""),"") -> 46290 | F40: =IFERROR(IF(LARGE(Parcelas!$O$5:$O$404,7)>0,INDEX(Parcelas!$F$5:$F$404,MATCH(LARGE(Parcelas!$O$5:$O$404,7),Parcelas!$O$5:$O$404,0)),""),"") -> 380 | G40: =IFERROR(IF(LARGE(Parcelas!$O$5:$O$404,7)>0,INDEX(Parcelas!$K$5:$K$404,MATCH(LARGE(Parcelas!$O$5:$O$404,7),Parcelas!$O$5:$O$404,0)),""),"") -> 11
A41: 8 | B41: =IFERROR(IF(LARGE(Parcelas!$O$5:$O$404,8)>0,INDEX(Parcelas!$A$5:$A$404,MATCH(LARGE(Parcelas!$O$5:$O$404,8),Parcelas!$O$5:$O$404,0)),""),"") -> Rafael Pereira | C41: =IFERROR(IF(LARGE(Parcelas!$O$5:$O$404,8)>0,INDEX(Parcelas!$B$5:$B$404,MATCH(LARGE(Parcelas!$O$5:$O$404,8),Parcelas!$O$5:$O$404,0)),""),"") -> Avaliação endócrina | D41: =IFERROR(IF(LARGE(Parcelas!$O$5:$O$404,8)>0,INDEX(Parcelas!$D$5:$D$404,MATCH(LARGE(Parcelas!$O$5:$O$404,8),Parcelas!$O$5:$O$404,0)),""),"") -> 2 | E41: =IFERROR(IF(LARGE(Parcelas!$O$5:$O$404,8)>0,INDEX(Parcelas!$E$5:$E$404,MATCH(LARGE(Parcelas!$O$5:$O$404,8),Parcelas!$O$5:$O$404,0)),""),"") -> 46291 | F41: =IFERROR(IF(LARGE(Parcelas!$O$5:$O$404,8)>0,INDEX(Parcelas!$F$5:$F$404,MATCH(LARGE(Parcelas!$O$5:$O$404,8),Parcelas!$O$5:$O$404,0)),""),"") -> 200 | G41: =IFERROR(IF(LARGE(Parcelas!$O$5:$O$404,8)>0,INDEX(Parcelas!$K$5:$K$404,MATCH(LARGE(Parcelas!$O$5:$O$404,8),Parcelas!$O$5:$O$404,0)),""),"") -> 12
A43: Fonte: aba Parcelas. A planilha avisa e sugere; a conversa com o paciente é sua, sempre em particular e sem constrangimento.

Sheet Config
A1: Configurações e régua de cobrança
A2: Células amarelas: você preenche. A régua diz o que fazer em cada faixa de atraso; o texto aparece no Painel, parcela por parcela.
A4: Clínica | B4: Clínica Vida Plena (exemplo fictício)
A5: Data de referência (hoje) | B5: 46279
A6: Janela curta: vence em até (dias) | B6: 7
A7: Janela longa: vence em até (dias) | B7: 30
A9: A partir de (dias de atraso) | B9: Ação sugerida | C9: Faixa (calculada)
A10: 1 | B10: Lembrete gentil por WhatsApp: confirmar se o Pix chegou e reenviar o link de pagamento, se preciso. | C10: =IF(A10="","",IF(A11-1=A10,A10&" dia"&IF(A10>1,"s",""),A10&" a "&(A11-1)&" dias")) -> 1 a 6 dias
A11: 7 | B11: Mensagem da recepção perguntando se houve algum imprevisto e oferecendo uma nova data para o pagamento. | C11: =IF(A11="","",IF(A12-1=A11,A11&" dia"&IF(A11>1,"s",""),A11&" a "&(A12-1)&" dias")) -> 7 a 14 dias
A12: 15 | B12: Ligação da recepção com o demonstrativo das parcelas em aberto e proposta de nova data ou divisão do valor. | C12: =IF(A12="","",IF(A13-1=A12,A12&" dia"&IF(A12>1,"s",""),A12&" a "&(A13-1)&" dias")) -> 15 a 29 dias
A13: 30 | B13: Conversa do médico ou da administração para combinar um plano de pagamento; registrar por escrito o que foi combinado. | C13: =IF(A13="","",A13&" dias ou mais") -> 30 dias ou mais
A15: Os dias precisam estar em ordem crescente (ex.: 1, 7, 15, 30). Cada parcela vencida recebe a ação da maior faixa que ela já alcançou. Escreva as ações como você fala com o paciente: educado, direto e sem ameaça. Cobrança de paciente tem regras próprias (CDC e ética médica): nada de exposição ou constrangimento.
A16: Os modelos de mensagem do bônus "15 modelos de mensagem" seguem esta mesma régua.
A17: Regra que vale mais que a régua: quem tem parcela vencida em aberto não combina novo parcelamento. O atendimento acontece normalmente; o que muda é a forma de pagamento, que passa a ser à vista (Pix, dinheiro ou cartão), combinada em particular e sem constrangimento. Atendimento nunca é condicionado a pagamento. No exemplo do kit, nenhum paciente com parcela vencida recebeu crédito novo, e o mesmo vale para orçamento aprovado a prazo (planilha 15).

Sheet Pacientes
A1: Pacientes (entrada)
A2: Copie da planilha 01 (aba Pacientes; a 01 é a fonte): nome e contato. As colunas brancas somam as parcelas de cada paciente.
A4: Paciente | B4: Contato | C4: Parcelas | D4: Valor em parcelas (R$) | E4: Pago (R$) | F4: Em aberto (R$) | G4: Vencido (R$) | H4: Situação
A5: Ana Costa | B5: (11) 90000-0147 | C5: =IF(A5="","",COUNTIFS(Parcelas!$A$5:$A$404,A5)) -> 3 | D5: =IF(A5="","",SUMIFS(Parcelas!$F$5:$F$404,Parcelas!$A$5:$A$404,A5)) -> 760 | E5: =IF(A5="","",SUMIFS(Parcelas!$F$5:$F$404,Parcelas!$A$5:$A$404,A5,Parcelas!$I$5:$I$404,"Paga")) -> 380 | F5: =IF(A5="","",D5-E5) -> 380 | G5: =IF(A5="","",SUMIFS(Parcelas!$F$5:$F$404,Parcelas!$A$5:$A$404,A5,Parcelas!$I$5:$I$404,"Vencida")) -> 0 | H5: =IF(A5="","",IF(G5>0,"Em atraso",IF(F5>0,"Em dia","Sem parcela em aberto"))) -> Em dia
A6: Beatriz Gomes | B6: (11) 90000-0254 | C6: =IF(A6="","",COUNTIFS(Parcelas!$A$5:$A$404,A6)) -> 2 | D6: =IF(A6="","",SUMIFS(Parcelas!$F$5:$F$404,Parcelas!$A$5:$A$404,A6)) -> 400 | E6: =IF(A6="","",SUMIFS(Parcelas!$F$5:$F$404,Parcelas!$A$5:$A$404,A6,Parcelas!$I$5:$I$404,"Paga")) -> 400 | F6: =IF(A6="","",D6-E6) -> 0 | G6: =IF(A6="","",SUMIFS(Parcelas!$F$5:$F$404,Parcelas!$A$5:$A$404,A6,Parcelas!$I$5:$I$404,"Vencida")) -> 0 | H6: =IF(A6="","",IF(G6>0,"Em atraso",IF(F6>0,"Em dia","Sem parcela em aberto"))) -> Sem parcela em aberto
A7: Camila Dias | B7: (11) 90000-0241 | C7: =IF(A7="","",COUNTIFS(Parcelas!$A$5:$A$404,A7)) -> 3 | D7: =IF(A7="","",SUMIFS(Parcelas!$F$5:$F$404,Parcelas!$A$5:$A$404,A7)) -> 800 | E7: =IF(A7="","",SUMIFS(Parcelas!$F$5:$F$404,Parcelas!$A$5:$A$404,A7,Parcelas!$I$5:$I$404,"Paga")) -> 800 | F7: =IF(A7="","",D7-E7) -> 0 | G7: =IF(A7="","",SUMIFS(Parcelas!$F$5:$F$404,Parcelas!$A$5:$A$404,A7,Parcelas!$I$5:$I$404,"Vencida")) -> 0 | H7: =IF(A7="","",IF(G7>0,"Em atraso",IF(F7>0,"Em dia","Sem parcela em aberto"))) -> Sem parcela em aberto
A8: Camila Freitas | B8: (11) 90000-0212 | C8: =IF(A8="","",COUNTIFS(Parcelas!$A$5:$A$404,A8)) -> 3 | D8: =IF(A8="","",SUMIFS(Parcelas!$F$5:$F$404,Parcelas!$A$5:$A$404,A8)) -> 760 | E8: =IF(A8="","",SUMIFS(Parcelas!$F$5:$F$404,Parcelas!$A$5:$A$404,A8,Parcelas!$I$5:$I$404,"Paga")) -> 760 | F8: =IF(A8="","",D8-E8) -> 0 | G8: =IF(A8="","",SUMIFS(Parcelas!$F$5:$F$404,Parcelas!$A$5:$A$404,A8,Parcelas!$I$5:$I$404,"Vencida")) -> 0 | H8: =IF(A8="","",IF(G8>0,"Em atraso",IF(F8>0,"Em dia","Sem parcela em aberto"))) -> Sem parcela em aberto
A9: Carlos Fernandes | B9: (11) 90000-0154 | C9: =IF(A9="","",COUNTIFS(Parcelas!$A$5:$A$404,A9)) -> 2 | D9: =IF(A9="","",SUMIFS(Parcelas!$F$5:$F$404,Parcelas!$A$5:$A$404,A9)) -> 380 | E9: =IF(A9="","",SUMIFS(Parcelas!$F$5:$F$404,Parcelas!$A$5:$A$404,A9,Parcelas!$I$5:$I$404,"Paga")) -> 190 | F9: =IF(A9="","",D9-E9) -> 190 | G9: =IF(A9="","",SUMIFS(Parcelas!$F$5:$F$404,Parcelas!$A$5:$A$404,A9,Parcelas!$I$5:$I$404,"Vencida")) -> 190 | H9: =IF(A9="","",IF(G9>0,"Em atraso",IF(F9>0,"Em dia","Sem parcela em aberto"))) -> Em atraso
A10: Carlos Freitas | B10: (11) 90000-0223 | C10: =IF(A10="","",COUNTIFS(Parcelas!$A$5:$A$404,A10)) -> 4 | D10: =IF(A10="","",SUMIFS(Parcelas!$F$5:$F$404,Parcelas!$A$5:$A$404,A10)) -> 800 | E10: =IF(A10="","",SUMIFS(Parcelas!$F$5:$F$404,Parcelas!$A$5:$A$404,A10,Parcelas!$I$5:$I$404,"Paga")) -> 800 | F10: =IF(A10="","",D10-E10) -> 0 | G10: =IF(A10="","",SUMIFS(Parcelas!$F$5:$F$404,Parcelas!$A$5:$A$404,A10,Parcelas!$I$5:$I$404,"Vencida")) -> 0 | H10: =IF(A10="","",IF(G10>0,"Em atraso",IF(F10>0,"Em dia","Sem parcela em aberto"))) -> Sem parcela em aberto
A11: Carlos Oliveira | B11: (11) 90000-0215 | C11: =IF(A11="","",COUNTIFS(Parcelas!$A$5:$A$404,A11)) -> 4 | D11: =IF(A11="","",SUMIFS(Parcelas!$F$5:$F$404,Parcelas!$A$5:$A$404,A11)) -> 760 | E11: =IF(A11="","",SUMIFS(Parcelas!$F$5:$F$404,Parcelas!$A$5:$A$404,A11,Parcelas!$I$5:$I$404,"Paga")) -> 760 | F11: =IF(A11="","",D11-E11) -> 0 | G11: =IF(A11="","",SUMIFS(Parcelas!$F$5:$F$404,Parcelas!$A$5:$A$404,A11,Parcelas!$I$5:$I$404,"Vencida")) -> 0 | H11: =IF(A11="","",IF(G11>0,"Em atraso",IF(F11>0,"Em dia","Sem parcela em aberto"))) -> Sem parcela em aberto
A12: Cláudia Costa | B12: (11) 90000-0163 | C12: =IF(A12="","",COUNTIFS(Parcelas!$A$5:$A$404,A12)) -> 3 | D12: =IF(A12="","",SUMIFS(Parcelas!$F$5:$F$404,Parcelas!$A$5:$A$404,A12)) -> 760 | E12: =IF(A12="","",SUMIFS(Parcelas!$F$5:$F$404,Parcelas!$A$5:$A$404,A12,Parcelas!$I$5:$I$404,"Paga")) -> 380 | F12: =IF(A12="","",D12-E12) -> 380 | G12: =IF(A12="","",SUMIFS(Parcelas!$F$5:$F$404,Parcelas!$A$5:$A$404,A12,Parcelas!$I$5:$I$404,"Vencida")) -> 380 | H12: =IF(A12="","",IF(G12>0,"Em atraso",IF(F12>0,"Em dia","Sem parcela em aberto"))) -> Em atraso
A13: Cláudia Santos | B13: (11) 90000-0106 | C13: =IF(A13="","",COUNTIFS(Parcelas!$A$5:$A$404,A13)) -> 2 | D13: =IF(A13="","",SUMIFS(Parcelas!$F$5:$F$404,Parcelas!$A$5:$A$404,A13)) -> 760 | E13: =IF(A13="","",SUMIFS(Parcelas!$F$5:$F$404,Parcelas!$A$5:$A$404,A13,Parcelas!$I$5:$I$404,"Paga")) -> 380 | F13: =IF(A13="","",D13-E13) -> 380 | G13: =IF(A13="","",SUMIFS(Parcelas!$F$5:$F$404,Parcelas!$A$5:$A$404,A13,Parcelas!$I$5:$I$404,"Vencida")) -> 0 | H13: =IF(A13="","",IF(G13>0,"Em atraso",IF(F13>0,"Em dia","Sem parcela em aberto"))) -> Em dia
A14: Eduardo Lima | B14: (11) 90000-0111 | C14: =IF(A14="","",COUNTIFS(Parcelas!$A$5:$A$404,A14)) -> 4 | D14: =IF(A14="","",SUMIFS(Parcelas!$F$5:$F$404,Parcelas!$A$5:$A$404,A14)) -> 1210 | E14: =IF(A14="","",SUMIFS(Parcelas!$F$5:$F$404,Parcelas!$A$5:$A$404,A14,Parcelas!$I$5:$I$404,"Paga")) -> 605 | F14: =IF(A14="","",D14-E14) -> 605 | G14: =IF(A14="","",SUMIFS(Parcelas!$F$5:$F$404,Parcelas!$A$5:$A$404,A14,Parcelas!$I$5:$I$404,"Vencida")) -> 0 | H14: =IF(A14="","",IF(G14>0,"Em atraso",IF(F14>0,"Em dia","Sem parcela em aberto"))) -> Em dia
A15: Elaine Cardoso | B15: (11) 90000-0144 | C15: =IF(A15="","",COUNTIFS(Parcelas!$A$5:$A$404,A15)) -> 7 | D15: =IF(A15="","",SUMIFS(Parcelas!$F$5:$F$404,Parcelas!$A$5:$A$404,A15)) -> 1650 | E15: =IF(A15="","",SUMIFS(Parcelas!$F$5:$F$404,Parcelas!$A$5:$A$404,A15,Parcelas!$I$5:$I$404,"Paga")) -> 1140 | F15: =IF(A15="","",D15-E15) -> 510 | G15: =IF(A15="","",SUMIFS(Parcelas!$F$5:$F$404,Parcelas!$A$5:$A$404,A15,Parcelas!$I$5:$I$404,"Vencida")) -> 130 | H15: =IF(A15="","",IF(G15>0,"Em atraso",IF(F15>0,"Em dia","Sem parcela em aberto"))) -> Em atraso
A16: Fernanda Freitas | B16: (11) 90000-0120 | C16: =IF(A16="","",COUNTIFS(Parcelas!$A$5:$A$404,A16)) -> 4 | D16: =IF(A16="","",SUMIFS(Parcelas!$F$5:$F$404,Parcelas!$A$5:$A$404,A16)) -> 1130 | E16: =IF(A16="","",SUMIFS(Parcelas!$F$5:$F$404,Parcelas!$A$5:$A$404,A16,Parcelas!$I$5:$I$404,"Paga")) -> 680 | F16: =IF(A16="","",D16-E16) -> 450 | G16: =IF(A16="","",SUMIFS(Parcelas!$F$5:$F$404,Parcelas!$A$5:$A$404,A16,Parcelas!$I$5:$I$404,"Vencida")) -> 0 | H16: =IF(A16="","",IF(G16>0,"Em atraso",IF(F16>0,"Em dia","Sem parcela em aberto"))) -> Em dia
... A64: Wagner Lima | B64: (11) 90000-0137 | C64: =IF(A64="","",COUNTIFS(Parcelas!$A$5:$A$404,A64)) -> 4 | D64: =IF(A64="","",SUMIFS(Parcelas!$F$5:$F$404,Parcelas!$A$5:$A$404,A64)) -> 1310 | E64: =IF(A64="","",SUMIFS(Parcelas!$F$5:$F$404,Parcelas!$A$5:$A$404,A64,Parcelas!$I$5:$I$404,"Paga")) -> 1310 | F64: =IF(A64="","",D64-E64) -> 0 | G64: =IF(A64="","",SUMIFS(Parcelas!$F$5:$F$404,Parcelas!$A$5:$A$404,A64,Parcelas!$I$5:$I$404,"Vencida")) -> 0 | H64: =IF(A64="","",IF(G64>0,"Em atraso",IF(F64>0,"Em dia","Sem parcela em aberto"))) -> Sem parcela em aberto
C65: =IF(A65="","",COUNTIFS(Parcelas!$A$5:$A$404,A65)) | D65: =IF(A65="","",SUMIFS(Parcelas!$F$5:$F$404,Parcelas!$A$5:$A$404,A65)) | E65: =IF(A65="","",SUMIFS(Parcelas!$F$5:$F$404,Parcelas!$A$5:$A$404,A65,Parcelas!$I$5:$I$404,"Paga")) | F65: =IF(A65="","",D65-E65) | G65: =IF(A65="","",SUMIFS(Parcelas!$F$5:$F$404,Parcelas!$A$5:$A$404,A65,Parcelas!$I$5:$I$404,"Vencida")) | H65: =IF(A65="","",IF(G65>0,"Em atraso",IF(F65>0,"Em dia","Sem parcela em aberto")))
C66: =IF(A66="","",COUNTIFS(Parcelas!$A$5:$A$404,A66)) | D66: =IF(A66="","",SUMIFS(Parcelas!$F$5:$F$404,Parcelas!$A$5:$A$404,A66)) | E66: =IF(A66="","",SUMIFS(Parcelas!$F$5:$F$404,Parcelas!$A$5:$A$404,A66,Parcelas!$I$5:$I$404,"Paga")) | F66: =IF(A66="","",D66-E66) | G66: =IF(A66="","",SUMIFS(Parcelas!$F$5:$F$404,Parcelas!$A$5:$A$404,A66,Parcelas!$I$5:$I$404,"Vencida")) | H66: =IF(A66="","",IF(G66>0,"Em atraso",IF(F66>0,"Em dia","Sem parcela em aberto")))
C67: =IF(A67="","",COUNTIFS(Parcelas!$A$5:$A$404,A67)) | D67: =IF(A67="","",SUMIFS(Parcelas!$F$5:$F$404,Parcelas!$A$5:$A$404,A67)) | E67: =IF(A67="","",SUMIFS(Parcelas!$F$5:$F$404,Parcelas!$A$5:$A$404,A67,Parcelas!$I$5:$I$404,"Paga")) | F67: =IF(A67="","",D67-E67) | G67: =IF(A67="","",SUMIFS(Parcelas!$F$5:$F$404,Parcelas!$A$5:$A$404,A67,Parcelas!$I$5:$I$404,"Vencida")) | H67: =IF(A67="","",IF(G67>0,"Em atraso",IF(F67>0,"Em dia","Sem parcela em aberto")))
C68: =IF(A68="","",COUNTIFS(Parcelas!$A$5:$A$404,A68)) | D68: =IF(A68="","",SUMIFS(Parcelas!$F$5:$F$404,Parcelas!$A$5:$A$404,A68)) | E68: =IF(A68="","",SUMIFS(Parcelas!$F$5:$F$404,Parcelas!$A$5:$A$404,A68,Parcelas!$I$5:$I$404,"Paga")) | F68: =IF(A68="","",D68-E68) | G68: =IF(A68="","",SUMIFS(Parcelas!$F$5:$F$404,Parcelas!$A$5:$A$404,A68,Parcelas!$I$5:$I$404,"Vencida")) | H68: =IF(A68="","",IF(G68>0,"Em atraso",IF(F68>0,"Em dia","Sem parcela em aberto")))
C69: =IF(A69="","",COUNTIFS(Parcelas!$A$5:$A$404,A69)) | D69: =IF(A69="","",SUMIFS(Parcelas!$F$5:$F$404,Parcelas!$A$5:$A$404,A69)) | E69: =IF(A69="","",SUMIFS(Parcelas!$F$5:$F$404,Parcelas!$A$5:$A$404,A69,Parcelas!$I$5:$I$404,"Paga")) | F69: =IF(A69="","",D69-E69) | G69: =IF(A69="","",SUMIFS(Parcelas!$F$5:$F$404,Parcelas!$A$5:$A$404,A69,Parcelas!$I$5:$I$404,"Vencida")) | H69: =IF(A69="","",IF(G69>0,"Em atraso",IF(F69>0,"Em dia","Sem parcela em aberto")))
C70: =IF(A70="","",COUNTIFS(Parcelas!$A$5:$A$404,A70)) | D70: =IF(A70="","",SUMIFS(Parcelas!$F$5:$F$404,Parcelas!$A$5:$A$404,A70)) | E70: =IF(A70="","",SUMIFS(Parcelas!$F$5:$F$404,Parcelas!$A$5:$A$404,A70,Parcelas!$I$5:$I$404,"Paga")) | F70: =IF(A70="","",D70-E70) | G70: =IF(A70="","",SUMIFS(Parcelas!$F$5:$F$404,Parcelas!$A$5:$A$404,A70,Parcelas!$I$5:$I$404,"Vencida")) | H70: =IF(A70="","",IF(G70>0,"Em atraso",IF(F70>0,"Em dia","Sem parcela em aberto")))
C71: =IF(A71="","",COUNTIFS(Parcelas!$A$5:$A$404,A71)) | D71: =IF(A71="","",SUMIFS(Parcelas!$F$5:$F$404,Parcelas!$A$5:$A$404,A71)) | E71: =IF(A71="","",SUMIFS(Parcelas!$F$5:$F$404,Parcelas!$A$5:$A$404,A71,Parcelas!$I$5:$I$404,"Paga")) | F71: =IF(A71="","",D71-E71) | G71: =IF(A71="","",SUMIFS(Parcelas!$F$5:$F$404,Parcelas!$A$5:$A$404,A71,Parcelas!$I$5:$I$404,"Vencida")) | H71: =IF(A71="","",IF(G71>0,"Em atraso",IF(F71>0,"Em dia","Sem parcela em aberto")))
C72: =IF(A72="","",COUNTIFS(Parcelas!$A$5:$A$404,A72)) | D72: =IF(A72="","",SUMIFS(Parcelas!$F$5:$F$404,Parcelas!$A$5:$A$404,A72)) | E72: =IF(A72="","",SUMIFS(Parcelas!$F$5:$F$404,Parcelas!$A$5:$A$404,A72,Parcelas!$I$5:$I$404,"Paga")) | F72: =IF(A72="","",D72-E72) | G72: =IF(A72="","",SUMIFS(Parcelas!$F$5:$F$404,Parcelas!$A$5:$A$404,A72,Parcelas!$I$5:$I$404,"Vencida")) | H72: =IF(A72="","",IF(G72>0,"Em atraso",IF(F72>0,"Em dia","Sem parcela em aberto")))
C73: =IF(A73="","",COUNTIFS(Parcelas!$A$5:$A$404,A73)) | D73: =IF(A73="","",SUMIFS(Parcelas!$F$5:$F$404,Parcelas!$A$5:$A$404,A73)) | E73: =IF(A73="","",SUMIFS(Parcelas!$F$5:$F$404,Parcelas!$A$5:$A$404,A73,Parcelas!$I$5:$I$404,"Paga")) | F73: =IF(A73="","",D73-E73) | G73: =IF(A73="","",SUMIFS(Parcelas!$F$5:$F$404,Parcelas!$A$5:$A$404,A73,Parcelas!$I$5:$I$404,"Vencida")) | H73: =IF(A73="","",IF(G73>0,"Em atraso",IF(F73>0,"Em dia","Sem parcela em aberto")))
C74: =IF(A74="","",COUNTIFS(Parcelas!$A$5:$A$404,A74)) | D74: =IF(A74="","",SUMIFS(Parcelas!$F$5:$F$404,Parcelas!$A$5:$A$404,A74)) | E74: =IF(A74="","",SUMIFS(Parcelas!$F$5:$F$404,Parcelas!$A$5:$A$404,A74,Parcelas!$I$5:$I$404,"Paga")) | F74: =IF(A74="","",D74-E74) | G74: =IF(A74="","",SUMIFS(Parcelas!$F$5:$F$404,Parcelas!$A$5:$A$404,A74,Parcelas!$I$5:$I$404,"Vencida")) | H74: =IF(A74="","",IF(G74>0,"Em atraso",IF(F74>0,"Em dia","Sem parcela em aberto")))
C75: =IF(A75="","",COUNTIFS(Parcelas!$A$5:$A$404,A75)) | D75: =IF(A75="","",SUMIFS(Parcelas!$F$5:$F$404,Parcelas!$A$5:$A$404,A75)) | E75: =IF(A75="","",SUMIFS(Parcelas!$F$5:$F$404,Parcelas!$A$5:$A$404,A75,Parcelas!$I$5:$I$404,"Paga")) | F75: =IF(A75="","",D75-E75) | G75: =IF(A75="","",SUMIFS(Parcelas!$F$5:$F$404,Parcelas!$A$5:$A$404,A75,Parcelas!$I$5:$I$404,"Vencida")) | H75: =IF(A75="","",IF(G75>0,"Em atraso",IF(F75>0,"Em dia","Sem parcela em aberto")))
C76: =IF(A76="","",COUNTIFS(Parcelas!$A$5:$A$404,A76)) | D76: =IF(A76="","",SUMIFS(Parcelas!$F$5:$F$404,Parcelas!$A$5:$A$404,A76)) | E76: =IF(A76="","",SUMIFS(Parcelas!$F$5:$F$404,Parcelas!$A$5:$A$404,A76,Parcelas!$I$5:$I$404,"Paga")) | F76: =IF(A76="","",D76-E76) | G76: =IF(A76="","",SUMIFS(Parcelas!$F$5:$F$404,Parcelas!$A$5:$A$404,A76,Parcelas!$I$5:$I$404,"Vencida")) | H76: =IF(A76="","",IF(G76>0,"Em atraso",IF(F76>0,"Em dia","Sem parcela em aberto")))
... C404: =IF(A404="","",COUNTIFS(Parcelas!$A$5:$A$404,A404)) | D404: =IF(A404="","",SUMIFS(Parcelas!$F$5:$F$404,Parcelas!$A$5:$A$404,A404)) | E404: =IF(A404="","",SUMIFS(Parcelas!$F$5:$F$404,Parcelas!$A$5:$A$404,A404,Parcelas!$I$5:$I$404,"Paga")) | F404: =IF(A404="","",D404-E404) | G404: =IF(A404="","",SUMIFS(Parcelas!$F$5:$F$404,Parcelas!$A$5:$A$404,A404,Parcelas!$I$5:$I$404,"Vencida")) | H404: =IF(A404="","",IF(G404>0,"Em atraso",IF(F404>0,"Em dia","Sem parcela em aberto")))
A406: Cadastre aqui todos os pacientes que já pagaram a prazo alguma vez (a lista alimenta a escolha do paciente em Parcelas). Só nome e contato: nada clínico.

Sheet Parcelas
A1: Parcelas
A2: Uma linha por parcela combinada a prazo. Escolha o paciente na lista; situação, dias e ação da régua são calculados.
A4: Paciente | B4: Procedimento | C4: Data do atendimento | D4: Nº da parcela | E4: Vencimento | F4: Valor (R$) | G4: Pago? | H4: Data do pagamento | I4: Situação | J4: Dias de atraso | K4: Dias para vencer | L4: Faixa de atraso | M4: Ação sugerida (régua)
A5: Fábio Gomes | B5: Avaliação endócrina | C5: 46028 | D5: 1 | E5: 46058 | F5: 200 | G5: Sim | H5: 46061 | I5: =IF(A5="","",IF(G5="Sim","Paga",IF(E5="","Sem vencimento",IF(E5<Config!$B$5,"Vencida","A vencer")))) -> Paga | J5: =IF(I5="Vencida",Config!$B$5-E5,"") | K5: =IF(I5="A vencer",E5-Config!$B$5,"") | L5: =IF(I5<>"Vencida","",IF(COUNTIF(Config!$A$10:$A$13,"<="&J5)=0,"Antes da régua",INDEX(Config!$C$10:$C$13,COUNTIF(Config!$A$10:$A$13,"<="&J5)))) | M5: =IF(I5<>"Vencida","",IF(COUNTIF(Config!$A$10:$A$13,"<="&J5)=0,"Aguardar: ainda não chegou ao primeiro passo da régua.",INDEX(Config!$B$10:$B$13,COUNTIF(Config!$A$10:$A$13,"<="&J5)))) | N5: =IF(I5="Vencida",F5*J5+ROW()/100000,0) -> 0 | O5: =IF(AND(I5="A vencer",K5<=Config!$B$7),100000-K5-ROW()/100000,0) -> 0
A6: Fábio Gomes | B6: Avaliação endócrina | C6: 46028 | D6: 2 | E6: 46088 | F6: 200 | G6: Sim | H6: 46088 | I6: =IF(A6="","",IF(G6="Sim","Paga",IF(E6="","Sem vencimento",IF(E6<Config!$B$5,"Vencida","A vencer")))) -> Paga | J6: =IF(I6="Vencida",Config!$B$5-E6,"") | K6: =IF(I6="A vencer",E6-Config!$B$5,"") | L6: =IF(I6<>"Vencida","",IF(COUNTIF(Config!$A$10:$A$13,"<="&J6)=0,"Antes da régua",INDEX(Config!$C$10:$C$13,COUNTIF(Config!$A$10:$A$13,"<="&J6)))) | M6: =IF(I6<>"Vencida","",IF(COUNTIF(Config!$A$10:$A$13,"<="&J6)=0,"Aguardar: ainda não chegou ao primeiro passo da régua.",INDEX(Config!$B$10:$B$13,COUNTIF(Config!$A$10:$A$13,"<="&J6)))) | N6: =IF(I6="Vencida",F6*J6+ROW()/100000,0) -> 0 | O6: =IF(AND(I6="A vencer",K6<=Config!$B$7),100000-K6-ROW()/100000,0) -> 0
A7: Larissa Costa | B7: Consulta | C7: 46030 | D7: 1 | E7: 46060 | F7: 190 | G7: Sim | H7: 46063 | I7: =IF(A7="","",IF(G7="Sim","Paga",IF(E7="","Sem vencimento",IF(E7<Config!$B$5,"Vencida","A vencer")))) -> Paga | J7: =IF(I7="Vencida",Config!$B$5-E7,"") | K7: =IF(I7="A vencer",E7-Config!$B$5,"") | L7: =IF(I7<>"Vencida","",IF(COUNTIF(Config!$A$10:$A$13,"<="&J7)=0,"Antes da régua",INDEX(Config!$C$10:$C$13,COUNTIF(Config!$A$10:$A$13,"<="&J7)))) | M7: =IF(I7<>"Vencida","",IF(COUNTIF(Config!$A$10:$A$13,"<="&J7)=0,"Aguardar: ainda não chegou ao primeiro passo da régua.",INDEX(Config!$B$10:$B$13,COUNTIF(Config!$A$10:$A$13,"<="&J7)))) | N7: =IF(I7="Vencida",F7*J7+ROW()/100000,0) -> 0 | O7: =IF(AND(I7="A vencer",K7<=Config!$B$7),100000-K7-ROW()/100000,0) -> 0
A8: Larissa Costa | B8: Consulta | C8: 46030 | D8: 2 | E8: 46090 | F8: 190 | G8: Sim | H8: 46091 | I8: =IF(A8="","",IF(G8="Sim","Paga",IF(E8="","Sem vencimento",IF(E8<Config!$B$5,"Vencida","A vencer")))) -> Paga | J8: =IF(I8="Vencida",Config!$B$5-E8,"") | K8: =IF(I8="A vencer",E8-Config!$B$5,"") | L8: =IF(I8<>"Vencida","",IF(COUNTIF(Config!$A$10:$A$13,"<="&J8)=0,"Antes da régua",INDEX(Config!$C$10:$C$13,COUNTIF(Config!$A$10:$A$13,"<="&J8)))) | M8: =IF(I8<>"Vencida","",IF(COUNTIF(Config!$A$10:$A$13,"<="&J8)=0,"Aguardar: ainda não chegou ao primeiro passo da régua.",INDEX(Config!$B$10:$B$13,COUNTIF(Config!$A$10:$A$13,"<="&J8)))) | N8: =IF(I8="Vencida",F8*J8+ROW()/100000,0) -> 0 | O8: =IF(AND(I8="A vencer",K8<=Config!$B$7),100000-K8-ROW()/100000,0) -> 0
A9: Gisele Ribeiro | B9: Check-up cardiológico (consulta + ECG + teste ergométrico) | C9: 46034 | D9: 1 | E9: 46064 | F9: 480 | G9: Sim | H9: 46065 | I9: =IF(A9="","",IF(G9="Sim","Paga",IF(E9="","Sem vencimento",IF(E9<Config!$B$5,"Vencida","A vencer")))) -> Paga | J9: =IF(I9="Vencida",Config!$B$5-E9,"") | K9: =IF(I9="A vencer",E9-Config!$B$5,"") | L9: =IF(I9<>"Vencida","",IF(COUNTIF(Config!$A$10:$A$13,"<="&J9)=0,"Antes da régua",INDEX(Config!$C$10:$C$13,COUNTIF(Config!$A$10:$A$13,"<="&J9)))) | M9: =IF(I9<>"Vencida","",IF(COUNTIF(Config!$A$10:$A$13,"<="&J9)=0,"Aguardar: ainda não chegou ao primeiro passo da régua.",INDEX(Config!$B$10:$B$13,COUNTIF(Config!$A$10:$A$13,"<="&J9)))) | N9: =IF(I9="Vencida",F9*J9+ROW()/100000,0) -> 0 | O9: =IF(AND(I9="A vencer",K9<=Config!$B$7),100000-K9-ROW()/100000,0) -> 0
A10: Gisele Ribeiro | B10: Check-up cardiológico (consulta + ECG + teste ergométrico) | C10: 46034 | D10: 2 | E10: 46094 | F10: 480 | G10: Sim | H10: 46094 | I10: =IF(A10="","",IF(G10="Sim","Paga",IF(E10="","Sem vencimento",IF(E10<Config!$B$5,"Vencida","A vencer")))) -> Paga | J10: =IF(I10="Vencida",Config!$B$5-E10,"") | K10: =IF(I10="A vencer",E10-Config!$B$5,"") | L10: =IF(I10<>"Vencida","",IF(COUNTIF(Config!$A$10:$A$13,"<="&J10)=0,"Antes da régua",INDEX(Config!$C$10:$C$13,COUNTIF(Config!$A$10:$A$13,"<="&J10)))) | M10: =IF(I10<>"Vencida","",IF(COUNTIF(Config!$A$10:$A$13,"<="&J10)=0,"Aguardar: ainda não chegou ao primeiro passo da régua.",INDEX(Config!$B$10:$B$13,COUNTIF(Config!$A$10:$A$13,"<="&J10)))) | N10: =IF(I10="Vencida",F10*J10+ROW()/100000,0) -> 0 | O10: =IF(AND(I10="A vencer",K10<=Config!$B$7),100000-K10-ROW()/100000,0) -> 0
A11: Márcia Duarte | B11: Avaliação endócrina | C11: 46035 | D11: 1 | E11: 46065 | F11: 200 | G11: Não | I11: =IF(A11="","",IF(G11="Sim","Paga",IF(E11="","Sem vencimento",IF(E11<Config!$B$5,"Vencida","A vencer")))) -> Vencida | J11: =IF(I11="Vencida",Config!$B$5-E11,"") -> 214 | K11: =IF(I11="A vencer",E11-Config!$B$5,"") | L11: =IF(I11<>"Vencida","",IF(COUNTIF(Config!$A$10:$A$13,"<="&J11)=0,"Antes da régua",INDEX(Config!$C$10:$C$13,COUNTIF(Config!$A$10:$A$13,"<="&J11)))) -> 30 dias ou mais | M11: =IF(I11<>"Vencida","",IF(COUNTIF(Config!$A$10:$A$13,"<="&J11)=0,"Aguardar: ainda não chegou ao primeiro passo da régua.",INDEX(Config!$B$10:$B$13,COUNTIF(Config!$A$10:$A$13,"<="&J11)))) -> Conversa do médico ou da administração para combinar um plano de pagamento; registrar por escrito o que foi combinado. | N11: =IF(I11="Vencida",F11*J11+ROW()/100000,0) -> 42800 | O11: =IF(AND(I11="A vencer",K11<=Config!$B$7),100000-K11-ROW()/100000,0) -> 0
A12: Márcia Duarte | B12: Avaliação endócrina | C12: 46035 | D12: 2 | E12: 46095 | F12: 200 | G12: Sim | H12: 46100 | I12: =IF(A12="","",IF(G12="Sim","Paga",IF(E12="","Sem vencimento",IF(E12<Config!$B$5,"Vencida","A vencer")))) -> Paga | J12: =IF(I12="Vencida",Config!$B$5-E12,"") | K12: =IF(I12="A vencer",E12-Config!$B$5,"") | L12: =IF(I12<>"Vencida","",IF(COUNTIF(Config!$A$10:$A$13,"<="&J12)=0,"Antes da régua",INDEX(Config!$C$10:$C$13,COUNTIF(Config!$A$10:$A$13,"<="&J12)))) | M12: =IF(I12<>"Vencida","",IF(COUNTIF(Config!$A$10:$A$13,"<="&J12)=0,"Aguardar: ainda não chegou ao primeiro passo da régua.",INDEX(Config!$B$10:$B$13,COUNTIF(Config!$A$10:$A$13,"<="&J12)))) | N12: =IF(I12="Vencida",F12*J12+ROW()/100000,0) -> 0 | O12: =IF(AND(I12="A vencer",K12<=Config!$B$7),100000-K12-ROW()/100000,0) -> 0
A13: Wagner Lima | B13: Holter | C13: 46038 | D13: 1 | E13: 46068 | F13: 175 | G13: Sim | H13: 46071 | I13: =IF(A13="","",IF(G13="Sim","Paga",IF(E13="","Sem vencimento",IF(E13<Config!$B$5,"Vencida","A vencer")))) -> Paga | J13: =IF(I13="Vencida",Config!$B$5-E13,"") | K13: =IF(I13="A vencer",E13-Config!$B$5,"") | L13: =IF(I13<>"Vencida","",IF(COUNTIF(Config!$A$10:$A$13,"<="&J13)=0,"Antes da régua",INDEX(Config!$C$10:$C$13,COUNTIF(Config!$A$10:$A$13,"<="&J13)))) | M13: =IF(I13<>"Vencida","",IF(COUNTIF(Config!$A$10:$A$13,"<="&J13)=0,"Aguardar: ainda não chegou ao primeiro passo da régua.",INDEX(Config!$B$10:$B$13,COUNTIF(Config!$A$10:$A$13,"<="&J13)))) | N13: =IF(I13="Vencida",F13*J13+ROW()/100000,0) -> 0 | O13: =IF(AND(I13="A vencer",K13<=Config!$B$7),100000-K13-ROW()/100000,0) -> 0
A14: Wagner Lima | B14: Holter | C14: 46038 | D14: 2 | E14: 46098 | F14: 175 | G14: Sim | H14: 46098 | I14: =IF(A14="","",IF(G14="Sim","Paga",IF(E14="","Sem vencimento",IF(E14<Config!$B$5,"Vencida","A vencer")))) -> Paga | J14: =IF(I14="Vencida",Config!$B$5-E14,"") | K14: =IF(I14="A vencer",E14-Config!$B$5,"") | L14: =IF(I14<>"Vencida","",IF(COUNTIF(Config!$A$10:$A$13,"<="&J14)=0,"Antes da régua",INDEX(Config!$C$10:$C$13,COUNTIF(Config!$A$10:$A$13,"<="&J14)))) | M14: =IF(I14<>"Vencida","",IF(COUNTIF(Config!$A$10:$A$13,"<="&J14)=0,"Aguardar: ainda não chegou ao primeiro passo da régua.",INDEX(Config!$B$10:$B$13,COUNTIF(Config!$A$10:$A$13,"<="&J14)))) | N14: =IF(I14="Vencida",F14*J14+ROW()/100000,0) -> 0 | O14: =IF(AND(I14="A vencer",K14<=Config!$B$7),100000-K14-ROW()/100000,0) -> 0
A15: Carlos Oliveira | B15: Consulta | C15: 46044 | D15: 1 | E15: 46074 | F15: 190 | G15: Sim | H15: 46076 | I15: =IF(A15="","",IF(G15="Sim","Paga",IF(E15="","Sem vencimento",IF(E15<Config!$B$5,"Vencida","A vencer")))) -> Paga | J15: =IF(I15="Vencida",Config!$B$5-E15,"") | K15: =IF(I15="A vencer",E15-Config!$B$5,"") | L15: =IF(I15<>"Vencida","",IF(COUNTIF(Config!$A$10:$A$13,"<="&J15)=0,"Antes da régua",INDEX(Config!$C$10:$C$13,COUNTIF(Config!$A$10:$A$13,"<="&J15)))) | M15: =IF(I15<>"Vencida","",IF(COUNTIF(Config!$A$10:$A$13,"<="&J15)=0,"Aguardar: ainda não chegou ao primeiro passo da régua.",INDEX(Config!$B$10:$B$13,COUNTIF(Config!$A$10:$A$13,"<="&J15)))) | N15: =IF(I15="Vencida",F15*J15+ROW()/100000,0) -> 0 | O15: =IF(AND(I15="A vencer",K15<=Config!$B$7),100000-K15-ROW()/100000,0) -> 0
A16: Carlos Oliveira | B16: Consulta | C16: 46044 | D16: 2 | E16: 46104 | F16: 190 | G16: Sim | H16: 46104 | I16: =IF(A16="","",IF(G16="Sim","Paga",IF(E16="","Sem vencimento",IF(E16<Config!$B$5,"Vencida","A vencer")))) -> Paga | J16: =IF(I16="Vencida",Config!$B$5-E16,"") | K16: =IF(I16="A vencer",E16-Config!$B$5,"") | L16: =IF(I16<>"Vencida","",IF(COUNTIF(Config!$A$10:$A$13,"<="&J16)=0,"Antes da régua",INDEX(Config!$C$10:$C$13,COUNTIF(Config!$A$10:$A$13,"<="&J16)))) | M16: =IF(I16<>"Vencida","",IF(COUNTIF(Config!$A$10:$A$13,"<="&J16)=0,"Aguardar: ainda não chegou ao primeiro passo da régua.",INDEX(Config!$B$10:$B$13,COUNTIF(Config!$A$10:$A$13,"<="&J16)))) | N16: =IF(I16="Vencida",F16*J16+ROW()/100000,0) -> 0 | O16: =IF(AND(I16="A vencer",K16<=Config!$B$7),100000-K16-ROW()/100000,0) -> 0
A17: Gabriel Reis | B17: Avaliação endócrina | C17: 46044 | D17: 1 | E17: 46074 | F17: 400 | G17: Sim | H17: 46074 | I17: =IF(A17="","",IF(G17="Sim","Paga",IF(E17="","Sem vencimento",IF(E17<Config!$B$5,"Vencida","A vencer")))) -> Paga | J17: =IF(I17="Vencida",Config!$B$5-E17,"") | K17: =IF(I17="A vencer",E17-Config!$B$5,"") | L17: =IF(I17<>"Vencida","",IF(COUNTIF(Config!$A$10:$A$13,"<="&J17)=0,"Antes da régua",INDEX(Config!$C$10:$C$13,COUNTIF(Config!$A$10:$A$13,"<="&J17)))) | M17: =IF(I17<>"Vencida","",IF(COUNTIF(Config!$A$10:$A$13,"<="&J17)=0,"Aguardar: ainda não chegou ao primeiro passo da régua.",INDEX(Config!$B$10:$B$13,COUNTIF(Config!$A$10:$A$13,"<="&J17)))) | N17: =IF(I17="Vencida",F17*J17+ROW()/100000,0) -> 0 | O17: =IF(AND(I17="A vencer",K17<=Config!$B$7),100000-K17-ROW()/100000,0) -> 0
A18: Helena Moreira | B18: Consulta | C18: 46049 | D18: 1 | E18: 46079 | F18: 190 | G18: Sim | H18: 46080 | I18: =IF(A18="","",IF(G18="Sim","Paga",IF(E18="","Sem vencimento",IF(E18<Config!$B$5,"Vencida","A vencer")))) -> Paga | J18: =IF(I18="Vencida",Config!$B$5-E18,"") | K18: =IF(I18="A vencer",E18-Config!$B$5,"") | L18: =IF(I18<>"Vencida","",IF(COUNTIF(Config!$A$10:$A$13,"<="&J18)=0,"Antes da régua",INDEX(Config!$C$10:$C$13,COUNTIF(Config!$A$10:$A$13,"<="&J18)))) | M18: =IF(I18<>"Vencida","",IF(COUNTIF(Config!$A$10:$A$13,"<="&J18)=0,"Aguardar: ainda não chegou ao primeiro passo da régua.",INDEX(Config!$B$10:$B$13,COUNTIF(Config!$A$10:$A$13,"<="&J18)))) | N18: =IF(I18="Vencida",F18*J18+ROW()/100000,0) -> 0 | O18: =IF(AND(I18="A vencer",K18<=Config!$B$7),100000-K18-ROW()/100000,0) -> 0
A19: Helena Moreira | B19: Consulta | C19: 46049 | D19: 2 | E19: 46109 | F19: 190 | G19: Sim | H19: 46110 | I19: =IF(A19="","",IF(G19="Sim","Paga",IF(E19="","Sem vencimento",IF(E19<Config!$B$5,"Vencida","A vencer")))) -> Paga | J19: =IF(I19="Vencida",Config!$B$5-E19,"") | K19: =IF(I19="A vencer",E19-Config!$B$5,"") | L19: =IF(I19<>"Vencida","",IF(COUNTIF(Config!$A$10:$A$13,"<="&J19)=0,"Antes da régua",INDEX(Config!$C$10:$C$13,COUNTIF(Config!$A$10:$A$13,"<="&J19)))) | M19: =IF(I19<>"Vencida","",IF(COUNTIF(Config!$A$10:$A$13,"<="&J19)=0,"Aguardar: ainda não chegou ao primeiro passo da régua.",INDEX(Config!$B$10:$B$13,COUNTIF(Config!$A$10:$A$13,"<="&J19)))) | N19: =IF(I19="Vencida",F19*J19+ROW()/100000,0) -> 0 | O19: =IF(AND(I19="A vencer",K19<=Config!$B$7),100000-K19-ROW()/100000,0) -> 0
A20: Otávio Nascimento | B20: Teste ergométrico | C20: 46051 | D20: 1 | E20: 46081 | F20: 450 | G20: Sim | H20: 46084 | I20: =IF(A20="","",IF(G20="Sim","Paga",IF(E20="","Sem vencimento",IF(E20<Config!$B$5,"Vencida","A vencer")))) -> Paga | J20: =IF(I20="Vencida",Config!$B$5-E20,"") | K20: =IF(I20="A vencer",E20-Config!$B$5,"") | L20: =IF(I20<>"Vencida","",IF(COUNTIF(Config!$A$10:$A$13,"<="&J20)=0,"Antes da régua",INDEX(Config!$C$10:$C$13,COUNTIF(Config!$A$10:$A$13,"<="&J20)))) | M20: =IF(I20<>"Vencida","",IF(COUNTIF(Config!$A$10:$A$13,"<="&J20)=0,"Aguardar: ainda não chegou ao primeiro passo da régua.",INDEX(Config!$B$10:$B$13,COUNTIF(Config!$A$10:$A$13,"<="&J20)))) | N20: =IF(I20="Vencida",F20*J20+ROW()/100000,0) -> 0 | O20: =IF(AND(I20="A vencer",K20<=Config!$B$7),100000-K20-ROW()/100000,0) -> 0
A21: Rafael Pereira | B21: Avaliação endócrina | C21: 46056 | D21: 1 | E21: 46086 | F21: 400 | G21: Sim | H21: 46088 | I21: =IF(A21="","",IF(G21="Sim","Paga",IF(E21="","Sem vencimento",IF(E21<Config!$B$5,"Vencida","A vencer")))) -> Paga | J21: =IF(I21="Vencida",Config!$B$5-E21,"") | K21: =IF(I21="A vencer",E21-Config!$B$5,"") | L21: =IF(I21<>"Vencida","",IF(COUNTIF(Config!$A$10:$A$13,"<="&J21)=0,"Antes da régua",INDEX(Config!$C$10:$C$13,COUNTIF(Config!$A$10:$A$13,"<="&J21)))) | M21: =IF(I21<>"Vencida","",IF(COUNTIF(Config!$A$10:$A$13,"<="&J21)=0,"Aguardar: ainda não chegou ao primeiro passo da régua.",INDEX(Config!$B$10:$B$13,COUNTIF(Config!$A$10:$A$13,"<="&J21)))) | N21: =IF(I21="Vencida",F21*J21+ROW()/100000,0) -> 0 | O21: =IF(AND(I21="A vencer",K21<=Config!$B$7),100000-K21-ROW()/100000,0) -> 0
A22: Fernanda Freitas | B22: Consulta | C22: 46063 | D22: 1 | E22: 46093 | F22: 380 | G22: Sim | H22: 46098 | I22: =IF(A22="","",IF(G22="Sim","Paga",IF(E22="","Sem vencimento",IF(E22<Config!$B$5,"Vencida","A vencer")))) -> Paga | J22: =IF(I22="Vencida",Config!$B$5-E22,"") | K22: =IF(I22="A vencer",E22-Config!$B$5,"") | L22: =IF(I22<>"Vencida","",IF(COUNTIF(Config!$A$10:$A$13,"<="&J22)=0,"Antes da régua",INDEX(Config!$C$10:$C$13,COUNTIF(Config!$A$10:$A$13,"<="&J22)))) | M22: =IF(I22<>"Vencida","",IF(COUNTIF(Config!$A$10:$A$13,"<="&J22)=0,"Aguardar: ainda não chegou ao primeiro passo da régua.",INDEX(Config!$B$10:$B$13,COUNTIF(Config!$A$10:$A$13,"<="&J22)))) | N22: =IF(I22="Vencida",F22*J22+ROW()/100000,0) -> 0 | O22: =IF(AND(I22="A vencer",K22<=Config!$B$7),100000-K22-ROW()/100000,0) -> 0
A23: Mônica Martins | B23: Consulta | C23: 46064 | D23: 1 | E23: 46094 | F23: 190 | G23: Não | I23: =IF(A23="","",IF(G23="Sim","Paga",IF(E23="","Sem vencimento",IF(E23<Config!$B$5,"Vencida","A vencer")))) -> Vencida | J23: =IF(I23="Vencida",Config!$B$5-E23,"") -> 185 | K23: =IF(I23="A vencer",E23-Config!$B$5,"") | L23: =IF(I23<>"Vencida","",IF(COUNTIF(Config!$A$10:$A$13,"<="&J23)=0,"Antes da régua",INDEX(Config!$C$10:$C$13,COUNTIF(Config!$A$10:$A$13,"<="&J23)))) -> 30 dias ou mais | M23: =IF(I23<>"Vencida","",IF(COUNTIF(Config!$A$10:$A$13,"<="&J23)=0,"Aguardar: ainda não chegou ao primeiro passo da régua.",INDEX(Config!$B$10:$B$13,COUNTIF(Config!$A$10:$A$13,"<="&J23)))) -> Conversa do médico ou da administração para combinar um plano de pagamento; registrar por escrito o que foi combinado. | N23: =IF(I23="Vencida",F23*J23+ROW()/100000,0) -> 35150 | O23: =IF(AND(I23="A vencer",K23<=Config!$B$7),100000-K23-ROW()/100000,0) -> 0
A24: Mônica Martins | B24: Consulta | C24: 46064 | D24: 2 | E24: 46124 | F24: 190 | G24: Sim | H24: 46124 | I24: =IF(A24="","",IF(G24="Sim","Paga",IF(E24="","Sem vencimento",IF(E24<Config!$B$5,"Vencida","A vencer")))) -> Paga | J24: =IF(I24="Vencida",Config!$B$5-E24,"") | K24: =IF(I24="A vencer",E24-Config!$B$5,"") | L24: =IF(I24<>"Vencida","",IF(COUNTIF(Config!$A$10:$A$13,"<="&J24)=0,"Antes da régua",INDEX(Config!$C$10:$C$13,COUNTIF(Config!$A$10:$A$13,"<="&J24)))) | M24: =IF(I24<>"Vencida","",IF(COUNTIF(Config!$A$10:$A$13,"<="&J24)=0,"Aguardar: ainda não chegou ao primeiro passo da régua.",INDEX(Config!$B$10:$B$13,COUNTIF(Config!$A$10:$A$13,"<="&J24)))) | N24: =IF(I24="Vencida",F24*J24+ROW()/100000,0) -> 0 | O24: =IF(AND(I24="A vencer",K24<=Config!$B$7),100000-K24-ROW()/100000,0) -> 0
A25: Carlos Oliveira | B25: Consulta | C25: 46066 | D25: 1 | E25: 46096 | F25: 190 | G25: Sim | H25: 46097 | I25: =IF(A25="","",IF(G25="Sim","Paga",IF(E25="","Sem vencimento",IF(E25<Config!$B$5,"Vencida","A vencer")))) -> Paga | J25: =IF(I25="Vencida",Config!$B$5-E25,"") | K25: =IF(I25="A vencer",E25-Config!$B$5,"") | L25: =IF(I25<>"Vencida","",IF(COUNTIF(Config!$A$10:$A$13,"<="&J25)=0,"Antes da régua",INDEX(Config!$C$10:$C$13,COUNTIF(Config!$A$10:$A$13,"<="&J25)))) | M25: =IF(I25<>"Vencida","",IF(COUNTIF(Config!$A$10:$A$13,"<="&J25)=0,"Aguardar: ainda não chegou ao primeiro passo da régua.",INDEX(Config!$B$10:$B$13,COUNTIF(Config!$A$10:$A$13,"<="&J25)))) | N25: =IF(I25="Vencida",F25*J25+ROW()/100000,0) -> 0 | O25: =IF(AND(I25="A vencer",K25<=Config!$B$7),100000-K25-ROW()/100000,0) -> 0
A26: Carlos Oliveira | B26: Consulta | C26: 46066 | D26: 2 | E26: 46126 | F26: 190 | G26: Sim | H26: 46128 | I26: =IF(A26="","",IF(G26="Sim","Paga",IF(E26="","Sem vencimento",IF(E26<Config!$B$5,"Vencida","A vencer")))) -> Paga | J26: =IF(I26="Vencida",Config!$B$5-E26,"") | K26: =IF(I26="A vencer",E26-Config!$B$5,"") | L26: =IF(I26<>"Vencida","",IF(COUNTIF(Config!$A$10:$A$13,"<="&J26)=0,"Antes da régua",INDEX(Config!$C$10:$C$13,COUNTIF(Config!$A$10:$A$13,"<="&J26)))) | M26: =IF(I26<>"Vencida","",IF(COUNTIF(Config!$A$10:$A$13,"<="&J26)=0,"Aguardar: ainda não chegou ao primeiro passo da régua.",INDEX(Config!$B$10:$B$13,COUNTIF(Config!$A$10:$A$13,"<="&J26)))) | N26: =IF(I26="Vencida",F26*J26+ROW()/100000,0) -> 0 | O26: =IF(AND(I26="A vencer",K26<=Config!$B$7),100000-K26-ROW()/100000,0) -> 0
A27: Henrique Ribeiro | B27: Holter | C27: 46066 | D27: 1 | E27: 46096 | F27: 175 | G27: Sim | H27: 46096 | I27: =IF(A27="","",IF(G27="Sim","Paga",IF(E27="","Sem vencimento",IF(E27<Config!$B$5,"Vencida","A vencer")))) -> Paga | J27: =IF(I27="Vencida",Config!$B$5-E27,"") | K27: =IF(I27="A vencer",E27-Config!$B$5,"") | L27: =IF(I27<>"Vencida","",IF(COUNTIF(Config!$A$10:$A$13,"<="&J27)=0,"Antes da régua",INDEX(Config!$C$10:$C$13,COUNTIF(Config!$A$10:$A$13,"<="&J27)))) | M27: =IF(I27<>"Vencida","",IF(COUNTIF(Config!$A$10:$A$13,"<="&J27)=0,"Aguardar: ainda não chegou ao primeiro passo da régua.",INDEX(Config!$B$10:$B$13,COUNTIF(Config!$A$10:$A$13,"<="&J27)))) | N27: =IF(I27="Vencida",F27*J27+ROW()/100000,0) -> 0 | O27: =IF(AND(I27="A vencer",K27<=Config!$B$7),100000-K27-ROW()/100000,0) -> 0
A28: Henrique Ribeiro | B28: Holter | C28: 46066 | D28: 2 | E28: 46126 | F28: 175 | G28: Sim | H28: 46126 | I28: =IF(A28="","",IF(G28="Sim","Paga",IF(E28="","Sem vencimento",IF(E28<Config!$B$5,"Vencida","A vencer")))) -> Paga | J28: =IF(I28="Vencida",Config!$B$5-E28,"") | K28: =IF(I28="A vencer",E28-Config!$B$5,"") | L28: =IF(I28<>"Vencida","",IF(COUNTIF(Config!$A$10:$A$13,"<="&J28)=0,"Antes da régua",INDEX(Config!$C$10:$C$13,COUNTIF(Config!$A$10:$A$13,"<="&J28)))) | M28: =IF(I28<>"Vencida","",IF(COUNTIF(Config!$A$10:$A$13,"<="&J28)=0,"Aguardar: ainda não chegou ao primeiro passo da régua.",INDEX(Config!$B$10:$B$13,COUNTIF(Config!$A$10:$A$13,"<="&J28)))) | N28: =IF(I28="Vencida",F28*J28+ROW()/100000,0) -> 0 | O28: =IF(AND(I28="A vencer",K28<=Config!$B$7),100000-K28-ROW()/100000,0) -> 0
A29: Natália Martins | B29: Consulta | C29: 46076 | D29: 1 | E29: 46106 | F29: 190 | G29: Sim | H29: 46106 | I29: =IF(A29="","",IF(G29="Sim","Paga",IF(E29="","Sem vencimento",IF(E29<Config!$B$5,"Vencida","A vencer")))) -> Paga | J29: =IF(I29="Vencida",Config!$B$5-E29,"") | K29: =IF(I29="A vencer",E29-Config!$B$5,"") | L29: =IF(I29<>"Vencida","",IF(COUNTIF(Config!$A$10:$A$13,"<="&J29)=0,"Antes da régua",INDEX(Config!$C$10:$C$13,COUNTIF(Config!$A$10:$A$13,"<="&J29)))) | M29: =IF(I29<>"Vencida","",IF(COUNTIF(Config!$A$10:$A$13,"<="&J29)=0,"Aguardar: ainda não chegou ao primeiro passo da régua.",INDEX(Config!$B$10:$B$13,COUNTIF(Config!$A$10:$A$13,"<="&J29)))) | N29: =IF(I29="Vencida",F29*J29+ROW()/100000,0) -> 0 | O29: =IF(AND(I29="A vencer",K29<=Config!$B$7),100000-K29-ROW()/100000,0) -> 0
A30: Natália Martins | B30: Consulta | C30: 46076 | D30: 2 | E30: 46136 | F30: 190 | G30: Sim | H30: 46138 | I30: =IF(A30="","",IF(G30="Sim","Paga",IF(E30="","Sem vencimento",IF(E30<Config!$B$5,"Vencida","A vencer")))) -> Paga | J30: =IF(I30="Vencida",Config!$B$5-E30,"") | K30: =IF(I30="A vencer",E30-Config!$B$5,"") | L30: =IF(I30<>"Vencida","",IF(COUNTIF(Config!$A$10:$A$13,"<="&J30)=0,"Antes da régua",INDEX(Config!$C$10:$C$13,COUNTIF(Config!$A$10:$A$13,"<="&J30)))) | M30: =IF(I30<>"Vencida","",IF(COUNTIF(Config!$A$10:$A$13,"<="&J30)=0,"Aguardar: ainda não chegou ao primeiro passo da régua.",INDEX(Config!$B$10:$B$13,COUNTIF(Config!$A$10:$A$13,"<="&J30)))) | N30: =IF(I30="Vencida",F30*J30+ROW()/100000,0) -> 0 | O30: =IF(AND(I30="A vencer",K30<=Config!$B$7),100000-K30-ROW()/100000,0) -> 0
A31: Carlos Freitas | B31: Avaliação endócrina | C31: 46077 | D31: 1 | E31: 46107 | F31: 200 | G31: Sim | H31: 46110 | I31: =IF(A31="","",IF(G31="Sim","Paga",IF(E31="","Sem vencimento",IF(E31<Config!$B$5,"Vencida","A vencer")))) -> Paga | J31: =IF(I31="Vencida",Config!$B$5-E31,"") | K31: =IF(I31="A vencer",E31-Config!$B$5,"") | L31: =IF(I31<>"Vencida","",IF(COUNTIF(Config!$A$10:$A$13,"<="&J31)=0,"Antes da régua",INDEX(Config!$C$10:$C$13,COUNTIF(Config!$A$10:$A$13,"<="&J31)))) | M31: =IF(I31<>"Vencida","",IF(COUNTIF(Config!$A$10:$A$13,"<="&J31)=0,"Aguardar: ainda não chegou ao primeiro passo da régua.",INDEX(Config!$B$10:$B$13,COUNTIF(Config!$A$10:$A$13,"<="&J31)))) | N31: =IF(I31="Vencida",F31*J31+ROW()/100000,0) -> 0 | O31: =IF(AND(I31="A vencer",K31<=Config!$B$7),100000-K31-ROW()/100000,0) -> 0
A32: Carlos Freitas | B32: Avaliação endócrina | C32: 46077 | D32: 2 | E32: 46137 | F32: 200 | G32: Sim | H32: 46138 | I32: =IF(A32="","",IF(G32="Sim","Paga",IF(E32="","Sem vencimento",IF(E32<Config!$B$5,"Vencida","A vencer")))) -> Paga | J32: =IF(I32="Vencida",Config!$B$5-E32,"") | K32: =IF(I32="A vencer",E32-Config!$B$5,"") | L32: =IF(I32<>"Vencida","",IF(COUNTIF(Config!$A$10:$A$13,"<="&J32)=0,"Antes da régua",INDEX(Config!$C$10:$C$13,COUNTIF(Config!$A$10:$A$13,"<="&J32)))) | M32: =IF(I32<>"Vencida","",IF(COUNTIF(Config!$A$10:$A$13,"<="&J32)=0,"Aguardar: ainda não chegou ao primeiro passo da régua.",INDEX(Config!$B$10:$B$13,COUNTIF(Config!$A$10:$A$13,"<="&J32)))) | N32: =IF(I32="Vencida",F32*J32+ROW()/100000,0) -> 0 | O32: =IF(AND(I32="A vencer",K32<=Config!$B$7),100000-K32-ROW()/100000,0) -> 0
A33: Otávio Nascimento | B33: Consulta | C33: 46079 | D33: 1 | E33: 46109 | F33: 380 | G33: Sim | H33: 46110 | I33: =IF(A33="","",IF(G33="Sim","Paga",IF(E33="","Sem vencimento",IF(E33<Config!$B$5,"Vencida","A vencer")))) -> Paga | J33: =IF(I33="Vencida",Config!$B$5-E33,"") | K33: =IF(I33="A vencer",E33-Config!$B$5,"") | L33: =IF(I33<>"Vencida","",IF(COUNTIF(Config!$A$10:$A$13,"<="&J33)=0,"Antes da régua",INDEX(Config!$C$10:$C$13,COUNTIF(Config!$A$10:$A$13,"<="&J33)))) | M33: =IF(I33<>"Vencida","",IF(COUNTIF(Config!$A$10:$A$13,"<="&J33)=0,"Aguardar: ainda não chegou ao primeiro passo da régua.",INDEX(Config!$B$10:$B$13,COUNTIF(Config!$A$10:$A$13,"<="&J33)))) | N33: =IF(I33="Vencida",F33*J33+ROW()/100000,0) -> 0 | O33: =IF(AND(I33="A vencer",K33<=Config!$B$7),100000-K33-ROW()/100000,0) -> 0
A34: Elaine Cardoso | B34: Consulta | C34: 46084 | D34: 1 | E34: 46114 | F34: 190 | G34: Sim | H34: 46114 | I34: =IF(A34="","",IF(G34="Sim","Paga",IF(E34="","Sem vencimento",IF(E34<Config!$B$5,"Vencida","A vencer")))) -> Paga | J34: =IF(I34="Vencida",Config!$B$5-E34,"") | K34: =IF(I34="A vencer",E34-Config!$B$5,"") | L34: =IF(I34<>"Vencida","",IF(COUNTIF(Config!$A$10:$A$13,"<="&J34)=0,"Antes da régua",INDEX(Config!$C$10:$C$13,COUNTIF(Config!$A$10:$A$13,"<="&J34)))) | M34: =IF(I34<>"Vencida","",IF(COUNTIF(Config!$A$10:$A$13,"<="&J34)=0,"Aguardar: ainda não chegou ao primeiro passo da régua.",INDEX(Config!$B$10:$B$13,COUNTIF(Config!$A$10:$A$13,"<="&J34)))) | N34: =IF(I34="Vencida",F34*J34+ROW()/100000,0) -> 0 | O34: =IF(AND(I34="A vencer",K34<=Config!$B$7),100000-K34-ROW()/100000,0) -> 0
A35: Elaine Cardoso | B35: Consulta | C35: 46084 | D35: 2 | E35: 46144 | F35: 190 | G35: Sim | H35: 46144 | I35: =IF(A35="","",IF(G35="Sim","Paga",IF(E35="","Sem vencimento",IF(E35<Config!$B$5,"Vencida","A vencer")))) -> Paga | J35: =IF(I35="Vencida",Config!$B$5-E35,"") | K35: =IF(I35="A vencer",E35-Config!$B$5,"") | L35: =IF(I35<>"Vencida","",IF(COUNTIF(Config!$A$10:$A$13,"<="&J35)=0,"Antes da régua",INDEX(Config!$C$10:$C$13,COUNTIF(Config!$A$10:$A$13,"<="&J35)))) | M35: =IF(I35<>"Vencida","",IF(COUNTIF(Config!$A$10:$A$13,"<="&J35)=0,"Aguardar: ainda não chegou ao primeiro passo da régua.",INDEX(Config!$B$10:$B$13,COUNTIF(Config!$A$10:$A$13,"<="&J35)))) | N35: =IF(I35="Vencida",F35*J35+ROW()/100000,0) -> 0 | O35: =IF(AND(I35="A vencer",K35<=Config!$B$7),100000-K35-ROW()/100000,0) -> 0
... A40: Rafael Correia | B40: Consulta | C40: 46090 | D40: 2 | E40: 46150 | F40: 190 | G40: Sim | H40: 46153 | I40: =IF(A40="","",IF(G40="Sim","Paga",IF(E40="","Sem vencimento",IF(E40<Config!$B$5,"Vencida","A vencer")))) -> Paga | J40: =IF(I40="Vencida",Config!$B$5-E40,"") | K40: =IF(I40="A vencer",E40-Config!$B$5,"") | L40: =IF(I40<>"Vencida","",IF(COUNTIF(Config!$A$10:$A$13,"<="&J40)=0,"Antes da régua",INDEX(Config!$C$10:$C$13,COUNTIF(Config!$A$10:$A$13,"<="&J40)))) | M40: =IF(I40<>"Vencida","",IF(COUNTIF(Config!$A$10:$A$13,"<="&J40)=0,"Aguardar: ainda não chegou ao primeiro passo da régua.",INDEX(Config!$B$10:$B$13,COUNTIF(Config!$A$10:$A$13,"<="&J40)))) | N40: =IF(I40="Vencida",F40*J40+ROW()/100000,0) -> 0 | O40: =IF(AND(I40="A vencer",K40<=Config!$B$7),100000-K40-ROW()/100000,0) -> 0
A41: Gabriel Reis | B41: Avaliação endócrina | C41: 46091 | D41: 1 | E41: 46121 | F41: 400 | G41: Não | I41: =IF(A41="","",IF(G41="Sim","Paga",IF(E41="","Sem vencimento",IF(E41<Config!$B$5,"Vencida","A vencer")))) -> Vencida | J41: =IF(I41="Vencida",Config!$B$5-E41,"") -> 158 | K41: =IF(I41="A vencer",E41-Config!$B$5,"") | L41: =IF(I41<>"Vencida","",IF(COUNTIF(Config!$A$10:$A$13,"<="&J41)=0,"Antes da régua",INDEX(Config!$C$10:$C$13,COUNTIF(Config!$A$10:$A$13,"<="&J41)))) -> 30 dias ou mais | M41: =IF(I41<>"Vencida","",IF(COUNTIF(Config!$A$10:$A$13,"<="&J41)=0,"Aguardar: ainda não chegou ao primeiro passo da régua.",INDEX(Config!$B$10:$B$13,COUNTIF(Config!$A$10:$A$13,"<="&J41)))) -> Conversa do médico ou da administração para combinar um plano de pagamento; registrar por escrito o que foi combinado. | N41: =IF(I41="Vencida",F41*J41+ROW()/100000,0) -> 63200 | O41: =IF(AND(I41="A vencer",K41<=Config!$B$7),100000-K41-ROW()/100000,0) -> 0
A42: Natália Martins | B42: Consulta | C42: 46097 | D42: 1 | E42: 46127 | F42: 190 | G42: Sim | H42: 46127 | I42: =IF(A42="","",IF(G42="Sim","Paga",IF(E42="","Sem vencimento",IF(E42<Config!$B$5,"Vencida","A vencer")))) -> Paga | J42: =IF(I42="Vencida",Config!$B$5-E42,"") | K42: =IF(I42="A vencer",E42-Config!$B$5,"") | L42: =IF(I42<>"Vencida","",IF(COUNTIF(Config!$A$10:$A$13,"<="&J42)=0,"Antes da régua",INDEX(Config!$C$10:$C$13,COUNTIF(Config!$A$10:$A$13,"<="&J42)))) | M42: =IF(I42<>"Vencida","",IF(COUNTIF(Config!$A$10:$A$13,"<="&J42)=0,"Aguardar: ainda não chegou ao primeiro passo da régua.",INDEX(Config!$B$10:$B$13,COUNTIF(Config!$A$10:$A$13,"<="&J42)))) | N42: =IF(I42="Vencida",F42*J42+ROW()/100000,0) -> 0 | O42: =IF(AND(I42="A vencer",K42<=Config!$B$7),100000-K42-ROW()/100000,0) -> 0
A43: Natália Martins | B43: Consulta | C43: 46097 | D43: 2 | E43: 46157 | F43: 190 | G43: Sim | H43: 46159 | I43: =IF(A43="","",IF(G43="Sim","Paga",IF(E43="","Sem vencimento",IF(E43<Config!$B$5,"Vencida","A vencer")))) -> Paga | J43: =IF(I43="Vencida",Config!$B$5-E43,"") | K43: =IF(I43="A vencer",E43-Config!$B$5,"") | L43: =IF(I43<>"Vencida","",IF(COUNTIF(Config!$A$10:$A$13,"<="&J43)=0,"Antes da régua",INDEX(Config!$C$10:$C$13,COUNTIF(Config!$A$10:$A$13,"<="&J43)))) | M43: =IF(I43<>"Vencida","",IF(COUNTIF(Config!$A$10:$A$13,"<="&J43)=0,"Aguardar: ainda não chegou ao primeiro passo da régua.",INDEX(Config!$B$10:$B$13,COUNTIF(Config!$A$10:$A$13,"<="&J43)))) | N43: =IF(I43="Vencida",F43*J43+ROW()/100000,0) -> 0 | O43: =IF(AND(I43="A vencer",K43<=Config!$B$7),100000-K43-ROW()/100000,0) -> 0
A44: Otávio Cardoso | B44: Consulta | C44: 46098 | D44: 1 | E44: 46128 | F44: 380 | G44: Sim | H44: 46129 | I44: =IF(A44="","",IF(G44="Sim","Paga",IF(E44="","Sem vencimento",IF(E44<Config!$B$5,"Vencida","A vencer")))) -> Paga | J44: =IF(I44="Vencida",Config!$B$5-E44,"") | K44: =IF(I44="A vencer",E44-Config!$B$5,"") | L44: =IF(I44<>"Vencida","",IF(COUNTIF(Config!$A$10:$A$13,"<="&J44)=0,"Antes da régua",INDEX(Config!$C$10:$C$13,COUNTIF(Config!$A$10:$A$13,"<="&J44)))) | M44: =IF(I44<>"Vencida","",IF(COUNTIF(Config!$A$10:$A$13,"<="&J44)=0,"Aguardar: ainda não chegou ao primeiro passo da régua.",INDEX(Config!$B$10:$B$13,COUNTIF(Config!$A$10:$A$13,"<="&J44)))) | N44: =IF(I44="Vencida",F44*J44+ROW()/100000,0) -> 0 | O44: =IF(AND(I44="A vencer",K44<=Config!$B$7),100000-K44-ROW()/100000,0) -> 0
A45: Patrícia Fernandes | B45: Consulta | C45: 46100 | D45: 1 | E45: 46130 | F45: 190 | G45: Sim | H45: 46130 | I45: =IF(A45="","",IF(G45="Sim","Paga",IF(E45="","Sem vencimento",IF(E45<Config!$B$5,"Vencida","A vencer")))) -> Paga | J45: =IF(I45="Vencida",Config!$B$5-E45,"") | K45: =IF(I45="A vencer",E45-Config!$B$5,"") | L45: =IF(I45<>"Vencida","",IF(COUNTIF(Config!$A$10:$A$13,"<="&J45)=0,"Antes da régua",INDEX(Config!$C$10:$C$13,COUNTIF(Config!$A$10:$A$13,"<="&J45)))) | M45: =IF(I45<>"Vencida","",IF(COUNTIF(Config!$A$10:$A$13,"<="&J45)=0,"Aguardar: ainda não chegou ao primeiro passo da régua.",INDEX(Config!$B$10:$B$13,COUNTIF(Config!$A$10:$A$13,"<="&J45)))) | N45: =IF(I45="Vencida",F45*J45+ROW()/100000,0) -> 0 | O45: =IF(AND(I45="A vencer",K45<=Config!$B$7),100000-K45-ROW()/100000,0) -> 0
A46: Patrícia Fernandes | B46: Consulta | C46: 46100 | D46: 2 | E46: 46160 | F46: 190 | G46: Não | I46: =IF(A46="","",IF(G46="Sim","Paga",IF(E46="","Sem vencimento",IF(E46<Config!$B$5,"Vencida","A vencer")))) -> Vencida | J46: =IF(I46="Vencida",Config!$B$5-E46,"") -> 119 | K46: =IF(I46="A vencer",E46-Config!$B$5,"") | L46: =IF(I46<>"Vencida","",IF(COUNTIF(Config!$A$10:$A$13,"<="&J46)=0,"Antes da régua",INDEX(Config!$C$10:$C$13,COUNTIF(Config!$A$10:$A$13,"<="&J46)))) -> 30 dias ou mais | M46: =IF(I46<>"Vencida","",IF(COUNTIF(Config!$A$10:$A$13,"<="&J46)=0,"Aguardar: ainda não chegou ao primeiro passo da régua.",INDEX(Config!$B$10:$B$13,COUNTIF(Config!$A$10:$A$13,"<="&J46)))) -> Conversa do médico ou da administração para combinar um plano de pagamento; registrar por escrito o que foi combinado. | N46: =IF(I46="Vencida",F46*J46+ROW()/100000,0) -> 22610 | O46: =IF(AND(I46="A vencer",K46<=Config!$B$7),100000-K46-ROW()/100000,0) -> 0
A47: Camila Freitas | B47: Consulta | C47: 46101 | D47: 1 | E47: 46131 | F47: 380 | G47: Sim | H47: 46136 | I47: =IF(A47="","",IF(G47="Sim","Paga",IF(E47="","Sem vencimento",IF(E47<Config!$B$5,"Vencida","A vencer")))) -> Paga | J47: =IF(I47="Vencida",Config!$B$5-E47,"") | K47: =IF(I47="A vencer",E47-Config!$B$5,"") | L47: =IF(I47<>"Vencida","",IF(COUNTIF(Config!$A$10:$A$13,"<="&J47)=0,"Antes da régua",INDEX(Config!$C$10:$C$13,COUNTIF(Config!$A$10:$A$13,"<="&J47)))) | M47: =IF(I47<>"Vencida","",IF(COUNTIF(Config!$A$10:$A$13,"<="&J47)=0,"Aguardar: ainda não chegou ao primeiro passo da régua.",INDEX(Config!$B$10:$B$13,COUNTIF(Config!$A$10:$A$13,"<="&J47)))) | N47: =IF(I47="Vencida",F47*J47+ROW()/100000,0) -> 0 | O47: =IF(AND(I47="A vencer",K47<=Config!$B$7),100000-K47-ROW()/100000,0) -> 0
A48: Rafael Dias | B48: Consulta | C48: 46105 | D48: 1 | E48: 46135 | F48: 190 | G48: Sim | H48: 46135 | I48: =IF(A48="","",IF(G48="Sim","Paga",IF(E48="","Sem vencimento",IF(E48<Config!$B$5,"Vencida","A vencer")))) -> Paga | J48: =IF(I48="Vencida",Config!$B$5-E48,"") | K48: =IF(I48="A vencer",E48-Config!$B$5,"") | L48: =IF(I48<>"Vencida","",IF(COUNTIF(Config!$A$10:$A$13,"<="&J48)=0,"Antes da régua",INDEX(Config!$C$10:$C$13,COUNTIF(Config!$A$10:$A$13,"<="&J48)))) | M48: =IF(I48<>"Vencida","",IF(COUNTIF(Config!$A$10:$A$13,"<="&J48)=0,"Aguardar: ainda não chegou ao primeiro passo da régua.",INDEX(Config!$B$10:$B$13,COUNTIF(Config!$A$10:$A$13,"<="&J48)))) | N48: =IF(I48="Vencida",F48*J48+ROW()/100000,0) -> 0 | O48: =IF(AND(I48="A vencer",K48<=Config!$B$7),100000-K48-ROW()/100000,0) -> 0
A49: Rafael Dias | B49: Consulta | C49: 46105 | D49: 2 | E49: 46165 | F49: 190 | G49: Não | I49: =IF(A49="","",IF(G49="Sim","Paga",IF(E49="","Sem vencimento",IF(E49<Config!$B$5,"Vencida","A vencer")))) -> Vencida | J49: =IF(I49="Vencida",Config!$B$5-E49,"") -> 114 | K49: =IF(I49="A vencer",E49-Config!$B$5,"") | L49: =IF(I49<>"Vencida","",IF(COUNTIF(Config!$A$10:$A$13,"<="&J49)=0,"Antes da régua",INDEX(Config!$C$10:$C$13,COUNTIF(Config!$A$10:$A$13,"<="&J49)))) -> 30 dias ou mais | M49: =IF(I49<>"Vencida","",IF(COUNTIF(Config!$A$10:$A$13,"<="&J49)=0,"Aguardar: ainda não chegou ao primeiro passo da régua.",INDEX(Config!$B$10:$B$13,COUNTIF(Config!$A$10:$A$13,"<="&J49)))) -> Conversa do médico ou da administração para combinar um plano de pagamento; registrar por escrito o que foi combinado. | N49: =IF(I49="Vencida",F49*J49+ROW()/100000,0) -> 21660 | O49: =IF(AND(I49="A vencer",K49<=Config!$B$7),100000-K49-ROW()/100000,0) -> 0
A50: Renato Dias | B50: Consulta | C50: 46107 | D50: 1 | E50: 46137 | F50: 380 | G50: Sim | H50: 46137 | I50: =IF(A50="","",IF(G50="Sim","Paga",IF(E50="","Sem vencimento",IF(E50<Config!$B$5,"Vencida","A vencer")))) -> Paga | J50: =IF(I50="Vencida",Config!$B$5-E50,"") | K50: =IF(I50="A vencer",E50-Config!$B$5,"") | L50: =IF(I50<>"Vencida","",IF(COUNTIF(Config!$A$10:$A$13,"<="&J50)=0,"Antes da régua",INDEX(Config!$C$10:$C$13,COUNTIF(Config!$A$10:$A$13,"<="&J50)))) | M50: =IF(I50<>"Vencida","",IF(COUNTIF(Config!$A$10:$A$13,"<="&J50)=0,"Aguardar: ainda não chegou ao primeiro passo da régua.",INDEX(Config!$B$10:$B$13,COUNTIF(Config!$A$10:$A$13,"<="&J50)))) | N50: =IF(I50="Vencida",F50*J50+ROW()/100000,0) -> 0 | O50: =IF(AND(I50="A vencer",K50<=Config!$B$7),100000-K50-ROW()/100000,0) -> 0
A51: Fábio Correia | B51: Consulta | C51: 46111 | D51: 1 | E51: 46141 | F51: 380 | G51: Sim | H51: 46141 | I51: =IF(A51="","",IF(G51="Sim","Paga",IF(E51="","Sem vencimento",IF(E51<Config!$B$5,"Vencida","A vencer")))) -> Paga | J51: =IF(I51="Vencida",Config!$B$5-E51,"") | K51: =IF(I51="A vencer",E51-Config!$B$5,"") | L51: =IF(I51<>"Vencida","",IF(COUNTIF(Config!$A$10:$A$13,"<="&J51)=0,"Antes da régua",INDEX(Config!$C$10:$C$13,COUNTIF(Config!$A$10:$A$13,"<="&J51)))) | M51: =IF(I51<>"Vencida","",IF(COUNTIF(Config!$A$10:$A$13,"<="&J51)=0,"Aguardar: ainda não chegou ao primeiro passo da régua.",INDEX(Config!$B$10:$B$13,COUNTIF(Config!$A$10:$A$13,"<="&J51)))) | N51: =IF(I51="Vencida",F51*J51+ROW()/100000,0) -> 0 | O51: =IF(AND(I51="A vencer",K51<=Config!$B$7),100000-K51-ROW()/100000,0) -> 0
A52: Regina Teixeira | B52: Consulta | C52: 46112 | D52: 1 | E52: 46142 | F52: 190 | G52: Sim | H52: 46142 | I52: =IF(A52="","",IF(G52="Sim","Paga",IF(E52="","Sem vencimento",IF(E52<Config!$B$5,"Vencida","A vencer")))) -> Paga | J52: =IF(I52="Vencida",Config!$B$5-E52,"") | K52: =IF(I52="A vencer",E52-Config!$B$5,"") | L52: =IF(I52<>"Vencida","",IF(COUNTIF(Config!$A$10:$A$13,"<="&J52)=0,"Antes da régua",INDEX(Config!$C$10:$C$13,COUNTIF(Config!$A$10:$A$13,"<="&J52)))) | M52: =IF(I52<>"Vencida","",IF(COUNTIF(Config!$A$10:$A$13,"<="&J52)=0,"Aguardar: ainda não chegou ao primeiro passo da régua.",INDEX(Config!$B$10:$B$13,COUNTIF(Config!$A$10:$A$13,"<="&J52)))) | N52: =IF(I52="Vencida",F52*J52+ROW()/100000,0) -> 0 | O52: =IF(AND(I52="A vencer",K52<=Config!$B$7),100000-K52-ROW()/100000,0) -> 0
A53: Regina Teixeira | B53: Consulta | C53: 46112 | D53: 2 | E53: 46172 | F53: 190 | G53: Sim | H53: 46177 | I53: =IF(A53="","",IF(G53="Sim","Paga",IF(E53="","Sem vencimento",IF(E53<Config!$B$5,"Vencida","A vencer")))) -> Paga | J53: =IF(I53="Vencida",Config!$B$5-E53,"") | K53: =IF(I53="A vencer",E53-Config!$B$5,"") | L53: =IF(I53<>"Vencida","",IF(COUNTIF(Config!$A$10:$A$13,"<="&J53)=0,"Antes da régua",INDEX(Config!$C$10:$C$13,COUNTIF(Config!$A$10:$A$13,"<="&J53)))) | M53: =IF(I53<>"Vencida","",IF(COUNTIF(Config!$A$10:$A$13,"<="&J53)=0,"Aguardar: ainda não chegou ao primeiro passo da régua.",INDEX(Config!$B$10:$B$13,COUNTIF(Config!$A$10:$A$13,"<="&J53)))) | N53: =IF(I53="Vencida",F53*J53+ROW()/100000,0) -> 0 | O53: =IF(AND(I53="A vencer",K53<=Config!$B$7),100000-K53-ROW()/100000,0) -> 0
A54: Gabriel Fernandes | B54: Consulta | C54: 46114 | D54: 1 | E54: 46144 | F54: 380 | G54: Sim | H54: 46146 | I54: =IF(A54="","",IF(G54="Sim","Paga",IF(E54="","Sem vencimento",IF(E54<Config!$B$5,"Vencida","A vencer")))) -> Paga | J54: =IF(I54="Vencida",Config!$B$5-E54,"") | K54: =IF(I54="A vencer",E54-Config!$B$5,"") | L54: =IF(I54<>"Vencida","",IF(COUNTIF(Config!$A$10:$A$13,"<="&J54)=0,"Antes da régua",INDEX(Config!$C$10:$C$13,COUNTIF(Config!$A$10:$A$13,"<="&J54)))) | M54: =IF(I54<>"Vencida","",IF(COUNTIF(Config!$A$10:$A$13,"<="&J54)=0,"Aguardar: ainda não chegou ao primeiro passo da régua.",INDEX(Config!$B$10:$B$13,COUNTIF(Config!$A$10:$A$13,"<="&J54)))) | N54: =IF(I54="Vencida",F54*J54+ROW()/100000,0) -> 0 | O54: =IF(AND(I54="A vencer",K54<=Config!$B$7),100000-K54-ROW()/100000,0) -> 0
A55: Gisele Xavier | B55: Consulta | C55: 46118 | D55: 1 | E55: 46148 | F55: 380 | G55: Sim | H55: 46148 | I55: =IF(A55="","",IF(G55="Sim","Paga",IF(E55="","Sem vencimento",IF(E55<Config!$B$5,"Vencida","A vencer")))) -> Paga | J55: =IF(I55="Vencida",Config!$B$5-E55,"") | K55: =IF(I55="A vencer",E55-Config!$B$5,"") | L55: =IF(I55<>"Vencida","",IF(COUNTIF(Config!$A$10:$A$13,"<="&J55)=0,"Antes da régua",INDEX(Config!$C$10:$C$13,COUNTIF(Config!$A$10:$A$13,"<="&J55)))) | M55: =IF(I55<>"Vencida","",IF(COUNTIF(Config!$A$10:$A$13,"<="&J55)=0,"Aguardar: ainda não chegou ao primeiro passo da régua.",INDEX(Config!$B$10:$B$13,COUNTIF(Config!$A$10:$A$13,"<="&J55)))) | N55: =IF(I55="Vencida",F55*J55+ROW()/100000,0) -> 0 | O55: =IF(AND(I55="A vencer",K55<=Config!$B$7),100000-K55-ROW()/100000,0) -> 0
A56: Marcelo Santos | B56: Holter | C56: 46118 | D56: 1 | E56: 46148 | F56: 350 | G56: Sim | H56: 46149 | I56: =IF(A56="","",IF(G56="Sim","Paga",IF(E56="","Sem vencimento",IF(E56<Config!$B$5,"Vencida","A vencer")))) -> Paga | J56: =IF(I56="Vencida",Config!$B$5-E56,"") | K56: =IF(I56="A vencer",E56-Config!$B$5,"") | L56: =IF(I56<>"Vencida","",IF(COUNTIF(Config!$A$10:$A$13,"<="&J56)=0,"Antes da régua",INDEX(Config!$C$10:$C$13,COUNTIF(Config!$A$10:$A$13,"<="&J56)))) | M56: =IF(I56<>"Vencida","",IF(COUNTIF(Config!$A$10:$A$13,"<="&J56)=0,"Aguardar: ainda não chegou ao primeiro passo da régua.",INDEX(Config!$B$10:$B$13,COUNTIF(Config!$A$10:$A$13,"<="&J56)))) | N56: =IF(I56="Vencida",F56*J56+ROW()/100000,0) -> 0 | O56: =IF(AND(I56="A vencer",K56<=Config!$B$7),100000-K56-ROW()/100000,0) -> 0
A57: Natália Martins | B57: Consulta | C57: 46118 | D57: 1 | E57: 46148 | F57: 380 | G57: Sim | H57: 46148 | I57: =IF(A57="","",IF(G57="Sim","Paga",IF(E57="","Sem vencimento",IF(E57<Config!$B$5,"Vencida","A vencer")))) -> Paga | J57: =IF(I57="Vencida",Config!$B$5-E57,"") | K57: =IF(I57="A vencer",E57-Config!$B$5,"") | L57: =IF(I57<>"Vencida","",IF(COUNTIF(Config!$A$10:$A$13,"<="&J57)=0,"Antes da régua",INDEX(Config!$C$10:$C$13,COUNTIF(Config!$A$10:$A$13,"<="&J57)))) | M57: =IF(I57<>"Vencida","",IF(COUNTIF(Config!$A$10:$A$13,"<="&J57)=0,"Aguardar: ainda não chegou ao primeiro passo da régua.",INDEX(Config!$B$10:$B$13,COUNTIF(Config!$A$10:$A$13,"<="&J57)))) | N57: =IF(I57="Vencida",F57*J57+ROW()/100000,0) -> 0 | O57: =IF(AND(I57="A vencer",K57<=Config!$B$7),100000-K57-ROW()/100000,0) -> 0
A58: Priscila Reis | B58: Avaliação endócrina | C58: 46119 | D58: 1 | E58: 46149 | F58: 400 | G58: Não | I58: =IF(A58="","",IF(G58="Sim","Paga",IF(E58="","Sem vencimento",IF(E58<Config!$B$5,"Vencida","A vencer")))) -> Vencida | J58: =IF(I58="Vencida",Config!$B$5-E58,"") -> 130 | K58: =IF(I58="A vencer",E58-Config!$B$5,"") | L58: =IF(I58<>"Vencida","",IF(COUNTIF(Config!$A$10:$A$13,"<="&J58)=0,"Antes da régua",INDEX(Config!$C$10:$C$13,COUNTIF(Config!$A$10:$A$13,"<="&J58)))) -> 30 dias ou mais | M58: =IF(I58<>"Vencida","",IF(COUNTIF(Config!$A$10:$A$13,"<="&J58)=0,"Aguardar: ainda não chegou ao primeiro passo da régua.",INDEX(Config!$B$10:$B$13,COUNTIF(Config!$A$10:$A$13,"<="&J58)))) -> Conversa do médico ou da administração para combinar um plano de pagamento; registrar por escrito o que foi combinado. | N58: =IF(I58="Vencida",F58*J58+ROW()/100000,0) -> 52000.001 | O58: =IF(AND(I58="A vencer",K58<=Config!$B$7),100000-K58-ROW()/100000,0) -> 0
A59: Regina Teixeira | B59: Consulta | C59: 46119 | D59: 1 | E59: 46149 | F59: 380 | G59: Sim | H59: 46149 | I59: =IF(A59="","",IF(G59="Sim","Paga",IF(E59="","Sem vencimento",IF(E59<Config!$B$5,"Vencida","A vencer")))) -> Paga | J59: =IF(I59="Vencida",Config!$B$5-E59,"") | K59: =IF(I59="A vencer",E59-Config!$B$5,"") | L59: =IF(I59<>"Vencida","",IF(COUNTIF(Config!$A$10:$A$13,"<="&J59)=0,"Antes da régua",INDEX(Config!$C$10:$C$13,COUNTIF(Config!$A$10:$A$13,"<="&J59)))) | M59: =IF(I59<>"Vencida","",IF(COUNTIF(Config!$A$10:$A$13,"<="&J59)=0,"Aguardar: ainda não chegou ao primeiro passo da régua.",INDEX(Config!$B$10:$B$13,COUNTIF(Config!$A$10:$A$13,"<="&J59)))) | N59: =IF(I59="Vencida",F59*J59+ROW()/100000,0) -> 0 | O59: =IF(AND(I59="A vencer",K59<=Config!$B$7),100000-K59-ROW()/100000,0) -> 0
A60: Mariana Nascimento | B60: MAPA | C60: 46121 | D60: 1 | E60: 46151 | F60: 150 | G60: Sim | H60: 46152 | I60: =IF(A60="","",IF(G60="Sim","Paga",IF(E60="","Sem vencimento",IF(E60<Config!$B$5,"Vencida","A vencer")))) -> Paga | J60: =IF(I60="Vencida",Config!$B$5-E60,"") | K60: =IF(I60="A vencer",E60-Config!$B$5,"") | L60: =IF(I60<>"Vencida","",IF(COUNTIF(Config!$A$10:$A$13,"<="&J60)=0,"Antes da régua",INDEX(Config!$C$10:$C$13,COUNTIF(Config!$A$10:$A$13,"<="&J60)))) | M60: =IF(I60<>"Vencida","",IF(COUNTIF(Config!$A$10:$A$13,"<="&J60)=0,"Aguardar: ainda não chegou ao primeiro passo da régua.",INDEX(Config!$B$10:$B$13,COUNTIF(Config!$A$10:$A$13,"<="&J60)))) | N60: =IF(I60="Vencida",F60*J60+ROW()/100000,0) -> 0 | O60: =IF(AND(I60="A vencer",K60<=Config!$B$7),100000-K60-ROW()/100000,0) -> 0
A61: Mariana Nascimento | B61: MAPA | C61: 46121 | D61: 2 | E61: 46181 | F61: 150 | G61: Sim | H61: 46181 | I61: =IF(A61="","",IF(G61="Sim","Paga",IF(E61="","Sem vencimento",IF(E61<Config!$B$5,"Vencida","A vencer")))) -> Paga | J61: =IF(I61="Vencida",Config!$B$5-E61,"") | K61: =IF(I61="A vencer",E61-Config!$B$5,"") | L61: =IF(I61<>"Vencida","",IF(COUNTIF(Config!$A$10:$A$13,"<="&J61)=0,"Antes da régua",INDEX(Config!$C$10:$C$13,COUNTIF(Config!$A$10:$A$13,"<="&J61)))) | M61: =IF(I61<>"Vencida","",IF(COUNTIF(Config!$A$10:$A$13,"<="&J61)=0,"Aguardar: ainda não chegou ao primeiro passo da régua.",INDEX(Config!$B$10:$B$13,COUNTIF(Config!$A$10:$A$13,"<="&J61)))) | N61: =IF(I61="Vencida",F61*J61+ROW()/100000,0) -> 0 | O61: =IF(AND(I61="A vencer",K61<=Config!$B$7),100000-K61-ROW()/100000,0) -> 0
A62: Larissa Costa | B62: Consulta | C62: 46125 | D62: 1 | E62: 46155 | F62: 190 | G62: Sim | H62: 46155 | I62: =IF(A62="","",IF(G62="Sim","Paga",IF(E62="","Sem vencimento",IF(E62<Config!$B$5,"Vencida","A vencer")))) -> Paga | J62: =IF(I62="Vencida",Config!$B$5-E62,"") | K62: =IF(I62="A vencer",E62-Config!$B$5,"") | L62: =IF(I62<>"Vencida","",IF(COUNTIF(Config!$A$10:$A$13,"<="&J62)=0,"Antes da régua",INDEX(Config!$C$10:$C$13,COUNTIF(Config!$A$10:$A$13,"<="&J62)))) | M62: =IF(I62<>"Vencida","",IF(COUNTIF(Config!$A$10:$A$13,"<="&J62)=0,"Aguardar: ainda não chegou ao primeiro passo da régua.",INDEX(Config!$B$10:$B$13,COUNTIF(Config!$A$10:$A$13,"<="&J62)))) | N62: =IF(I62="Vencida",F62*J62+ROW()/100000,0) -> 0 | O62: =IF(AND(I62="A vencer",K62<=Config!$B$7),100000-K62-ROW()/100000,0) -> 0
A63: Larissa Costa | B63: Consulta | C63: 46125 | D63: 2 | E63: 46185 | F63: 190 | G63: Sim | H63: 46188 | I63: =IF(A63="","",IF(G63="Sim","Paga",IF(E63="","Sem vencimento",IF(E63<Config!$B$5,"Vencida","A vencer")))) -> Paga | J63: =IF(I63="Vencida",Config!$B$5-E63,"") | K63: =IF(I63="A vencer",E63-Config!$B$5,"") | L63: =IF(I63<>"Vencida","",IF(COUNTIF(Config!$A$10:$A$13,"<="&J63)=0,"Antes da régua",INDEX(Config!$C$10:$C$13,COUNTIF(Config!$A$10:$A$13,"<="&J63)))) | M63: =IF(I63<>"Vencida","",IF(COUNTIF(Config!$A$10:$A$13,"<="&J63)=0,"Aguardar: ainda não chegou ao primeiro passo da régua.",INDEX(Config!$B$10:$B$13,COUNTIF(Config!$A$10:$A$13,"<="&J63)))) | N63: =IF(I63="Vencida",F63*J63+ROW()/100000,0) -> 0 | O63: =IF(AND(I63="A vencer",K63<=Config!$B$7),100000-K63-ROW()/100000,0) -> 0
A64: Camila Dias | B64: Avaliação endócrina | C64: 46126 | D64: 1 | E64: 46156 | F64: 200 | G64: Sim | H64: 46157 | I64: =IF(A64="","",IF(G64="Sim","Paga",IF(E64="","Sem vencimento",IF(E64<Config!$B$5,"Vencida","A vencer")))) -> Paga | J64: =IF(I64="Vencida",Config!$B$5-E64,"") | K64: =IF(I64="A vencer",E64-Config!$B$5,"") | L64: =IF(I64<>"Vencida","",IF(COUNTIF(Config!$A$10:$A$13,"<="&J64)=0,"Antes da régua",INDEX(Config!$C$10:$C$13,COUNTIF(Config!$A$10:$A$13,"<="&J64)))) | M64: =IF(I64<>"Vencida","",IF(COUNTIF(Config!$A$10:$A$13,"<="&J64)=0,"Aguardar: ainda não chegou ao primeiro passo da régua.",INDEX(Config!$B$10:$B$13,COUNTIF(Config!$A$10:$A$13,"<="&J64)))) | N64: =IF(I64="Vencida",F64*J64+ROW()/100000,0) -> 0 | O64: =IF(AND(I64="A vencer",K64<=Config!$B$7),100000-K64-ROW()/100000,0) -> 0
A65: Camila Dias | B65: Avaliação endócrina | C65: 46126 | D65: 2 | E65: 46186 | F65: 200 | G65: Sim | H65: 46186 | I65: =IF(A65="","",IF(G65="Sim","Paga",IF(E65="","Sem vencimento",IF(E65<Config!$B$5,"Vencida","A vencer")))) -> Paga | J65: =IF(I65="Vencida",Config!$B$5-E65,"") | K65: =IF(I65="A vencer",E65-Config!$B$5,"") | L65: =IF(I65<>"Vencida","",IF(COUNTIF(Config!$A$10:$A$13,"<="&J65)=0,"Antes da régua",INDEX(Config!$C$10:$C$13,COUNTIF(Config!$A$10:$A$13,"<="&J65)))) | M65: =IF(I65<>"Vencida","",IF(COUNTIF(Config!$A$10:$A$13,"<="&J65)=0,"Aguardar: ainda não chegou ao primeiro passo da régua.",INDEX(Config!$B$10:$B$13,COUNTIF(Config!$A$10:$A$13,"<="&J65)))) | N65: =IF(I65="Vencida",F65*J65+ROW()/100000,0) -> 0 | O65: =IF(AND(I65="A vencer",K65<=Config!$B$7),100000-K65-ROW()/100000,0) -> 0
A66: Carlos Freitas | B66: Avaliação endócrina | C66: 46126 | D66: 1 | E66: 46156 | F66: 200 | G66: Sim | H66: 46157 | I66: =IF(A66="","",IF(G66="Sim","Paga",IF(E66="","Sem vencimento",IF(E66<Config!$B$5,"Vencida","A vencer")))) -> Paga | J66: =IF(I66="Vencida",Config!$B$5-E66,"") | K66: =IF(I66="A vencer",E66-Config!$B$5,"") | L66: =IF(I66<>"Vencida","",IF(COUNTIF(Config!$A$10:$A$13,"<="&J66)=0,"Antes da régua",INDEX(Config!$C$10:$C$13,COUNTIF(Config!$A$10:$A$13,"<="&J66)))) | M66: =IF(I66<>"Vencida","",IF(COUNTIF(Config!$A$10:$A$13,"<="&J66)=0,"Aguardar: ainda não chegou ao primeiro passo da régua.",INDEX(Config!$B$10:$B$13,COUNTIF(Config!$A$10:$A$13,"<="&J66)))) | N66: =IF(I66="Vencida",F66*J66+ROW()/100000,0) -> 0 | O66: =IF(AND(I66="A vencer",K66<=Config!$B$7),100000-K66-ROW()/100000,0) -> 0
A67: Carlos Freitas | B67: Avaliação endócrina | C67: 46126 | D67: 2 | E67: 46186 | F67: 200 | G67: Sim | H67: 46187 | I67: =IF(A67="","",IF(G67="Sim","Paga",IF(E67="","Sem vencimento",IF(E67<Config!$B$5,"Vencida","A vencer")))) -> Paga | J67: =IF(I67="Vencida",Config!$B$5-E67,"") | K67: =IF(I67="A vencer",E67-Config!$B$5,"") | L67: =IF(I67<>"Vencida","",IF(COUNTIF(Config!$A$10:$A$13,"<="&J67)=0,"Antes da régua",INDEX(Config!$C$10:$C$13,COUNTIF(Config!$A$10:$A$13,"<="&J67)))) | M67: =IF(I67<>"Vencida","",IF(COUNTIF(Config!$A$10:$A$13,"<="&J67)=0,"Aguardar: ainda não chegou ao primeiro passo da régua.",INDEX(Config!$B$10:$B$13,COUNTIF(Config!$A$10:$A$13,"<="&J67)))) | N67: =IF(I67="Vencida",F67*J67+ROW()/100000,0) -> 0 | O67: =IF(AND(I67="A vencer",K67<=Config!$B$7),100000-K67-ROW()/100000,0) -> 0
A68: Mariana Reis | B68: Avaliação endócrina | C68: 46126 | D68: 1 | E68: 46156 | F68: 400 | G68: Sim | H68: 46157 | I68: =IF(A68="","",IF(G68="Sim","Paga",IF(E68="","Sem vencimento",IF(E68<Config!$B$5,"Vencida","A vencer")))) -> Paga | J68: =IF(I68="Vencida",Config!$B$5-E68,"") | K68: =IF(I68="A vencer",E68-Config!$B$5,"") | L68: =IF(I68<>"Vencida","",IF(COUNTIF(Config!$A$10:$A$13,"<="&J68)=0,"Antes da régua",INDEX(Config!$C$10:$C$13,COUNTIF(Config!$A$10:$A$13,"<="&J68)))) | M68: =IF(I68<>"Vencida","",IF(COUNTIF(Config!$A$10:$A$13,"<="&J68)=0,"Aguardar: ainda não chegou ao primeiro passo da régua.",INDEX(Config!$B$10:$B$13,COUNTIF(Config!$A$10:$A$13,"<="&J68)))) | N68: =IF(I68="Vencida",F68*J68+ROW()/100000,0) -> 0 | O68: =IF(AND(I68="A vencer",K68<=Config!$B$7),100000-K68-ROW()/100000,0) -> 0
A69: Patrícia Fernandes | B69: Consulta | C69: 46132 | D69: 1 | E69: 46162 | F69: 190 | G69: Sim | H69: 46165 | I69: =IF(A69="","",IF(G69="Sim","Paga",IF(E69="","Sem vencimento",IF(E69<Config!$B$5,"Vencida","A vencer")))) -> Paga | J69: =IF(I69="Vencida",Config!$B$5-E69,"") | K69: =IF(I69="A vencer",E69-Config!$B$5,"") | L69: =IF(I69<>"Vencida","",IF(COUNTIF(Config!$A$10:$A$13,"<="&J69)=0,"Antes da régua",INDEX(Config!$C$10:$C$13,COUNTIF(Config!$A$10:$A$13,"<="&J69)))) | M69: =IF(I69<>"Vencida","",IF(COUNTIF(Config!$A$10:$A$13,"<="&J69)=0,"Aguardar: ainda não chegou ao primeiro passo da régua.",INDEX(Config!$B$10:$B$13,COUNTIF(Config!$A$10:$A$13,"<="&J69)))) | N69: =IF(I69="Vencida",F69*J69+ROW()/100000,0) -> 0 | O69: =IF(AND(I69="A vencer",K69<=Config!$B$7),100000-K69-ROW()/100000,0) -> 0
A70: Patrícia Fernandes | B70: Consulta | C70: 46132 | D70: 2 | E70: 46192 | F70: 190 | G70: Sim | H70: 46192 | I70: =IF(A70="","",IF(G70="Sim","Paga",IF(E70="","Sem vencimento",IF(E70<Config!$B$5,"Vencida","A vencer")))) -> Paga | J70: =IF(I70="Vencida",Config!$B$5-E70,"") | K70: =IF(I70="A vencer",E70-Config!$B$5,"") | L70: =IF(I70<>"Vencida","",IF(COUNTIF(Config!$A$10:$A$13,"<="&J70)=0,"Antes da régua",INDEX(Config!$C$10:$C$13,COUNTIF(Config!$A$10:$A$13,"<="&J70)))) | M70: =IF(I70<>"Vencida","",IF(COUNTIF(Config!$A$10:$A$13,"<="&J70)=0,"Aguardar: ainda não chegou ao primeiro passo da régua.",INDEX(Config!$B$10:$B$13,COUNTIF(Config!$A$10:$A$13,"<="&J70)))) | N70: =IF(I70="Vencida",F70*J70+ROW()/100000,0) -> 0 | O70: =IF(AND(I70="A vencer",K70<=Config!$B$7),100000-K70-ROW()/100000,0) -> 0
... A90: Beatriz Gomes | B90: Avaliação endócrina | C90: 46156 | D90: 2 | E90: 46216 | F90: 200 | G90: Sim | H90: 46216 | I90: =IF(A90="","",IF(G90="Sim","Paga",IF(E90="","Sem vencimento",IF(E90<Config!$B$5,"Vencida","A vencer")))) -> Paga | J90: =IF(I90="Vencida",Config!$B$5-E90,"") | K90: =IF(I90="A vencer",E90-Config!$B$5,"") | L90: =IF(I90<>"Vencida","",IF(COUNTIF(Config!$A$10:$A$13,"<="&J90)=0,"Antes da régua",INDEX(Config!$C$10:$C$13,COUNTIF(Config!$A$10:$A$13,"<="&J90)))) | M90: =IF(I90<>"Vencida","",IF(COUNTIF(Config!$A$10:$A$13,"<="&J90)=0,"Aguardar: ainda não chegou ao primeiro passo da régua.",INDEX(Config!$B$10:$B$13,COUNTIF(Config!$A$10:$A$13,"<="&J90)))) | N90: =IF(I90="Vencida",F90*J90+ROW()/100000,0) -> 0 | O90: =IF(AND(I90="A vencer",K90<=Config!$B$7),100000-K90-ROW()/100000,0) -> 0
A91: Helena Moreira | B91: Consulta | C91: 46156 | D91: 1 | E91: 46186 | F91: 380 | G91: Não | I91: =IF(A91="","",IF(G91="Sim","Paga",IF(E91="","Sem vencimento",IF(E91<Config!$B$5,"Vencida","A vencer")))) -> Vencida | J91: =IF(I91="Vencida",Config!$B$5-E91,"") -> 93 | K91: =IF(I91="A vencer",E91-Config!$B$5,"") | L91: =IF(I91<>"Vencida","",IF(COUNTIF(Config!$A$10:$A$13,"<="&J91)=0,"Antes da régua",INDEX(Config!$C$10:$C$13,COUNTIF(Config!$A$10:$A$13,"<="&J91)))) -> 30 dias ou mais | M91: =IF(I91<>"Vencida","",IF(COUNTIF(Config!$A$10:$A$13,"<="&J91)=0,"Aguardar: ainda não chegou ao primeiro passo da régua.",INDEX(Config!$B$10:$B$13,COUNTIF(Config!$A$10:$A$13,"<="&J91)))) -> Conversa do médico ou da administração para combinar um plano de pagamento; registrar por escrito o que foi combinado. | N91: =IF(I91="Vencida",F91*J91+ROW()/100000,0) -> 35340.001 | O91: =IF(AND(I91="A vencer",K91<=Config!$B$7),100000-K91-ROW()/100000,0) -> 0
A92: Regina Macedo | B92: Consulta | C92: 46156 | D92: 1 | E92: 46186 | F92: 380 | G92: Sim | H92: 46187 | I92: =IF(A92="","",IF(G92="Sim","Paga",IF(E92="","Sem vencimento",IF(E92<Config!$B$5,"Vencida","A vencer")))) -> Paga | J92: =IF(I92="Vencida",Config!$B$5-E92,"") | K92: =IF(I92="A vencer",E92-Config!$B$5,"") | L92: =IF(I92<>"Vencida","",IF(COUNTIF(Config!$A$10:$A$13,"<="&J92)=0,"Antes da régua",INDEX(Config!$C$10:$C$13,COUNTIF(Config!$A$10:$A$13,"<="&J92)))) | M92: =IF(I92<>"Vencida","",IF(COUNTIF(Config!$A$10:$A$13,"<="&J92)=0,"Aguardar: ainda não chegou ao primeiro passo da régua.",INDEX(Config!$B$10:$B$13,COUNTIF(Config!$A$10:$A$13,"<="&J92)))) | N92: =IF(I92="Vencida",F92*J92+ROW()/100000,0) -> 0 | O92: =IF(AND(I92="A vencer",K92<=Config!$B$7),100000-K92-ROW()/100000,0) -> 0
A93: Leandro Oliveira | B93: Teste ergométrico | C93: 46157 | D93: 1 | E93: 46187 | F93: 225 | G93: Sim | H93: 46192 | I93: =IF(A93="","",IF(G93="Sim","Paga",IF(E93="","Sem vencimento",IF(E93<Config!$B$5,"Vencida","A vencer")))) -> Paga | J93: =IF(I93="Vencida",Config!$B$5-E93,"") | K93: =IF(I93="A vencer",E93-Config!$B$5,"") | L93: =IF(I93<>"Vencida","",IF(COUNTIF(Config!$A$10:$A$13,"<="&J93)=0,"Antes da régua",INDEX(Config!$C$10:$C$13,COUNTIF(Config!$A$10:$A$13,"<="&J93)))) | M93: =IF(I93<>"Vencida","",IF(COUNTIF(Config!$A$10:$A$13,"<="&J93)=0,"Aguardar: ainda não chegou ao primeiro passo da régua.",INDEX(Config!$B$10:$B$13,COUNTIF(Config!$A$10:$A$13,"<="&J93)))) | N93: =IF(I93="Vencida",F93*J93+ROW()/100000,0) -> 0 | O93: =IF(AND(I93="A vencer",K93<=Config!$B$7),100000-K93-ROW()/100000,0) -> 0
A94: Leandro Oliveira | B94: Teste ergométrico | C94: 46157 | D94: 2 | E94: 46217 | F94: 225 | G94: Sim | H94: 46217 | I94: =IF(A94="","",IF(G94="Sim","Paga",IF(E94="","Sem vencimento",IF(E94<Config!$B$5,"Vencida","A vencer")))) -> Paga | J94: =IF(I94="Vencida",Config!$B$5-E94,"") | K94: =IF(I94="A vencer",E94-Config!$B$5,"") | L94: =IF(I94<>"Vencida","",IF(COUNTIF(Config!$A$10:$A$13,"<="&J94)=0,"Antes da régua",INDEX(Config!$C$10:$C$13,COUNTIF(Config!$A$10:$A$13,"<="&J94)))) | M94: =IF(I94<>"Vencida","",IF(COUNTIF(Config!$A$10:$A$13,"<="&J94)=0,"Aguardar: ainda não chegou ao primeiro passo da régua.",INDEX(Config!$B$10:$B$13,COUNTIF(Config!$A$10:$A$13,"<="&J94)))) | N94: =IF(I94="Vencida",F94*J94+ROW()/100000,0) -> 0 | O94: =IF(AND(I94="A vencer",K94<=Config!$B$7),100000-K94-ROW()/100000,0) -> 0
A95: Fábio Correia | B95: Consulta | C95: 46160 | D95: 1 | E95: 46190 | F95: 380 | G95: Sim | H95: 46191 | I95: =IF(A95="","",IF(G95="Sim","Paga",IF(E95="","Sem vencimento",IF(E95<Config!$B$5,"Vencida","A vencer")))) -> Paga | J95: =IF(I95="Vencida",Config!$B$5-E95,"") | K95: =IF(I95="A vencer",E95-Config!$B$5,"") | L95: =IF(I95<>"Vencida","",IF(COUNTIF(Config!$A$10:$A$13,"<="&J95)=0,"Antes da régua",INDEX(Config!$C$10:$C$13,COUNTIF(Config!$A$10:$A$13,"<="&J95)))) | M95: =IF(I95<>"Vencida","",IF(COUNTIF(Config!$A$10:$A$13,"<="&J95)=0,"Aguardar: ainda não chegou ao primeiro passo da régua.",INDEX(Config!$B$10:$B$13,COUNTIF(Config!$A$10:$A$13,"<="&J95)))) | N95: =IF(I95="Vencida",F95*J95+ROW()/100000,0) -> 0 | O95: =IF(AND(I95="A vencer",K95<=Config!$B$7),100000-K95-ROW()/100000,0) -> 0
A96: Wagner Lima | B96: Check-up cardiológico (consulta + ECG + teste ergométrico) | C96: 46160 | D96: 1 | E96: 46190 | F96: 480 | G96: Sim | H96: 46191 | I96: =IF(A96="","",IF(G96="Sim","Paga",IF(E96="","Sem vencimento",IF(E96<Config!$B$5,"Vencida","A vencer")))) -> Paga | J96: =IF(I96="Vencida",Config!$B$5-E96,"") | K96: =IF(I96="A vencer",E96-Config!$B$5,"") | L96: =IF(I96<>"Vencida","",IF(COUNTIF(Config!$A$10:$A$13,"<="&J96)=0,"Antes da régua",INDEX(Config!$C$10:$C$13,COUNTIF(Config!$A$10:$A$13,"<="&J96)))) | M96: =IF(I96<>"Vencida","",IF(COUNTIF(Config!$A$10:$A$13,"<="&J96)=0,"Aguardar: ainda não chegou ao primeiro passo da régua.",INDEX(Config!$B$10:$B$13,COUNTIF(Config!$A$10:$A$13,"<="&J96)))) | N96: =IF(I96="Vencida",F96*J96+ROW()/100000,0) -> 0 | O96: =IF(AND(I96="A vencer",K96<=Config!$B$7),100000-K96-ROW()/100000,0) -> 0
A97: Wagner Lima | B97: Check-up cardiológico (consulta + ECG + teste ergométrico) | C97: 46160 | D97: 2 | E97: 46220 | F97: 480 | G97: Sim | H97: 46221 | I97: =IF(A97="","",IF(G97="Sim","Paga",IF(E97="","Sem vencimento",IF(E97<Config!$B$5,"Vencida","A vencer")))) -> Paga | J97: =IF(I97="Vencida",Config!$B$5-E97,"") | K97: =IF(I97="A vencer",E97-Config!$B$5,"") | L97: =IF(I97<>"Vencida","",IF(COUNTIF(Config!$A$10:$A$13,"<="&J97)=0,"Antes da régua",INDEX(Config!$C$10:$C$13,COUNTIF(Config!$A$10:$A$13,"<="&J97)))) | M97: =IF(I97<>"Vencida","",IF(COUNTIF(Config!$A$10:$A$13,"<="&J97)=0,"Aguardar: ainda não chegou ao primeiro passo da régua.",INDEX(Config!$B$10:$B$13,COUNTIF(Config!$A$10:$A$13,"<="&J97)))) | N97: =IF(I97="Vencida",F97*J97+ROW()/100000,0) -> 0 | O97: =IF(AND(I97="A vencer",K97<=Config!$B$7),100000-K97-ROW()/100000,0) -> 0
A98: Otávio Nascimento | B98: MAPA | C98: 46161 | D98: 1 | E98: 46191 | F98: 300 | G98: Sim | H98: 46194 | I98: =IF(A98="","",IF(G98="Sim","Paga",IF(E98="","Sem vencimento",IF(E98<Config!$B$5,"Vencida","A vencer")))) -> Paga | J98: =IF(I98="Vencida",Config!$B$5-E98,"") | K98: =IF(I98="A vencer",E98-Config!$B$5,"") | L98: =IF(I98<>"Vencida","",IF(COUNTIF(Config!$A$10:$A$13,"<="&J98)=0,"Antes da régua",INDEX(Config!$C$10:$C$13,COUNTIF(Config!$A$10:$A$13,"<="&J98)))) | M98: =IF(I98<>"Vencida","",IF(COUNTIF(Config!$A$10:$A$13,"<="&J98)=0,"Aguardar: ainda não chegou ao primeiro passo da régua.",INDEX(Config!$B$10:$B$13,COUNTIF(Config!$A$10:$A$13,"<="&J98)))) | N98: =IF(I98="Vencida",F98*J98+ROW()/100000,0) -> 0 | O98: =IF(AND(I98="A vencer",K98<=Config!$B$7),100000-K98-ROW()/100000,0) -> 0
A99: Mariana Nascimento | B99: Consulta | C99: 46162 | D99: 1 | E99: 46192 | F99: 380 | G99: Não | I99: =IF(A99="","",IF(G99="Sim","Paga",IF(E99="","Sem vencimento",IF(E99<Config!$B$5,"Vencida","A vencer")))) -> Vencida | J99: =IF(I99="Vencida",Config!$B$5-E99,"") -> 87 | K99: =IF(I99="A vencer",E99-Config!$B$5,"") | L99: =IF(I99<>"Vencida","",IF(COUNTIF(Config!$A$10:$A$13,"<="&J99)=0,"Antes da régua",INDEX(Config!$C$10:$C$13,COUNTIF(Config!$A$10:$A$13,"<="&J99)))) -> 30 dias ou mais | M99: =IF(I99<>"Vencida","",IF(COUNTIF(Config!$A$10:$A$13,"<="&J99)=0,"Aguardar: ainda não chegou ao primeiro passo da régua.",INDEX(Config!$B$10:$B$13,COUNTIF(Config!$A$10:$A$13,"<="&J99)))) -> Conversa do médico ou da administração para combinar um plano de pagamento; registrar por escrito o que foi combinado. | N99: =IF(I99="Vencida",F99*J99+ROW()/100000,0) -> 33060.001 | O99: =IF(AND(I99="A vencer",K99<=Config!$B$7),100000-K99-ROW()/100000,0) -> 0
A100: Paulo Reis | B100: Consulta | C100: 46167 | D100: 1 | E100: 46197 | F100: 380 | G100: Sim | H100: 46198 | I100: =IF(A100="","",IF(G100="Sim","Paga",IF(E100="","Sem vencimento",IF(E100<Config!$B$5,"Vencida","A vencer")))) -> Paga | J100: =IF(I100="Vencida",Config!$B$5-E100,"") | K100: =IF(I100="A vencer",E100-Config!$B$5,"") | L100: =IF(I100<>"Vencida","",IF(COUNTIF(Config!$A$10:$A$13,"<="&J100)=0,"Antes da régua",INDEX(Config!$C$10:$C$13,COUNTIF(Config!$A$10:$A$13,"<="&J100)))) | M100: =IF(I100<>"Vencida","",IF(COUNTIF(Config!$A$10:$A$13,"<="&J100)=0,"Aguardar: ainda não chegou ao primeiro passo da régua.",INDEX(Config!$B$10:$B$13,COUNTIF(Config!$A$10:$A$13,"<="&J100)))) | N100: =IF(I100="Vencida",F100*J100+ROW()/100000,0) -> 0 | O100: =IF(AND(I100="A vencer",K100<=Config!$B$7),100000-K100-ROW()/100000,0) -> 0
A101: Camila Dias | B101: Avaliação endócrina | C101: 46170 | D101: 1 | E101: 46200 | F101: 400 | G101: Sim | H101: 46200 | I101: =IF(A101="","",IF(G101="Sim","Paga",IF(E101="","Sem vencimento",IF(E101<Config!$B$5,"Vencida","A vencer")))) -> Paga | J101: =IF(I101="Vencida",Config!$B$5-E101,"") | K101: =IF(I101="A vencer",E101-Config!$B$5,"") | L101: =IF(I101<>"Vencida","",IF(COUNTIF(Config!$A$10:$A$13,"<="&J101)=0,"Antes da régua",INDEX(Config!$C$10:$C$13,COUNTIF(Config!$A$10:$A$13,"<="&J101)))) | M101: =IF(I101<>"Vencida","",IF(COUNTIF(Config!$A$10:$A$13,"<="&J101)=0,"Aguardar: ainda não chegou ao primeiro passo da régua.",INDEX(Config!$B$10:$B$13,COUNTIF(Config!$A$10:$A$13,"<="&J101)))) | N101: =IF(I101="Vencida",F101*J101+ROW()/100000,0) -> 0 | O101: =IF(AND(I101="A vencer",K101<=Config!$B$7),100000-K101-ROW()/100000,0) -> 0
A102: Elaine Cardoso | B102: Consulta | C102: 46170 | D102: 1 | E102: 46200 | F102: 380 | G102: Sim | H102: 46201 | I102: =IF(A102="","",IF(G102="Sim","Paga",IF(E102="","Sem vencimento",IF(E102<Config!$B$5,"Vencida","A vencer")))) -> Paga | J102: =IF(I102="Vencida",Config!$B$5-E102,"") | K102: =IF(I102="A vencer",E102-Config!$B$5,"") | L102: =IF(I102<>"Vencida","",IF(COUNTIF(Config!$A$10:$A$13,"<="&J102)=0,"Antes da régua",INDEX(Config!$C$10:$C$13,COUNTIF(Config!$A$10:$A$13,"<="&J102)))) | M102: =IF(I102<>"Vencida","",IF(COUNTIF(Config!$A$10:$A$13,"<="&J102)=0,"Aguardar: ainda não chegou ao primeiro passo da régua.",INDEX(Config!$B$10:$B$13,COUNTIF(Config!$A$10:$A$13,"<="&J102)))) | N102: =IF(I102="Vencida",F102*J102+ROW()/100000,0) -> 0 | O102: =IF(AND(I102="A vencer",K102<=Config!$B$7),100000-K102-ROW()/100000,0) -> 0
A103: Mariana Nascimento | B103: Consulta | C103: 46170 | D103: 1 | E103: 46200 | F103: 380 | G103: Não | I103: =IF(A103="","",IF(G103="Sim","Paga",IF(E103="","Sem vencimento",IF(E103<Config!$B$5,"Vencida","A vencer")))) -> Vencida | J103: =IF(I103="Vencida",Config!$B$5-E103,"") -> 79 | K103: =IF(I103="A vencer",E103-Config!$B$5,"") | L103: =IF(I103<>"Vencida","",IF(COUNTIF(Config!$A$10:$A$13,"<="&J103)=0,"Antes da régua",INDEX(Config!$C$10:$C$13,COUNTIF(Config!$A$10:$A$13,"<="&J103)))) -> 30 dias ou mais | M103: =IF(I103<>"Vencida","",IF(COUNTIF(Config!$A$10:$A$13,"<="&J103)=0,"Aguardar: ainda não chegou ao primeiro passo da régua.",INDEX(Config!$B$10:$B$13,COUNTIF(Config!$A$10:$A$13,"<="&J103)))) -> Conversa do médico ou da administração para combinar um plano de pagamento; registrar por escrito o que foi combinado. | N103: =IF(I103="Vencida",F103*J103+ROW()/100000,0) -> 30020.001 | O103: =IF(AND(I103="A vencer",K103<=Config!$B$7),100000-K103-ROW()/100000,0) -> 0
A104: Gustavo Pinto | B104: Consulta | C104: 46171 | D104: 1 | E104: 46201 | F104: 190 | G104: Sim | H104: 46201 | I104: =IF(A104="","",IF(G104="Sim","Paga",IF(E104="","Sem vencimento",IF(E104<Config!$B$5,"Vencida","A vencer")))) -> Paga | J104: =IF(I104="Vencida",Config!$B$5-E104,"") | K104: =IF(I104="A vencer",E104-Config!$B$5,"") | L104: =IF(I104<>"Vencida","",IF(COUNTIF(Config!$A$10:$A$13,"<="&J104)=0,"Antes da régua",INDEX(Config!$C$10:$C$13,COUNTIF(Config!$A$10:$A$13,"<="&J104)))) | M104: =IF(I104<>"Vencida","",IF(COUNTIF(Config!$A$10:$A$13,"<="&J104)=0,"Aguardar: ainda não chegou ao primeiro passo da régua.",INDEX(Config!$B$10:$B$13,COUNTIF(Config!$A$10:$A$13,"<="&J104)))) | N104: =IF(I104="Vencida",F104*J104+ROW()/100000,0) -> 0 | O104: =IF(AND(I104="A vencer",K104<=Config!$B$7),100000-K104-ROW()/100000,0) -> 0
A105: Gustavo Pinto | B105: Consulta | C105: 46171 | D105: 2 | E105: 46231 | F105: 190 | G105: Sim | H105: 46232 | I105: =IF(A105="","",IF(G105="Sim","Paga",IF(E105="","Sem vencimento",IF(E105<Config!$B$5,"Vencida","A vencer")))) -> Paga | J105: =IF(I105="Vencida",Config!$B$5-E105,"") | K105: =IF(I105="A vencer",E105-Config!$B$5,"") | L105: =IF(I105<>"Vencida","",IF(COUNTIF(Config!$A$10:$A$13,"<="&J105)=0,"Antes da régua",INDEX(Config!$C$10:$C$13,COUNTIF(Config!$A$10:$A$13,"<="&J105)))) | M105: =IF(I105<>"Vencida","",IF(COUNTIF(Config!$A$10:$A$13,"<="&J105)=0,"Aguardar: ainda não chegou ao primeiro passo da régua.",INDEX(Config!$B$10:$B$13,COUNTIF(Config!$A$10:$A$13,"<="&J105)))) | N105: =IF(I105="Vencida",F105*J105+ROW()/100000,0) -> 0 | O105: =IF(AND(I105="A vencer",K105<=Config!$B$7),100000-K105-ROW()/100000,0) -> 0
A106: Marcelo Moreira | B106: MAPA | C106: 46175 | D106: 1 | E106: 46205 | F106: 150 | G106: Sim | H106: 46207 | I106: =IF(A106="","",IF(G106="Sim","Paga",IF(E106="","Sem vencimento",IF(E106<Config!$B$5,"Vencida","A vencer")))) -> Paga | J106: =IF(I106="Vencida",Config!$B$5-E106,"") | K106: =IF(I106="A vencer",E106-Config!$B$5,"") | L106: =IF(I106<>"Vencida","",IF(COUNTIF(Config!$A$10:$A$13,"<="&J106)=0,"Antes da régua",INDEX(Config!$C$10:$C$13,COUNTIF(Config!$A$10:$A$13,"<="&J106)))) | M106: =IF(I106<>"Vencida","",IF(COUNTIF(Config!$A$10:$A$13,"<="&J106)=0,"Aguardar: ainda não chegou ao primeiro passo da régua.",INDEX(Config!$B$10:$B$13,COUNTIF(Config!$A$10:$A$13,"<="&J106)))) | N106: =IF(I106="Vencida",F106*J106+ROW()/100000,0) -> 0 | O106: =IF(AND(I106="A vencer",K106<=Config!$B$7),100000-K106-ROW()/100000,0) -> 0
A107: Marcelo Moreira | B107: MAPA | C107: 46175 | D107: 2 | E107: 46235 | F107: 150 | G107: Sim | H107: 46240 | I107: =IF(A107="","",IF(G107="Sim","Paga",IF(E107="","Sem vencimento",IF(E107<Config!$B$5,"Vencida","A vencer")))) -> Paga | J107: =IF(I107="Vencida",Config!$B$5-E107,"") | K107: =IF(I107="A vencer",E107-Config!$B$5,"") | L107: =IF(I107<>"Vencida","",IF(COUNTIF(Config!$A$10:$A$13,"<="&J107)=0,"Antes da régua",INDEX(Config!$C$10:$C$13,COUNTIF(Config!$A$10:$A$13,"<="&J107)))) | M107: =IF(I107<>"Vencida","",IF(COUNTIF(Config!$A$10:$A$13,"<="&J107)=0,"Aguardar: ainda não chegou ao primeiro passo da régua.",INDEX(Config!$B$10:$B$13,COUNTIF(Config!$A$10:$A$13,"<="&J107)))) | N107: =IF(I107="Vencida",F107*J107+ROW()/100000,0) -> 0 | O107: =IF(AND(I107="A vencer",K107<=Config!$B$7),100000-K107-ROW()/100000,0) -> 0
A108: Wagner Costa | B108: Consulta | C108: 46175 | D108: 1 | E108: 46205 | F108: 380 | G108: Sim | H108: 46205 | I108: =IF(A108="","",IF(G108="Sim","Paga",IF(E108="","Sem vencimento",IF(E108<Config!$B$5,"Vencida","A vencer")))) -> Paga | J108: =IF(I108="Vencida",Config!$B$5-E108,"") | K108: =IF(I108="A vencer",E108-Config!$B$5,"") | L108: =IF(I108<>"Vencida","",IF(COUNTIF(Config!$A$10:$A$13,"<="&J108)=0,"Antes da régua",INDEX(Config!$C$10:$C$13,COUNTIF(Config!$A$10:$A$13,"<="&J108)))) | M108: =IF(I108<>"Vencida","",IF(COUNTIF(Config!$A$10:$A$13,"<="&J108)=0,"Aguardar: ainda não chegou ao primeiro passo da régua.",INDEX(Config!$B$10:$B$13,COUNTIF(Config!$A$10:$A$13,"<="&J108)))) | N108: =IF(I108="Vencida",F108*J108+ROW()/100000,0) -> 0 | O108: =IF(AND(I108="A vencer",K108<=Config!$B$7),100000-K108-ROW()/100000,0) -> 0
A109: Ana Costa | B109: Consulta | C109: 46176 | D109: 1 | E109: 46206 | F109: 380 | G109: Sim | H109: 46209 | I109: =IF(A109="","",IF(G109="Sim","Paga",IF(E109="","Sem vencimento",IF(E109<Config!$B$5,"Vencida","A vencer")))) -> Paga | J109: =IF(I109="Vencida",Config!$B$5-E109,"") | K109: =IF(I109="A vencer",E109-Config!$B$5,"") | L109: =IF(I109<>"Vencida","",IF(COUNTIF(Config!$A$10:$A$13,"<="&J109)=0,"Antes da régua",INDEX(Config!$C$10:$C$13,COUNTIF(Config!$A$10:$A$13,"<="&J109)))) | M109: =IF(I109<>"Vencida","",IF(COUNTIF(Config!$A$10:$A$13,"<="&J109)=0,"Aguardar: ainda não chegou ao primeiro passo da régua.",INDEX(Config!$B$10:$B$13,COUNTIF(Config!$A$10:$A$13,"<="&J109)))) | N109: =IF(I109="Vencida",F109*J109+ROW()/100000,0) -> 0 | O109: =IF(AND(I109="A vencer",K109<=Config!$B$7),100000-K109-ROW()/100000,0) -> 0
A110: Regina Teixeira | B110: Consulta | C110: 46183 | D110: 1 | E110: 46213 | F110: 190 | G110: Sim | H110: 46216 | I110: =IF(A110="","",IF(G110="Sim","Paga",IF(E110="","Sem vencimento",IF(E110<Config!$B$5,"Vencida","A vencer")))) -> Paga | J110: =IF(I110="Vencida",Config!$B$5-E110,"") | K110: =IF(I110="A vencer",E110-Config!$B$5,"") | L110: =IF(I110<>"Vencida","",IF(COUNTIF(Config!$A$10:$A$13,"<="&J110)=0,"Antes da régua",INDEX(Config!$C$10:$C$13,COUNTIF(Config!$A$10:$A$13,"<="&J110)))) | M110: =IF(I110<>"Vencida","",IF(COUNTIF(Config!$A$10:$A$13,"<="&J110)=0,"Aguardar: ainda não chegou ao primeiro passo da régua.",INDEX(Config!$B$10:$B$13,COUNTIF(Config!$A$10:$A$13,"<="&J110)))) | N110: =IF(I110="Vencida",F110*J110+ROW()/100000,0) -> 0 | O110: =IF(AND(I110="A vencer",K110<=Config!$B$7),100000-K110-ROW()/100000,0) -> 0
A111: Regina Teixeira | B111: Consulta | C111: 46183 | D111: 2 | E111: 46243 | F111: 190 | G111: Sim | H111: 46243 | I111: =IF(A111="","",IF(G111="Sim","Paga",IF(E111="","Sem vencimento",IF(E111<Config!$B$5,"Vencida","A vencer")))) -> Paga | J111: =IF(I111="Vencida",Config!$B$5-E111,"") | K111: =IF(I111="A vencer",E111-Config!$B$5,"") | L111: =IF(I111<>"Vencida","",IF(COUNTIF(Config!$A$10:$A$13,"<="&J111)=0,"Antes da régua",INDEX(Config!$C$10:$C$13,COUNTIF(Config!$A$10:$A$13,"<="&J111)))) | M111: =IF(I111<>"Vencida","",IF(COUNTIF(Config!$A$10:$A$13,"<="&J111)=0,"Aguardar: ainda não chegou ao primeiro passo da régua.",INDEX(Config!$B$10:$B$13,COUNTIF(Config!$A$10:$A$13,"<="&J111)))) | N111: =IF(I111="Vencida",F111*J111+ROW()/100000,0) -> 0 | O111: =IF(AND(I111="A vencer",K111<=Config!$B$7),100000-K111-ROW()/100000,0) -> 0
A112: Leandro Oliveira | B112: ECG | C112: 46185 | D112: 1 | E112: 46215 | F112: 130 | G112: Sim | H112: 46215 | I112: =IF(A112="","",IF(G112="Sim","Paga",IF(E112="","Sem vencimento",IF(E112<Config!$B$5,"Vencida","A vencer")))) -> Paga | J112: =IF(I112="Vencida",Config!$B$5-E112,"") | K112: =IF(I112="A vencer",E112-Config!$B$5,"") | L112: =IF(I112<>"Vencida","",IF(COUNTIF(Config!$A$10:$A$13,"<="&J112)=0,"Antes da régua",INDEX(Config!$C$10:$C$13,COUNTIF(Config!$A$10:$A$13,"<="&J112)))) | M112: =IF(I112<>"Vencida","",IF(COUNTIF(Config!$A$10:$A$13,"<="&J112)=0,"Aguardar: ainda não chegou ao primeiro passo da régua.",INDEX(Config!$B$10:$B$13,COUNTIF(Config!$A$10:$A$13,"<="&J112)))) | N112: =IF(I112="Vencida",F112*J112+ROW()/100000,0) -> 0 | O112: =IF(AND(I112="A vencer",K112<=Config!$B$7),100000-K112-ROW()/100000,0) -> 0
A113: Cláudia Costa | B113: Consulta | C113: 46188 | D113: 1 | E113: 46218 | F113: 190 | G113: Sim | H113: 46219 | I113: =IF(A113="","",IF(G113="Sim","Paga",IF(E113="","Sem vencimento",IF(E113<Config!$B$5,"Vencida","A vencer")))) -> Paga | J113: =IF(I113="Vencida",Config!$B$5-E113,"") | K113: =IF(I113="A vencer",E113-Config!$B$5,"") | L113: =IF(I113<>"Vencida","",IF(COUNTIF(Config!$A$10:$A$13,"<="&J113)=0,"Antes da régua",INDEX(Config!$C$10:$C$13,COUNTIF(Config!$A$10:$A$13,"<="&J113)))) | M113: =IF(I113<>"Vencida","",IF(COUNTIF(Config!$A$10:$A$13,"<="&J113)=0,"Aguardar: ainda não chegou ao primeiro passo da régua.",INDEX(Config!$B$10:$B$13,COUNTIF(Config!$A$10:$A$13,"<="&J113)))) | N113: =IF(I113="Vencida",F113*J113+ROW()/100000,0) -> 0 | O113: =IF(AND(I113="A vencer",K113<=Config!$B$7),100000-K113-ROW()/100000,0) -> 0
A114: Cláudia Costa | B114: Consulta | C114: 46188 | D114: 2 | E114: 46248 | F114: 190 | G114: Sim | H114: 46251 | I114: =IF(A114="","",IF(G114="Sim","Paga",IF(E114="","Sem vencimento",IF(E114<Config!$B$5,"Vencida","A vencer")))) -> Paga | J114: =IF(I114="Vencida",Config!$B$5-E114,"") | K114: =IF(I114="A vencer",E114-Config!$B$5,"") | L114: =IF(I114<>"Vencida","",IF(COUNTIF(Config!$A$10:$A$13,"<="&J114)=0,"Antes da régua",INDEX(Config!$C$10:$C$13,COUNTIF(Config!$A$10:$A$13,"<="&J114)))) | M114: =IF(I114<>"Vencida","",IF(COUNTIF(Config!$A$10:$A$13,"<="&J114)=0,"Aguardar: ainda não chegou ao primeiro passo da régua.",INDEX(Config!$B$10:$B$13,COUNTIF(Config!$A$10:$A$13,"<="&J114)))) | N114: =IF(I114="Vencida",F114*J114+ROW()/100000,0) -> 0 | O114: =IF(AND(I114="A vencer",K114<=Config!$B$7),100000-K114-ROW()/100000,0) -> 0
A115: Rafael Barros | B115: Holter | C115: 46188 | D115: 1 | E115: 46218 | F115: 175 | G115: Sim | H115: 46223 | I115: =IF(A115="","",IF(G115="Sim","Paga",IF(E115="","Sem vencimento",IF(E115<Config!$B$5,"Vencida","A vencer")))) -> Paga | J115: =IF(I115="Vencida",Config!$B$5-E115,"") | K115: =IF(I115="A vencer",E115-Config!$B$5,"") | L115: =IF(I115<>"Vencida","",IF(COUNTIF(Config!$A$10:$A$13,"<="&J115)=0,"Antes da régua",INDEX(Config!$C$10:$C$13,COUNTIF(Config!$A$10:$A$13,"<="&J115)))) | M115: =IF(I115<>"Vencida","",IF(COUNTIF(Config!$A$10:$A$13,"<="&J115)=0,"Aguardar: ainda não chegou ao primeiro passo da régua.",INDEX(Config!$B$10:$B$13,COUNTIF(Config!$A$10:$A$13,"<="&J115)))) | N115: =IF(I115="Vencida",F115*J115+ROW()/100000,0) -> 0 | O115: =IF(AND(I115="A vencer",K115<=Config!$B$7),100000-K115-ROW()/100000,0) -> 0
A116: Rafael Barros | B116: Holter | C116: 46188 | D116: 2 | E116: 46248 | F116: 175 | G116: Não | I116: =IF(A116="","",IF(G116="Sim","Paga",IF(E116="","Sem vencimento",IF(E116<Config!$B$5,"Vencida","A vencer")))) -> Vencida | J116: =IF(I116="Vencida",Config!$B$5-E116,"") -> 31 | K116: =IF(I116="A vencer",E116-Config!$B$5,"") | L116: =IF(I116<>"Vencida","",IF(COUNTIF(Config!$A$10:$A$13,"<="&J116)=0,"Antes da régua",INDEX(Config!$C$10:$C$13,COUNTIF(Config!$A$10:$A$13,"<="&J116)))) -> 30 dias ou mais | M116: =IF(I116<>"Vencida","",IF(COUNTIF(Config!$A$10:$A$13,"<="&J116)=0,"Aguardar: ainda não chegou ao primeiro passo da régua.",INDEX(Config!$B$10:$B$13,COUNTIF(Config!$A$10:$A$13,"<="&J116)))) -> Conversa do médico ou da administração para combinar um plano de pagamento; registrar por escrito o que foi combinado. | N116: =IF(I116="Vencida",F116*J116+ROW()/100000,0) -> 5425.0012 | O116: =IF(AND(I116="A vencer",K116<=Config!$B$7),100000-K116-ROW()/100000,0) -> 0
A117: Gabriel Oliveira | B117: Consulta | C117: 46189 | D117: 1 | E117: 46219 | F117: 380 | G117: Sim | H117: 46219 | I117: =IF(A117="","",IF(G117="Sim","Paga",IF(E117="","Sem vencimento",IF(E117<Config!$B$5,"Vencida","A vencer")))) -> Paga | J117: =IF(I117="Vencida",Config!$B$5-E117,"") | K117: =IF(I117="A vencer",E117-Config!$B$5,"") | L117: =IF(I117<>"Vencida","",IF(COUNTIF(Config!$A$10:$A$13,"<="&J117)=0,"Antes da régua",INDEX(Config!$C$10:$C$13,COUNTIF(Config!$A$10:$A$13,"<="&J117)))) | M117: =IF(I117<>"Vencida","",IF(COUNTIF(Config!$A$10:$A$13,"<="&J117)=0,"Aguardar: ainda não chegou ao primeiro passo da régua.",INDEX(Config!$B$10:$B$13,COUNTIF(Config!$A$10:$A$13,"<="&J117)))) | N117: =IF(I117="Vencida",F117*J117+ROW()/100000,0) -> 0 | O117: =IF(AND(I117="A vencer",K117<=Config!$B$7),100000-K117-ROW()/100000,0) -> 0
A118: Mariana Gomes | B118: Avaliação endócrina | C118: 46189 | D118: 1 | E118: 46219 | F118: 400 | G118: Sim | H118: 46221 | I118: =IF(A118="","",IF(G118="Sim","Paga",IF(E118="","Sem vencimento",IF(E118<Config!$B$5,"Vencida","A vencer")))) -> Paga | J118: =IF(I118="Vencida",Config!$B$5-E118,"") | K118: =IF(I118="A vencer",E118-Config!$B$5,"") | L118: =IF(I118<>"Vencida","",IF(COUNTIF(Config!$A$10:$A$13,"<="&J118)=0,"Antes da régua",INDEX(Config!$C$10:$C$13,COUNTIF(Config!$A$10:$A$13,"<="&J118)))) | M118: =IF(I118<>"Vencida","",IF(COUNTIF(Config!$A$10:$A$13,"<="&J118)=0,"Aguardar: ainda não chegou ao primeiro passo da régua.",INDEX(Config!$B$10:$B$13,COUNTIF(Config!$A$10:$A$13,"<="&J118)))) | N118: =IF(I118="Vencida",F118*J118+ROW()/100000,0) -> 0 | O118: =IF(AND(I118="A vencer",K118<=Config!$B$7),100000-K118-ROW()/100000,0) -> 0
A119: Otávio Cardoso | B119: Consulta | C119: 46189 | D119: 1 | E119: 46219 | F119: 190 | G119: Sim | H119: 46220 | I119: =IF(A119="","",IF(G119="Sim","Paga",IF(E119="","Sem vencimento",IF(E119<Config!$B$5,"Vencida","A vencer")))) -> Paga | J119: =IF(I119="Vencida",Config!$B$5-E119,"") | K119: =IF(I119="A vencer",E119-Config!$B$5,"") | L119: =IF(I119<>"Vencida","",IF(COUNTIF(Config!$A$10:$A$13,"<="&J119)=0,"Antes da régua",INDEX(Config!$C$10:$C$13,COUNTIF(Config!$A$10:$A$13,"<="&J119)))) | M119: =IF(I119<>"Vencida","",IF(COUNTIF(Config!$A$10:$A$13,"<="&J119)=0,"Aguardar: ainda não chegou ao primeiro passo da régua.",INDEX(Config!$B$10:$B$13,COUNTIF(Config!$A$10:$A$13,"<="&J119)))) | N119: =IF(I119="Vencida",F119*J119+ROW()/100000,0) -> 0 | O119: =IF(AND(I119="A vencer",K119<=Config!$B$7),100000-K119-ROW()/100000,0) -> 0
A120: Otávio Cardoso | B120: Consulta | C120: 46189 | D120: 2 | E120: 46249 | F120: 190 | G120: Sim | H120: 46254 | I120: =IF(A120="","",IF(G120="Sim","Paga",IF(E120="","Sem vencimento",IF(E120<Config!$B$5,"Vencida","A vencer")))) -> Paga | J120: =IF(I120="Vencida",Config!$B$5-E120,"") | K120: =IF(I120="A vencer",E120-Config!$B$5,"") | L120: =IF(I120<>"Vencida","",IF(COUNTIF(Config!$A$10:$A$13,"<="&J120)=0,"Antes da régua",INDEX(Config!$C$10:$C$13,COUNTIF(Config!$A$10:$A$13,"<="&J120)))) | M120: =IF(I120<>"Vencida","",IF(COUNTIF(Config!$A$10:$A$13,"<="&J120)=0,"Aguardar: ainda não chegou ao primeiro passo da régua.",INDEX(Config!$B$10:$B$13,COUNTIF(Config!$A$10:$A$13,"<="&J120)))) | N120: =IF(I120="Vencida",F120*J120+ROW()/100000,0) -> 0 | O120: =IF(AND(I120="A vencer",K120<=Config!$B$7),100000-K120-ROW()/100000,0) -> 0
A121: Viviane Ribeiro | B121: Consulta | C121: 46190 | D121: 1 | E121: 46220 | F121: 190 | G121: Sim | H121: 46220 | I121: =IF(A121="","",IF(G121="Sim","Paga",IF(E121="","Sem vencimento",IF(E121<Config!$B$5,"Vencida","A vencer")))) -> Paga | J121: =IF(I121="Vencida",Config!$B$5-E121,"") | K121: =IF(I121="A vencer",E121-Config!$B$5,"") | L121: =IF(I121<>"Vencida","",IF(COUNTIF(Config!$A$10:$A$13,"<="&J121)=0,"Antes da régua",INDEX(Config!$C$10:$C$13,COUNTIF(Config!$A$10:$A$13,"<="&J121)))) | M121: =IF(I121<>"Vencida","",IF(COUNTIF(Config!$A$10:$A$13,"<="&J121)=0,"Aguardar: ainda não chegou ao primeiro passo da régua.",INDEX(Config!$B$10:$B$13,COUNTIF(Config!$A$10:$A$13,"<="&J121)))) | N121: =IF(I121="Vencida",F121*J121+ROW()/100000,0) -> 0 | O121: =IF(AND(I121="A vencer",K121<=Config!$B$7),100000-K121-ROW()/100000,0) -> 0
A122: Viviane Ribeiro | B122: Consulta | C122: 46190 | D122: 2 | E122: 46250 | F122: 190 | G122: Sim | H122: 46250 | I122: =IF(A122="","",IF(G122="Sim","Paga",IF(E122="","Sem vencimento",IF(E122<Config!$B$5,"Vencida","A vencer")))) -> Paga | J122: =IF(I122="Vencida",Config!$B$5-E122,"") | K122: =IF(I122="A vencer",E122-Config!$B$5,"") | L122: =IF(I122<>"Vencida","",IF(COUNTIF(Config!$A$10:$A$13,"<="&J122)=0,"Antes da régua",INDEX(Config!$C$10:$C$13,COUNTIF(Config!$A$10:$A$13,"<="&J122)))) | M122: =IF(I122<>"Vencida","",IF(COUNTIF(Config!$A$10:$A$13,"<="&J122)=0,"Aguardar: ainda não chegou ao primeiro passo da régua.",INDEX(Config!$B$10:$B$13,COUNTIF(Config!$A$10:$A$13,"<="&J122)))) | N122: =IF(I122="Vencida",F122*J122+ROW()/100000,0) -> 0 | O122: =IF(AND(I122="A vencer",K122<=Config!$B$7),100000-K122-ROW()/100000,0) -> 0
A123: Gustavo Ferreira | B123: Consulta | C123: 46191 | D123: 1 | E123: 46221 | F123: 380 | G123: Sim | H123: 46221 | I123: =IF(A123="","",IF(G123="Sim","Paga",IF(E123="","Sem vencimento",IF(E123<Config!$B$5,"Vencida","A vencer")))) -> Paga | J123: =IF(I123="Vencida",Config!$B$5-E123,"") | K123: =IF(I123="A vencer",E123-Config!$B$5,"") | L123: =IF(I123<>"Vencida","",IF(COUNTIF(Config!$A$10:$A$13,"<="&J123)=0,"Antes da régua",INDEX(Config!$C$10:$C$13,COUNTIF(Config!$A$10:$A$13,"<="&J123)))) | M123: =IF(I123<>"Vencida","",IF(COUNTIF(Config!$A$10:$A$13,"<="&J123)=0,"Aguardar: ainda não chegou ao primeiro passo da régua.",INDEX(Config!$B$10:$B$13,COUNTIF(Config!$A$10:$A$13,"<="&J123)))) | N123: =IF(I123="Vencida",F123*J123+ROW()/100000,0) -> 0 | O123: =IF(AND(I123="A vencer",K123<=Config!$B$7),100000-K123-ROW()/100000,0) -> 0
A124: Cláudia Costa | B124: Consulta | C124: 46195 | D124: 1 | E124: 46225 | F124: 380 | G124: Não | I124: =IF(A124="","",IF(G124="Sim","Paga",IF(E124="","Sem vencimento",IF(E124<Config!$B$5,"Vencida","A vencer")))) -> Vencida | J124: =IF(I124="Vencida",Config!$B$5-E124,"") -> 54 | K124: =IF(I124="A vencer",E124-Config!$B$5,"") | L124: =IF(I124<>"Vencida","",IF(COUNTIF(Config!$A$10:$A$13,"<="&J124)=0,"Antes da régua",INDEX(Config!$C$10:$C$13,COUNTIF(Config!$A$10:$A$13,"<="&J124)))) -> 30 dias ou mais | M124: =IF(I124<>"Vencida","",IF(COUNTIF(Config!$A$10:$A$13,"<="&J124)=0,"Aguardar: ainda não chegou ao primeiro passo da régua.",INDEX(Config!$B$10:$B$13,COUNTIF(Config!$A$10:$A$13,"<="&J124)))) -> Conversa do médico ou da administração para combinar um plano de pagamento; registrar por escrito o que foi combinado. | N124: =IF(I124="Vencida",F124*J124+ROW()/100000,0) -> 20520.001 | O124: =IF(AND(I124="A vencer",K124<=Config!$B$7),100000-K124-ROW()/100000,0) -> 0
...
