Workbook

Sheet Como usar
A1: Metas do Trimestre
A2: Kit IA no Trabalho · Completo · Seu Sócio Gestor · versão 1.0 (setembro de 2026)
A4: O que esta planilha faz | B4: Você define até 5 objetivos com até 4 resultados-chave cada (ponto de partida, meta, valor atual). Ela calcula o progresso, compara com o tempo já decorrido e acende o semáforo: atingido, no ritmo, atenção ou em risco.
A5: Passo 1 | B5: Em Config, preencha o trimestre, as datas de início e fim e troque a data de referência por =HOJE() (no exemplo ela está congelada em 14/09/2026, semana 11 de 13).
A6: Passo 2 | B6: Em Metas, escreva cada objetivo e seus resultados-chave. Ponto de partida é o valor no dia 1; meta é onde quer chegar; valor atual é o número de hoje. Diga se maior ou menor é melhor.
A7: Passo 3 | B7: Toda semana, atualize o valor atual e copie para a coluna da semana em Semanas. O Painel mostra o resumo por objetivo e a lista completa com semáforo; a aba Meses fecha cada mês do trimestre a partir das semanas, para a reunião mensal.
A8: Rotina | B8: Sexta-feira, 10 minutos: atualizar os valores. Primeira segunda do mês: reunião de 20 minutos olhando o Painel.
A9: Com a IA | B9: Copie a tabela "Todos os resultados-chave" e use o prompt "Analisar 04: meta realista" ou "Escrever 04: justificativa para chefe ou cliente". No fim do trimestre, "Apresentar 01: roteiro de 8 slides".
A10: Legenda | B10: Células amarelas: você preenche. Brancas: calculadas. Não é preciso mexer em nada fora do amarelo.
A11: Proteção | B11: Fórmulas protegidas sem senha. Para editar: Revisar > Desproteger planilha (Excel) ou Dados > Proteger intervalos (Google Sheets).
A12: Requisitos | B12: Excel 2016 ou mais novo, Microsoft 365 ou Google Sheets (só funções do Excel 2007+; nada de MÍNIMOSES, MÁXIMOSES ou UNIRTEXTO). No celular abre nos aplicativos; para preencher, use o computador.
A13: Google Sheets | B13: Faça upload no Google Drive e abra com o Google Sheets. Fórmulas, listas, cores, semáforos e gráficos funcionam: as regras de cor que dependem do mês escolhido em Config usam INDIRECT, que é a forma que o Sheets aceita para regra condicional apontar para outra aba.
A14: Data de referência | B14: O exemplo está congelado em 14/09/2026, para todos os arquivos do kit mostrarem a mesma foto e os números fecharem entre eles. Ao começar a usar com os SEUS dados, troque em Config: a data de referência por =HOJE(), o ano, o mês do painel, o trimestre (onde houver) e a lista de feriados. Trocar só a data de referência deixa o resto apontando para 2026.
A15: Exemplos | B15: Prisma Comunicação é uma empresa fictícia. Nomes e valores são inventados. Apague-os antes de começar.
A16: Suporte | B16: suporte@seusociogestor.com.br · resposta em até 5 dias úteis · reembolso em até 7 dias pelo mesmo canal.

Sheet Painel
A1: =Config!B4&" · "&Config!B5 -> Prisma Comunicação (exemplo fictício) · 3º trimestre de 2026
A2: ="Semana "&Config!B9&" de 13 · "&TEXT(Config!B10,"0%")&" do trimestre decorrido. Nada para preencher aqui." -> Semana 11 de 13 · 82% do trimestre decorrido. Nada para preencher aqui.
A4: Resultados-chave | C4: Atingidos | E4: Em risco | G4: Progresso médio
A5: =COUNTIFS(Metas!$B$5:$B$24,"<>") -> 9 | C5: =COUNTIFS(Metas!$J$5:$J$24,"Atingido") -> 1 | E5: =COUNTIFS(Metas!$J$5:$J$24,"Em risco") -> 3 | G5: =IF(COUNT(Metas!$H$5:$H$24)=0,"Faltam dados",AVERAGEIFS(Metas!$H$5:$H$24,Metas!$B$5:$B$24,"<>")) -> 0.6462963
A7: Por objetivo
A8: Objetivo | B8: Resultados-chave | C8: Progresso médio | D8: Atingidos | E8: Em risco | F8: Barra
A9: =IF(Metas!$A$5="","",Metas!$A$5) -> Crescer a receita recorrente | B9: =IF(Metas!$A$5="","",COUNTIFS(Metas!$B$5:$B$8,"<>")) -> 3 | C9: =IF(OR(Metas!$A$5="",B9=0),"",IF(COUNT(Metas!$H$5:$H$8)=0,"Faltam dados",AVERAGEIFS(Metas!$H$5:$H$8,Metas!$B$5:$B$8,"<>"))) -> 0.81666667 | D9: =IF(Metas!$A$5="","",COUNTIFS(Metas!$J$5:$J$8,"Atingido")) -> 1 | E9: =IF(Metas!$A$5="","",COUNTIFS(Metas!$J$5:$J$8,"Em risco")) -> 0 | F9: =IF(ISNUMBER(C9),REPT("█",ROUND(C9*30,0)),"") -> █████████████████████████
A10: =IF(Metas!$A$9="","",Metas!$A$9) -> Entregar no prazo | B10: =IF(Metas!$A$9="","",COUNTIFS(Metas!$B$9:$B$12,"<>")) -> 2 | C10: =IF(OR(Metas!$A$9="",B10=0),"",IF(COUNT(Metas!$H$9:$H$12)=0,"Faltam dados",AVERAGEIFS(Metas!$H$9:$H$12,Metas!$B$9:$B$12,"<>"))) -> 0.53333333 | D10: =IF(Metas!$A$9="","",COUNTIFS(Metas!$J$9:$J$12,"Atingido")) -> 0 | E10: =IF(Metas!$A$9="","",COUNTIFS(Metas!$J$9:$J$12,"Em risco")) -> 1 | F10: =IF(ISNUMBER(C10),REPT("█",ROUND(C10*30,0)),"") -> ████████████████
A11: =IF(Metas!$A$13="","",Metas!$A$13) -> Reduzir retrabalho | B11: =IF(Metas!$A$13="","",COUNTIFS(Metas!$B$13:$B$16,"<>")) -> 2 | C11: =IF(OR(Metas!$A$13="",B11=0),"",IF(COUNT(Metas!$H$13:$H$16)=0,"Faltam dados",AVERAGEIFS(Metas!$H$13:$H$16,Metas!$B$13:$B$16,"<>"))) -> 0.56666667 | D11: =IF(Metas!$A$13="","",COUNTIFS(Metas!$J$13:$J$16,"Atingido")) -> 0 | E11: =IF(Metas!$A$13="","",COUNTIFS(Metas!$J$13:$J$16,"Em risco")) -> 1 | F11: =IF(ISNUMBER(C11),REPT("█",ROUND(C11*30,0)),"") -> █████████████████
A12: =IF(Metas!$A$17="","",Metas!$A$17) -> Organizar a casa | B12: =IF(Metas!$A$17="","",COUNTIFS(Metas!$B$17:$B$20,"<>")) -> 2 | C12: =IF(OR(Metas!$A$17="",B12=0),"",IF(COUNT(Metas!$H$17:$H$20)=0,"Faltam dados",AVERAGEIFS(Metas!$H$17:$H$20,Metas!$B$17:$B$20,"<>"))) -> 0.58333333 | D12: =IF(Metas!$A$17="","",COUNTIFS(Metas!$J$17:$J$20,"Atingido")) -> 0 | E12: =IF(Metas!$A$17="","",COUNTIFS(Metas!$J$17:$J$20,"Em risco")) -> 1 | F12: =IF(ISNUMBER(C12),REPT("█",ROUND(C12*30,0)),"") -> █████████████████
A13: =IF(Metas!$A$21="","",Metas!$A$21) | B13: =IF(Metas!$A$21="","",COUNTIFS(Metas!$B$21:$B$24,"<>")) | C13: =IF(OR(Metas!$A$21="",B13=0),"",IF(COUNT(Metas!$H$21:$H$24)=0,"Faltam dados",AVERAGEIFS(Metas!$H$21:$H$24,Metas!$B$21:$B$24,"<>"))) | D13: =IF(Metas!$A$21="","",COUNTIFS(Metas!$J$21:$J$24,"Atingido")) | E13: =IF(Metas!$A$21="","",COUNTIFS(Metas!$J$21:$J$24,"Em risco")) | F13: =IF(ISNUMBER(C13),REPT("█",ROUND(C13*30,0)),"")
A15: Todos os resultados-chave
A16: Resultado-chave | B16: Dono | C16: Atual | D16: Meta | E16: Progresso | F16: Esperado | G16: Semáforo | H16: Barra
A17: =IF(Metas!B5="","",Metas!B5) -> Fechar 3 contratos mensais novos | B17: =IF(OR(Metas!B5="",Metas!C5=""),"",Metas!C5) -> Ana | C17: =IF(OR(Metas!B5="",NOT(ISNUMBER(Metas!G5))),"",Metas!G5) -> 2 | D17: =IF(OR(Metas!B5="",NOT(ISNUMBER(Metas!F5))),"",Metas!F5) -> 3 | E17: =IF(Metas!B5="","",Metas!H5) -> 0.66666667 | F17: =IF(Metas!B5="","",Metas!I5) -> 0.82417582 | G17: =IF(Metas!B5="","",Metas!J5) -> Atenção | H17: =IF(E17="","",REPT("█",ROUND(E17*20,0))) -> █████████████
A18: =IF(Metas!B6="","",Metas!B6) -> Receita recorrente mensal de R$ 30 mil | B18: =IF(OR(Metas!B6="",Metas!C6=""),"",Metas!C6) -> Ana | C18: =IF(OR(Metas!B6="",NOT(ISNUMBER(Metas!G6))),"",Metas!G6) -> 27400 | D18: =IF(OR(Metas!B6="",NOT(ISNUMBER(Metas!F6))),"",Metas!F6) -> 30000 | E18: =IF(Metas!B6="","",Metas!H6) -> 0.78333333 | F18: =IF(Metas!B6="","",Metas!I6) -> 0.82417582 | G18: =IF(Metas!B6="","",Metas!J6) -> No ritmo | H18: =IF(E18="","",REPT("█",ROUND(E18*20,0))) -> ████████████████
A19: =IF(Metas!B7="","",Metas!B7) -> Propostas enviadas no trimestre | B19: =IF(OR(Metas!B7="",Metas!C7=""),"",Metas!C7) -> Carla | C19: =IF(OR(Metas!B7="",NOT(ISNUMBER(Metas!G7))),"",Metas!G7) -> 24 | D19: =IF(OR(Metas!B7="",NOT(ISNUMBER(Metas!F7))),"",Metas!F7) -> 24 | E19: =IF(Metas!B7="","",Metas!H7) -> 1 | F19: =IF(Metas!B7="","",Metas!I7) -> 0.82417582 | G19: =IF(Metas!B7="","",Metas!J7) -> Atingido | H19: =IF(E19="","",REPT("█",ROUND(E19*20,0))) -> ████████████████████
A20: =IF(Metas!B8="","",Metas!B8) | B20: =IF(OR(Metas!B8="",Metas!C8=""),"",Metas!C8) | C20: =IF(OR(Metas!B8="",NOT(ISNUMBER(Metas!G8))),"",Metas!G8) | D20: =IF(OR(Metas!B8="",NOT(ISNUMBER(Metas!F8))),"",Metas!F8) | E20: =IF(Metas!B8="","",Metas!H8) | F20: =IF(Metas!B8="","",Metas!I8) | G20: =IF(Metas!B8="","",Metas!J8) | H20: =IF(E20="","",REPT("█",ROUND(E20*20,0)))
A21: =IF(Metas!B9="","",Metas!B9) -> Etapas atrasadas por semana (média) | B21: =IF(OR(Metas!B9="",Metas!C9=""),"",Metas!C9) -> Ana | C21: =IF(OR(Metas!B9="",NOT(ISNUMBER(Metas!G9))),"",Metas!G9) -> 3 | D21: =IF(OR(Metas!B9="",NOT(ISNUMBER(Metas!F9))),"",Metas!F9) -> 1 | E21: =IF(Metas!B9="","",Metas!H9) -> 0.33333333 | F21: =IF(Metas!B9="","",Metas!I9) -> 0.82417582 | G21: =IF(Metas!B9="","",Metas!J9) -> Em risco | H21: =IF(E21="","",REPT("█",ROUND(E21*20,0))) -> ███████
A22: =IF(Metas!B10="","",Metas!B10) -> Projetos entregues na data combinada | B22: =IF(OR(Metas!B10="",Metas!C10=""),"",Metas!C10) -> Bruno | C22: =IF(OR(Metas!B10="",NOT(ISNUMBER(Metas!G10))),"",Metas!G10) -> 82 | D22: =IF(OR(Metas!B10="",NOT(ISNUMBER(Metas!F10))),"",Metas!F10) -> 90 | E22: =IF(Metas!B10="","",Metas!H10) -> 0.73333333 | F22: =IF(Metas!B10="","",Metas!I10) -> 0.82417582 | G22: =IF(Metas!B10="","",Metas!J10) -> No ritmo | H22: =IF(E22="","",REPT("█",ROUND(E22*20,0))) -> ███████████████
A23: =IF(Metas!B11="","",Metas!B11) | B23: =IF(OR(Metas!B11="",Metas!C11=""),"",Metas!C11) | C23: =IF(OR(Metas!B11="",NOT(ISNUMBER(Metas!G11))),"",Metas!G11) | D23: =IF(OR(Metas!B11="",NOT(ISNUMBER(Metas!F11))),"",Metas!F11) | E23: =IF(Metas!B11="","",Metas!H11) | F23: =IF(Metas!B11="","",Metas!I11) | G23: =IF(Metas!B11="","",Metas!J11) | H23: =IF(E23="","",REPT("█",ROUND(E23*20,0)))
A24: =IF(Metas!B12="","",Metas!B12) | B24: =IF(OR(Metas!B12="",Metas!C12=""),"",Metas!C12) | C24: =IF(OR(Metas!B12="",NOT(ISNUMBER(Metas!G12))),"",Metas!G12) | D24: =IF(OR(Metas!B12="",NOT(ISNUMBER(Metas!F12))),"",Metas!F12) | E24: =IF(Metas!B12="","",Metas!H12) | F24: =IF(Metas!B12="","",Metas!I12) | G24: =IF(Metas!B12="","",Metas!J12) | H24: =IF(E24="","",REPT("█",ROUND(E24*20,0)))
A25: =IF(Metas!B13="","",Metas!B13) -> Rodadas de revisão por peça (média) | B25: =IF(OR(Metas!B13="",Metas!C13=""),"",Metas!C13) -> Bruno | C25: =IF(OR(Metas!B13="",NOT(ISNUMBER(Metas!G13))),"",Metas!G13) -> 2.8 | D25: =IF(OR(Metas!B13="",NOT(ISNUMBER(Metas!F13))),"",Metas!F13) -> 2 | E25: =IF(Metas!B13="","",Metas!H13) -> 0.33333333 | F25: =IF(Metas!B13="","",Metas!I13) -> 0.82417582 | G25: =IF(Metas!B13="","",Metas!J13) -> Em risco | H25: =IF(E25="","",REPT("█",ROUND(E25*20,0))) -> ███████
A26: =IF(Metas!B14="","",Metas!B14) -> Peças aprovadas de primeira | B26: =IF(OR(Metas!B14="",Metas!C14=""),"",Metas!C14) -> Carla | C26: =IF(OR(Metas!B14="",NOT(ISNUMBER(Metas!G14))),"",Metas!G14) -> 60 | D26: =IF(OR(Metas!B14="",NOT(ISNUMBER(Metas!F14))),"",Metas!F14) -> 65 | E26: =IF(Metas!B14="","",Metas!H14) -> 0.8 | F26: =IF(Metas!B14="","",Metas!I14) -> 0.82417582 | G26: =IF(Metas!B14="","",Metas!J14) -> No ritmo | H26: =IF(E26="","",REPT("█",ROUND(E26*20,0))) -> ████████████████
A27: =IF(Metas!B15="","",Metas!B15) | B27: =IF(OR(Metas!B15="",Metas!C15=""),"",Metas!C15) | C27: =IF(OR(Metas!B15="",NOT(ISNUMBER(Metas!G15))),"",Metas!G15) | D27: =IF(OR(Metas!B15="",NOT(ISNUMBER(Metas!F15))),"",Metas!F15) | E27: =IF(Metas!B15="","",Metas!H15) | F27: =IF(Metas!B15="","",Metas!I15) | G27: =IF(Metas!B15="","",Metas!J15) | H27: =IF(E27="","",REPT("█",ROUND(E27*20,0)))
A28: =IF(Metas!B16="","",Metas!B16) | B28: =IF(OR(Metas!B16="",Metas!C16=""),"",Metas!C16) | C28: =IF(OR(Metas!B16="",NOT(ISNUMBER(Metas!G16))),"",Metas!G16) | D28: =IF(OR(Metas!B16="",NOT(ISNUMBER(Metas!F16))),"",Metas!F16) | E28: =IF(Metas!B16="","",Metas!H16) | F28: =IF(Metas!B16="","",Metas!I16) | G28: =IF(Metas!B16="","",Metas!J16) | H28: =IF(E28="","",REPT("█",ROUND(E28*20,0)))
... A36: =IF(Metas!B24="","",Metas!B24) | B36: =IF(OR(Metas!B24="",Metas!C24=""),"",Metas!C24) | C36: =IF(OR(Metas!B24="",NOT(ISNUMBER(Metas!G24))),"",Metas!G24) | D36: =IF(OR(Metas!B24="",NOT(ISNUMBER(Metas!F24))),"",Metas!F24) | E36: =IF(Metas!B24="","",Metas!H24) | F36: =IF(Metas!B24="","",Metas!I24) | G36: =IF(Metas!B24="","",Metas!J24) | H36: =IF(E36="","",REPT("█",ROUND(E36*20,0)))

Sheet Config
A1: Configurações
A2: Células amarelas: você preenche.
A4: Equipe ou empresa | B4: Prisma Comunicação (exemplo fictício)
A5: Trimestre | B5: 3º trimestre de 2026
A6: Início do trimestre | B6: 46204
A7: Fim do trimestre | B7: 46295
A8: Data de referência (hoje) | B8: 46279 | C8: O exemplo está congelado em 14/09/2026, para os arquivos do kit mostrarem a mesma foto. Ao usar com os seus dados, troque por =HOJE().
A9: Semana atual do trimestre | B9: =IF(B8<B6,0,MIN(13,INT((B8-B6)/7)+1)) -> 11
A10: % do trimestre decorrido | B10: =MAX(0,MIN(1,(B8-B6)/(B7-B6))) -> 0.82417582

Sheet Metas
A1: Metas do trimestre
A2: Até 5 objetivos com até 4 resultados-chave cada. Preencha o amarelo; progresso e semáforo são calculados. Atualize o valor atual toda semana.
A4: Objetivo | B4: Resultado-chave | C4: Dono | D4: Unidade | E4: Ponto de partida | F4: Meta | G4: Valor atual | H4: Progresso | I4: Esperado até hoje | J4: Semáforo | K4: Sentido | L4: Observação
A5: Crescer a receita recorrente | B5: Fechar 3 contratos mensais novos | C5: Ana | D5: contratos | E5: 0 | F5: 3 | G5: 2 | H5: =IF(B5="","",IF(OR(NOT(ISNUMBER(E5)),NOT(ISNUMBER(F5)),NOT(ISNUMBER(G5)),AND(K5<>"Menor é melhor",K5<>"Maior é melhor")),"",IF(K5="Menor é melhor",IF(G5<=F5,1,IF(E5>F5,MAX(0,(E5-G5)/(E5-F5)),MAX(0,1-(G5-F5)/MAX(ABS(F5),ABS(G5))))),IF(G5>=F5,1,IF(E5<F5,MAX(0,(G5-E5)/(F5-E5)),MAX(0,1-(F5-G5)/MAX(ABS(F5),ABS(G5)))))))) -> 0.66666667 | I5: =IF(B5="","",Config!$B$10) -> 0.82417582 | J5: =IF(B5="","",IF(H5="","Faltam dados",IF(H5>=1,"Atingido",IF(H5>=I5-0.1,"No ritmo",IF(H5>=I5-0.25,"Atenção","Em risco"))))) -> Atenção | K5: Maior é melhor
B6: Receita recorrente mensal de R$ 30 mil | C6: Ana | D6: R$ | E6: 18000 | F6: 30000 | G6: 27400 | H6: =IF(B6="","",IF(OR(NOT(ISNUMBER(E6)),NOT(ISNUMBER(F6)),NOT(ISNUMBER(G6)),AND(K6<>"Menor é melhor",K6<>"Maior é melhor")),"",IF(K6="Menor é melhor",IF(G6<=F6,1,IF(E6>F6,MAX(0,(E6-G6)/(E6-F6)),MAX(0,1-(G6-F6)/MAX(ABS(F6),ABS(G6))))),IF(G6>=F6,1,IF(E6<F6,MAX(0,(G6-E6)/(F6-E6)),MAX(0,1-(F6-G6)/MAX(ABS(F6),ABS(G6)))))))) -> 0.78333333 | I6: =IF(B6="","",Config!$B$10) -> 0.82417582 | J6: =IF(B6="","",IF(H6="","Faltam dados",IF(H6>=1,"Atingido",IF(H6>=I6-0.1,"No ritmo",IF(H6>=I6-0.25,"Atenção","Em risco"))))) -> No ritmo | K6: Maior é melhor
B7: Propostas enviadas no trimestre | C7: Carla | D7: propostas | E7: 0 | F7: 24 | G7: 24 | H7: =IF(B7="","",IF(OR(NOT(ISNUMBER(E7)),NOT(ISNUMBER(F7)),NOT(ISNUMBER(G7)),AND(K7<>"Menor é melhor",K7<>"Maior é melhor")),"",IF(K7="Menor é melhor",IF(G7<=F7,1,IF(E7>F7,MAX(0,(E7-G7)/(E7-F7)),MAX(0,1-(G7-F7)/MAX(ABS(F7),ABS(G7))))),IF(G7>=F7,1,IF(E7<F7,MAX(0,(G7-E7)/(F7-E7)),MAX(0,1-(F7-G7)/MAX(ABS(F7),ABS(G7)))))))) -> 1 | I7: =IF(B7="","",Config!$B$10) -> 0.82417582 | J7: =IF(B7="","",IF(H7="","Faltam dados",IF(H7>=1,"Atingido",IF(H7>=I7-0.1,"No ritmo",IF(H7>=I7-0.25,"Atenção","Em risco"))))) -> Atingido | K7: Maior é melhor
H8: =IF(B8="","",IF(OR(NOT(ISNUMBER(E8)),NOT(ISNUMBER(F8)),NOT(ISNUMBER(G8)),AND(K8<>"Menor é melhor",K8<>"Maior é melhor")),"",IF(K8="Menor é melhor",IF(G8<=F8,1,IF(E8>F8,MAX(0,(E8-G8)/(E8-F8)),MAX(0,1-(G8-F8)/MAX(ABS(F8),ABS(G8))))),IF(G8>=F8,1,IF(E8<F8,MAX(0,(G8-E8)/(F8-E8)),MAX(0,1-(F8-G8)/MAX(ABS(F8),ABS(G8)))))))) | I8: =IF(B8="","",Config!$B$10) | J8: =IF(B8="","",IF(H8="","Faltam dados",IF(H8>=1,"Atingido",IF(H8>=I8-0.1,"No ritmo",IF(H8>=I8-0.25,"Atenção","Em risco")))))
A9: Entregar no prazo | B9: Etapas atrasadas por semana (média) | C9: Ana | D9: etapas | E9: 4 | F9: 1 | G9: 3 | H9: =IF(B9="","",IF(OR(NOT(ISNUMBER(E9)),NOT(ISNUMBER(F9)),NOT(ISNUMBER(G9)),AND(K9<>"Menor é melhor",K9<>"Maior é melhor")),"",IF(K9="Menor é melhor",IF(G9<=F9,1,IF(E9>F9,MAX(0,(E9-G9)/(E9-F9)),MAX(0,1-(G9-F9)/MAX(ABS(F9),ABS(G9))))),IF(G9>=F9,1,IF(E9<F9,MAX(0,(G9-E9)/(F9-E9)),MAX(0,1-(F9-G9)/MAX(ABS(F9),ABS(G9)))))))) -> 0.33333333 | I9: =IF(B9="","",Config!$B$10) -> 0.82417582 | J9: =IF(B9="","",IF(H9="","Faltam dados",IF(H9>=1,"Atingido",IF(H9>=I9-0.1,"No ritmo",IF(H9>=I9-0.25,"Atenção","Em risco"))))) -> Em risco | K9: Menor é melhor
B10: Projetos entregues na data combinada | C10: Bruno | D10: % | E10: 60 | F10: 90 | G10: 82 | H10: =IF(B10="","",IF(OR(NOT(ISNUMBER(E10)),NOT(ISNUMBER(F10)),NOT(ISNUMBER(G10)),AND(K10<>"Menor é melhor",K10<>"Maior é melhor")),"",IF(K10="Menor é melhor",IF(G10<=F10,1,IF(E10>F10,MAX(0,(E10-G10)/(E10-F10)),MAX(0,1-(G10-F10)/MAX(ABS(F10),ABS(G10))))),IF(G10>=F10,1,IF(E10<F10,MAX(0,(G10-E10)/(F10-E10)),MAX(0,1-(F10-G10)/MAX(ABS(F10),ABS(G10)))))))) -> 0.73333333 | I10: =IF(B10="","",Config!$B$10) -> 0.82417582 | J10: =IF(B10="","",IF(H10="","Faltam dados",IF(H10>=1,"Atingido",IF(H10>=I10-0.1,"No ritmo",IF(H10>=I10-0.25,"Atenção","Em risco"))))) -> No ritmo | K10: Maior é melhor
H11: =IF(B11="","",IF(OR(NOT(ISNUMBER(E11)),NOT(ISNUMBER(F11)),NOT(ISNUMBER(G11)),AND(K11<>"Menor é melhor",K11<>"Maior é melhor")),"",IF(K11="Menor é melhor",IF(G11<=F11,1,IF(E11>F11,MAX(0,(E11-G11)/(E11-F11)),MAX(0,1-(G11-F11)/MAX(ABS(F11),ABS(G11))))),IF(G11>=F11,1,IF(E11<F11,MAX(0,(G11-E11)/(F11-E11)),MAX(0,1-(F11-G11)/MAX(ABS(F11),ABS(G11)))))))) | I11: =IF(B11="","",Config!$B$10) | J11: =IF(B11="","",IF(H11="","Faltam dados",IF(H11>=1,"Atingido",IF(H11>=I11-0.1,"No ritmo",IF(H11>=I11-0.25,"Atenção","Em risco")))))
H12: =IF(B12="","",IF(OR(NOT(ISNUMBER(E12)),NOT(ISNUMBER(F12)),NOT(ISNUMBER(G12)),AND(K12<>"Menor é melhor",K12<>"Maior é melhor")),"",IF(K12="Menor é melhor",IF(G12<=F12,1,IF(E12>F12,MAX(0,(E12-G12)/(E12-F12)),MAX(0,1-(G12-F12)/MAX(ABS(F12),ABS(G12))))),IF(G12>=F12,1,IF(E12<F12,MAX(0,(G12-E12)/(F12-E12)),MAX(0,1-(F12-G12)/MAX(ABS(F12),ABS(G12)))))))) | I12: =IF(B12="","",Config!$B$10) | J12: =IF(B12="","",IF(H12="","Faltam dados",IF(H12>=1,"Atingido",IF(H12>=I12-0.1,"No ritmo",IF(H12>=I12-0.25,"Atenção","Em risco")))))
A13: Reduzir retrabalho | B13: Rodadas de revisão por peça (média) | C13: Bruno | D13: rodadas | E13: 3.2 | F13: 2 | G13: 2.8 | H13: =IF(B13="","",IF(OR(NOT(ISNUMBER(E13)),NOT(ISNUMBER(F13)),NOT(ISNUMBER(G13)),AND(K13<>"Menor é melhor",K13<>"Maior é melhor")),"",IF(K13="Menor é melhor",IF(G13<=F13,1,IF(E13>F13,MAX(0,(E13-G13)/(E13-F13)),MAX(0,1-(G13-F13)/MAX(ABS(F13),ABS(G13))))),IF(G13>=F13,1,IF(E13<F13,MAX(0,(G13-E13)/(F13-E13)),MAX(0,1-(F13-G13)/MAX(ABS(F13),ABS(G13)))))))) -> 0.33333333 | I13: =IF(B13="","",Config!$B$10) -> 0.82417582 | J13: =IF(B13="","",IF(H13="","Faltam dados",IF(H13>=1,"Atingido",IF(H13>=I13-0.1,"No ritmo",IF(H13>=I13-0.25,"Atenção","Em risco"))))) -> Em risco | K13: Menor é melhor
B14: Peças aprovadas de primeira | C14: Carla | D14: % | E14: 40 | F14: 65 | G14: 60 | H14: =IF(B14="","",IF(OR(NOT(ISNUMBER(E14)),NOT(ISNUMBER(F14)),NOT(ISNUMBER(G14)),AND(K14<>"Menor é melhor",K14<>"Maior é melhor")),"",IF(K14="Menor é melhor",IF(G14<=F14,1,IF(E14>F14,MAX(0,(E14-G14)/(E14-F14)),MAX(0,1-(G14-F14)/MAX(ABS(F14),ABS(G14))))),IF(G14>=F14,1,IF(E14<F14,MAX(0,(G14-E14)/(F14-E14)),MAX(0,1-(F14-G14)/MAX(ABS(F14),ABS(G14)))))))) -> 0.8 | I14: =IF(B14="","",Config!$B$10) -> 0.82417582 | J14: =IF(B14="","",IF(H14="","Faltam dados",IF(H14>=1,"Atingido",IF(H14>=I14-0.1,"No ritmo",IF(H14>=I14-0.25,"Atenção","Em risco"))))) -> No ritmo | K14: Maior é melhor
H15: =IF(B15="","",IF(OR(NOT(ISNUMBER(E15)),NOT(ISNUMBER(F15)),NOT(ISNUMBER(G15)),AND(K15<>"Menor é melhor",K15<>"Maior é melhor")),"",IF(K15="Menor é melhor",IF(G15<=F15,1,IF(E15>F15,MAX(0,(E15-G15)/(E15-F15)),MAX(0,1-(G15-F15)/MAX(ABS(F15),ABS(G15))))),IF(G15>=F15,1,IF(E15<F15,MAX(0,(G15-E15)/(F15-E15)),MAX(0,1-(F15-G15)/MAX(ABS(F15),ABS(G15)))))))) | I15: =IF(B15="","",Config!$B$10) | J15: =IF(B15="","",IF(H15="","Faltam dados",IF(H15>=1,"Atingido",IF(H15>=I15-0.1,"No ritmo",IF(H15>=I15-0.25,"Atenção","Em risco")))))
H16: =IF(B16="","",IF(OR(NOT(ISNUMBER(E16)),NOT(ISNUMBER(F16)),NOT(ISNUMBER(G16)),AND(K16<>"Menor é melhor",K16<>"Maior é melhor")),"",IF(K16="Menor é melhor",IF(G16<=F16,1,IF(E16>F16,MAX(0,(E16-G16)/(E16-F16)),MAX(0,1-(G16-F16)/MAX(ABS(F16),ABS(G16))))),IF(G16>=F16,1,IF(E16<F16,MAX(0,(G16-E16)/(F16-E16)),MAX(0,1-(F16-G16)/MAX(ABS(F16),ABS(G16)))))))) | I16: =IF(B16="","",Config!$B$10) | J16: =IF(B16="","",IF(H16="","Faltam dados",IF(H16>=1,"Atingido",IF(H16>=I16-0.1,"No ritmo",IF(H16>=I16-0.25,"Atenção","Em risco")))))
A17: Organizar a casa | B17: Relatório mensal enviado até o dia 5 | C17: Ana | D17: meses | E17: 0 | F17: 3 | G17: 2 | H17: =IF(B17="","",IF(OR(NOT(ISNUMBER(E17)),NOT(ISNUMBER(F17)),NOT(ISNUMBER(G17)),AND(K17<>"Menor é melhor",K17<>"Maior é melhor")),"",IF(K17="Menor é melhor",IF(G17<=F17,1,IF(E17>F17,MAX(0,(E17-G17)/(E17-F17)),MAX(0,1-(G17-F17)/MAX(ABS(F17),ABS(G17))))),IF(G17>=F17,1,IF(E17<F17,MAX(0,(G17-E17)/(F17-E17)),MAX(0,1-(F17-G17)/MAX(ABS(F17),ABS(G17)))))))) -> 0.66666667 | I17: =IF(B17="","",Config!$B$10) -> 0.82417582 | J17: =IF(B17="","",IF(H17="","Faltam dados",IF(H17>=1,"Atingido",IF(H17>=I17-0.1,"No ritmo",IF(H17>=I17-0.25,"Atenção","Em risco"))))) -> Atenção | K17: Maior é melhor
B18: Horas extras da equipe no mês | C18: Ana | D18: horas | E18: 20 | F18: 8 | G18: 14 | H18: =IF(B18="","",IF(OR(NOT(ISNUMBER(E18)),NOT(ISNUMBER(F18)),NOT(ISNUMBER(G18)),AND(K18<>"Menor é melhor",K18<>"Maior é melhor")),"",IF(K18="Menor é melhor",IF(G18<=F18,1,IF(E18>F18,MAX(0,(E18-G18)/(E18-F18)),MAX(0,1-(G18-F18)/MAX(ABS(F18),ABS(G18))))),IF(G18>=F18,1,IF(E18<F18,MAX(0,(G18-E18)/(F18-E18)),MAX(0,1-(F18-G18)/MAX(ABS(F18),ABS(G18)))))))) -> 0.5 | I18: =IF(B18="","",Config!$B$10) -> 0.82417582 | J18: =IF(B18="","",IF(H18="","Faltam dados",IF(H18>=1,"Atingido",IF(H18>=I18-0.1,"No ritmo",IF(H18>=I18-0.25,"Atenção","Em risco"))))) -> Em risco | K18: Menor é melhor
H19: =IF(B19="","",IF(OR(NOT(ISNUMBER(E19)),NOT(ISNUMBER(F19)),NOT(ISNUMBER(G19)),AND(K19<>"Menor é melhor",K19<>"Maior é melhor")),"",IF(K19="Menor é melhor",IF(G19<=F19,1,IF(E19>F19,MAX(0,(E19-G19)/(E19-F19)),MAX(0,1-(G19-F19)/MAX(ABS(F19),ABS(G19))))),IF(G19>=F19,1,IF(E19<F19,MAX(0,(G19-E19)/(F19-E19)),MAX(0,1-(F19-G19)/MAX(ABS(F19),ABS(G19)))))))) | I19: =IF(B19="","",Config!$B$10) | J19: =IF(B19="","",IF(H19="","Faltam dados",IF(H19>=1,"Atingido",IF(H19>=I19-0.1,"No ritmo",IF(H19>=I19-0.25,"Atenção","Em risco")))))
H20: =IF(B20="","",IF(OR(NOT(ISNUMBER(E20)),NOT(ISNUMBER(F20)),NOT(ISNUMBER(G20)),AND(K20<>"Menor é melhor",K20<>"Maior é melhor")),"",IF(K20="Menor é melhor",IF(G20<=F20,1,IF(E20>F20,MAX(0,(E20-G20)/(E20-F20)),MAX(0,1-(G20-F20)/MAX(ABS(F20),ABS(G20))))),IF(G20>=F20,1,IF(E20<F20,MAX(0,(G20-E20)/(F20-E20)),MAX(0,1-(F20-G20)/MAX(ABS(F20),ABS(G20)))))))) | I20: =IF(B20="","",Config!$B$10) | J20: =IF(B20="","",IF(H20="","Faltam dados",IF(H20>=1,"Atingido",IF(H20>=I20-0.1,"No ritmo",IF(H20>=I20-0.25,"Atenção","Em risco")))))
H21: =IF(B21="","",IF(OR(NOT(ISNUMBER(E21)),NOT(ISNUMBER(F21)),NOT(ISNUMBER(G21)),AND(K21<>"Menor é melhor",K21<>"Maior é melhor")),"",IF(K21="Menor é melhor",IF(G21<=F21,1,IF(E21>F21,MAX(0,(E21-G21)/(E21-F21)),MAX(0,1-(G21-F21)/MAX(ABS(F21),ABS(G21))))),IF(G21>=F21,1,IF(E21<F21,MAX(0,(G21-E21)/(F21-E21)),MAX(0,1-(F21-G21)/MAX(ABS(F21),ABS(G21)))))))) | I21: =IF(B21="","",Config!$B$10) | J21: =IF(B21="","",IF(H21="","Faltam dados",IF(H21>=1,"Atingido",IF(H21>=I21-0.1,"No ritmo",IF(H21>=I21-0.25,"Atenção","Em risco")))))
H22: =IF(B22="","",IF(OR(NOT(ISNUMBER(E22)),NOT(ISNUMBER(F22)),NOT(ISNUMBER(G22)),AND(K22<>"Menor é melhor",K22<>"Maior é melhor")),"",IF(K22="Menor é melhor",IF(G22<=F22,1,IF(E22>F22,MAX(0,(E22-G22)/(E22-F22)),MAX(0,1-(G22-F22)/MAX(ABS(F22),ABS(G22))))),IF(G22>=F22,1,IF(E22<F22,MAX(0,(G22-E22)/(F22-E22)),MAX(0,1-(F22-G22)/MAX(ABS(F22),ABS(G22)))))))) | I22: =IF(B22="","",Config!$B$10) | J22: =IF(B22="","",IF(H22="","Faltam dados",IF(H22>=1,"Atingido",IF(H22>=I22-0.1,"No ritmo",IF(H22>=I22-0.25,"Atenção","Em risco")))))
H23: =IF(B23="","",IF(OR(NOT(ISNUMBER(E23)),NOT(ISNUMBER(F23)),NOT(ISNUMBER(G23)),AND(K23<>"Menor é melhor",K23<>"Maior é melhor")),"",IF(K23="Menor é melhor",IF(G23<=F23,1,IF(E23>F23,MAX(0,(E23-G23)/(E23-F23)),MAX(0,1-(G23-F23)/MAX(ABS(F23),ABS(G23))))),IF(G23>=F23,1,IF(E23<F23,MAX(0,(G23-E23)/(F23-E23)),MAX(0,1-(F23-G23)/MAX(ABS(F23),ABS(G23)))))))) | I23: =IF(B23="","",Config!$B$10) | J23: =IF(B23="","",IF(H23="","Faltam dados",IF(H23>=1,"Atingido",IF(H23>=I23-0.1,"No ritmo",IF(H23>=I23-0.25,"Atenção","Em risco")))))
H24: =IF(B24="","",IF(OR(NOT(ISNUMBER(E24)),NOT(ISNUMBER(F24)),NOT(ISNUMBER(G24)),AND(K24<>"Menor é melhor",K24<>"Maior é melhor")),"",IF(K24="Menor é melhor",IF(G24<=F24,1,IF(E24>F24,MAX(0,(E24-G24)/(E24-F24)),MAX(0,1-(G24-F24)/MAX(ABS(F24),ABS(G24))))),IF(G24>=F24,1,IF(E24<F24,MAX(0,(G24-E24)/(F24-E24)),MAX(0,1-(F24-G24)/MAX(ABS(F24),ABS(G24)))))))) | I24: =IF(B24="","",Config!$B$10) | J24: =IF(B24="","",IF(H24="","Faltam dados",IF(H24>=1,"Atingido",IF(H24>=I24-0.1,"No ritmo",IF(H24>=I24-0.25,"Atenção","Em risco")))))
A26: Progresso: só é calculado com ponto de partida, meta, valor atual e sentido preenchidos (zero vale; vazio vira "Faltam dados" e fica fora das contagens; sem nenhuma medição, a média do Painel também diz "Faltam dados"). Valor atual no alvo = 100 %. Fora do alvo, é o caminho andado entre o ponto de partida e a meta; quando o ponto de partida já estava dentro da meta (um limite a manter), é a distância ao limite: para um teto ("Menor é melhor"), meta ÷ atual (16 para um teto de 8 = 50 %); para um piso ("Maior é melhor"), atual ÷ meta (4 para um piso de 8 = 50 %). Com zero ou valores negativos (um limite de prejuízo, por exemplo) a conta usa o maior valor absoluto como escala e nunca dá 100 % sem o alvo estar cumprido. Semáforo: Atingido (100%); No ritmo (progresso até 10 pontos abaixo do tempo decorrido); Atenção (até 25 pontos abaixo); Em risco (mais que isso).

Sheet Semanas
A1: Acompanhamento semanal
A2: Toda semana, copie o valor atual de cada resultado-chave para a coluna da semana. A linha fica com o histórico do trimestre.
A4: Resultado-chave | B4: Meta | C4: S1 | D4: S2 | E4: S3 | F4: S4 | G4: S5 | H4: S6 | I4: S7 | J4: S8 | K4: S9 | L4: S10 | M4: S11 | N4: S12 | O4: S13
A5: =IF(Metas!B5="","",Metas!B5) -> Fechar 3 contratos mensais novos | B5: =IF(OR(Metas!B5="",NOT(ISNUMBER(Metas!F5))),"",Metas!F5) -> 3 | C5: 0 | D5: 0 | E5: 0 | F5: 0 | G5: 1 | H5: 1 | I5: 1 | J5: 1 | K5: 1 | L5: 2 | M5: 2
A6: =IF(Metas!B6="","",Metas!B6) -> Receita recorrente mensal de R$ 30 mil | B6: =IF(OR(Metas!B6="",NOT(ISNUMBER(Metas!F6))),"",Metas!F6) -> 30000 | C6: 18000 | D6: 18000 | E6: 18000 | F6: 18000 | G6: 22500 | H6: 22500 | I6: 22500 | J6: 22500 | K6: 22500 | L6: 27400 | M6: 27400
A7: =IF(Metas!B7="","",Metas!B7) -> Propostas enviadas no trimestre | B7: =IF(OR(Metas!B7="",NOT(ISNUMBER(Metas!F7))),"",Metas!F7) -> 24 | C7: 2 | D7: 4 | E7: 7 | F7: 9 | G7: 11 | H7: 13 | I7: 15 | J7: 18 | K7: 20 | L7: 22 | M7: 24
A8: =IF(Metas!B8="","",Metas!B8) | B8: =IF(OR(Metas!B8="",NOT(ISNUMBER(Metas!F8))),"",Metas!F8)
A9: =IF(Metas!B9="","",Metas!B9) -> Etapas atrasadas por semana (média) | B9: =IF(OR(Metas!B9="",NOT(ISNUMBER(Metas!F9))),"",Metas!F9) -> 1 | C9: 4 | D9: 4 | E9: 5 | F9: 4 | G9: 3 | H9: 4 | I9: 3 | J9: 3 | K9: 4 | L9: 3 | M9: 3
A10: =IF(Metas!B10="","",Metas!B10) -> Projetos entregues na data combinada | B10: =IF(OR(Metas!B10="",NOT(ISNUMBER(Metas!F10))),"",Metas!F10) -> 90 | C10: 60 | D10: 60 | E10: 67 | F10: 67 | G10: 75 | H10: 75 | I10: 80 | J10: 80 | K10: 78 | L10: 82 | M10: 82
A11: =IF(Metas!B11="","",Metas!B11) | B11: =IF(OR(Metas!B11="",NOT(ISNUMBER(Metas!F11))),"",Metas!F11)
A12: =IF(Metas!B12="","",Metas!B12) | B12: =IF(OR(Metas!B12="",NOT(ISNUMBER(Metas!F12))),"",Metas!F12)
A13: =IF(Metas!B13="","",Metas!B13) -> Rodadas de revisão por peça (média) | B13: =IF(OR(Metas!B13="",NOT(ISNUMBER(Metas!F13))),"",Metas!F13) -> 2 | C13: 3.2 | D13: 3.1 | E13: 3.1 | F13: 3 | G13: 3 | H13: 2.9 | I13: 2.9 | J13: 2.9 | K13: 2.8 | L13: 2.8 | M13: 2.8
A14: =IF(Metas!B14="","",Metas!B14) -> Peças aprovadas de primeira | B14: =IF(OR(Metas!B14="",NOT(ISNUMBER(Metas!F14))),"",Metas!F14) -> 65 | C14: 40 | D14: 42 | E14: 45 | F14: 48 | G14: 50 | H14: 52 | I14: 55 | J14: 56 | K14: 58 | L14: 60 | M14: 60
A15: =IF(Metas!B15="","",Metas!B15) | B15: =IF(OR(Metas!B15="",NOT(ISNUMBER(Metas!F15))),"",Metas!F15)
A16: =IF(Metas!B16="","",Metas!B16) | B16: =IF(OR(Metas!B16="",NOT(ISNUMBER(Metas!F16))),"",Metas!F16)
A17: =IF(Metas!B17="","",Metas!B17) -> Relatório mensal enviado até o dia 5 | B17: =IF(OR(Metas!B17="",NOT(ISNUMBER(Metas!F17))),"",Metas!F17) -> 3 | C17: 0 | D17: 0 | E17: 0 | F17: 0 | G17: 0 | H17: 1 | I17: 1 | J17: 1 | K17: 1 | L17: 2 | M17: 2
A18: =IF(Metas!B18="","",Metas!B18) -> Horas extras da equipe no mês | B18: =IF(OR(Metas!B18="",NOT(ISNUMBER(Metas!F18))),"",Metas!F18) -> 8 | C18: 20 | D18: 20 | E18: 20 | F18: 18 | G18: 17 | H18: 16 | I18: 16 | J18: 15 | K18: 15 | L18: 14 | M18: 14
A19: =IF(Metas!B19="","",Metas!B19) | B19: =IF(OR(Metas!B19="",NOT(ISNUMBER(Metas!F19))),"",Metas!F19)
A20: =IF(Metas!B20="","",Metas!B20) | B20: =IF(OR(Metas!B20="",NOT(ISNUMBER(Metas!F20))),"",Metas!F20)
A21: =IF(Metas!B21="","",Metas!B21) | B21: =IF(OR(Metas!B21="",NOT(ISNUMBER(Metas!F21))),"",Metas!F21)
A22: =IF(Metas!B22="","",Metas!B22) | B22: =IF(OR(Metas!B22="",NOT(ISNUMBER(Metas!F22))),"",Metas!F22)
A23: =IF(Metas!B23="","",Metas!B23) | B23: =IF(OR(Metas!B23="",NOT(ISNUMBER(Metas!F23))),"",Metas!F23)
A24: =IF(Metas!B24="","",Metas!B24) | B24: =IF(OR(Metas!B24="",NOT(ISNUMBER(Metas!F24))),"",Metas!F24)

Sheet Meses
A1: Acompanhamento mensal
A2: Fechamento de cada mês do trimestre: o último valor lançado nas semanas daquele mês. Nada para preencher aqui — vem da aba Semanas. Serve para a reunião do início do mês.
A4: Resultado-chave | B4: Meta | C4: Mês 1 | D4: Mês 2 | E4: Mês 3 | F4: Ganho no trimestre | G4: Falta para a meta
A5: =IF(Metas!B5="","",Metas!B5) -> Fechar 3 contratos mensais novos | B5: =IF(OR(Metas!B5="",NOT(ISNUMBER(Metas!F5))),"",Metas!F5) -> 3 | C5: =IF(Metas!B5="","",IFERROR(LOOKUP(9.99E+307,Semanas!$C5:$F5),"")) -> 0 | D5: =IF(Metas!B5="","",IFERROR(LOOKUP(9.99E+307,Semanas!$G5:$K5),"")) -> 1 | E5: =IF(Metas!B5="","",IFERROR(LOOKUP(9.99E+307,Semanas!$L5:$O5),"")) -> 2 | F5: =IF(OR(Metas!B5="",NOT(ISNUMBER(E5)),NOT(ISNUMBER(Metas!E5))),"",E5-Metas!E5) -> 2 | G5: =IF(OR(Metas!B5="",NOT(ISNUMBER(E5)),NOT(ISNUMBER(Metas!F5))),"",Metas!F5-E5) -> 1
A6: =IF(Metas!B6="","",Metas!B6) -> Receita recorrente mensal de R$ 30 mil | B6: =IF(OR(Metas!B6="",NOT(ISNUMBER(Metas!F6))),"",Metas!F6) -> 30000 | C6: =IF(Metas!B6="","",IFERROR(LOOKUP(9.99E+307,Semanas!$C6:$F6),"")) -> 18000 | D6: =IF(Metas!B6="","",IFERROR(LOOKUP(9.99E+307,Semanas!$G6:$K6),"")) -> 22500 | E6: =IF(Metas!B6="","",IFERROR(LOOKUP(9.99E+307,Semanas!$L6:$O6),"")) -> 27400 | F6: =IF(OR(Metas!B6="",NOT(ISNUMBER(E6)),NOT(ISNUMBER(Metas!E6))),"",E6-Metas!E6) -> 9400 | G6: =IF(OR(Metas!B6="",NOT(ISNUMBER(E6)),NOT(ISNUMBER(Metas!F6))),"",Metas!F6-E6) -> 2600
A7: =IF(Metas!B7="","",Metas!B7) -> Propostas enviadas no trimestre | B7: =IF(OR(Metas!B7="",NOT(ISNUMBER(Metas!F7))),"",Metas!F7) -> 24 | C7: =IF(Metas!B7="","",IFERROR(LOOKUP(9.99E+307,Semanas!$C7:$F7),"")) -> 9 | D7: =IF(Metas!B7="","",IFERROR(LOOKUP(9.99E+307,Semanas!$G7:$K7),"")) -> 20 | E7: =IF(Metas!B7="","",IFERROR(LOOKUP(9.99E+307,Semanas!$L7:$O7),"")) -> 24 | F7: =IF(OR(Metas!B7="",NOT(ISNUMBER(E7)),NOT(ISNUMBER(Metas!E7))),"",E7-Metas!E7) -> 24 | G7: =IF(OR(Metas!B7="",NOT(ISNUMBER(E7)),NOT(ISNUMBER(Metas!F7))),"",Metas!F7-E7) -> 0
A8: =IF(Metas!B8="","",Metas!B8) | B8: =IF(OR(Metas!B8="",NOT(ISNUMBER(Metas!F8))),"",Metas!F8) | C8: =IF(Metas!B8="","",IFERROR(LOOKUP(9.99E+307,Semanas!$C8:$F8),"")) | D8: =IF(Metas!B8="","",IFERROR(LOOKUP(9.99E+307,Semanas!$G8:$K8),"")) | E8: =IF(Metas!B8="","",IFERROR(LOOKUP(9.99E+307,Semanas!$L8:$O8),"")) | F8: =IF(OR(Metas!B8="",NOT(ISNUMBER(E8)),NOT(ISNUMBER(Metas!E8))),"",E8-Metas!E8) | G8: =IF(OR(Metas!B8="",NOT(ISNUMBER(E8)),NOT(ISNUMBER(Metas!F8))),"",Metas!F8-E8)
A9: =IF(Metas!B9="","",Metas!B9) -> Etapas atrasadas por semana (média) | B9: =IF(OR(Metas!B9="",NOT(ISNUMBER(Metas!F9))),"",Metas!F9) -> 1 | C9: =IF(Metas!B9="","",IFERROR(LOOKUP(9.99E+307,Semanas!$C9:$F9),"")) -> 4 | D9: =IF(Metas!B9="","",IFERROR(LOOKUP(9.99E+307,Semanas!$G9:$K9),"")) -> 4 | E9: =IF(Metas!B9="","",IFERROR(LOOKUP(9.99E+307,Semanas!$L9:$O9),"")) -> 3 | F9: =IF(OR(Metas!B9="",NOT(ISNUMBER(E9)),NOT(ISNUMBER(Metas!E9))),"",E9-Metas!E9) -> -1 | G9: =IF(OR(Metas!B9="",NOT(ISNUMBER(E9)),NOT(ISNUMBER(Metas!F9))),"",Metas!F9-E9) -> -2
A10: =IF(Metas!B10="","",Metas!B10) -> Projetos entregues na data combinada | B10: =IF(OR(Metas!B10="",NOT(ISNUMBER(Metas!F10))),"",Metas!F10) -> 90 | C10: =IF(Metas!B10="","",IFERROR(LOOKUP(9.99E+307,Semanas!$C10:$F10),"")) -> 67 | D10: =IF(Metas!B10="","",IFERROR(LOOKUP(9.99E+307,Semanas!$G10:$K10),"")) -> 78 | E10: =IF(Metas!B10="","",IFERROR(LOOKUP(9.99E+307,Semanas!$L10:$O10),"")) -> 82 | F10: =IF(OR(Metas!B10="",NOT(ISNUMBER(E10)),NOT(ISNUMBER(Metas!E10))),"",E10-Metas!E10) -> 22 | G10: =IF(OR(Metas!B10="",NOT(ISNUMBER(E10)),NOT(ISNUMBER(Metas!F10))),"",Metas!F10-E10) -> 8
A11: =IF(Metas!B11="","",Metas!B11) | B11: =IF(OR(Metas!B11="",NOT(ISNUMBER(Metas!F11))),"",Metas!F11) | C11: =IF(Metas!B11="","",IFERROR(LOOKUP(9.99E+307,Semanas!$C11:$F11),"")) | D11: =IF(Metas!B11="","",IFERROR(LOOKUP(9.99E+307,Semanas!$G11:$K11),"")) | E11: =IF(Metas!B11="","",IFERROR(LOOKUP(9.99E+307,Semanas!$L11:$O11),"")) | F11: =IF(OR(Metas!B11="",NOT(ISNUMBER(E11)),NOT(ISNUMBER(Metas!E11))),"",E11-Metas!E11) | G11: =IF(OR(Metas!B11="",NOT(ISNUMBER(E11)),NOT(ISNUMBER(Metas!F11))),"",Metas!F11-E11)
A12: =IF(Metas!B12="","",Metas!B12) | B12: =IF(OR(Metas!B12="",NOT(ISNUMBER(Metas!F12))),"",Metas!F12) | C12: =IF(Metas!B12="","",IFERROR(LOOKUP(9.99E+307,Semanas!$C12:$F12),"")) | D12: =IF(Metas!B12="","",IFERROR(LOOKUP(9.99E+307,Semanas!$G12:$K12),"")) | E12: =IF(Metas!B12="","",IFERROR(LOOKUP(9.99E+307,Semanas!$L12:$O12),"")) | F12: =IF(OR(Metas!B12="",NOT(ISNUMBER(E12)),NOT(ISNUMBER(Metas!E12))),"",E12-Metas!E12) | G12: =IF(OR(Metas!B12="",NOT(ISNUMBER(E12)),NOT(ISNUMBER(Metas!F12))),"",Metas!F12-E12)
A13: =IF(Metas!B13="","",Metas!B13) -> Rodadas de revisão por peça (média) | B13: =IF(OR(Metas!B13="",NOT(ISNUMBER(Metas!F13))),"",Metas!F13) -> 2 | C13: =IF(Metas!B13="","",IFERROR(LOOKUP(9.99E+307,Semanas!$C13:$F13),"")) -> 3 | D13: =IF(Metas!B13="","",IFERROR(LOOKUP(9.99E+307,Semanas!$G13:$K13),"")) -> 2.8 | E13: =IF(Metas!B13="","",IFERROR(LOOKUP(9.99E+307,Semanas!$L13:$O13),"")) -> 2.8 | F13: =IF(OR(Metas!B13="",NOT(ISNUMBER(E13)),NOT(ISNUMBER(Metas!E13))),"",E13-Metas!E13) -> -0.4 | G13: =IF(OR(Metas!B13="",NOT(ISNUMBER(E13)),NOT(ISNUMBER(Metas!F13))),"",Metas!F13-E13) -> -0.8
A14: =IF(Metas!B14="","",Metas!B14) -> Peças aprovadas de primeira | B14: =IF(OR(Metas!B14="",NOT(ISNUMBER(Metas!F14))),"",Metas!F14) -> 65 | C14: =IF(Metas!B14="","",IFERROR(LOOKUP(9.99E+307,Semanas!$C14:$F14),"")) -> 48 | D14: =IF(Metas!B14="","",IFERROR(LOOKUP(9.99E+307,Semanas!$G14:$K14),"")) -> 58 | E14: =IF(Metas!B14="","",IFERROR(LOOKUP(9.99E+307,Semanas!$L14:$O14),"")) -> 60 | F14: =IF(OR(Metas!B14="",NOT(ISNUMBER(E14)),NOT(ISNUMBER(Metas!E14))),"",E14-Metas!E14) -> 20 | G14: =IF(OR(Metas!B14="",NOT(ISNUMBER(E14)),NOT(ISNUMBER(Metas!F14))),"",Metas!F14-E14) -> 5
A15: =IF(Metas!B15="","",Metas!B15) | B15: =IF(OR(Metas!B15="",NOT(ISNUMBER(Metas!F15))),"",Metas!F15) | C15: =IF(Metas!B15="","",IFERROR(LOOKUP(9.99E+307,Semanas!$C15:$F15),"")) | D15: =IF(Metas!B15="","",IFERROR(LOOKUP(9.99E+307,Semanas!$G15:$K15),"")) | E15: =IF(Metas!B15="","",IFERROR(LOOKUP(9.99E+307,Semanas!$L15:$O15),"")) | F15: =IF(OR(Metas!B15="",NOT(ISNUMBER(E15)),NOT(ISNUMBER(Metas!E15))),"",E15-Metas!E15) | G15: =IF(OR(Metas!B15="",NOT(ISNUMBER(E15)),NOT(ISNUMBER(Metas!F15))),"",Metas!F15-E15)
A16: =IF(Metas!B16="","",Metas!B16) | B16: =IF(OR(Metas!B16="",NOT(ISNUMBER(Metas!F16))),"",Metas!F16) | C16: =IF(Metas!B16="","",IFERROR(LOOKUP(9.99E+307,Semanas!$C16:$F16),"")) | D16: =IF(Metas!B16="","",IFERROR(LOOKUP(9.99E+307,Semanas!$G16:$K16),"")) | E16: =IF(Metas!B16="","",IFERROR(LOOKUP(9.99E+307,Semanas!$L16:$O16),"")) | F16: =IF(OR(Metas!B16="",NOT(ISNUMBER(E16)),NOT(ISNUMBER(Metas!E16))),"",E16-Metas!E16) | G16: =IF(OR(Metas!B16="",NOT(ISNUMBER(E16)),NOT(ISNUMBER(Metas!F16))),"",Metas!F16-E16)
... A24: =IF(Metas!B24="","",Metas!B24) | B24: =IF(OR(Metas!B24="",NOT(ISNUMBER(Metas!F24))),"",Metas!F24) | C24: =IF(Metas!B24="","",IFERROR(LOOKUP(9.99E+307,Semanas!$C24:$F24),"")) | D24: =IF(Metas!B24="","",IFERROR(LOOKUP(9.99E+307,Semanas!$G24:$K24),"")) | E24: =IF(Metas!B24="","",IFERROR(LOOKUP(9.99E+307,Semanas!$L24:$O24),"")) | F24: =IF(OR(Metas!B24="",NOT(ISNUMBER(E24)),NOT(ISNUMBER(Metas!E24))),"",E24-Metas!E24) | G24: =IF(OR(Metas!B24="",NOT(ISNUMBER(E24)),NOT(ISNUMBER(Metas!F24))),"",Metas!F24-E24)
A26: Mês 1 = semanas 1 a 4; Mês 2 = semanas 5 a 9; Mês 3 = semanas 10 a 13. Mês sem nenhuma semana preenchida fica em branco. "Ganho no trimestre" compara o fechamento do Mês 3 com o ponto de partida da aba Metas.
