Workbook

Sheet Como usar
A1: Funil de Propostas
A2: Kit IA no Trabalho · Completo · Seu Sócio Gestor · versão 1.0 (setembro de 2026)
A4: O que esta planilha faz | B4: Você registra cada proposta com valor e etapa; ela calcula a previsão ponderada, mostra o funil por etapa, o que está parado ou vencido, a conversão por origem e por que você perde.
A5: Passo 1 | B5: Em Config, preencha a meta do trimestre, o limite de "parada" (14 dias é um bom padrão), as origens e os motivos de perda. Ajuste as probabilidades por etapa se a sua experiência for diferente.
A6: Passo 2 | B6: Em Propostas, uma linha por oportunidade: cliente, proposta, origem, responsável, valor, etapa e datas. Sempre que mexer, atualize a última movimentação.
A7: Passo 3 | B7: Ao fechar, mude a etapa para Ganha ou Perdida, preencha a data e, se perdida, o motivo.
A8: Passo 4 | B8: Em Painel, veja o funil, a previsão ponderada, a lista do que mexer primeiro e a conversão por origem.
A9: Rotina | B9: Sexta-feira, 15 minutos: atualizar etapas e datas, cobrar as paradas. Dia 1 do mês: comparar com a meta.
A10: Com a IA | B10: Copie "O que mexer primeiro" e use "Escrever 02: e-mail curto que pede algo" para retomar propostas paradas; copie "Por origem e motivo de perda" e use "Analisar 01: o que esses números dizem".
A11: Legenda | B11: Células amarelas: você preenche. Brancas: calculadas. Não é preciso mexer em nada fora do amarelo.
A12: Proteção | B12: Fórmulas protegidas sem senha. Para editar: Revisar > Desproteger planilha (Excel) ou Dados > Proteger intervalos (Google Sheets).
A13: Google Sheets | B13: Faça upload no Google Drive e abra com o Google Sheets. Fórmulas, listas, cores e gráficos funcionam.
A14: Exemplos | B14: Prisma Comunicação é uma empresa fictícia. Nomes e valores são inventados. Apague-os antes de começar.
A15: Suporte | B15: suporte@seusociogestor.com.br · resposta em até 5 dias úteis · reembolso em até 7 dias pelo mesmo canal.

Sheet Painel
A1: =Config!B4&" · funil em "&TEXT(Config!B5,"dd/mm/yyyy") -> Prisma Comunicação (exemplo fictício) · funil em 17/09/2026
A2: Nada para preencher aqui: tudo vem de Propostas.
A4: Em aberto (R$) | C4: Previsão ponderada | E4: Ganho no trimestre | G4: % da meta
A5: =SUMIFS(Propostas!$E$5:$E$404,Propostas!$F$5:$F$404,"<>Ganha",Propostas!$F$5:$F$404,"<>Perdida",Propostas!$F$5:$F$404,"<>") -> 125000 | C5: =SUMIFS(Propostas!$M$5:$M$404,Propostas!$F$5:$F$404,"<>Ganha",Propostas!$F$5:$F$404,"<>Perdida",Propostas!$F$5:$F$404,"<>") -> 55280 | E5: =SUMIFS(Propostas!$E$5:$E$404,Propostas!$F$5:$F$404,"Ganha",Propostas!$J$5:$J$404,">="&DATE(YEAR(Config!$B$5),3*INT((MONTH(Config!$B$5)-1)/3)+1,1),Propostas!$J$5:$J$404,"<"&DATE(YEAR(Config!$B$5)+(3*INT((MONTH(Config!$B$5)-1)/3)+4>12),IF(3*INT((MONTH(Config!$B$5)-1)/3)+4>12,1,3*INT((MONTH(Config!$B$5)-1)/3)+4),1)) -> 87500 | G5: =IFERROR(E5/Config!$B$6,0) -> 0.48611111
A7: Funil por etapa
A8: Etapa | B8: Propostas | C8: Valor (R$) | D8: Ponderado (R$) | E8: Taxa de passagem | F8: Barra
A9: Contato | B9: =COUNTIFS(Propostas!$F$5:$F$404,A9) -> 2 | C9: =SUMIFS(Propostas!$E$5:$E$404,Propostas!$F$5:$F$404,A9) -> 16300 | D9: =SUMIFS(Propostas!$M$5:$M$404,Propostas!$F$5:$F$404,A9) -> 1630 | E9: =IFERROR((COUNTIFS(Propostas!$F$5:$F$404,"Reunião feita")+COUNTIFS(Propostas!$F$5:$F$404,"Proposta enviada")+COUNTIFS(Propostas!$F$5:$F$404,"Negociação")+COUNTIFS(Propostas!$F$5:$F$404,"Ganha")+COUNTIFS(Propostas!$F$5:$F$404,"Perdida"))/(B9+COUNTIFS(Propostas!$F$5:$F$404,"Reunião feita")+COUNTIFS(Propostas!$F$5:$F$404,"Proposta enviada")+COUNTIFS(Propostas!$F$5:$F$404,"Negociação")+COUNTIFS(Propostas!$F$5:$F$404,"Ganha")+COUNTIFS(Propostas!$F$5:$F$404,"Perdida")),0) -> 0.85714286 | F9: =REPT("█",ROUND(IFERROR(C9/MAX($C$9:$C$12),0)*30,0)) -> ██████████
A10: Reunião feita | B10: =COUNTIFS(Propostas!$F$5:$F$404,A10) -> 1 | C10: =SUMIFS(Propostas!$E$5:$E$404,Propostas!$F$5:$F$404,A10) -> 31000 | D10: =SUMIFS(Propostas!$M$5:$M$404,Propostas!$F$5:$F$404,A10) -> 7750 | E10: =IFERROR((COUNTIFS(Propostas!$F$5:$F$404,"Proposta enviada")+COUNTIFS(Propostas!$F$5:$F$404,"Negociação")+COUNTIFS(Propostas!$F$5:$F$404,"Ganha")+COUNTIFS(Propostas!$F$5:$F$404,"Perdida"))/(B10+COUNTIFS(Propostas!$F$5:$F$404,"Proposta enviada")+COUNTIFS(Propostas!$F$5:$F$404,"Negociação")+COUNTIFS(Propostas!$F$5:$F$404,"Ganha")+COUNTIFS(Propostas!$F$5:$F$404,"Perdida")),0) -> 0.91666667 | F10: =REPT("█",ROUND(IFERROR(C10/MAX($C$9:$C$12),0)*30,0)) -> ███████████████████
A11: Proposta enviada | B11: =COUNTIFS(Propostas!$F$5:$F$404,A11) -> 2 | C11: =SUMIFS(Propostas!$E$5:$E$404,Propostas!$F$5:$F$404,A11) -> 49500 | D11: =SUMIFS(Propostas!$M$5:$M$404,Propostas!$F$5:$F$404,A11) -> 24750 | E11: =IFERROR((COUNTIFS(Propostas!$F$5:$F$404,"Negociação")+COUNTIFS(Propostas!$F$5:$F$404,"Ganha")+COUNTIFS(Propostas!$F$5:$F$404,"Perdida"))/(B11+COUNTIFS(Propostas!$F$5:$F$404,"Negociação")+COUNTIFS(Propostas!$F$5:$F$404,"Ganha")+COUNTIFS(Propostas!$F$5:$F$404,"Perdida")),0) -> 0.81818182 | F11: =REPT("█",ROUND(IFERROR(C11/MAX($C$9:$C$12),0)*30,0)) -> ██████████████████████████████
A12: Negociação | B12: =COUNTIFS(Propostas!$F$5:$F$404,A12) -> 2 | C12: =SUMIFS(Propostas!$E$5:$E$404,Propostas!$F$5:$F$404,A12) -> 28200 | D12: =SUMIFS(Propostas!$M$5:$M$404,Propostas!$F$5:$F$404,A12) -> 21150 | E12: =IFERROR((COUNTIFS(Propostas!$F$5:$F$404,"Ganha")+COUNTIFS(Propostas!$F$5:$F$404,"Perdida"))/(B12+COUNTIFS(Propostas!$F$5:$F$404,"Ganha")+COUNTIFS(Propostas!$F$5:$F$404,"Perdida")),0) -> 0.77777778 | F12: =REPT("█",ROUND(IFERROR(C12/MAX($C$9:$C$12),0)*30,0)) -> █████████████████
A13: Ganhas (total) | B13: =COUNTIFS(Propostas!$F$5:$F$404,"Ganha") -> 4 | C13: =SUMIFS(Propostas!$E$5:$E$404,Propostas!$F$5:$F$404,"Ganha") -> 87500
A14: Perdidas (total) | B14: =COUNTIFS(Propostas!$F$5:$F$404,"Perdida") -> 3 | C14: =SUMIFS(Propostas!$E$5:$E$404,Propostas!$F$5:$F$404,"Perdida") -> 33200
A15: Taxa de conversão (ganhas ÷ fechadas) | B15: =IFERROR(B13/(B13+B14),0) -> 0.57142857
A16: Ticket médio das ganhas | B16: =IFERROR(C13/B13,0) -> 21875
A18: O que mexer primeiro
A19: Propostas abertas com fechamento vencido ou paradas há mais tempo, as de maior valor primeiro.
A20: # | B20: Cliente | C20: Proposta | D20: Etapa | E20: Valor | F20: Dias parada | G20: Situação | H20: Responsável
A21: 1 | B21: =IFERROR(IF(LARGE(Propostas!$P$5:$P$404,1)>0,INDEX(Propostas!$A$5:$A$404,MATCH(LARGE(Propostas!$P$5:$P$404,1),Propostas!$P$5:$P$404,0)),""),"") -> Studio Yoga | C21: =IFERROR(IF(LARGE(Propostas!$P$5:$P$404,1)>0,INDEX(Propostas!$B$5:$B$404,MATCH(LARGE(Propostas!$P$5:$P$404,1),Propostas!$P$5:$P$404,0)),""),"") -> Site simples | D21: =IFERROR(IF(LARGE(Propostas!$P$5:$P$404,1)>0,INDEX(Propostas!$F$5:$F$404,MATCH(LARGE(Propostas!$P$5:$P$404,1),Propostas!$P$5:$P$404,0)),""),"") -> Contato | E21: =IFERROR(IF(LARGE(Propostas!$P$5:$P$404,1)>0,INDEX(Propostas!$E$5:$E$404,MATCH(LARGE(Propostas!$P$5:$P$404,1),Propostas!$P$5:$P$404,0)),""),"") -> 8500 | F21: =IFERROR(IF(LARGE(Propostas!$P$5:$P$404,1)>0,INDEX(Propostas!$N$5:$N$404,MATCH(LARGE(Propostas!$P$5:$P$404,1),Propostas!$P$5:$P$404,0)),""),"") -> 36 | G21: =IFERROR(IF(LARGE(Propostas!$P$5:$P$404,1)>0,INDEX(Propostas!$O$5:$O$404,MATCH(LARGE(Propostas!$P$5:$P$404,1),Propostas!$P$5:$P$404,0)),""),"") -> Fechamento vencido | H21: =IFERROR(IF(LARGE(Propostas!$P$5:$P$404,1)>0,INDEX(Propostas!$D$5:$D$404,MATCH(LARGE(Propostas!$P$5:$P$404,1),Propostas!$P$5:$P$404,0)),""),"") -> Diego
A22: 2 | B22: =IFERROR(IF(LARGE(Propostas!$P$5:$P$404,2)>0,INDEX(Propostas!$A$5:$A$404,MATCH(LARGE(Propostas!$P$5:$P$404,2),Propostas!$P$5:$P$404,0)),""),"") -> Construtora Vale | C22: =IFERROR(IF(LARGE(Propostas!$P$5:$P$404,2)>0,INDEX(Propostas!$B$5:$B$404,MATCH(LARGE(Propostas!$P$5:$P$404,2),Propostas!$P$5:$P$404,0)),""),"") -> Vídeo institucional | D22: =IFERROR(IF(LARGE(Propostas!$P$5:$P$404,2)>0,INDEX(Propostas!$F$5:$F$404,MATCH(LARGE(Propostas!$P$5:$P$404,2),Propostas!$P$5:$P$404,0)),""),"") -> Proposta enviada | E22: =IFERROR(IF(LARGE(Propostas!$P$5:$P$404,2)>0,INDEX(Propostas!$E$5:$E$404,MATCH(LARGE(Propostas!$P$5:$P$404,2),Propostas!$P$5:$P$404,0)),""),"") -> 45000 | F22: =IFERROR(IF(LARGE(Propostas!$P$5:$P$404,2)>0,INDEX(Propostas!$N$5:$N$404,MATCH(LARGE(Propostas!$P$5:$P$404,2),Propostas!$P$5:$P$404,0)),""),"") -> 22 | G22: =IFERROR(IF(LARGE(Propostas!$P$5:$P$404,2)>0,INDEX(Propostas!$O$5:$O$404,MATCH(LARGE(Propostas!$P$5:$P$404,2),Propostas!$P$5:$P$404,0)),""),"") -> Fechamento vencido | H22: =IFERROR(IF(LARGE(Propostas!$P$5:$P$404,2)>0,INDEX(Propostas!$D$5:$D$404,MATCH(LARGE(Propostas!$P$5:$P$404,2),Propostas!$P$5:$P$404,0)),""),"") -> Bruno
A23: 3 | B23: =IFERROR(IF(LARGE(Propostas!$P$5:$P$404,3)>0,INDEX(Propostas!$A$5:$A$404,MATCH(LARGE(Propostas!$P$5:$P$404,3),Propostas!$P$5:$P$404,0)),""),"") -> Clínica Bem-Estar | C23: =IFERROR(IF(LARGE(Propostas!$P$5:$P$404,3)>0,INDEX(Propostas!$B$5:$B$404,MATCH(LARGE(Propostas!$P$5:$P$404,3),Propostas!$P$5:$P$404,0)),""),"") -> Gestão de redes (mensal) | D23: =IFERROR(IF(LARGE(Propostas!$P$5:$P$404,3)>0,INDEX(Propostas!$F$5:$F$404,MATCH(LARGE(Propostas!$P$5:$P$404,3),Propostas!$P$5:$P$404,0)),""),"") -> Proposta enviada | E23: =IFERROR(IF(LARGE(Propostas!$P$5:$P$404,3)>0,INDEX(Propostas!$E$5:$E$404,MATCH(LARGE(Propostas!$P$5:$P$404,3),Propostas!$P$5:$P$404,0)),""),"") -> 4500 | F23: =IFERROR(IF(LARGE(Propostas!$P$5:$P$404,3)>0,INDEX(Propostas!$N$5:$N$404,MATCH(LARGE(Propostas!$P$5:$P$404,3),Propostas!$P$5:$P$404,0)),""),"") -> 13 | G23: =IFERROR(IF(LARGE(Propostas!$P$5:$P$404,3)>0,INDEX(Propostas!$O$5:$O$404,MATCH(LARGE(Propostas!$P$5:$P$404,3),Propostas!$P$5:$P$404,0)),""),"") -> Fechamento vencido | H23: =IFERROR(IF(LARGE(Propostas!$P$5:$P$404,3)>0,INDEX(Propostas!$D$5:$D$404,MATCH(LARGE(Propostas!$P$5:$P$404,3),Propostas!$P$5:$P$404,0)),""),"") -> Carla
A24: 4 | B24: =IFERROR(IF(LARGE(Propostas!$P$5:$P$404,4)>0,INDEX(Propostas!$A$5:$A$404,MATCH(LARGE(Propostas!$P$5:$P$404,4),Propostas!$P$5:$P$404,0)),""),"") -> Escola Nova Era | C24: =IFERROR(IF(LARGE(Propostas!$P$5:$P$404,4)>0,INDEX(Propostas!$B$5:$B$404,MATCH(LARGE(Propostas!$P$5:$P$404,4),Propostas!$P$5:$P$404,0)),""),"") -> Site + matrículas | D24: =IFERROR(IF(LARGE(Propostas!$P$5:$P$404,4)>0,INDEX(Propostas!$F$5:$F$404,MATCH(LARGE(Propostas!$P$5:$P$404,4),Propostas!$P$5:$P$404,0)),""),"") -> Reunião feita | E24: =IFERROR(IF(LARGE(Propostas!$P$5:$P$404,4)>0,INDEX(Propostas!$E$5:$E$404,MATCH(LARGE(Propostas!$P$5:$P$404,4),Propostas!$P$5:$P$404,0)),""),"") -> 31000 | F24: =IFERROR(IF(LARGE(Propostas!$P$5:$P$404,4)>0,INDEX(Propostas!$N$5:$N$404,MATCH(LARGE(Propostas!$P$5:$P$404,4),Propostas!$P$5:$P$404,0)),""),"") -> 9 | G24: =IFERROR(IF(LARGE(Propostas!$P$5:$P$404,4)>0,INDEX(Propostas!$O$5:$O$404,MATCH(LARGE(Propostas!$P$5:$P$404,4),Propostas!$P$5:$P$404,0)),""),"") -> Ativa | H24: =IFERROR(IF(LARGE(Propostas!$P$5:$P$404,4)>0,INDEX(Propostas!$D$5:$D$404,MATCH(LARGE(Propostas!$P$5:$P$404,4),Propostas!$P$5:$P$404,0)),""),"") -> Ana
A25: 5 | B25: =IFERROR(IF(LARGE(Propostas!$P$5:$P$404,5)>0,INDEX(Propostas!$A$5:$A$404,MATCH(LARGE(Propostas!$P$5:$P$404,5),Propostas!$P$5:$P$404,0)),""),"") -> Aurora Móveis | C25: =IFERROR(IF(LARGE(Propostas!$P$5:$P$404,5)>0,INDEX(Propostas!$B$5:$B$404,MATCH(LARGE(Propostas!$P$5:$P$404,5),Propostas!$P$5:$P$404,0)),""),"") -> Catálogo digital | D25: =IFERROR(IF(LARGE(Propostas!$P$5:$P$404,5)>0,INDEX(Propostas!$F$5:$F$404,MATCH(LARGE(Propostas!$P$5:$P$404,5),Propostas!$P$5:$P$404,0)),""),"") -> Negociação | E25: =IFERROR(IF(LARGE(Propostas!$P$5:$P$404,5)>0,INDEX(Propostas!$E$5:$E$404,MATCH(LARGE(Propostas!$P$5:$P$404,5),Propostas!$P$5:$P$404,0)),""),"") -> 22000 | F25: =IFERROR(IF(LARGE(Propostas!$P$5:$P$404,5)>0,INDEX(Propostas!$N$5:$N$404,MATCH(LARGE(Propostas!$P$5:$P$404,5),Propostas!$P$5:$P$404,0)),""),"") -> 8 | G25: =IFERROR(IF(LARGE(Propostas!$P$5:$P$404,5)>0,INDEX(Propostas!$O$5:$O$404,MATCH(LARGE(Propostas!$P$5:$P$404,5),Propostas!$P$5:$P$404,0)),""),"") -> Ativa | H25: =IFERROR(IF(LARGE(Propostas!$P$5:$P$404,5)>0,INDEX(Propostas!$D$5:$D$404,MATCH(LARGE(Propostas!$P$5:$P$404,5),Propostas!$P$5:$P$404,0)),""),"") -> Ana
A26: 6 | B26: =IFERROR(IF(LARGE(Propostas!$P$5:$P$404,6)>0,INDEX(Propostas!$A$5:$A$404,MATCH(LARGE(Propostas!$P$5:$P$404,6),Propostas!$P$5:$P$404,0)),""),"") -> Dra. Lúcia (nutri) | C26: =IFERROR(IF(LARGE(Propostas!$P$5:$P$404,6)>0,INDEX(Propostas!$B$5:$B$404,MATCH(LARGE(Propostas!$P$5:$P$404,6),Propostas!$P$5:$P$404,0)),""),"") -> Identidade + Instagram | D26: =IFERROR(IF(LARGE(Propostas!$P$5:$P$404,6)>0,INDEX(Propostas!$F$5:$F$404,MATCH(LARGE(Propostas!$P$5:$P$404,6),Propostas!$P$5:$P$404,0)),""),"") -> Contato | E26: =IFERROR(IF(LARGE(Propostas!$P$5:$P$404,6)>0,INDEX(Propostas!$E$5:$E$404,MATCH(LARGE(Propostas!$P$5:$P$404,6),Propostas!$P$5:$P$404,0)),""),"") -> 7800 | F26: =IFERROR(IF(LARGE(Propostas!$P$5:$P$404,6)>0,INDEX(Propostas!$N$5:$N$404,MATCH(LARGE(Propostas!$P$5:$P$404,6),Propostas!$P$5:$P$404,0)),""),"") -> 6 | G26: =IFERROR(IF(LARGE(Propostas!$P$5:$P$404,6)>0,INDEX(Propostas!$O$5:$O$404,MATCH(LARGE(Propostas!$P$5:$P$404,6),Propostas!$P$5:$P$404,0)),""),"") -> Ativa | H26: =IFERROR(IF(LARGE(Propostas!$P$5:$P$404,6)>0,INDEX(Propostas!$D$5:$D$404,MATCH(LARGE(Propostas!$P$5:$P$404,6),Propostas!$P$5:$P$404,0)),""),"") -> Bruno
A27: 7 | B27: =IFERROR(IF(LARGE(Propostas!$P$5:$P$404,7)>0,INDEX(Propostas!$A$5:$A$404,MATCH(LARGE(Propostas!$P$5:$P$404,7),Propostas!$P$5:$P$404,0)),""),"") -> Café Central | C27: =IFERROR(IF(LARGE(Propostas!$P$5:$P$404,7)>0,INDEX(Propostas!$B$5:$B$404,MATCH(LARGE(Propostas!$P$5:$P$404,7),Propostas!$P$5:$P$404,0)),""),"") -> Cardápio e fachada | D27: =IFERROR(IF(LARGE(Propostas!$P$5:$P$404,7)>0,INDEX(Propostas!$F$5:$F$404,MATCH(LARGE(Propostas!$P$5:$P$404,7),Propostas!$P$5:$P$404,0)),""),"") -> Negociação | E27: =IFERROR(IF(LARGE(Propostas!$P$5:$P$404,7)>0,INDEX(Propostas!$E$5:$E$404,MATCH(LARGE(Propostas!$P$5:$P$404,7),Propostas!$P$5:$P$404,0)),""),"") -> 6200 | F27: =IFERROR(IF(LARGE(Propostas!$P$5:$P$404,7)>0,INDEX(Propostas!$N$5:$N$404,MATCH(LARGE(Propostas!$P$5:$P$404,7),Propostas!$P$5:$P$404,0)),""),"") -> 5 | G27: =IFERROR(IF(LARGE(Propostas!$P$5:$P$404,7)>0,INDEX(Propostas!$O$5:$O$404,MATCH(LARGE(Propostas!$P$5:$P$404,7),Propostas!$P$5:$P$404,0)),""),"") -> Ativa | H27: =IFERROR(IF(LARGE(Propostas!$P$5:$P$404,7)>0,INDEX(Propostas!$D$5:$D$404,MATCH(LARGE(Propostas!$P$5:$P$404,7),Propostas!$P$5:$P$404,0)),""),"") -> Carla
A28: 8 | B28: =IFERROR(IF(LARGE(Propostas!$P$5:$P$404,8)>0,INDEX(Propostas!$A$5:$A$404,MATCH(LARGE(Propostas!$P$5:$P$404,8),Propostas!$P$5:$P$404,0)),""),"") | C28: =IFERROR(IF(LARGE(Propostas!$P$5:$P$404,8)>0,INDEX(Propostas!$B$5:$B$404,MATCH(LARGE(Propostas!$P$5:$P$404,8),Propostas!$P$5:$P$404,0)),""),"") | D28: =IFERROR(IF(LARGE(Propostas!$P$5:$P$404,8)>0,INDEX(Propostas!$F$5:$F$404,MATCH(LARGE(Propostas!$P$5:$P$404,8),Propostas!$P$5:$P$404,0)),""),"") | E28: =IFERROR(IF(LARGE(Propostas!$P$5:$P$404,8)>0,INDEX(Propostas!$E$5:$E$404,MATCH(LARGE(Propostas!$P$5:$P$404,8),Propostas!$P$5:$P$404,0)),""),"") | F28: =IFERROR(IF(LARGE(Propostas!$P$5:$P$404,8)>0,INDEX(Propostas!$N$5:$N$404,MATCH(LARGE(Propostas!$P$5:$P$404,8),Propostas!$P$5:$P$404,0)),""),"") | G28: =IFERROR(IF(LARGE(Propostas!$P$5:$P$404,8)>0,INDEX(Propostas!$O$5:$O$404,MATCH(LARGE(Propostas!$P$5:$P$404,8),Propostas!$P$5:$P$404,0)),""),"") | H28: =IFERROR(IF(LARGE(Propostas!$P$5:$P$404,8)>0,INDEX(Propostas!$D$5:$D$404,MATCH(LARGE(Propostas!$P$5:$P$404,8),Propostas!$P$5:$P$404,0)),""),"")
A29: 9 | B29: =IFERROR(IF(LARGE(Propostas!$P$5:$P$404,9)>0,INDEX(Propostas!$A$5:$A$404,MATCH(LARGE(Propostas!$P$5:$P$404,9),Propostas!$P$5:$P$404,0)),""),"") | C29: =IFERROR(IF(LARGE(Propostas!$P$5:$P$404,9)>0,INDEX(Propostas!$B$5:$B$404,MATCH(LARGE(Propostas!$P$5:$P$404,9),Propostas!$P$5:$P$404,0)),""),"") | D29: =IFERROR(IF(LARGE(Propostas!$P$5:$P$404,9)>0,INDEX(Propostas!$F$5:$F$404,MATCH(LARGE(Propostas!$P$5:$P$404,9),Propostas!$P$5:$P$404,0)),""),"") | E29: =IFERROR(IF(LARGE(Propostas!$P$5:$P$404,9)>0,INDEX(Propostas!$E$5:$E$404,MATCH(LARGE(Propostas!$P$5:$P$404,9),Propostas!$P$5:$P$404,0)),""),"") | F29: =IFERROR(IF(LARGE(Propostas!$P$5:$P$404,9)>0,INDEX(Propostas!$N$5:$N$404,MATCH(LARGE(Propostas!$P$5:$P$404,9),Propostas!$P$5:$P$404,0)),""),"") | G29: =IFERROR(IF(LARGE(Propostas!$P$5:$P$404,9)>0,INDEX(Propostas!$O$5:$O$404,MATCH(LARGE(Propostas!$P$5:$P$404,9),Propostas!$P$5:$P$404,0)),""),"") | H29: =IFERROR(IF(LARGE(Propostas!$P$5:$P$404,9)>0,INDEX(Propostas!$D$5:$D$404,MATCH(LARGE(Propostas!$P$5:$P$404,9),Propostas!$P$5:$P$404,0)),""),"")
A30: 10 | B30: =IFERROR(IF(LARGE(Propostas!$P$5:$P$404,10)>0,INDEX(Propostas!$A$5:$A$404,MATCH(LARGE(Propostas!$P$5:$P$404,10),Propostas!$P$5:$P$404,0)),""),"") | C30: =IFERROR(IF(LARGE(Propostas!$P$5:$P$404,10)>0,INDEX(Propostas!$B$5:$B$404,MATCH(LARGE(Propostas!$P$5:$P$404,10),Propostas!$P$5:$P$404,0)),""),"") | D30: =IFERROR(IF(LARGE(Propostas!$P$5:$P$404,10)>0,INDEX(Propostas!$F$5:$F$404,MATCH(LARGE(Propostas!$P$5:$P$404,10),Propostas!$P$5:$P$404,0)),""),"") | E30: =IFERROR(IF(LARGE(Propostas!$P$5:$P$404,10)>0,INDEX(Propostas!$E$5:$E$404,MATCH(LARGE(Propostas!$P$5:$P$404,10),Propostas!$P$5:$P$404,0)),""),"") | F30: =IFERROR(IF(LARGE(Propostas!$P$5:$P$404,10)>0,INDEX(Propostas!$N$5:$N$404,MATCH(LARGE(Propostas!$P$5:$P$404,10),Propostas!$P$5:$P$404,0)),""),"") | G30: =IFERROR(IF(LARGE(Propostas!$P$5:$P$404,10)>0,INDEX(Propostas!$O$5:$O$404,MATCH(LARGE(Propostas!$P$5:$P$404,10),Propostas!$P$5:$P$404,0)),""),"") | H30: =IFERROR(IF(LARGE(Propostas!$P$5:$P$404,10)>0,INDEX(Propostas!$D$5:$D$404,MATCH(LARGE(Propostas!$P$5:$P$404,10),Propostas!$P$5:$P$404,0)),""),"")
A31: 11 | B31: =IFERROR(IF(LARGE(Propostas!$P$5:$P$404,11)>0,INDEX(Propostas!$A$5:$A$404,MATCH(LARGE(Propostas!$P$5:$P$404,11),Propostas!$P$5:$P$404,0)),""),"") | C31: =IFERROR(IF(LARGE(Propostas!$P$5:$P$404,11)>0,INDEX(Propostas!$B$5:$B$404,MATCH(LARGE(Propostas!$P$5:$P$404,11),Propostas!$P$5:$P$404,0)),""),"") | D31: =IFERROR(IF(LARGE(Propostas!$P$5:$P$404,11)>0,INDEX(Propostas!$F$5:$F$404,MATCH(LARGE(Propostas!$P$5:$P$404,11),Propostas!$P$5:$P$404,0)),""),"") | E31: =IFERROR(IF(LARGE(Propostas!$P$5:$P$404,11)>0,INDEX(Propostas!$E$5:$E$404,MATCH(LARGE(Propostas!$P$5:$P$404,11),Propostas!$P$5:$P$404,0)),""),"") | F31: =IFERROR(IF(LARGE(Propostas!$P$5:$P$404,11)>0,INDEX(Propostas!$N$5:$N$404,MATCH(LARGE(Propostas!$P$5:$P$404,11),Propostas!$P$5:$P$404,0)),""),"") | G31: =IFERROR(IF(LARGE(Propostas!$P$5:$P$404,11)>0,INDEX(Propostas!$O$5:$O$404,MATCH(LARGE(Propostas!$P$5:$P$404,11),Propostas!$P$5:$P$404,0)),""),"") | H31: =IFERROR(IF(LARGE(Propostas!$P$5:$P$404,11)>0,INDEX(Propostas!$D$5:$D$404,MATCH(LARGE(Propostas!$P$5:$P$404,11),Propostas!$P$5:$P$404,0)),""),"")
A32: 12 | B32: =IFERROR(IF(LARGE(Propostas!$P$5:$P$404,12)>0,INDEX(Propostas!$A$5:$A$404,MATCH(LARGE(Propostas!$P$5:$P$404,12),Propostas!$P$5:$P$404,0)),""),"") | C32: =IFERROR(IF(LARGE(Propostas!$P$5:$P$404,12)>0,INDEX(Propostas!$B$5:$B$404,MATCH(LARGE(Propostas!$P$5:$P$404,12),Propostas!$P$5:$P$404,0)),""),"") | D32: =IFERROR(IF(LARGE(Propostas!$P$5:$P$404,12)>0,INDEX(Propostas!$F$5:$F$404,MATCH(LARGE(Propostas!$P$5:$P$404,12),Propostas!$P$5:$P$404,0)),""),"") | E32: =IFERROR(IF(LARGE(Propostas!$P$5:$P$404,12)>0,INDEX(Propostas!$E$5:$E$404,MATCH(LARGE(Propostas!$P$5:$P$404,12),Propostas!$P$5:$P$404,0)),""),"") | F32: =IFERROR(IF(LARGE(Propostas!$P$5:$P$404,12)>0,INDEX(Propostas!$N$5:$N$404,MATCH(LARGE(Propostas!$P$5:$P$404,12),Propostas!$P$5:$P$404,0)),""),"") | G32: =IFERROR(IF(LARGE(Propostas!$P$5:$P$404,12)>0,INDEX(Propostas!$O$5:$O$404,MATCH(LARGE(Propostas!$P$5:$P$404,12),Propostas!$P$5:$P$404,0)),""),"") | H32: =IFERROR(IF(LARGE(Propostas!$P$5:$P$404,12)>0,INDEX(Propostas!$D$5:$D$404,MATCH(LARGE(Propostas!$P$5:$P$404,12),Propostas!$P$5:$P$404,0)),""),"")
A34: Por origem e motivo de perda
A35: Origem | B35: Propostas | C35: Ganhas | D35: Conversão | E35: Valor ganho | G35: Motivo de perda | H35: Perdidas | I35: Valor perdido
A36: =IF(Config!$A$19="","",Config!$A$19) -> Indicação | B36: =IF(Config!$A$19="","",COUNTIFS(Propostas!$C$5:$C$404,Config!$A$19)) -> 3 | C36: =IF(Config!$A$19="","",COUNTIFS(Propostas!$C$5:$C$404,Config!$A$19,Propostas!$F$5:$F$404,"Ganha")) -> 2 | D36: =IF(Config!$A$19="","",IFERROR(C36/(C36+COUNTIFS(Propostas!$C$5:$C$404,Config!$A$19,Propostas!$F$5:$F$404,"Perdida")),0)) -> 1 | E36: =IF(Config!$A$19="","",SUMIFS(Propostas!$E$5:$E$404,Propostas!$C$5:$C$404,Config!$A$19,Propostas!$F$5:$F$404,"Ganha")) -> 33500 | G36: =IF(Config!$D$19="","",Config!$D$19) -> Preço | H36: =IF(Config!$D$19="","",COUNTIFS(Propostas!$K$5:$K$404,Config!$D$19,Propostas!$F$5:$F$404,"Perdida")) -> 1 | I36: =IF(Config!$D$19="","",SUMIFS(Propostas!$E$5:$E$404,Propostas!$K$5:$K$404,Config!$D$19,Propostas!$F$5:$F$404,"Perdida")) -> 12000
A37: =IF(Config!$A$20="","",Config!$A$20) -> Instagram | B37: =IF(Config!$A$20="","",COUNTIFS(Propostas!$C$5:$C$404,Config!$A$20)) -> 4 | C37: =IF(Config!$A$20="","",COUNTIFS(Propostas!$C$5:$C$404,Config!$A$20,Propostas!$F$5:$F$404,"Ganha")) -> 1 | D37: =IF(Config!$A$20="","",IFERROR(C37/(C37+COUNTIFS(Propostas!$C$5:$C$404,Config!$A$20,Propostas!$F$5:$F$404,"Perdida")),0)) -> 0.5 | E37: =IF(Config!$A$20="","",SUMIFS(Propostas!$E$5:$E$404,Propostas!$C$5:$C$404,Config!$A$20,Propostas!$F$5:$F$404,"Ganha")) -> 38000 | G37: =IF(Config!$D$20="","",Config!$D$20) -> Prazo | H37: =IF(Config!$D$20="","",COUNTIFS(Propostas!$K$5:$K$404,Config!$D$20,Propostas!$F$5:$F$404,"Perdida")) -> 0 | I37: =IF(Config!$D$20="","",SUMIFS(Propostas!$E$5:$E$404,Propostas!$K$5:$K$404,Config!$D$20,Propostas!$F$5:$F$404,"Perdida")) -> 0
A38: =IF(Config!$A$21="","",Config!$A$21) -> Site | B38: =IF(Config!$A$21="","",COUNTIFS(Propostas!$C$5:$C$404,Config!$A$21)) -> 3 | C38: =IF(Config!$A$21="","",COUNTIFS(Propostas!$C$5:$C$404,Config!$A$21,Propostas!$F$5:$F$404,"Ganha")) -> 0 | D38: =IF(Config!$A$21="","",IFERROR(C38/(C38+COUNTIFS(Propostas!$C$5:$C$404,Config!$A$21,Propostas!$F$5:$F$404,"Perdida")),0)) -> 0 | E38: =IF(Config!$A$21="","",SUMIFS(Propostas!$E$5:$E$404,Propostas!$C$5:$C$404,Config!$A$21,Propostas!$F$5:$F$404,"Ganha")) -> 0 | G38: =IF(Config!$D$21="","",Config!$D$21) -> Escolheu concorrente | H38: =IF(Config!$D$21="","",COUNTIFS(Propostas!$K$5:$K$404,Config!$D$21,Propostas!$F$5:$F$404,"Perdida")) -> 1 | I38: =IF(Config!$D$21="","",SUMIFS(Propostas!$E$5:$E$404,Propostas!$K$5:$K$404,Config!$D$21,Propostas!$F$5:$F$404,"Perdida")) -> 18000
A39: =IF(Config!$A$22="","",Config!$A$22) -> Evento | B39: =IF(Config!$A$22="","",COUNTIFS(Propostas!$C$5:$C$404,Config!$A$22)) -> 2 | C39: =IF(Config!$A$22="","",COUNTIFS(Propostas!$C$5:$C$404,Config!$A$22,Propostas!$F$5:$F$404,"Ganha")) -> 0 | D39: =IF(Config!$A$22="","",IFERROR(C39/(C39+COUNTIFS(Propostas!$C$5:$C$404,Config!$A$22,Propostas!$F$5:$F$404,"Perdida")),0)) -> 0 | E39: =IF(Config!$A$22="","",SUMIFS(Propostas!$E$5:$E$404,Propostas!$C$5:$C$404,Config!$A$22,Propostas!$F$5:$F$404,"Ganha")) -> 0 | G39: =IF(Config!$D$22="","",Config!$D$22) -> Adiou o projeto | H39: =IF(Config!$D$22="","",COUNTIFS(Propostas!$K$5:$K$404,Config!$D$22,Propostas!$F$5:$F$404,"Perdida")) -> 0 | I39: =IF(Config!$D$22="","",SUMIFS(Propostas!$E$5:$E$404,Propostas!$K$5:$K$404,Config!$D$22,Propostas!$F$5:$F$404,"Perdida")) -> 0
A40: =IF(Config!$A$23="","",Config!$A$23) -> Cliente antigo | B40: =IF(Config!$A$23="","",COUNTIFS(Propostas!$C$5:$C$404,Config!$A$23)) -> 2 | C40: =IF(Config!$A$23="","",COUNTIFS(Propostas!$C$5:$C$404,Config!$A$23,Propostas!$F$5:$F$404,"Ganha")) -> 1 | D40: =IF(Config!$A$23="","",IFERROR(C40/(C40+COUNTIFS(Propostas!$C$5:$C$404,Config!$A$23,Propostas!$F$5:$F$404,"Perdida")),0)) -> 1 | E40: =IF(Config!$A$23="","",SUMIFS(Propostas!$E$5:$E$404,Propostas!$C$5:$C$404,Config!$A$23,Propostas!$F$5:$F$404,"Ganha")) -> 16000 | G40: =IF(Config!$D$23="","",Config!$D$23) -> Sem resposta | H40: =IF(Config!$D$23="","",COUNTIFS(Propostas!$K$5:$K$404,Config!$D$23,Propostas!$F$5:$F$404,"Perdida")) -> 1 | I40: =IF(Config!$D$23="","",SUMIFS(Propostas!$E$5:$E$404,Propostas!$K$5:$K$404,Config!$D$23,Propostas!$F$5:$F$404,"Perdida")) -> 3200
A41: =IF(Config!$A$24="","",Config!$A$24) | B41: =IF(Config!$A$24="","",COUNTIFS(Propostas!$C$5:$C$404,Config!$A$24)) | C41: =IF(Config!$A$24="","",COUNTIFS(Propostas!$C$5:$C$404,Config!$A$24,Propostas!$F$5:$F$404,"Ganha")) | D41: =IF(Config!$A$24="","",IFERROR(C41/(C41+COUNTIFS(Propostas!$C$5:$C$404,Config!$A$24,Propostas!$F$5:$F$404,"Perdida")),0)) | E41: =IF(Config!$A$24="","",SUMIFS(Propostas!$E$5:$E$404,Propostas!$C$5:$C$404,Config!$A$24,Propostas!$F$5:$F$404,"Ganha")) | G41: =IF(Config!$D$24="","",Config!$D$24) | H41: =IF(Config!$D$24="","",COUNTIFS(Propostas!$K$5:$K$404,Config!$D$24,Propostas!$F$5:$F$404,"Perdida")) | I41: =IF(Config!$D$24="","",SUMIFS(Propostas!$E$5:$E$404,Propostas!$K$5:$K$404,Config!$D$24,Propostas!$F$5:$F$404,"Perdida"))
A42: =IF(Config!$A$25="","",Config!$A$25) | B42: =IF(Config!$A$25="","",COUNTIFS(Propostas!$C$5:$C$404,Config!$A$25)) | C42: =IF(Config!$A$25="","",COUNTIFS(Propostas!$C$5:$C$404,Config!$A$25,Propostas!$F$5:$F$404,"Ganha")) | D42: =IF(Config!$A$25="","",IFERROR(C42/(C42+COUNTIFS(Propostas!$C$5:$C$404,Config!$A$25,Propostas!$F$5:$F$404,"Perdida")),0)) | E42: =IF(Config!$A$25="","",SUMIFS(Propostas!$E$5:$E$404,Propostas!$C$5:$C$404,Config!$A$25,Propostas!$F$5:$F$404,"Ganha")) | G42: =IF(Config!$D$25="","",Config!$D$25) | H42: =IF(Config!$D$25="","",COUNTIFS(Propostas!$K$5:$K$404,Config!$D$25,Propostas!$F$5:$F$404,"Perdida")) | I42: =IF(Config!$D$25="","",SUMIFS(Propostas!$E$5:$E$404,Propostas!$K$5:$K$404,Config!$D$25,Propostas!$F$5:$F$404,"Perdida"))
A43: =IF(Config!$A$26="","",Config!$A$26) | B43: =IF(Config!$A$26="","",COUNTIFS(Propostas!$C$5:$C$404,Config!$A$26)) | C43: =IF(Config!$A$26="","",COUNTIFS(Propostas!$C$5:$C$404,Config!$A$26,Propostas!$F$5:$F$404,"Ganha")) | D43: =IF(Config!$A$26="","",IFERROR(C43/(C43+COUNTIFS(Propostas!$C$5:$C$404,Config!$A$26,Propostas!$F$5:$F$404,"Perdida")),0)) | E43: =IF(Config!$A$26="","",SUMIFS(Propostas!$E$5:$E$404,Propostas!$C$5:$C$404,Config!$A$26,Propostas!$F$5:$F$404,"Ganha")) | G43: =IF(Config!$D$26="","",Config!$D$26) | H43: =IF(Config!$D$26="","",COUNTIFS(Propostas!$K$5:$K$404,Config!$D$26,Propostas!$F$5:$F$404,"Perdida")) | I43: =IF(Config!$D$26="","",SUMIFS(Propostas!$E$5:$E$404,Propostas!$K$5:$K$404,Config!$D$26,Propostas!$F$5:$F$404,"Perdida"))

Sheet Config
A1: Configurações
A2: Células amarelas: você preenche. As etapas e probabilidades alimentam a previsão ponderada.
A4: Empresa ou vendedor | B4: Prisma Comunicação (exemplo fictício)
A5: Data de referência (hoje) | B5: =TODAY() -> 46282
A6: Meta de vendas no trimestre (R$) | B6: 180000
A7: Proposta parada há mais de (dias) | B7: 14
A9: Etapas do funil e probabilidade de fechar
A10: Etapa | B10: Probabilidade
A11: Contato | B11: 0.1
A12: Reunião feita | B12: 0.25
A13: Proposta enviada | B13: 0.5
A14: Negociação | B14: 0.75
A15: Ganha | B15: 1
A16: Perdida | B16: 0
A18: Origens (até 8) | D18: Motivos de perda (até 8)
A19: Indicação | D19: Preço
A20: Instagram | D20: Prazo
A21: Site | D21: Escolheu concorrente
A22: Evento | D22: Adiou o projeto
A23: Cliente antigo | D23: Sem resposta

Sheet Propostas
A1: Propostas
A2: Uma linha por oportunidade. Atualize a etapa conforme avança; ao fechar, marque Ganha ou Perdida e a data.
A4: Cliente | B4: Proposta | C4: Origem | D4: Responsável | E4: Valor (R$) | F4: Etapa | G4: Data de entrada | H4: Última movimentação | I4: Fechamento previsto | J4: Data de fechamento | K4: Motivo (se perdida) | L4: Probabilidade | M4: Valor ponderado | N4: Dias parada | O4: Situação
A5: Loja Verde | B5: Site institucional | C5: Indicação | D5: Ana | E5: 24000 | F5: Ganha | G5: 46205 | H5: 46231 | I5: 46233 | J5: 46231 | L5: =IF(F5="","",IFERROR(INDEX(Config!$B$11:$B$16,MATCH(F5,Config!$A$11:$A$16,0)),0)) -> 1 | M5: =IF(OR(F5="",E5=""),"",E5*L5) -> 24000 | N5: =IF(OR(F5="",F5="Ganha",F5="Perdida"),"",Config!$B$5-IF(H5="",G5,H5)) | O5: =IF(F5="","",IF(F5="Ganha","Fechada",IF(F5="Perdida","Perdida",IF(AND(I5<>"",I5<Config!$B$5),"Fechamento vencido",IF(N5>Config!$B$7,"Parada","Ativa"))))) -> Fechada | P5: =IF(OR(F5="",O5="Fechada",O5="Perdida"),0,IF(O5="Fechamento vencido",3000,IF(O5="Parada",2000,1000))+MIN(N5,500)+E5/1000000-ROW()/100000) -> 0
A6: Bistrô 42 | B6: Campanha de fim de ano | C6: Instagram | D6: Carla | E6: 38000 | F6: Ganha | G6: 46223 | H6: 46259 | I6: 46264 | J6: 46259 | L6: =IF(F6="","",IFERROR(INDEX(Config!$B$11:$B$16,MATCH(F6,Config!$A$11:$A$16,0)),0)) -> 1 | M6: =IF(OR(F6="",E6=""),"",E6*L6) -> 38000 | N6: =IF(OR(F6="",F6="Ganha",F6="Perdida"),"",Config!$B$5-IF(H6="",G6,H6)) | O6: =IF(F6="","",IF(F6="Ganha","Fechada",IF(F6="Perdida","Perdida",IF(AND(I6<>"",I6<Config!$B$5),"Fechamento vencido",IF(N6>Config!$B$7,"Parada","Ativa"))))) -> Fechada | P6: =IF(OR(F6="",O6="Fechada",O6="Perdida"),0,IF(O6="Fechamento vencido",3000,IF(O6="Parada",2000,1000))+MIN(N6,500)+E6/1000000-ROW()/100000) -> 0
A7: Padaria do Sol | B7: Identidade visual | C7: Indicação | D7: Bruno | E7: 9500 | F7: Ganha | G7: 46183 | H7: 46213 | I7: 46218 | J7: 46213 | L7: =IF(F7="","",IFERROR(INDEX(Config!$B$11:$B$16,MATCH(F7,Config!$A$11:$A$16,0)),0)) -> 1 | M7: =IF(OR(F7="",E7=""),"",E7*L7) -> 9500 | N7: =IF(OR(F7="",F7="Ganha",F7="Perdida"),"",Config!$B$5-IF(H7="",G7,H7)) | O7: =IF(F7="","",IF(F7="Ganha","Fechada",IF(F7="Perdida","Perdida",IF(AND(I7<>"",I7<Config!$B$5),"Fechamento vencido",IF(N7>Config!$B$7,"Parada","Ativa"))))) -> Fechada | P7: =IF(OR(F7="",O7="Fechada",O7="Perdida"),0,IF(O7="Fechamento vencido",3000,IF(O7="Parada",2000,1000))+MIN(N7,500)+E7/1000000-ROW()/100000) -> 0
A8: Horizonte | B8: Relatório anual | C8: Cliente antigo | D8: Ana | E8: 16000 | F8: Ganha | G8: 46246 | H8: 46267 | I8: 46270 | J8: 46267 | L8: =IF(F8="","",IFERROR(INDEX(Config!$B$11:$B$16,MATCH(F8,Config!$A$11:$A$16,0)),0)) -> 1 | M8: =IF(OR(F8="",E8=""),"",E8*L8) -> 16000 | N8: =IF(OR(F8="",F8="Ganha",F8="Perdida"),"",Config!$B$5-IF(H8="",G8,H8)) | O8: =IF(F8="","",IF(F8="Ganha","Fechada",IF(F8="Perdida","Perdida",IF(AND(I8<>"",I8<Config!$B$5),"Fechamento vencido",IF(N8>Config!$B$7,"Parada","Ativa"))))) -> Fechada | P8: =IF(OR(F8="",O8="Fechada",O8="Perdida"),0,IF(O8="Fechamento vencido",3000,IF(O8="Parada",2000,1000))+MIN(N8,500)+E8/1000000-ROW()/100000) -> 0
A9: Aurora Móveis | B9: Catálogo digital | C9: Site | D9: Ana | E9: 22000 | F9: Negociação | G9: 46254 | H9: 46274 | I9: 46284 | L9: =IF(F9="","",IFERROR(INDEX(Config!$B$11:$B$16,MATCH(F9,Config!$A$11:$A$16,0)),0)) -> 0.75 | M9: =IF(OR(F9="",E9=""),"",E9*L9) -> 16500 | N9: =IF(OR(F9="",F9="Ganha",F9="Perdida"),"",Config!$B$5-IF(H9="",G9,H9)) -> 8 | O9: =IF(F9="","",IF(F9="Ganha","Fechada",IF(F9="Perdida","Perdida",IF(AND(I9<>"",I9<Config!$B$5),"Fechamento vencido",IF(N9>Config!$B$7,"Parada","Ativa"))))) -> Ativa | P9: =IF(OR(F9="",O9="Fechada",O9="Perdida"),0,IF(O9="Fechamento vencido",3000,IF(O9="Parada",2000,1000))+MIN(N9,500)+E9/1000000-ROW()/100000) -> 1008.0219
A10: Clínica Bem-Estar | B10: Gestão de redes (mensal) | C10: Instagram | D10: Carla | E10: 4500 | F10: Proposta enviada | G10: 46262 | H10: 46269 | I10: 46277 | L10: =IF(F10="","",IFERROR(INDEX(Config!$B$11:$B$16,MATCH(F10,Config!$A$11:$A$16,0)),0)) -> 0.5 | M10: =IF(OR(F10="",E10=""),"",E10*L10) -> 2250 | N10: =IF(OR(F10="",F10="Ganha",F10="Perdida"),"",Config!$B$5-IF(H10="",G10,H10)) -> 13 | O10: =IF(F10="","",IF(F10="Ganha","Fechada",IF(F10="Perdida","Perdida",IF(AND(I10<>"",I10<Config!$B$5),"Fechamento vencido",IF(N10>Config!$B$7,"Parada","Ativa"))))) -> Fechamento vencido | P10: =IF(OR(F10="",O10="Fechada",O10="Perdida"),0,IF(O10="Fechamento vencido",3000,IF(O10="Parada",2000,1000))+MIN(N10,500)+E10/1000000-ROW()/100000) -> 3013.0044
A11: Construtora Vale | B11: Vídeo institucional | C11: Evento | D11: Bruno | E11: 45000 | F11: Proposta enviada | G11: 46249 | H11: 46260 | I11: 46275 | L11: =IF(F11="","",IFERROR(INDEX(Config!$B$11:$B$16,MATCH(F11,Config!$A$11:$A$16,0)),0)) -> 0.5 | M11: =IF(OR(F11="",E11=""),"",E11*L11) -> 22500 | N11: =IF(OR(F11="",F11="Ganha",F11="Perdida"),"",Config!$B$5-IF(H11="",G11,H11)) -> 22 | O11: =IF(F11="","",IF(F11="Ganha","Fechada",IF(F11="Perdida","Perdida",IF(AND(I11<>"",I11<Config!$B$5),"Fechamento vencido",IF(N11>Config!$B$7,"Parada","Ativa"))))) -> Fechamento vencido | P11: =IF(OR(F11="",O11="Fechada",O11="Perdida"),0,IF(O11="Fechamento vencido",3000,IF(O11="Parada",2000,1000))+MIN(N11,500)+E11/1000000-ROW()/100000) -> 3022.0449
A12: Escola Nova Era | B12: Site + matrículas | C12: Indicação | D12: Ana | E12: 31000 | F12: Reunião feita | G12: 46268 | H12: 46273 | I12: 46295 | L12: =IF(F12="","",IFERROR(INDEX(Config!$B$11:$B$16,MATCH(F12,Config!$A$11:$A$16,0)),0)) -> 0.25 | M12: =IF(OR(F12="",E12=""),"",E12*L12) -> 7750 | N12: =IF(OR(F12="",F12="Ganha",F12="Perdida"),"",Config!$B$5-IF(H12="",G12,H12)) -> 9 | O12: =IF(F12="","",IF(F12="Ganha","Fechada",IF(F12="Perdida","Perdida",IF(AND(I12<>"",I12<Config!$B$5),"Fechamento vencido",IF(N12>Config!$B$7,"Parada","Ativa"))))) -> Ativa | P12: =IF(OR(F12="",O12="Fechada",O12="Perdida"),0,IF(O12="Fechamento vencido",3000,IF(O12="Parada",2000,1000))+MIN(N12,500)+E12/1000000-ROW()/100000) -> 1009.0309
A13: Dra. Lúcia (nutri) | B13: Identidade + Instagram | C13: Instagram | D13: Bruno | E13: 7800 | F13: Contato | G13: 46276 | I13: 46305 | L13: =IF(F13="","",IFERROR(INDEX(Config!$B$11:$B$16,MATCH(F13,Config!$A$11:$A$16,0)),0)) -> 0.1 | M13: =IF(OR(F13="",E13=""),"",E13*L13) -> 780 | N13: =IF(OR(F13="",F13="Ganha",F13="Perdida"),"",Config!$B$5-IF(H13="",G13,H13)) -> 6 | O13: =IF(F13="","",IF(F13="Ganha","Fechada",IF(F13="Perdida","Perdida",IF(AND(I13<>"",I13<Config!$B$5),"Fechamento vencido",IF(N13>Config!$B$7,"Parada","Ativa"))))) -> Ativa | P13: =IF(OR(F13="",O13="Fechada",O13="Perdida"),0,IF(O13="Fechamento vencido",3000,IF(O13="Parada",2000,1000))+MIN(N13,500)+E13/1000000-ROW()/100000) -> 1006.0077
A14: Café Central | B14: Cardápio e fachada | C14: Cliente antigo | D14: Carla | E14: 6200 | F14: Negociação | G14: 46266 | H14: 46277 | I14: 46285 | L14: =IF(F14="","",IFERROR(INDEX(Config!$B$11:$B$16,MATCH(F14,Config!$A$11:$A$16,0)),0)) -> 0.75 | M14: =IF(OR(F14="",E14=""),"",E14*L14) -> 4650 | N14: =IF(OR(F14="",F14="Ganha",F14="Perdida"),"",Config!$B$5-IF(H14="",G14,H14)) -> 5 | O14: =IF(F14="","",IF(F14="Ganha","Fechada",IF(F14="Perdida","Perdida",IF(AND(I14<>"",I14<Config!$B$5),"Fechamento vencido",IF(N14>Config!$B$7,"Parada","Ativa"))))) -> Ativa | P14: =IF(OR(F14="",O14="Fechada",O14="Perdida"),0,IF(O14="Fechamento vencido",3000,IF(O14="Parada",2000,1000))+MIN(N14,500)+E14/1000000-ROW()/100000) -> 1005.0061
A15: Tech Solutions | B15: Landing page | C15: Site | D15: Diego | E15: 12000 | F15: Perdida | G15: 46218 | H15: 46239 | I15: 46244 | J15: 46239 | K15: Preço | L15: =IF(F15="","",IFERROR(INDEX(Config!$B$11:$B$16,MATCH(F15,Config!$A$11:$A$16,0)),0)) -> 0 | M15: =IF(OR(F15="",E15=""),"",E15*L15) -> 0 | N15: =IF(OR(F15="",F15="Ganha",F15="Perdida"),"",Config!$B$5-IF(H15="",G15,H15)) | O15: =IF(F15="","",IF(F15="Ganha","Fechada",IF(F15="Perdida","Perdida",IF(AND(I15<>"",I15<Config!$B$5),"Fechamento vencido",IF(N15>Config!$B$7,"Parada","Ativa"))))) -> Perdida | P15: =IF(OR(F15="",O15="Fechada",O15="Perdida"),0,IF(O15="Fechamento vencido",3000,IF(O15="Parada",2000,1000))+MIN(N15,500)+E15/1000000-ROW()/100000) -> 0
A16: Academia Forte | B16: Campanha de matrícula | C16: Evento | D16: Carla | E16: 18000 | F16: Perdida | G16: 46225 | H16: 46254 | I16: 46259 | J16: 46254 | K16: Escolheu concorrente | L16: =IF(F16="","",IFERROR(INDEX(Config!$B$11:$B$16,MATCH(F16,Config!$A$11:$A$16,0)),0)) -> 0 | M16: =IF(OR(F16="",E16=""),"",E16*L16) -> 0 | N16: =IF(OR(F16="",F16="Ganha",F16="Perdida"),"",Config!$B$5-IF(H16="",G16,H16)) | O16: =IF(F16="","",IF(F16="Ganha","Fechada",IF(F16="Perdida","Perdida",IF(AND(I16<>"",I16<Config!$B$5),"Fechamento vencido",IF(N16>Config!$B$7,"Parada","Ativa"))))) -> Perdida | P16: =IF(OR(F16="",O16="Fechada",O16="Perdida"),0,IF(O16="Fechamento vencido",3000,IF(O16="Parada",2000,1000))+MIN(N16,500)+E16/1000000-ROW()/100000) -> 0
A17: Pet Shop Amigo | B17: Redes sociais (mensal) | C17: Instagram | D17: Carla | E17: 3200 | F17: Perdida | G17: 46235 | H17: 46252 | I17: 46264 | J17: 46264 | K17: Sem resposta | L17: =IF(F17="","",IFERROR(INDEX(Config!$B$11:$B$16,MATCH(F17,Config!$A$11:$A$16,0)),0)) -> 0 | M17: =IF(OR(F17="",E17=""),"",E17*L17) -> 0 | N17: =IF(OR(F17="",F17="Ganha",F17="Perdida"),"",Config!$B$5-IF(H17="",G17,H17)) | O17: =IF(F17="","",IF(F17="Ganha","Fechada",IF(F17="Perdida","Perdida",IF(AND(I17<>"",I17<Config!$B$5),"Fechamento vencido",IF(N17>Config!$B$7,"Parada","Ativa"))))) -> Perdida | P17: =IF(OR(F17="",O17="Fechada",O17="Perdida"),0,IF(O17="Fechamento vencido",3000,IF(O17="Parada",2000,1000))+MIN(N17,500)+E17/1000000-ROW()/100000) -> 0
A18: Studio Yoga | B18: Site simples | C18: Site | D18: Diego | E18: 8500 | F18: Contato | G18: 46244 | H18: 46246 | I18: 46280 | L18: =IF(F18="","",IFERROR(INDEX(Config!$B$11:$B$16,MATCH(F18,Config!$A$11:$A$16,0)),0)) -> 0.1 | M18: =IF(OR(F18="",E18=""),"",E18*L18) -> 850 | N18: =IF(OR(F18="",F18="Ganha",F18="Perdida"),"",Config!$B$5-IF(H18="",G18,H18)) -> 36 | O18: =IF(F18="","",IF(F18="Ganha","Fechada",IF(F18="Perdida","Perdida",IF(AND(I18<>"",I18<Config!$B$5),"Fechamento vencido",IF(N18>Config!$B$7,"Parada","Ativa"))))) -> Fechamento vencido | P18: =IF(OR(F18="",O18="Fechada",O18="Perdida"),0,IF(O18="Fechamento vencido",3000,IF(O18="Parada",2000,1000))+MIN(N18,500)+E18/1000000-ROW()/100000) -> 3036.0083
L19: =IF(F19="","",IFERROR(INDEX(Config!$B$11:$B$16,MATCH(F19,Config!$A$11:$A$16,0)),0)) | M19: =IF(OR(F19="",E19=""),"",E19*L19) | N19: =IF(OR(F19="",F19="Ganha",F19="Perdida"),"",Config!$B$5-IF(H19="",G19,H19)) | O19: =IF(F19="","",IF(F19="Ganha","Fechada",IF(F19="Perdida","Perdida",IF(AND(I19<>"",I19<Config!$B$5),"Fechamento vencido",IF(N19>Config!$B$7,"Parada","Ativa"))))) | P19: =IF(OR(F19="",O19="Fechada",O19="Perdida"),0,IF(O19="Fechamento vencido",3000,IF(O19="Parada",2000,1000))+MIN(N19,500)+E19/1000000-ROW()/100000) -> 0
L20: =IF(F20="","",IFERROR(INDEX(Config!$B$11:$B$16,MATCH(F20,Config!$A$11:$A$16,0)),0)) | M20: =IF(OR(F20="",E20=""),"",E20*L20) | N20: =IF(OR(F20="",F20="Ganha",F20="Perdida"),"",Config!$B$5-IF(H20="",G20,H20)) | O20: =IF(F20="","",IF(F20="Ganha","Fechada",IF(F20="Perdida","Perdida",IF(AND(I20<>"",I20<Config!$B$5),"Fechamento vencido",IF(N20>Config!$B$7,"Parada","Ativa"))))) | P20: =IF(OR(F20="",O20="Fechada",O20="Perdida"),0,IF(O20="Fechamento vencido",3000,IF(O20="Parada",2000,1000))+MIN(N20,500)+E20/1000000-ROW()/100000) -> 0
L21: =IF(F21="","",IFERROR(INDEX(Config!$B$11:$B$16,MATCH(F21,Config!$A$11:$A$16,0)),0)) | M21: =IF(OR(F21="",E21=""),"",E21*L21) | N21: =IF(OR(F21="",F21="Ganha",F21="Perdida"),"",Config!$B$5-IF(H21="",G21,H21)) | O21: =IF(F21="","",IF(F21="Ganha","Fechada",IF(F21="Perdida","Perdida",IF(AND(I21<>"",I21<Config!$B$5),"Fechamento vencido",IF(N21>Config!$B$7,"Parada","Ativa"))))) | P21: =IF(OR(F21="",O21="Fechada",O21="Perdida"),0,IF(O21="Fechamento vencido",3000,IF(O21="Parada",2000,1000))+MIN(N21,500)+E21/1000000-ROW()/100000) -> 0
L22: =IF(F22="","",IFERROR(INDEX(Config!$B$11:$B$16,MATCH(F22,Config!$A$11:$A$16,0)),0)) | M22: =IF(OR(F22="",E22=""),"",E22*L22) | N22: =IF(OR(F22="",F22="Ganha",F22="Perdida"),"",Config!$B$5-IF(H22="",G22,H22)) | O22: =IF(F22="","",IF(F22="Ganha","Fechada",IF(F22="Perdida","Perdida",IF(AND(I22<>"",I22<Config!$B$5),"Fechamento vencido",IF(N22>Config!$B$7,"Parada","Ativa"))))) | P22: =IF(OR(F22="",O22="Fechada",O22="Perdida"),0,IF(O22="Fechamento vencido",3000,IF(O22="Parada",2000,1000))+MIN(N22,500)+E22/1000000-ROW()/100000) -> 0
L23: =IF(F23="","",IFERROR(INDEX(Config!$B$11:$B$16,MATCH(F23,Config!$A$11:$A$16,0)),0)) | M23: =IF(OR(F23="",E23=""),"",E23*L23) | N23: =IF(OR(F23="",F23="Ganha",F23="Perdida"),"",Config!$B$5-IF(H23="",G23,H23)) | O23: =IF(F23="","",IF(F23="Ganha","Fechada",IF(F23="Perdida","Perdida",IF(AND(I23<>"",I23<Config!$B$5),"Fechamento vencido",IF(N23>Config!$B$7,"Parada","Ativa"))))) | P23: =IF(OR(F23="",O23="Fechada",O23="Perdida"),0,IF(O23="Fechamento vencido",3000,IF(O23="Parada",2000,1000))+MIN(N23,500)+E23/1000000-ROW()/100000) -> 0
L24: =IF(F24="","",IFERROR(INDEX(Config!$B$11:$B$16,MATCH(F24,Config!$A$11:$A$16,0)),0)) | M24: =IF(OR(F24="",E24=""),"",E24*L24) | N24: =IF(OR(F24="",F24="Ganha",F24="Perdida"),"",Config!$B$5-IF(H24="",G24,H24)) | O24: =IF(F24="","",IF(F24="Ganha","Fechada",IF(F24="Perdida","Perdida",IF(AND(I24<>"",I24<Config!$B$5),"Fechamento vencido",IF(N24>Config!$B$7,"Parada","Ativa"))))) | P24: =IF(OR(F24="",O24="Fechada",O24="Perdida"),0,IF(O24="Fechamento vencido",3000,IF(O24="Parada",2000,1000))+MIN(N24,500)+E24/1000000-ROW()/100000) -> 0
L25: =IF(F25="","",IFERROR(INDEX(Config!$B$11:$B$16,MATCH(F25,Config!$A$11:$A$16,0)),0)) | M25: =IF(OR(F25="",E25=""),"",E25*L25) | N25: =IF(OR(F25="",F25="Ganha",F25="Perdida"),"",Config!$B$5-IF(H25="",G25,H25)) | O25: =IF(F25="","",IF(F25="Ganha","Fechada",IF(F25="Perdida","Perdida",IF(AND(I25<>"",I25<Config!$B$5),"Fechamento vencido",IF(N25>Config!$B$7,"Parada","Ativa"))))) | P25: =IF(OR(F25="",O25="Fechada",O25="Perdida"),0,IF(O25="Fechamento vencido",3000,IF(O25="Parada",2000,1000))+MIN(N25,500)+E25/1000000-ROW()/100000) -> 0
L26: =IF(F26="","",IFERROR(INDEX(Config!$B$11:$B$16,MATCH(F26,Config!$A$11:$A$16,0)),0)) | M26: =IF(OR(F26="",E26=""),"",E26*L26) | N26: =IF(OR(F26="",F26="Ganha",F26="Perdida"),"",Config!$B$5-IF(H26="",G26,H26)) | O26: =IF(F26="","",IF(F26="Ganha","Fechada",IF(F26="Perdida","Perdida",IF(AND(I26<>"",I26<Config!$B$5),"Fechamento vencido",IF(N26>Config!$B$7,"Parada","Ativa"))))) | P26: =IF(OR(F26="",O26="Fechada",O26="Perdida"),0,IF(O26="Fechamento vencido",3000,IF(O26="Parada",2000,1000))+MIN(N26,500)+E26/1000000-ROW()/100000) -> 0
L27: =IF(F27="","",IFERROR(INDEX(Config!$B$11:$B$16,MATCH(F27,Config!$A$11:$A$16,0)),0)) | M27: =IF(OR(F27="",E27=""),"",E27*L27) | N27: =IF(OR(F27="",F27="Ganha",F27="Perdida"),"",Config!$B$5-IF(H27="",G27,H27)) | O27: =IF(F27="","",IF(F27="Ganha","Fechada",IF(F27="Perdida","Perdida",IF(AND(I27<>"",I27<Config!$B$5),"Fechamento vencido",IF(N27>Config!$B$7,"Parada","Ativa"))))) | P27: =IF(OR(F27="",O27="Fechada",O27="Perdida"),0,IF(O27="Fechamento vencido",3000,IF(O27="Parada",2000,1000))+MIN(N27,500)+E27/1000000-ROW()/100000) -> 0
L28: =IF(F28="","",IFERROR(INDEX(Config!$B$11:$B$16,MATCH(F28,Config!$A$11:$A$16,0)),0)) | M28: =IF(OR(F28="",E28=""),"",E28*L28) | N28: =IF(OR(F28="",F28="Ganha",F28="Perdida"),"",Config!$B$5-IF(H28="",G28,H28)) | O28: =IF(F28="","",IF(F28="Ganha","Fechada",IF(F28="Perdida","Perdida",IF(AND(I28<>"",I28<Config!$B$5),"Fechamento vencido",IF(N28>Config!$B$7,"Parada","Ativa"))))) | P28: =IF(OR(F28="",O28="Fechada",O28="Perdida"),0,IF(O28="Fechamento vencido",3000,IF(O28="Parada",2000,1000))+MIN(N28,500)+E28/1000000-ROW()/100000) -> 0
L29: =IF(F29="","",IFERROR(INDEX(Config!$B$11:$B$16,MATCH(F29,Config!$A$11:$A$16,0)),0)) | M29: =IF(OR(F29="",E29=""),"",E29*L29) | N29: =IF(OR(F29="",F29="Ganha",F29="Perdida"),"",Config!$B$5-IF(H29="",G29,H29)) | O29: =IF(F29="","",IF(F29="Ganha","Fechada",IF(F29="Perdida","Perdida",IF(AND(I29<>"",I29<Config!$B$5),"Fechamento vencido",IF(N29>Config!$B$7,"Parada","Ativa"))))) | P29: =IF(OR(F29="",O29="Fechada",O29="Perdida"),0,IF(O29="Fechamento vencido",3000,IF(O29="Parada",2000,1000))+MIN(N29,500)+E29/1000000-ROW()/100000) -> 0
L30: =IF(F30="","",IFERROR(INDEX(Config!$B$11:$B$16,MATCH(F30,Config!$A$11:$A$16,0)),0)) | M30: =IF(OR(F30="",E30=""),"",E30*L30) | N30: =IF(OR(F30="",F30="Ganha",F30="Perdida"),"",Config!$B$5-IF(H30="",G30,H30)) | O30: =IF(F30="","",IF(F30="Ganha","Fechada",IF(F30="Perdida","Perdida",IF(AND(I30<>"",I30<Config!$B$5),"Fechamento vencido",IF(N30>Config!$B$7,"Parada","Ativa"))))) | P30: =IF(OR(F30="",O30="Fechada",O30="Perdida"),0,IF(O30="Fechamento vencido",3000,IF(O30="Parada",2000,1000))+MIN(N30,500)+E30/1000000-ROW()/100000) -> 0
... L404: =IF(F404="","",IFERROR(INDEX(Config!$B$11:$B$16,MATCH(F404,Config!$A$11:$A$16,0)),0)) | M404: =IF(OR(F404="",E404=""),"",E404*L404) | N404: =IF(OR(F404="",F404="Ganha",F404="Perdida"),"",Config!$B$5-IF(H404="",G404,H404)) | O404: =IF(F404="","",IF(F404="Ganha","Fechada",IF(F404="Perdida","Perdida",IF(AND(I404<>"",I404<Config!$B$5),"Fechamento vencido",IF(N404>Config!$B$7,"Parada","Ativa"))))) | P404: =IF(OR(F404="",O404="Fechada",O404="Perdida"),0,IF(O404="Fechamento vencido",3000,IF(O404="Parada",2000,1000))+MIN(N404,500)+E404/1000000-ROW()/100000) -> 0
